Case ID,Data Category,Data Type,file_ids,file_names,num_file_id,num_files
TCGA-CS-4941astrocytoma,Copy Number Variation,Gene Level Copy Number,"129c64e1-0292-4448-a7ac-323bd0935717,9dcff0b5-ad7c-40ec-a3ee-903f9fd421d4,cbf7f641-5bb5-47bf-96da-562c2bfb901f","TCGA-LGG.acdbe261-edf6-4a62-b2b1-bb9b0215764c.gene_level_copy_number.v36.tsv,TCGA-LGG.acdbe261-edf6-4a62-b2b1-bb9b0215764c.ascat3.gene_level_copy_number.v36.tsv,TCGA-LGG.acdbe261-edf6-4a62-b2b1-bb9b0215764c.absolute_liftover.gene_level_copy_number.v36.tsv",3,3
TCGA-CS-4941astrocytoma,DNA Methylation,Methylation Beta Value,1c329ebf-60b8-48bc-96cc-1671c1113194,0f9abf25-ae56-40ae-b0da-2e36fbc6e5be.methylation_array.sesame.level3betas.txt,1,1
TCGA-CS-4941astrocytoma,Simple Nucleotide Variation,Masked Somatic Mutation,117ef787-7544-464e-a3f2-9e45cf7ac7f3,5a3e24b5-f567-4985-b817-200562bb7c1b.wxs.aliquot_ensemble_masked.maf,1,1
TCGA-CS-4941astrocytoma,Transcriptome Profiling,Gene Expression Quantification,20443648-a8c8-41ef-b589-d4a42a288277,843f0cc6-cd74-4af8-be28-5fb02b532269.rna_seq.augmented_star_gene_counts.tsv,1,1
TCGA-CS-4941astrocytoma,Transcriptome Profiling,miRNA Expression Quantification,7e66f891-8a97-48ff-910c-096bc97a48a1,a7d5d029-0675-4f35-9831-3f9925037b1a.mirbase21.mirnas.quantification.txt,1,1
TCGA-CS-4942astrocytoma,Copy Number Variation,Gene Level Copy Number,"dad4a09b-8731-4155-9bac-6ec04e262204,9dfa7a1e-c829-4d88-9df1-0743ad0a99ef,0ec7a2c3-c3f5-42a5-b0eb-740abec0bfca","TCGA-LGG.a99a1db2-7f9e-4392-a98e-9a8f615d6907.gene_level_copy_number.v36.tsv,TCGA-LGG.a99a1db2-7f9e-4392-a98e-9a8f615d6907.absolute_liftover.gene_level_copy_number.v36.tsv,TCGA-LGG.a99a1db2-7f9e-4392-a98e-9a8f615d6907.ascat3.gene_level_copy_number.v36.tsv",3,3
TCGA-CS-4942astrocytoma,DNA Methylation,Methylation Beta Value,a1eddc31-ad9c-4d56-a85a-386ee281180c,9417e43f-68de-4ec6-9fc3-f2bf47f554c1.methylation_array.sesame.level3betas.txt,1,1
TCGA-CS-4942astrocytoma,Proteome Profiling,Protein Expression Quantification,44ccf843-c8c2-40c9-a979-4e7d0dfebe9f,TCGA-CS-4942-01A-21-A300-20_RPPA_data.tsv,1,1
TCGA-CS-4942astrocytoma,Simple Nucleotide Variation,Masked Somatic Mutation,b0ab544f-bef6-4e79-ba7f-2a2a2ce67e5a,c9b69aaa-d2d2-4b51-940c-bdf8361a4623.wxs.aliquot_ensemble_masked.maf,1,1
TCGA-CS-4942astrocytoma,Transcriptome Profiling,Gene Expression Quantification,81c11217-7d87-49a6-ae93-3c107b5fc2ec,3aad5f07-6241-4397-a91c-b412bfcf56fc.rna_seq.augmented_star_gene_counts.tsv,1,1
TCGA-CS-4942astrocytoma,Transcriptome Profiling,miRNA Expression Quantification,78f9546b-ce5e-4b9c-9dde-812e71b5dcb6,b5253bcc-94e3-4adf-9dc6-b60fc9650c2f.mirbase21.mirnas.quantification.txt,1,1
TCGA-CS-4943astrocytoma,Copy Number Variation,Gene Level Copy Number,"d0094a6a-9678-40ac-96e0-d02b17917b26,a605695c-6967-4471-8708-aff5dd39217f,6228fe92-c271-4a27-9aeb-068d596084a8","TCGA-LGG.cb817232-4ad1-420f-8f47-d38941b55d52.absolute_liftover.gene_level_copy_number.v36.tsv,TCGA-LGG.cb817232-4ad1-420f-8f47-d38941b55d52.ascat3.gene_level_copy_number.v36.tsv,TCGA-LGG.cb817232-4ad1-420f-8f47-d38941b55d52.gene_level_copy_number.v36.tsv",3,3
TCGA-CS-4943astrocytoma,DNA Methylation,Methylation Beta Value,e882d5c6-8870-4212-8ffc-1c947e2c012e,7ca70e3a-fd9d-4681-a537-7f8f998d5e2e.methylation_array.sesame.level3betas.txt,1,1
TCGA-CS-4943astrocytoma,Proteome Profiling,Protein Expression Quantification,f2195d8d-8497-4fdf-b989-026e34e35fe4,TCGA-CS-4943-01A-21-A29X-20_RPPA_data.tsv,1,1
TCGA-CS-4943astrocytoma,Simple Nucleotide Variation,Masked Somatic Mutation,1035c09c-6686-4572-b85c-085668b8d5ba,f16d6557-e3ff-483b-882a-24e4712b81f5.wxs.aliquot_ensemble_masked.maf,1,1
TCGA-CS-4943astrocytoma,Transcriptome Profiling,Gene Expression Quantification,bb459bb7-ff32-431d-897e-c1c60bce3a93,ee4848b0-9322-4dd5-a606-da0504bb9feb.rna_seq.augmented_star_gene_counts.tsv,1,1
TCGA-CS-4943astrocytoma,Transcriptome Profiling,miRNA Expression Quantification,c4f4eb8e-5c22-41f2-814d-6c50fc07e10a,e4b0655a-a265-4135-9da1-9cb91f955b31.mirbase21.mirnas.quantification.txt,1,1
TCGA-CS-5393astrocytoma,Copy Number Variation,Gene Level Copy Number,"3d11053e-33bf-498b-922c-afa2198dcc4a,d06a57c7-dbff-4f2a-9e61-3d247e4048ba,2a2fbe71-b1c0-4c28-80ca-8bbe7e6d3f62","TCGA-LGG.75cd1945-9e65-4945-b754-49ab0146d9f3.gene_level_copy_number.v36.tsv,TCGA-LGG.75cd1945-9e65-4945-b754-49ab0146d9f3.ascat3.gene_level_copy_number.v36.tsv,TCGA-LGG.75cd1945-9e65-4945-b754-49ab0146d9f3.absolute_liftover.gene_level_copy_number.v36.tsv",3,3
TCGA-CS-5393astrocytoma,DNA Methylation,Methylation Beta Value,6e437e55-b903-4f05-9d64-7c5f69428fda,9542d8c4-87a1-4e7b-9d03-2c1784b3c252.methylation_array.sesame.level3betas.txt,1,1
TCGA-CS-5393astrocytoma,Proteome Profiling,Protein Expression Quantification,87133484-0b8d-43d0-b80e-c1d7df93f5d7,TCGA-CS-5393-01A-11-A300-20_RPPA_data.tsv,1,1
TCGA-CS-5393astrocytoma,Simple Nucleotide Variation,Masked Somatic Mutation,6d475f13-fb08-4ee2-b977-fefdd1fdff07,ffc2a3f8-0a58-4fdc-adf0-706a5612a56b.wxs.aliquot_ensemble_masked.maf,1,1
TCGA-CS-5393astrocytoma,Transcriptome Profiling,Gene Expression Quantification,5d8b78aa-c6c0-42cd-8ba2-3f39b2a12bbd,de906204-59b0-4249-968f-7cd4d47481aa.rna_seq.augmented_star_gene_counts.tsv,1,1
TCGA-CS-5393astrocytoma,Transcriptome Profiling,miRNA Expression Quantification,c4dc3a18-3cfe-4be9-93b8-c9a3f8c67cc3,486f5bed-5d49-4ddd-ac15-fc887ecdfea5.mirbase21.mirnas.quantification.txt,1,1
TCGA-CS-5394astrocytoma,Copy Number Variation,Gene Level Copy Number,"c8fbfc3c-a92b-4a17-b303-83ea0798b880,be3c9b38-3e8d-4dcd-ae4e-7f42850c8132,8057fb96-df39-4e4b-b1b9-5fce115557f5","TCGA-LGG.955993ac-51fd-4535-aecb-3fc2bcfdba01.absolute_liftover.gene_level_copy_number.v36.tsv,TCGA-LGG.955993ac-51fd-4535-aecb-3fc2bcfdba01.ascat3.gene_level_copy_number.v36.tsv,TCGA-LGG.955993ac-51fd-4535-aecb-3fc2bcfdba01.gene_level_copy_number.v36.tsv",3,3
TCGA-CS-5394astrocytoma,DNA Methylation,Methylation Beta Value,7b0aa911-10ea-446c-87e3-eedaa8d22ab1,4c34bbbe-e2b6-445b-992e-69410816bc2b.methylation_array.sesame.level3betas.txt,1,1
TCGA-CS-5394astrocytoma,Proteome Profiling,Protein Expression Quantification,a3b5903b-c200-400a-929b-97016b677868,TCGA-CS-5394-01A-11-A29Z-20_RPPA_data.tsv,1,1
TCGA-CS-5394astrocytoma,Simple Nucleotide Variation,Masked Somatic Mutation,e1d996b5-c167-453e-b32c-5d3bcde868a4,b0c59e5c-c275-42ca-80e1-18f7b252bb42.wxs.aliquot_ensemble_masked.maf,1,1
TCGA-CS-5394astrocytoma,Transcriptome Profiling,Gene Expression Quantification,40da8335-2b0a-4dca-9580-255bbde86756,74a6cd3d-a6e4-49c6-a547-eeadf7fbb61a.rna_seq.augmented_star_gene_counts.tsv,1,1
TCGA-CS-5394astrocytoma,Transcriptome Profiling,miRNA Expression Quantification,9eafa42e-9582-415e-b332-f72e7f2a6129,3eb38dfd-c1ab-4013-bdc7-c2825bbeb4fa.mirbase21.mirnas.quantification.txt,1,1
TCGA-CS-5397astrocytoma,Copy Number Variation,Gene Level Copy Number,"c7177418-2078-4844-a504-e0635b05c0e3,903c69c8-3dc5-45d9-a20f-33af26e3154f,42562c45-0ac4-4465-b162-69545eef9d49","TCGA-LGG.3f40a820-1c82-45b6-a176-4135c8353ee8.absolute_liftover.gene_level_copy_number.v36.tsv,TCGA-LGG.3f40a820-1c82-45b6-a176-4135c8353ee8.ascat3.gene_level_copy_number.v36.tsv,TCGA-LGG.3f40a820-1c82-45b6-a176-4135c8353ee8.gene_level_copy_number.v36.tsv",3,3
TCGA-CS-5397astrocytoma,DNA Methylation,Methylation Beta Value,152a9072-e2b7-4198-9450-c5fa8c920917,3f96d915-88aa-420b-b707-836e39c15d97.methylation_array.sesame.level3betas.txt,1,1
TCGA-CS-5397astrocytoma,Proteome Profiling,Protein Expression Quantification,9cfd744f-989e-4186-81c5-9f60712cda9c,TCGA-CS-5397-01A-11-A29Z-20_RPPA_data.tsv,1,1
TCGA-CS-5397astrocytoma,Simple Nucleotide Variation,Masked Somatic Mutation,591ee7cf-ef2e-4d1b-8f30-9200a042c503,1a2f7e95-6e99-48d8-8969-286fce8919f6.wxs.aliquot_ensemble_masked.maf,1,1
TCGA-CS-5397astrocytoma,Transcriptome Profiling,Gene Expression Quantification,0d76075c-fb5f-49fc-aaf0-2dbfd6d1bc64,47990394-36a3-4cdf-a6c6-8d9d78bac5b1.rna_seq.augmented_star_gene_counts.tsv,1,1
TCGA-CS-5397astrocytoma,Transcriptome Profiling,miRNA Expression Quantification,d38ca4bd-3ad5-486f-9cd5-c2605d04c8d2,2decc308-93eb-47e0-abb2-9aff819a7fd4.mirbase21.mirnas.quantification.txt,1,1
TCGA-CS-6188astrocytoma,Copy Number Variation,Gene Level Copy Number,"dcfcbe62-7602-4744-9359-8827e129d10a,d531def7-1347-44b1-bb5e-abf432eb3605,88c476a8-d835-4df7-8afb-ed6991070160","TCGA-LGG.4e7d8475-0fd7-4d38-8ca0-9bd1585cabd7.ascat3.gene_level_copy_number.v36.tsv,TCGA-LGG.4e7d8475-0fd7-4d38-8ca0-9bd1585cabd7.gene_level_copy_number.v36.tsv,TCGA-LGG.4e7d8475-0fd7-4d38-8ca0-9bd1585cabd7.absolute_liftover.gene_level_copy_number.v36.tsv",3,3
TCGA-CS-6188astrocytoma,DNA Methylation,Methylation Beta Value,86ab3c17-734c-4674-a401-f12373f95698,dfec6f87-4254-4979-b357-a7ea5e1875f8.methylation_array.sesame.level3betas.txt,1,1
TCGA-CS-6188astrocytoma,Proteome Profiling,Protein Expression Quantification,864d09ac-3993-456b-a893-ba1e490e8c57,TCGA-CS-6188-01A-21-A29X-20_RPPA_data.tsv,1,1
TCGA-CS-6188astrocytoma,Simple Nucleotide Variation,Masked Somatic Mutation,81078dbd-1b62-4d9d-b20d-be73a3998f8c,f7003f87-f743-4f15-93b2-cbd4c26d6bfb.wxs.aliquot_ensemble_masked.maf,1,1
TCGA-CS-6188astrocytoma,Transcriptome Profiling,Gene Expression Quantification,7fc3fecc-8b19-415f-b58c-4c344795deb8,ba9f8a17-2f79-4fb3-a036-246a38fe510d.rna_seq.augmented_star_gene_counts.tsv,1,1
TCGA-CS-6188astrocytoma,Transcriptome Profiling,miRNA Expression Quantification,2787546e-b52f-404d-8162-ed0e065b6bc0,57491d88-9bd6-4351-9b25-076174e99a1d.mirbase21.mirnas.quantification.txt,1,1
TCGA-CS-6290astrocytoma,Copy Number Variation,Gene Level Copy Number,"509fbeac-a112-4f25-a79d-b229301cc18e,6c802475-b9f0-408c-861c-5dd33b431ac6,febb86a4-7e0b-464e-a95c-eb945936e1a1","TCGA-LGG.eaa6d0af-ed2d-44d9-91ae-f12578ace0b2.ascat3.gene_level_copy_number.v36.tsv,TCGA-LGG.eaa6d0af-ed2d-44d9-91ae-f12578ace0b2.gene_level_copy_number.v36.tsv,TCGA-LGG.eaa6d0af-ed2d-44d9-91ae-f12578ace0b2.absolute_liftover.gene_level_copy_number.v36.tsv",3,3
TCGA-CS-6290astrocytoma,DNA Methylation,Methylation Beta Value,faeef2c2-fb1a-4bc2-8612-bef8650f0976,b3d00e30-7632-4533-bb74-652947a9a45a.methylation_array.sesame.level3betas.txt,1,1
TCGA-CS-6290astrocytoma,Simple Nucleotide Variation,Masked Somatic Mutation,047b5e71-e322-4887-ac65-c3b64d848d91,da40714f-30ea-42c6-badc-a284cb5ce495.wxs.aliquot_ensemble_masked.maf,1,1
TCGA-CS-6290astrocytoma,Transcriptome Profiling,Gene Expression Quantification,a47a69f0-b18d-4056-9d60-455bc93dacf3,ed6efb1d-973d-4563-ac7d-c72c3814a2e2.rna_seq.augmented_star_gene_counts.tsv,1,1
TCGA-CS-6290astrocytoma,Transcriptome Profiling,miRNA Expression Quantification,44e7fc2b-5984-4c2b-94d8-9d306c0e0890,6219a724-7e51-453f-a426-bda6b27c6049.mirbase21.mirnas.quantification.txt,1,1
TCGA-CS-6665astrocytoma,Copy Number Variation,Gene Level Copy Number,"0f299b6a-93e6-41a8-b85b-d7138af40166,f2d234cc-2d1f-4e05-97d5-d9bfc8fa9046,2695e050-be98-44ef-992f-2c52e9ba2a8d","TCGA-LGG.45f01392-b423-41f8-96bd-25d357583916.absolute_liftover.gene_level_copy_number.v36.tsv,TCGA-LGG.45f01392-b423-41f8-96bd-25d357583916.ascat3.gene_level_copy_number.v36.tsv,TCGA-LGG.45f01392-b423-41f8-96bd-25d357583916.gene_level_copy_number.v36.tsv",3,3
TCGA-CS-6665astrocytoma,DNA Methylation,Methylation Beta Value,52c4f738-c6f7-46fc-8799-2169a369ce09,45cfdb7e-197a-48ee-8132-3b60adf4aeb8.methylation_array.sesame.level3betas.txt,1,1
TCGA-CS-6665astrocytoma,Proteome Profiling,Protein Expression Quantification,e8c66f0b-464b-4997-93fd-6490597effd8,TCGA-CS-6665-01A-21-A29X-20_RPPA_data.tsv,1,1
TCGA-CS-6665astrocytoma,Simple Nucleotide Variation,Masked Somatic Mutation,4ca20a87-2932-4578-99d3-a8c47eb68571,a9d566ba-bb5d-4e84-9118-5d61bdc6261d.wxs.aliquot_ensemble_masked.maf,1,1
TCGA-CS-6665astrocytoma,Transcriptome Profiling,Gene Expression Quantification,38657792-ba50-4dfe-8cef-d3c403756e44,b526783f-a920-4e2e-b06e-5d31fb7fc36c.rna_seq.augmented_star_gene_counts.tsv,1,1
TCGA-CS-6665astrocytoma,Transcriptome Profiling,miRNA Expression Quantification,ea26db51-bc79-4265-9045-b836d25399dd,374ea621-d09e-4a34-86f7-d8d08ceae58a.mirbase21.mirnas.quantification.txt,1,1
TCGA-CS-6666astrocytoma,Copy Number Variation,Gene Level Copy Number,"4028e064-6f24-49bc-84d1-ae709a11aa8d,724ac6cd-c020-4bb1-ace5-9c8cf96ddc9c","TCGA-LGG.5ef6b48c-a936-4a3b-9d25-5e3f768da7c5.gene_level_copy_number.v36.tsv,TCGA-LGG.5ef6b48c-a936-4a3b-9d25-5e3f768da7c5.absolute_liftover.gene_level_copy_number.v36.tsv",2,2
TCGA-CS-6666astrocytoma,DNA Methylation,Methylation Beta Value,59ec125c-cd23-4df4-84f4-c3eff6c8c1da,afcfc2b1-edf1-41da-b99c-ee721db28acf.methylation_array.sesame.level3betas.txt,1,1
TCGA-CS-6666astrocytoma,Proteome Profiling,Protein Expression Quantification,f34c7df4-784b-439a-a361-ac383e33de5d,TCGA-CS-6666-01A-21-A29X-20_RPPA_data.tsv,1,1
TCGA-CS-6666astrocytoma,Simple Nucleotide Variation,Masked Somatic Mutation,63e56c46-bcce-4e8d-8ce2-5cfeaf2848e1,c69dd810-98b8-4623-b105-f2f7b4cbb3d9.wxs.aliquot_ensemble_masked.maf,1,1
TCGA-CS-6666astrocytoma,Transcriptome Profiling,Gene Expression Quantification,494f195a-c5ba-4a7c-a72b-3f2d33164476,2f1a2674-c4c5-41c0-9a0f-e7e22ef61255.rna_seq.augmented_star_gene_counts.tsv,1,1
TCGA-CS-6666astrocytoma,Transcriptome Profiling,miRNA Expression Quantification,419dcff2-bcd3-48e7-985c-2b0a2fe2fde0,7cc29a50-1bfc-44d5-9f36-3c23d45b159e.mirbase21.mirnas.quantification.txt,1,1
TCGA-DB-5273astrocytoma,Copy Number Variation,Gene Level Copy Number,"21b514ff-07a8-4244-a6eb-1603fb61db15,9f60a2cb-81c7-44f4-ac47-9335282928a0,bee91428-8ddc-4443-8659-b9fdb8b2ec51","TCGA-LGG.e03a4dc0-8146-4d67-b3b1-e20b6b742fbd.ascat3.gene_level_copy_number.v36.tsv,TCGA-LGG.e03a4dc0-8146-4d67-b3b1-e20b6b742fbd.absolute_liftover.gene_level_copy_number.v36.tsv,TCGA-LGG.e03a4dc0-8146-4d67-b3b1-e20b6b742fbd.gene_level_copy_number.v36.tsv",3,3
TCGA-DB-5273astrocytoma,DNA Methylation,Methylation Beta Value,2cda656b-b0f9-47e6-864c-794baa5ea5fb,f0df2e49-c32c-4913-88b1-326b6997441a.methylation_array.sesame.level3betas.txt,1,1
TCGA-DB-5273astrocytoma,Proteome Profiling,Protein Expression Quantification,dbeed38e-ddfd-41d3-a7ad-f714c45fc287,TCGA-DB-5273-01A-21-A29Y-20_RPPA_data.tsv,1,1
TCGA-DB-5273astrocytoma,Simple Nucleotide Variation,Masked Somatic Mutation,de83787e-3950-46a0-9f6e-1cc7e22d8834,df7661dd-137a-4198-b2b6-f0aefa289195.wxs.aliquot_ensemble_masked.maf,1,1
TCGA-DB-5273astrocytoma,Transcriptome Profiling,Gene Expression Quantification,e2dad1ec-1a90-4ab5-bb54-9d4fa0c62524,3c09ed01-2abe-4800-b537-2f65ad3206b4.rna_seq.augmented_star_gene_counts.tsv,1,1
TCGA-DB-5273astrocytoma,Transcriptome Profiling,miRNA Expression Quantification,67481787-38bc-4870-a54d-2c8f705dd252,9db6ba6d-0b90-49d4-b836-f21605ff5033.mirbase21.mirnas.quantification.txt,1,1
TCGA-DB-5277astrocytoma,Copy Number Variation,Gene Level Copy Number,"e9f00ce7-7388-4880-8e84-6bf6d20a7667,6054917f-fa65-43b3-bc08-6ceb7e604fa7,7975e6e6-81d1-4df0-84de-ab6bd9cc1fe5","TCGA-LGG.0f07c9ff-3ad3-4ec0-873b-a2ba0a35e196.absolute_liftover.gene_level_copy_number.v36.tsv,TCGA-LGG.0f07c9ff-3ad3-4ec0-873b-a2ba0a35e196.ascat3.gene_level_copy_number.v36.tsv,TCGA-LGG.0f07c9ff-3ad3-4ec0-873b-a2ba0a35e196.gene_level_copy_number.v36.tsv",3,3
TCGA-DB-5277astrocytoma,DNA Methylation,Methylation Beta Value,3d5c922f-84b7-4b56-acc5-8ab545ff2cff,8f2ee03a-6328-41df-bad4-e6df8b490e97.methylation_array.sesame.level3betas.txt,1,1
TCGA-DB-5277astrocytoma,Proteome Profiling,Protein Expression Quantification,4592ba8f-8d70-4f79-a329-7c841f851f4d,TCGA-DB-5277-01A-21-A29X-20_RPPA_data.tsv,1,1
TCGA-DB-5277astrocytoma,Simple Nucleotide Variation,Masked Somatic Mutation,7bc59e32-a90c-41b9-9bfb-788057c6f0bf,5631e47e-8dad-4837-8994-c854327a1b1b.wxs.aliquot_ensemble_masked.maf,1,1
TCGA-DB-5277astrocytoma,Transcriptome Profiling,Gene Expression Quantification,ae50e9b3-c2d9-465a-8489-018a53527b14,512cc486-2b78-4e5d-9434-c2649db9ffcc.rna_seq.augmented_star_gene_counts.tsv,1,1
TCGA-DB-5277astrocytoma,Transcriptome Profiling,miRNA Expression Quantification,46913d6a-3494-4641-8779-0d54a4f7eaf2,b4853c3e-3278-43ba-ba16-92f06bb38b3c.mirbase21.mirnas.quantification.txt,1,1
TCGA-DB-A4XBastrocytoma,Copy Number Variation,Gene Level Copy Number,"3c608886-a334-4723-86d3-bf626f23fd2c,153009ca-2ca4-4c71-998c-31a2f7c8c306,b583c95f-477b-4ef9-a038-191e9aeb1064","TCGA-LGG.25ac8c12-db63-46e5-8ed4-00e60639b9e4.ascat3.gene_level_copy_number.v36.tsv,TCGA-LGG.25ac8c12-db63-46e5-8ed4-00e60639b9e4.gene_level_copy_number.v36.tsv,TCGA-LGG.25ac8c12-db63-46e5-8ed4-00e60639b9e4.absolute_liftover.gene_level_copy_number.v36.tsv",3,3
TCGA-DB-A4XBastrocytoma,DNA Methylation,Methylation Beta Value,874988ce-0605-4fb8-8e37-b7fd36cae48b,a6e6322d-d288-4e7a-a93c-bdb46e10c002.methylation_array.sesame.level3betas.txt,1,1
TCGA-DB-A4XBastrocytoma,Proteome Profiling,Protein Expression Quantification,fb51883d-8721-4342-a3db-14cf9ab9c260,TCGA-DB-A4XB-01A-21-A29Y-20_RPPA_data.tsv,1,1
TCGA-DB-A4XBastrocytoma,Simple Nucleotide Variation,Masked Somatic Mutation,41ee2fb1-1616-4d88-a32c-cfe48d4e4171,1825e190-0c5d-4f53-9824-3c3df6470895.wxs.aliquot_ensemble_masked.maf,1,1
TCGA-DB-A4XBastrocytoma,Transcriptome Profiling,Gene Expression Quantification,aca54307-630b-400a-b03b-63b055d4c170,75f58afe-0b42-4b7f-873e-a0a4d77904f3.rna_seq.augmented_star_gene_counts.tsv,1,1
TCGA-DB-A4XBastrocytoma,Transcriptome Profiling,miRNA Expression Quantification,27095d87-d937-4b3b-b25b-6c2ecd2d5e2c,375abc58-340a-418e-8df4-e8e064757e96.mirbase21.mirnas.quantification.txt,1,1
TCGA-DB-A4XDastrocytoma,Copy Number Variation,Gene Level Copy Number,"dd76a06b-291c-43a3-b31e-69ec76a91a12,63b60496-94be-45b9-9db2-d3b53b3a493a,7dc1aa8a-c5cb-4556-a702-3ceb4e731f11","TCGA-LGG.0f020aa0-213a-47b8-99ca-91150d97d5b9.absolute_liftover.gene_level_copy_number.v36.tsv,TCGA-LGG.0f020aa0-213a-47b8-99ca-91150d97d5b9.gene_level_copy_number.v36.tsv,TCGA-LGG.0f020aa0-213a-47b8-99ca-91150d97d5b9.ascat3.gene_level_copy_number.v36.tsv",3,3
TCGA-DB-A4XDastrocytoma,DNA Methylation,Methylation Beta Value,1824ce14-3aae-4474-beca-20e907cc2fee,580d1227-5396-4dab-8ae1-ee6a9f3d314b.methylation_array.sesame.level3betas.txt,1,1
TCGA-DB-A4XDastrocytoma,Proteome Profiling,Protein Expression Quantification,f3d4322e-f7b7-4d6a-af53-3b5f8e0e3c82,TCGA-DB-A4XD-01A-21-A29Y-20_RPPA_data.tsv,1,1
TCGA-DB-A4XDastrocytoma,Simple Nucleotide Variation,Masked Somatic Mutation,aebeee3a-19f7-4771-9e2c-ff14ab3648aa,6d58b36f-dbd9-4d45-960a-c581c10fbdf0.wxs.aliquot_ensemble_masked.maf,1,1
TCGA-DB-A4XDastrocytoma,Transcriptome Profiling,Gene Expression Quantification,5cee2a08-fe03-4460-8394-1e7ab0ada6bd,bc44608d-9ea8-4039-a772-d150b9ab5941.rna_seq.augmented_star_gene_counts.tsv,1,1
TCGA-DB-A4XDastrocytoma,Transcriptome Profiling,miRNA Expression Quantification,bf20e6e9-cf63-4296-a363-a67fcec9b69b,9c4e6c5c-1121-456a-9f25-ff68d2fea476.mirbase21.mirnas.quantification.txt,1,1
TCGA-DB-A4XFastrocytoma,Copy Number Variation,Gene Level Copy Number,"cba79662-5d72-41ba-b4de-ecc765bfabd5,42b4fa56-d4a2-4778-bc3b-160ef333f4f9,d297dfe9-e352-47d3-acb8-ba9cf1b61395","TCGA-LGG.37a0cbef-735c-4159-b44c-51d23657ea14.gene_level_copy_number.v36.tsv,TCGA-LGG.37a0cbef-735c-4159-b44c-51d23657ea14.absolute_liftover.gene_level_copy_number.v36.tsv,TCGA-LGG.37a0cbef-735c-4159-b44c-51d23657ea14.ascat3.gene_level_copy_number.v36.tsv",3,3
TCGA-DB-A4XFastrocytoma,DNA Methylation,Methylation Beta Value,65b40101-8c60-413b-b46c-1ffa79e781c6,b35e85a0-4904-44be-b814-3f1bd731c3ca.methylation_array.sesame.level3betas.txt,1,1
TCGA-DB-A4XFastrocytoma,Proteome Profiling,Protein Expression Quantification,4bf611fd-2744-44d6-8e44-ae10575a9019,TCGA-DB-A4XF-01A-21-A29Y-20_RPPA_data.tsv,1,1
TCGA-DB-A4XFastrocytoma,Simple Nucleotide Variation,Masked Somatic Mutation,2052a285-447c-4a25-ad5d-25c7d4d4d6d0,8ba12310-fc60-40a5-bfd2-b8c1d92614e0.wxs.aliquot_ensemble_masked.maf,1,1
TCGA-DB-A4XFastrocytoma,Transcriptome Profiling,Gene Expression Quantification,7d1b75d4-d2cc-43d0-95cc-464124c5eefa,4d452125-09f2-4244-b764-4c3a40e54ff5.rna_seq.augmented_star_gene_counts.tsv,1,1
TCGA-DB-A4XFastrocytoma,Transcriptome Profiling,miRNA Expression Quantification,7b6e75cb-8052-43c1-af51-f8908ddfffdf,315d12cb-5200-423b-9b4e-941d12a19390.mirbase21.mirnas.quantification.txt,1,1
TCGA-DB-A64Xastrocytoma,Copy Number Variation,Gene Level Copy Number,"c1d47443-9b6e-45fa-89d7-f5433b68edd5,49402a94-7361-40f5-92bd-692c3251fb2c,492ab7de-00df-4df7-8998-61baaa6e1d6c","TCGA-LGG.55ceb3f8-a2cc-41da-920b-9c7407d655e8.gene_level_copy_number.v36.tsv,TCGA-LGG.55ceb3f8-a2cc-41da-920b-9c7407d655e8.ascat3.gene_level_copy_number.v36.tsv,TCGA-LGG.55ceb3f8-a2cc-41da-920b-9c7407d655e8.absolute_liftover.gene_level_copy_number.v36.tsv",3,3
TCGA-DB-A64Xastrocytoma,DNA Methylation,Methylation Beta Value,1066069d-3510-4dc5-98ad-02fe6976e38b,8f1674c7-ef39-4e5a-ba26-586c8de428a9.methylation_array.sesame.level3betas.txt,1,1
TCGA-DB-A64Xastrocytoma,Proteome Profiling,Protein Expression Quantification,6cd572f1-6ac6-4e18-8bc1-42c6a38227d4,TCGA-DB-A64X-01A-21-A44D-20_RPPA_data.tsv,1,1
TCGA-DB-A64Xastrocytoma,Simple Nucleotide Variation,Masked Somatic Mutation,ce18e0f2-18a6-41e3-a22a-a618bd170036,bb5e53d0-cbf9-4af1-b108-c1c5e076eb51.wxs.aliquot_ensemble_masked.maf,1,1
TCGA-DB-A64Xastrocytoma,Transcriptome Profiling,Gene Expression Quantification,f7f9b098-6176-4c94-9684-605c51af16ba,972ce08b-3d70-4e63-a572-b722905d6b4c.rna_seq.augmented_star_gene_counts.tsv,1,1
TCGA-DB-A64Xastrocytoma,Transcriptome Profiling,miRNA Expression Quantification,d5f7011a-12ae-499c-a1d5-72040328d9a4,25613fe4-6e5f-4987-8504-fc783dcb9fd2.mirbase21.mirnas.quantification.txt,1,1
TCGA-DB-A75Lastrocytoma,Copy Number Variation,Gene Level Copy Number,"17e3dbe5-4938-423b-bfea-84dcc2e34dd4,03d65573-777b-4be4-b8cb-5f6ca8f64fce,a143abdb-9230-4551-a14a-bc91da9b118a","TCGA-LGG.f5f2cc3c-a532-49a5-94e5-7744e8bb8f3c.absolute_liftover.gene_level_copy_number.v36.tsv,TCGA-LGG.f5f2cc3c-a532-49a5-94e5-7744e8bb8f3c.ascat3.gene_level_copy_number.v36.tsv,TCGA-LGG.f5f2cc3c-a532-49a5-94e5-7744e8bb8f3c.gene_level_copy_number.v36.tsv",3,3
TCGA-DB-A75Lastrocytoma,DNA Methylation,Methylation Beta Value,24d1c988-eae9-4a9f-b5b8-ca49effd69b2,ea3109bc-986b-4934-b500-5bfc0cbedd59.methylation_array.sesame.level3betas.txt,1,1
TCGA-DB-A75Lastrocytoma,Proteome Profiling,Protein Expression Quantification,ea472d84-6aee-4b88-ba77-d48ac0819933,TCGA-DB-A75L-01A-21-A44E-20_RPPA_data.tsv,1,1
TCGA-DB-A75Lastrocytoma,Simple Nucleotide Variation,Masked Somatic Mutation,4b30146d-d9db-4a5f-8b9a-4f3b26208113,740c2fd7-80d0-48a9-a7e8-303335578d4e.wxs.aliquot_ensemble_masked.maf,1,1
TCGA-DB-A75Lastrocytoma,Transcriptome Profiling,Gene Expression Quantification,ab2205b2-a9aa-451c-8f52-ba9e00722d62,a9bdab2d-a002-4983-bfa4-4a3aa0a3c690.rna_seq.augmented_star_gene_counts.tsv,1,1
TCGA-DB-A75Lastrocytoma,Transcriptome Profiling,miRNA Expression Quantification,64adac28-c271-4e8c-be1e-0eee864d8de6,d3cd1e0c-704b-4569-9c14-d6001a5a402b.mirbase21.mirnas.quantification.txt,1,1
TCGA-DB-A75Oastrocytoma,Copy Number Variation,Gene Level Copy Number,"362d919b-8756-4fc2-ad26-0f6a5fc1ce91,aac584b5-e58f-4cdf-93c3-4fd654379dad,41e3c290-3e32-477d-b98a-1368739661b3,5b0ca7a5-6265-4f61-8b55-660d7583ce5a","TCGA-LGG.c48411f8-f406-449f-a617-5002772bcbe7.absolute_liftover.gene_level_copy_number.v36.tsv,TCGA-LGG.c48411f8-f406-449f-a617-5002772bcbe7.ascat3.gene_level_copy_number.v36.tsv,TCGA-LGG.c48411f8-f406-449f-a617-5002772bcbe7.gene_level_copy_number.v36.tsv,101e658d-4f01-49ee-ac47-57e021bd98a6.wgs.ASCAT.gene_level.copy_number_variation.tsv",4,4
TCGA-DB-A75Oastrocytoma,DNA Methylation,Methylation Beta Value,0c36b8b3-8e17-49a2-b893-19c984d32e71,84711c62-4d44-47a8-a812-a2cfb5ab6a3c.methylation_array.sesame.level3betas.txt,1,1
TCGA-DB-A75Oastrocytoma,Proteome Profiling,Protein Expression Quantification,6a46c9fb-9fcf-4939-acfc-1797fc0e9f25,TCGA-DB-A75O-01A-21-A44D-20_RPPA_data.tsv,1,1
TCGA-DB-A75Oastrocytoma,Simple Nucleotide Variation,Masked Somatic Mutation,ea8ae6af-f9e3-487b-8c5c-2313f0048b75,980fa1dd-b53e-423a-b78b-e422b6c48a07.wxs.aliquot_ensemble_masked.maf,1,1
TCGA-DB-A75Oastrocytoma,Transcriptome Profiling,Gene Expression Quantification,03622878-db1a-45b0-a6ac-ad5389afd3fd,145155d3-ca18-49c6-879f-fceb71ef4e28.rna_seq.augmented_star_gene_counts.tsv,1,1
TCGA-DB-A75Oastrocytoma,Transcriptome Profiling,miRNA Expression Quantification,170195ac-e721-4755-b9bb-67d21c067d74,f6d9b08f-fc74-4aad-aa0c-147b94098c4a.mirbase21.mirnas.quantification.txt,1,1
TCGA-DH-5142astrocytoma,Copy Number Variation,Gene Level Copy Number,"87620596-aea4-447f-90b1-4aea73e059bb,0b5ef60d-18e6-4636-b51a-b3a23ceedfae,a9ee875d-93ad-4bb9-98cd-9c0cffe90da8","TCGA-LGG.4e31c7b2-b651-4e8e-a24c-d675a876e140.absolute_liftover.gene_level_copy_number.v36.tsv,TCGA-LGG.4e31c7b2-b651-4e8e-a24c-d675a876e140.ascat3.gene_level_copy_number.v36.tsv,TCGA-LGG.4e31c7b2-b651-4e8e-a24c-d675a876e140.gene_level_copy_number.v36.tsv",3,3
TCGA-DH-5142astrocytoma,DNA Methylation,Methylation Beta Value,ed2ce650-a557-4a7f-954d-0a87a43c2343,00f9a97f-e78f-427e-8ae6-ab853d7c1228.methylation_array.sesame.level3betas.txt,1,1
TCGA-DH-5142astrocytoma,Proteome Profiling,Protein Expression Quantification,ab87111d-147b-4bfd-9479-100df2d3dde2,TCGA-DH-5142-01A-21-A29Z-20_RPPA_data.tsv,1,1
TCGA-DH-5142astrocytoma,Simple Nucleotide Variation,Masked Somatic Mutation,3767524b-5662-4c94-84a7-1ed5dc4ba262,aa14f7bb-f8b1-40dc-9e58-db7bebc3e36c.wxs.aliquot_ensemble_masked.maf,1,1
TCGA-DH-5142astrocytoma,Transcriptome Profiling,Gene Expression Quantification,f791d60d-2873-4fa6-a777-c525b04dba40,98385352-8c92-4a5c-af17-26c47f1501bc.rna_seq.augmented_star_gene_counts.tsv,1,1
TCGA-DH-5142astrocytoma,Transcriptome Profiling,miRNA Expression Quantification,386f498d-4424-4fe4-ba95-929ec3b1fb78,90349634-978b-456b-8112-8f86c9f42973.mirbase21.mirnas.quantification.txt,1,1
TCGA-DH-A66Bastrocytoma,Copy Number Variation,Gene Level Copy Number,"3861c53f-9331-40eb-9a42-6d049e86551d,b8c64769-3721-4f52-a970-c3d7a2312396,7facf21b-3ed2-4144-848d-62df10361293","TCGA-LGG.6c33f6eb-a5c0-4178-b263-5f5389446025.absolute_liftover.gene_level_copy_number.v36.tsv,TCGA-LGG.6c33f6eb-a5c0-4178-b263-5f5389446025.gene_level_copy_number.v36.tsv,TCGA-LGG.6c33f6eb-a5c0-4178-b263-5f5389446025.ascat3.gene_level_copy_number.v36.tsv",3,3
TCGA-DH-A66Bastrocytoma,DNA Methylation,Methylation Beta Value,c8204f99-2b0e-40cc-804c-e686eaa3e407,0e9d4448-d052-450c-9eae-244e5d5ff3b3.methylation_array.sesame.level3betas.txt,1,1
TCGA-DH-A66Bastrocytoma,Proteome Profiling,Protein Expression Quantification,f1130ca5-19fa-4699-8fd0-ab954e5d224f,TCGA-DH-A66B-01A-21-A44D-20_RPPA_data.tsv,1,1
TCGA-DH-A66Bastrocytoma,Simple Nucleotide Variation,Masked Somatic Mutation,59e23406-0926-4902-85a4-a10ba00c686e,dc485977-9a0f-49b5-a4ea-e3e40942e10c.wxs.aliquot_ensemble_masked.maf,1,1
TCGA-DH-A66Bastrocytoma,Transcriptome Profiling,Gene Expression Quantification,6cd83368-4978-4ef4-a1b8-f2d8f9cf9d7e,687293b9-b030-4909-a076-435efff554d1.rna_seq.augmented_star_gene_counts.tsv,1,1
TCGA-DH-A66Bastrocytoma,Transcriptome Profiling,miRNA Expression Quantification,9af981dc-5d27-48e9-8d7d-b48238cca44d,a08531d1-4d38-459e-be4b-42e3466f3d65.mirbase21.mirnas.quantification.txt,1,1
TCGA-DH-A66Dastrocytoma,Copy Number Variation,Gene Level Copy Number,"0813b760-ff2a-4916-927c-40da2164410f,782ac149-26d2-42e0-8769-f019ff2d26df,18d0be88-f8cb-4058-b295-fb4364e468fb","TCGA-LGG.d9b41d82-bf8a-4e28-972b-67aced39d814.absolute_liftover.gene_level_copy_number.v36.tsv,TCGA-LGG.d9b41d82-bf8a-4e28-972b-67aced39d814.ascat3.gene_level_copy_number.v36.tsv,TCGA-LGG.d9b41d82-bf8a-4e28-972b-67aced39d814.gene_level_copy_number.v36.tsv",3,3
TCGA-DH-A66Dastrocytoma,DNA Methylation,Methylation Beta Value,be48a5b9-bc41-4fca-8642-4ed8f47ee87c,3b1fed1a-8f91-4c66-bf36-a03905546137.methylation_array.sesame.level3betas.txt,1,1
TCGA-DH-A66Dastrocytoma,Proteome Profiling,Protein Expression Quantification,cec2939a-1b4a-4cfd-9872-9f8547809dc2,TCGA-DH-A66D-01A-21-A44D-20_RPPA_data.tsv,1,1
TCGA-DH-A66Dastrocytoma,Simple Nucleotide Variation,Masked Somatic Mutation,9b591959-bc65-4be1-a611-d38c5f71b8e9,2fd9ba36-e335-468c-bece-11c5b1c10ea9.wxs.aliquot_ensemble_masked.maf,1,1
TCGA-DH-A66Dastrocytoma,Transcriptome Profiling,Gene Expression Quantification,2b17dbd1-12e0-4494-a62e-dd2b28160a3c,56050b40-0992-41bb-bf05-f4cab2541940.rna_seq.augmented_star_gene_counts.tsv,1,1
TCGA-DH-A66Dastrocytoma,Transcriptome Profiling,miRNA Expression Quantification,41788c22-109f-4ab9-b91f-a51c19c89bfb,f0a87640-d63d-4e79-9524-95903c66bfa4.mirbase21.mirnas.quantification.txt,1,1
TCGA-DH-A7UTastrocytoma,Copy Number Variation,Gene Level Copy Number,"d8bb64f6-9602-4e0b-b8ad-aac2a981f7e8,7ce0cc0a-e166-445a-a49a-7db371cb0e5a,050a1f59-1608-4653-bfb2-cb9957a2b3c4","TCGA-LGG.648392a5-a0e0-4280-a87d-3a018a6b10bf.gene_level_copy_number.v36.tsv,TCGA-LGG.648392a5-a0e0-4280-a87d-3a018a6b10bf.ascat3.gene_level_copy_number.v36.tsv,TCGA-LGG.648392a5-a0e0-4280-a87d-3a018a6b10bf.absolute_liftover.gene_level_copy_number.v36.tsv",3,3
TCGA-DH-A7UTastrocytoma,DNA Methylation,Methylation Beta Value,32cf31da-dcbb-42cb-8d5e-6472b319be6c,2484f97e-5d08-46ed-80ff-8b1bc7a96f4c.methylation_array.sesame.level3betas.txt,1,1
TCGA-DH-A7UTastrocytoma,Simple Nucleotide Variation,Masked Somatic Mutation,ee67d424-0bab-4ab5-9874-05583c2dc221,038c53a3-6af9-4a3c-8099-f35ca30217e2.wxs.aliquot_ensemble_masked.maf,1,1
TCGA-DH-A7UTastrocytoma,Transcriptome Profiling,Gene Expression Quantification,5033a52a-3748-41cb-9783-9b69e91004fb,c5920a42-94c9-406e-8a8c-dcb447a47b42.rna_seq.augmented_star_gene_counts.tsv,1,1
TCGA-DH-A7UTastrocytoma,Transcriptome Profiling,miRNA Expression Quantification,933972ff-6b92-401b-95b3-1ce06d0040ec,0602d104-c7d9-4c78-ac74-f4bb4b2bff98.mirbase21.mirnas.quantification.txt,1,1
TCGA-DH-A7UUastrocytoma,Copy Number Variation,Gene Level Copy Number,"4d74f82f-d1d1-4bf8-969f-b7b4eb388e44,decbbfc0-dac4-4119-bdc4-13d3adb5e4bd,adcac367-bfe0-43e6-87f7-333e2603c3f3","TCGA-LGG.6aa75f68-e0ca-465a-acb4-658a20694517.absolute_liftover.gene_level_copy_number.v36.tsv,TCGA-LGG.6aa75f68-e0ca-465a-acb4-658a20694517.gene_level_copy_number.v36.tsv,TCGA-LGG.6aa75f68-e0ca-465a-acb4-658a20694517.ascat3.gene_level_copy_number.v36.tsv",3,3
TCGA-DH-A7UUastrocytoma,DNA Methylation,Methylation Beta Value,0b436439-6222-4567-8089-676983fb365c,d21c20ab-b09d-4d0b-9b7c-7eb992c4e660.methylation_array.sesame.level3betas.txt,1,1
TCGA-DH-A7UUastrocytoma,Simple Nucleotide Variation,Masked Somatic Mutation,137773dc-4550-4a83-a53c-ff8a293b0665,9a255d92-cb44-4907-b89e-7205d7f8c85c.wxs.aliquot_ensemble_masked.maf,1,1
TCGA-DH-A7UUastrocytoma,Transcriptome Profiling,Gene Expression Quantification,d529459b-b78c-4651-902f-8daa6f1415e1,6afd36a6-9b94-4e59-9afe-e3dd1edbaf4e.rna_seq.augmented_star_gene_counts.tsv,1,1
TCGA-DH-A7UUastrocytoma,Transcriptome Profiling,miRNA Expression Quantification,dcfcdad9-a403-43ab-a1d8-0b91ceb3d3f4,5e19fc69-9c23-479b-9694-1f84e49c3f73.mirbase21.mirnas.quantification.txt,1,1
TCGA-DH-A7UVastrocytoma,Copy Number Variation,Gene Level Copy Number,"fd7f2186-34fa-4320-b23c-f7cdb0f3dee5,fec7e198-ec0f-4fb8-97b2-c56b4df1c0c7,03119a97-225c-4085-9aae-63cc6867a0b8","TCGA-LGG.afa92bfd-35c6-4ed9-b723-93514a257f3e.gene_level_copy_number.v36.tsv,TCGA-LGG.afa92bfd-35c6-4ed9-b723-93514a257f3e.absolute_liftover.gene_level_copy_number.v36.tsv,TCGA-LGG.afa92bfd-35c6-4ed9-b723-93514a257f3e.ascat3.gene_level_copy_number.v36.tsv",3,3
TCGA-DH-A7UVastrocytoma,DNA Methylation,Methylation Beta Value,1cb4d974-8593-4ab0-b2fb-a3437613b0cd,b993910a-73e1-4d46-b8bc-486325faf69d.methylation_array.sesame.level3betas.txt,1,1
TCGA-DH-A7UVastrocytoma,Simple Nucleotide Variation,Masked Somatic Mutation,a4bfd132-761a-4540-834d-cbf4daf94dda,624a2493-8282-416a-aea6-d6f0419b0a32.wxs.aliquot_ensemble_masked.maf,1,1
TCGA-DH-A7UVastrocytoma,Transcriptome Profiling,Gene Expression Quantification,37b6f784-ef0b-4f74-b93f-20b12a6959c5,1fc36afc-ff46-490f-b8ad-5f8664b7d5c7.rna_seq.augmented_star_gene_counts.tsv,1,1
TCGA-DH-A7UVastrocytoma,Transcriptome Profiling,miRNA Expression Quantification,3bca3cc6-c8c2-4d8e-8917-a154d5a88c55,4897ee50-c96a-4e03-b37d-2d4c0121055c.mirbase21.mirnas.quantification.txt,1,1
TCGA-DU-5847astrocytoma,Copy Number Variation,Gene Level Copy Number,"3339b9ff-89e0-44dd-922f-e9d2525d2011,2da50c5f-b69d-498a-bf28-a6a0f9f7be2a,7c70498f-21e7-460e-8f19-ed0490fe5aec","TCGA-LGG.9730b66a-09a4-43d0-807e-8b4e44acb035.ascat3.gene_level_copy_number.v36.tsv,TCGA-LGG.9730b66a-09a4-43d0-807e-8b4e44acb035.absolute_liftover.gene_level_copy_number.v36.tsv,TCGA-LGG.9730b66a-09a4-43d0-807e-8b4e44acb035.gene_level_copy_number.v36.tsv",3,3
TCGA-DU-5847astrocytoma,DNA Methylation,Methylation Beta Value,9d1c1d18-ff62-49d3-9d0a-b605cc133379,26d1f5a9-6ecf-42a9-80a0-50ea4509537f.methylation_array.sesame.level3betas.txt,1,1
TCGA-DU-5847astrocytoma,Proteome Profiling,Protein Expression Quantification,3440bf06-0ed9-4f27-a652-60b76ce2b1e5,TCGA-DU-5847-01A-21-A29X-20_RPPA_data.tsv,1,1
TCGA-DU-5847astrocytoma,Simple Nucleotide Variation,Masked Somatic Mutation,a1362d97-1876-4332-85f4-4d8fb72c00df,8f231c7f-7b32-4251-a103-463dddc3c561.wxs.aliquot_ensemble_masked.maf,1,1
TCGA-DU-5847astrocytoma,Transcriptome Profiling,Gene Expression Quantification,1627ea47-3fa0-405b-970d-bfb1cae72ece,29882704-6f18-4f45-8041-d77ccfc955cc.rna_seq.augmented_star_gene_counts.tsv,1,1
TCGA-DU-5847astrocytoma,Transcriptome Profiling,miRNA Expression Quantification,9da87457-af1a-44fa-af2a-62c2c9ebc9a0,85c34238-b4c4-4229-82a9-f81a2e874ae1.mirbase21.mirnas.quantification.txt,1,1
TCGA-DU-5854astrocytoma,Copy Number Variation,Gene Level Copy Number,"8629bf49-706a-4635-a41b-140166995ebb,7108a3d5-9a8a-4ba6-b717-a33aa0e09407,ff551e7c-d716-40ee-9087-05c8c783e5a9","TCGA-LGG.a087e11b-1024-4147-8f77-b37a5b5f982c.ascat3.gene_level_copy_number.v36.tsv,TCGA-LGG.a087e11b-1024-4147-8f77-b37a5b5f982c.gene_level_copy_number.v36.tsv,TCGA-LGG.a087e11b-1024-4147-8f77-b37a5b5f982c.absolute_liftover.gene_level_copy_number.v36.tsv",3,3
TCGA-DU-5854astrocytoma,DNA Methylation,Methylation Beta Value,8ce5d382-ee93-4271-8ad4-4f4772616486,2babd0d7-e812-4351-a619-01b6e251e3a3.methylation_array.sesame.level3betas.txt,1,1
TCGA-DU-5854astrocytoma,Proteome Profiling,Protein Expression Quantification,a104e444-e86c-49d5-ba58-1b09d52de77a,TCGA-DU-5854-01A-21-A29X-20_RPPA_data.tsv,1,1
TCGA-DU-5854astrocytoma,Simple Nucleotide Variation,Masked Somatic Mutation,ce726e4d-417e-4d1f-8adf-e2e5dce9c971,ff474d99-8c59-4869-8953-186040bba505.wxs.aliquot_ensemble_masked.maf,1,1
TCGA-DU-5854astrocytoma,Transcriptome Profiling,Gene Expression Quantification,c487a484-4f21-4eff-b61f-c9294aec5d72,d12325fc-4ea5-40da-b4e8-b2d411759209.rna_seq.augmented_star_gene_counts.tsv,1,1
TCGA-DU-5854astrocytoma,Transcriptome Profiling,miRNA Expression Quantification,0a4c45a7-2b79-4109-b07c-5b468e285f42,6eacf45b-7ae3-40c0-86e5-489f0ea2a4e3.mirbase21.mirnas.quantification.txt,1,1
TCGA-DU-6392astrocytoma,Copy Number Variation,Gene Level Copy Number,"c595c0f4-3b36-40f8-91b5-3a7a1df8031c,03abc366-bb9b-4793-9160-f2d27bfc3c7c,5771b5aa-16f2-4562-8275-3f62443a1653","TCGA-LGG.ff5bb636-3978-46e8-9bf0-a2d2e0a0188a.ascat3.gene_level_copy_number.v36.tsv,TCGA-LGG.ff5bb636-3978-46e8-9bf0-a2d2e0a0188a.gene_level_copy_number.v36.tsv,TCGA-LGG.ff5bb636-3978-46e8-9bf0-a2d2e0a0188a.absolute_liftover.gene_level_copy_number.v36.tsv",3,3
TCGA-DU-6392astrocytoma,DNA Methylation,Methylation Beta Value,6f900a78-0320-4bac-bf1c-f82a104230bb,d179d610-6b46-46cc-ad39-a7b05e634d9d.methylation_array.sesame.level3betas.txt,1,1
TCGA-DU-6392astrocytoma,Proteome Profiling,Protein Expression Quantification,370db5fd-740c-4658-b839-ce2d7ffcab5e,TCGA-DU-6392-01A-21-A29Z-20_RPPA_data.tsv,1,1
TCGA-DU-6392astrocytoma,Simple Nucleotide Variation,Masked Somatic Mutation,532d5274-fc66-486e-88f2-2ec6b147bb6c,dd73a3b5-3461-456a-9d6b-ee583d8d3b9c.wxs.aliquot_ensemble_masked.maf,1,1
TCGA-DU-6392astrocytoma,Transcriptome Profiling,Gene Expression Quantification,a635eeb0-963b-45b4-8929-f0f1f4dc0142,83089602-59a1-47d7-958a-eceab335affc.rna_seq.augmented_star_gene_counts.tsv,1,1
TCGA-DU-6392astrocytoma,Transcriptome Profiling,miRNA Expression Quantification,20cca818-f736-4207-89fa-1658c023aee3,5614763b-4814-466f-af1d-c949a74fcf75.mirbase21.mirnas.quantification.txt,1,1
TCGA-DU-6402astrocytoma,Copy Number Variation,Gene Level Copy Number,"140f2f1c-d18d-4167-adf5-11f41be5a4fe,4fba1813-83f0-4995-8677-f81fea27c479,8e47b5ec-7217-4e66-ac08-73c76f84f841","TCGA-LGG.94a3dcee-fafd-416b-adaa-538e5f9c3a3f.ascat3.gene_level_copy_number.v36.tsv,TCGA-LGG.94a3dcee-fafd-416b-adaa-538e5f9c3a3f.gene_level_copy_number.v36.tsv,TCGA-LGG.94a3dcee-fafd-416b-adaa-538e5f9c3a3f.absolute_liftover.gene_level_copy_number.v36.tsv",3,3
TCGA-DU-6402astrocytoma,DNA Methylation,Methylation Beta Value,6a40edcd-878e-4a51-bb12-5c1a95fc1900,4dbbcf2d-5df6-4e70-8a4c-961b25f4f0a2.methylation_array.sesame.level3betas.txt,1,1
TCGA-DU-6402astrocytoma,Proteome Profiling,Protein Expression Quantification,bc65f44a-c054-44b9-b002-7e93f56c7106,TCGA-DU-6402-01A-21-A29Z-20_RPPA_data.tsv,1,1
TCGA-DU-6402astrocytoma,Simple Nucleotide Variation,Masked Somatic Mutation,af74b7ae-d189-4c68-b9b9-6304ccc232eb,73f857d3-6af0-4434-80ea-6c6d7237ee8a.wxs.aliquot_ensemble_masked.maf,1,1
TCGA-DU-6402astrocytoma,Transcriptome Profiling,Gene Expression Quantification,fe95e3cf-1ace-4b4c-bde4-fb3904476d1f,c9654e52-7c25-4589-869d-943f7fba8cd5.rna_seq.augmented_star_gene_counts.tsv,1,1
TCGA-DU-6402astrocytoma,Transcriptome Profiling,miRNA Expression Quantification,42147d46-c549-4d52-86cd-66cda1e3943a,52f712c4-9c74-4867-a864-cc07df8f2a06.mirbase21.mirnas.quantification.txt,1,1
TCGA-DU-6405astrocytoma,Copy Number Variation,Gene Level Copy Number,"23020aff-1568-4b94-89f6-40639c2e9e51,b5e4a56f-6dbd-4203-87ea-dd5bd414ff6f,0420752b-100d-4349-b180-0999f1eb4a77","TCGA-LGG.a61e91e8-8948-4831-a22d-98cccc3ef527.gene_level_copy_number.v36.tsv,TCGA-LGG.a61e91e8-8948-4831-a22d-98cccc3ef527.ascat3.gene_level_copy_number.v36.tsv,TCGA-LGG.a61e91e8-8948-4831-a22d-98cccc3ef527.absolute_liftover.gene_level_copy_number.v36.tsv",3,3
TCGA-DU-6405astrocytoma,DNA Methylation,Methylation Beta Value,57817a21-6f16-4dcc-ab76-a2196307aa7b,107b4e91-35b9-45d0-a343-d8930f5617c2.methylation_array.sesame.level3betas.txt,1,1
TCGA-DU-6405astrocytoma,Proteome Profiling,Protein Expression Quantification,5850939b-07f2-4ef4-b56a-35181d405dc1,TCGA-DU-6405-01A-21-A29Z-20_RPPA_data.tsv,1,1
TCGA-DU-6405astrocytoma,Simple Nucleotide Variation,Masked Somatic Mutation,88578dc4-2eef-41a4-91a7-d569d144394c,5d322aed-047a-4098-b3df-59668df301ab.wxs.aliquot_ensemble_masked.maf,1,1
TCGA-DU-6405astrocytoma,Transcriptome Profiling,Gene Expression Quantification,aa01cdee-0c68-434b-a19f-314fc2f7b962,a3899b6f-f603-45d7-bea4-86e8f99c9e4a.rna_seq.augmented_star_gene_counts.tsv,1,1
TCGA-DU-6405astrocytoma,Transcriptome Profiling,miRNA Expression Quantification,1bc413c7-1cda-4b10-a6f2-5edf576d206e,7e6aa68e-534a-4d49-9461-7c2a4ef1e761.mirbase21.mirnas.quantification.txt,1,1
TCGA-DU-7006astrocytoma,Copy Number Variation,Gene Level Copy Number,"8264b5a6-8dcc-40f7-bfc6-c016a2b5c57c,026641be-9f11-4a27-83f5-3a470b75aa7f,fea5064e-9723-4289-ae60-a17a673ba6e1","TCGA-LGG.fff8ae21-ca7b-4d3a-9cfc-005c5afe98a7.absolute_liftover.gene_level_copy_number.v36.tsv,TCGA-LGG.fff8ae21-ca7b-4d3a-9cfc-005c5afe98a7.gene_level_copy_number.v36.tsv,TCGA-LGG.fff8ae21-ca7b-4d3a-9cfc-005c5afe98a7.ascat3.gene_level_copy_number.v36.tsv",3,3
TCGA-DU-7006astrocytoma,DNA Methylation,Methylation Beta Value,ce903b38-40d7-434b-9a45-fadd8413ced6,8b1f14a4-0c21-4a02-829f-16b32a9b1164.methylation_array.sesame.level3betas.txt,1,1
TCGA-DU-7006astrocytoma,Proteome Profiling,Protein Expression Quantification,771054cd-4628-49c6-8981-124c5c675076,TCGA-DU-7006-01A-21-A29X-20_RPPA_data.tsv,1,1
TCGA-DU-7006astrocytoma,Simple Nucleotide Variation,Masked Somatic Mutation,00a05d61-752b-4680-a602-d9520f3e57cf,ee0f8df6-6add-4cbd-86b6-74e7e7c9aef6.wxs.aliquot_ensemble_masked.maf,1,1
TCGA-DU-7006astrocytoma,Transcriptome Profiling,Gene Expression Quantification,9910b4c2-f121-446b-9364-c101871d713b,3ba2129b-0121-427c-bd6c-3e5d6c7fb777.rna_seq.augmented_star_gene_counts.tsv,1,1
TCGA-DU-7006astrocytoma,Transcriptome Profiling,miRNA Expression Quantification,03fcf646-b688-4657-83e3-a013cf5ef3b5,19d31817-05a2-4b99-b4a8-e985a374c1a2.mirbase21.mirnas.quantification.txt,1,1
TCGA-DU-7010astrocytoma,Copy Number Variation,Gene Level Copy Number,"29375b85-3c6a-4939-8916-5759ccba134b,0b1c51cb-e17b-4f5a-8ece-5a82046f094d,a725a04b-2623-4fc4-bcd7-6046b2558507","TCGA-LGG.003f5063-2d5a-4da5-aa5a-30e54d5ff497.ascat3.gene_level_copy_number.v36.tsv,TCGA-LGG.003f5063-2d5a-4da5-aa5a-30e54d5ff497.gene_level_copy_number.v36.tsv,TCGA-LGG.003f5063-2d5a-4da5-aa5a-30e54d5ff497.absolute_liftover.gene_level_copy_number.v36.tsv",3,3
TCGA-DU-7010astrocytoma,DNA Methylation,Methylation Beta Value,c80359b0-ab10-45ad-8c5b-8b6a4dae4b3c,09f07b1e-00dc-4871-a8f5-bee62215b59f.methylation_array.sesame.level3betas.txt,1,1
TCGA-DU-7010astrocytoma,Proteome Profiling,Protein Expression Quantification,9c2d379c-cd07-42b0-838f-283c95e28b76,TCGA-DU-7010-01A-21-A29X-20_RPPA_data.tsv,1,1
TCGA-DU-7010astrocytoma,Simple Nucleotide Variation,Masked Somatic Mutation,68762a23-a68e-4c66-9e58-301a0cb19b7a,ba9a0cdc-9e44-466b-ab8e-5a66ad084289.wxs.aliquot_ensemble_masked.maf,1,1
TCGA-DU-7010astrocytoma,Transcriptome Profiling,Gene Expression Quantification,930f7608-a79b-438c-a910-0b6b6035d73e,1451da3d-bf84-41cc-841a-5cee2919f362.rna_seq.augmented_star_gene_counts.tsv,1,1
TCGA-DU-7010astrocytoma,Transcriptome Profiling,miRNA Expression Quantification,2266b45f-2689-4617-b0a8-0a5c60100246,e034b19a-af87-4478-9456-812a1a289980.mirbase21.mirnas.quantification.txt,1,1
TCGA-DU-7012astrocytoma,Copy Number Variation,Gene Level Copy Number,"5d538d07-4d67-4a4b-b880-040c0371ff8e,98a932c2-a32f-4a73-bf7a-ea36d459d7f5,d96958fa-529c-4a4e-b0a2-a115b8da299c","TCGA-LGG.d71a93ef-4816-4343-ba6a-c8cbe87a9f79.ascat3.gene_level_copy_number.v36.tsv,TCGA-LGG.d71a93ef-4816-4343-ba6a-c8cbe87a9f79.gene_level_copy_number.v36.tsv,TCGA-LGG.d71a93ef-4816-4343-ba6a-c8cbe87a9f79.absolute_liftover.gene_level_copy_number.v36.tsv",3,3
TCGA-DU-7012astrocytoma,DNA Methylation,Methylation Beta Value,ce82652f-077f-4bf1-82f3-ed969cbd7ab1,13e6400a-952d-49b6-83d9-342040423056.methylation_array.sesame.level3betas.txt,1,1
TCGA-DU-7012astrocytoma,Proteome Profiling,Protein Expression Quantification,9f71135c-c5d9-4566-9538-f7a0f2173278,TCGA-DU-7012-01A-21-A29X-20_RPPA_data.tsv,1,1
TCGA-DU-7012astrocytoma,Simple Nucleotide Variation,Masked Somatic Mutation,f9371e3f-8800-4922-af26-27e400f0fad9,e7cf5f84-7460-4188-b6bc-6ef6272c69ab.wxs.aliquot_ensemble_masked.maf,1,1
TCGA-DU-7012astrocytoma,Transcriptome Profiling,Gene Expression Quantification,fa5686f5-2931-43e9-853a-53b28ca19e39,ace31d9c-08cd-4d54-98ab-1ae3937ea80a.rna_seq.augmented_star_gene_counts.tsv,1,1
TCGA-DU-7012astrocytoma,Transcriptome Profiling,miRNA Expression Quantification,b7e6b762-5f8b-450b-ae48-e8ea9daa86f3,73f66595-8370-429a-98e9-64ed89fc450b.mirbase21.mirnas.quantification.txt,1,1
TCGA-DU-7013astrocytoma,Copy Number Variation,Gene Level Copy Number,"9bed65b0-2596-490d-9681-9084c00f60f8,7bafbed9-b396-4b1d-9dcc-38e5574161e3,28bda79f-1948-4463-b8b1-1ab6522c4d8d","TCGA-LGG.9bce23b8-df89-49bd-bf15-3a86635722d3.ascat3.gene_level_copy_number.v36.tsv,TCGA-LGG.9bce23b8-df89-49bd-bf15-3a86635722d3.gene_level_copy_number.v36.tsv,TCGA-LGG.9bce23b8-df89-49bd-bf15-3a86635722d3.absolute_liftover.gene_level_copy_number.v36.tsv",3,3
TCGA-DU-7013astrocytoma,DNA Methylation,Methylation Beta Value,811dd81e-0933-4083-8fa0-0dfce7b363b7,994059a0-a160-4b6a-9efc-19884607abac.methylation_array.sesame.level3betas.txt,1,1
TCGA-DU-7013astrocytoma,Proteome Profiling,Protein Expression Quantification,d55918a5-d5e7-418e-a384-b3d544775622,TCGA-DU-7013-01A-21-A29X-20_RPPA_data.tsv,1,1
TCGA-DU-7013astrocytoma,Simple Nucleotide Variation,Masked Somatic Mutation,a22ee23a-3054-4ab4-95fb-faa2d6c672be,13255904-b3f0-4b72-b6e2-33e7a27e0efb.wxs.aliquot_ensemble_masked.maf,1,1
TCGA-DU-7013astrocytoma,Transcriptome Profiling,Gene Expression Quantification,32550b81-9853-4cd1-8590-f6c62f38f3e5,a47f0b18-2c19-4c03-928d-d50ae2275f9f.rna_seq.augmented_star_gene_counts.tsv,1,1
TCGA-DU-7013astrocytoma,Transcriptome Profiling,miRNA Expression Quantification,fe118e9b-2ef2-4455-9303-509f8b3deb1d,060e5d5f-a230-4642-971b-2f3191f65e8f.mirbase21.mirnas.quantification.txt,1,1
TCGA-DU-7290astrocytoma,Copy Number Variation,Gene Level Copy Number,"25cfca97-632f-42a1-8910-277cfaa33871,5b261aa0-f080-4c15-ac2f-08717cd34fae,8dba2302-d462-4b47-9f53-fa076e8b076f","TCGA-LGG.2914e9de-528e-4f64-b9d5-f5f2c11789a3.absolute_liftover.gene_level_copy_number.v36.tsv,TCGA-LGG.2914e9de-528e-4f64-b9d5-f5f2c11789a3.ascat3.gene_level_copy_number.v36.tsv,TCGA-LGG.2914e9de-528e-4f64-b9d5-f5f2c11789a3.gene_level_copy_number.v36.tsv",3,3
TCGA-DU-7290astrocytoma,DNA Methylation,Methylation Beta Value,6b980248-f88e-4749-aa14-d8f49775f35e,877626ac-c991-43ab-8502-0bb13216dcf6.methylation_array.sesame.level3betas.txt,1,1
TCGA-DU-7290astrocytoma,Proteome Profiling,Protein Expression Quantification,6b0aeb97-ee89-487d-8f06-2a110ced019c,TCGA-DU-7290-01A-21-A29X-20_RPPA_data.tsv,1,1
TCGA-DU-7290astrocytoma,Simple Nucleotide Variation,Masked Somatic Mutation,89913d64-9f9b-4f5f-b9e3-2ca3943e1662,277d158f-4cf9-4c38-b68b-36432901405b.wxs.aliquot_ensemble_masked.maf,1,1
TCGA-DU-7290astrocytoma,Transcriptome Profiling,Gene Expression Quantification,c270cc65-75b4-4cc1-8537-86504e8b7215,0494c913-b8d5-4c2a-8f60-630a17605612.rna_seq.augmented_star_gene_counts.tsv,1,1
TCGA-DU-7290astrocytoma,Transcriptome Profiling,miRNA Expression Quantification,27fcab0b-fa68-431b-bb7e-68ecb9daa9cb,65af6296-9664-4374-8c6e-f7f457d3f06d.mirbase21.mirnas.quantification.txt,1,1
TCGA-DU-7292astrocytoma,Copy Number Variation,Gene Level Copy Number,"6ce30663-a00f-4cf9-84ef-81b51c495e01,e396e322-32d3-45a5-8e23-a2ad76b49144,75ae6b06-de96-48a1-ae2e-1ec84c331028","TCGA-LGG.f0d16866-4d37-4588-b994-e723338bab13.absolute_liftover.gene_level_copy_number.v36.tsv,TCGA-LGG.f0d16866-4d37-4588-b994-e723338bab13.gene_level_copy_number.v36.tsv,TCGA-LGG.f0d16866-4d37-4588-b994-e723338bab13.ascat3.gene_level_copy_number.v36.tsv",3,3
TCGA-DU-7292astrocytoma,DNA Methylation,Methylation Beta Value,bb4a94cf-3de4-4035-8f0f-99eb78fbed7d,f219a252-79ea-42a2-b461-ee702394d6aa.methylation_array.sesame.level3betas.txt,1,1
TCGA-DU-7292astrocytoma,Proteome Profiling,Protein Expression Quantification,1fc5909b-45ae-4821-9575-616ec33b65bf,TCGA-DU-7292-01A-21-A29Z-20_RPPA_data.tsv,1,1
TCGA-DU-7292astrocytoma,Simple Nucleotide Variation,Masked Somatic Mutation,bab6de87-a1ba-46b8-b0f6-5f745dd9bab1,f1616f9e-d233-4997-859d-b46b718c8db5.wxs.aliquot_ensemble_masked.maf,1,1
TCGA-DU-7292astrocytoma,Transcriptome Profiling,Gene Expression Quantification,6050fca2-bb31-4c3d-8c37-f9c42e59e29a,a98ebd40-3bce-4abe-ac65-62e9b6cef746.rna_seq.augmented_star_gene_counts.tsv,1,1
TCGA-DU-7292astrocytoma,Transcriptome Profiling,miRNA Expression Quantification,2be77ce3-55f4-4d3b-9b9a-f815b681d3ca,709f3553-48d3-49f0-a70c-6786ca806038.mirbase21.mirnas.quantification.txt,1,1
TCGA-DU-7298astrocytoma,Copy Number Variation,Gene Level Copy Number,"7177773a-7ba0-4985-8e42-562670d7ab40,632db549-a1ec-40ac-9ee4-cf5ea0bd329b,a6e0b878-09d3-4c6e-b1d5-612aa2534631","TCGA-LGG.671e442a-8e96-4b96-9b2a-5e8c8fae01a1.gene_level_copy_number.v36.tsv,TCGA-LGG.671e442a-8e96-4b96-9b2a-5e8c8fae01a1.ascat3.gene_level_copy_number.v36.tsv,TCGA-LGG.671e442a-8e96-4b96-9b2a-5e8c8fae01a1.absolute_liftover.gene_level_copy_number.v36.tsv",3,3
TCGA-DU-7298astrocytoma,DNA Methylation,Methylation Beta Value,378a76ad-44ea-4cb5-8f5d-a8f3738bd600,ca83c19b-c2f3-4e63-b20f-e6d3cb80efd0.methylation_array.sesame.level3betas.txt,1,1
TCGA-DU-7298astrocytoma,Proteome Profiling,Protein Expression Quantification,8435c34f-d2f4-4100-a810-d5e973aa967f,TCGA-DU-7298-01A-21-A29X-20_RPPA_data.tsv,1,1
TCGA-DU-7298astrocytoma,Simple Nucleotide Variation,Masked Somatic Mutation,3f3eb6a8-692b-44a0-927c-9c1ee8a92249,b7b6530b-e545-4997-b691-28c2df22cf55.wxs.aliquot_ensemble_masked.maf,1,1
TCGA-DU-7298astrocytoma,Transcriptome Profiling,Gene Expression Quantification,1aa0340b-6dfd-4365-8135-a894debc723d,ddf2a134-72f0-4394-99d0-a3448c7e131a.rna_seq.augmented_star_gene_counts.tsv,1,1
TCGA-DU-7298astrocytoma,Transcriptome Profiling,miRNA Expression Quantification,99563fe3-1722-4c80-938a-08d29af581a8,acd98735-1245-44db-8ba5-7680bc033d86.mirbase21.mirnas.quantification.txt,1,1
TCGA-DU-7299astrocytoma,Copy Number Variation,Gene Level Copy Number,"ff044cb2-cfeb-4661-ad9e-e618c266604b,2b33cdc7-f9ad-4c57-aba7-dcd893b6d621,335c383f-96d8-45d9-a337-ca0c04cbf420","TCGA-LGG.ab3e9615-8c7c-479a-87f0-536bb4005b64.absolute_liftover.gene_level_copy_number.v36.tsv,TCGA-LGG.ab3e9615-8c7c-479a-87f0-536bb4005b64.ascat3.gene_level_copy_number.v36.tsv,TCGA-LGG.ab3e9615-8c7c-479a-87f0-536bb4005b64.gene_level_copy_number.v36.tsv",3,3
TCGA-DU-7299astrocytoma,DNA Methylation,Methylation Beta Value,642feb2c-ce03-4445-a5d8-a646794a9516,96d1a400-fc65-465f-af06-4c948a9cd8ef.methylation_array.sesame.level3betas.txt,1,1
TCGA-DU-7299astrocytoma,Simple Nucleotide Variation,Masked Somatic Mutation,1720d329-4d11-4561-bbbd-3fba529eff81,2d9fa977-eb55-49b5-a5df-ada09cc919e9.wxs.aliquot_ensemble_masked.maf,1,1
TCGA-DU-7299astrocytoma,Transcriptome Profiling,Gene Expression Quantification,55323d9f-ddce-41a3-a577-72032c7261e5,b58dd5cc-c359-43c0-b0b6-37aa57271974.rna_seq.augmented_star_gene_counts.tsv,1,1
TCGA-DU-7299astrocytoma,Transcriptome Profiling,miRNA Expression Quantification,8e193415-6641-41b8-8ae6-048606baa209,d9f5d02c-f378-4337-9f6d-2ee8506cfd60.mirbase21.mirnas.quantification.txt,1,1
TCGA-DU-8158astrocytoma,Copy Number Variation,Gene Level Copy Number,"8c32a586-56d5-480c-bd32-7ce61da8fb3c,2d1dd909-3e76-4c7c-85e7-06f60cbb779b,09887596-bade-4933-8d58-52acf939dba9","TCGA-LGG.73b2688d-e703-40bc-ba56-ad1f0a24363c.absolute_liftover.gene_level_copy_number.v36.tsv,TCGA-LGG.73b2688d-e703-40bc-ba56-ad1f0a24363c.ascat3.gene_level_copy_number.v36.tsv,TCGA-LGG.73b2688d-e703-40bc-ba56-ad1f0a24363c.gene_level_copy_number.v36.tsv",3,3
TCGA-DU-8158astrocytoma,DNA Methylation,Methylation Beta Value,e33dae62-b452-49e2-a6a0-78a5709da840,6ecf2b39-427f-456d-835b-49f5e9666941.methylation_array.sesame.level3betas.txt,1,1
TCGA-DU-8158astrocytoma,Proteome Profiling,Protein Expression Quantification,3f80bcae-3691-4fa6-adce-278e870dd9bf,TCGA-DU-8158-01A-21-A29Z-20_RPPA_data.tsv,1,1
TCGA-DU-8158astrocytoma,Simple Nucleotide Variation,Masked Somatic Mutation,c3b56c98-ec4c-4e62-8e3d-b08248f02871,7a6ffb93-78e7-4034-a13e-7f33bd50b60e.wxs.aliquot_ensemble_masked.maf,1,1
TCGA-DU-8158astrocytoma,Transcriptome Profiling,Gene Expression Quantification,5acb5f4b-7569-4c6d-9b05-57f3fe92ef00,b9a7db1a-8501-4311-955d-880b6365ab81.rna_seq.augmented_star_gene_counts.tsv,1,1
TCGA-DU-8158astrocytoma,Transcriptome Profiling,miRNA Expression Quantification,78e34293-776f-4d83-a08d-dfc83bf33aa8,4a02b638-85a1-4a67-b4fe-28f1f83ad35d.mirbase21.mirnas.quantification.txt,1,1
TCGA-DU-A5TPastrocytoma,Copy Number Variation,Gene Level Copy Number,"f4688266-512a-4dcd-8f3f-d93191dd9a32,742bc292-bef9-445a-8435-5ecb9eea32a2,5aa0f7ea-1be9-4dfe-81d5-829868c2cdd4","TCGA-LGG.79422740-b6dc-4649-88a0-1f49a869e812.gene_level_copy_number.v36.tsv,TCGA-LGG.79422740-b6dc-4649-88a0-1f49a869e812.absolute_liftover.gene_level_copy_number.v36.tsv,TCGA-LGG.79422740-b6dc-4649-88a0-1f49a869e812.ascat3.gene_level_copy_number.v36.tsv",3,3
TCGA-DU-A5TPastrocytoma,DNA Methylation,Methylation Beta Value,771fb38f-8c24-42df-aae1-6207a4fd5c28,1be86fbd-eafb-441b-9117-43b6525815e5.methylation_array.sesame.level3betas.txt,1,1
TCGA-DU-A5TPastrocytoma,Proteome Profiling,Protein Expression Quantification,ea4188a9-5ce9-42e5-89d9-976a8ed71858,TCGA-DU-A5TP-01A-21-A29Z-20_RPPA_data.tsv,1,1
TCGA-DU-A5TPastrocytoma,Simple Nucleotide Variation,Masked Somatic Mutation,3316ca8f-d081-4bc6-86dc-d2295711b579,3bc66ffd-3634-486e-9898-284baeed40bf.wxs.aliquot_ensemble_masked.maf,1,1
TCGA-DU-A5TPastrocytoma,Transcriptome Profiling,Gene Expression Quantification,5ac83dd9-263c-4510-a1b2-96a49fe91625,29315ee3-5ff8-4ef5-a4f6-068e4631b10e.rna_seq.augmented_star_gene_counts.tsv,1,1
TCGA-DU-A5TPastrocytoma,Transcriptome Profiling,miRNA Expression Quantification,e56c7c40-a087-487e-b27c-e15ce9cc1c10,d81f66be-1c02-4660-827c-13c79fbf88b4.mirbase21.mirnas.quantification.txt,1,1
TCGA-DU-A5TWastrocytoma,Copy Number Variation,Gene Level Copy Number,"8973e96f-f5eb-483e-800f-cc7aa716bf30,faf60f08-3453-464c-b777-fb3a04deea2a,b722d516-cf7a-4b14-9a91-9eab4fceb904","TCGA-LGG.5fde6dbf-de38-4f45-8a1b-466072d35e61.gene_level_copy_number.v36.tsv,TCGA-LGG.5fde6dbf-de38-4f45-8a1b-466072d35e61.absolute_liftover.gene_level_copy_number.v36.tsv,TCGA-LGG.5fde6dbf-de38-4f45-8a1b-466072d35e61.ascat3.gene_level_copy_number.v36.tsv",3,3
TCGA-DU-A5TWastrocytoma,DNA Methylation,Methylation Beta Value,de7bd422-dbe3-4648-becc-e1fce67a55e7,01333d61-3ce2-45f5-846e-3a82e709684e.methylation_array.sesame.level3betas.txt,1,1
TCGA-DU-A5TWastrocytoma,Proteome Profiling,Protein Expression Quantification,a79ab27e-25bb-4c75-857f-d6d660c73509,TCGA-DU-A5TW-01A-21-A29Z-20_RPPA_data.tsv,1,1
TCGA-DU-A5TWastrocytoma,Simple Nucleotide Variation,Masked Somatic Mutation,bf447f5e-0766-4340-b317-c38a0ff0fba7,63885a4a-8e34-4549-93b8-f6155c5842ba.wxs.aliquot_ensemble_masked.maf,1,1
TCGA-DU-A5TWastrocytoma,Transcriptome Profiling,Gene Expression Quantification,625c7f57-de1e-45ad-959a-2995973761bc,6ddac922-5614-4e0d-b2e4-c063f120f424.rna_seq.augmented_star_gene_counts.tsv,1,1
TCGA-DU-A5TWastrocytoma,Transcriptome Profiling,miRNA Expression Quantification,eec81c3e-022f-43f0-94ea-9a96430199ae,d4e72a40-6ced-4f31-8015-d3945da3b6f1.mirbase21.mirnas.quantification.txt,1,1
TCGA-DU-A5TYastrocytoma,Copy Number Variation,Gene Level Copy Number,"9cf52e76-5aa1-4a7b-bee8-ad1f2493c21a,cef731fa-e933-4e57-a7dc-8ee5e1ffa71b,02a5de4e-319e-4aa4-9df2-57f2f3970dec","TCGA-LGG.be17c1f3-df4b-4a47-b4b3-c923876c4ad2.absolute_liftover.gene_level_copy_number.v36.tsv,TCGA-LGG.be17c1f3-df4b-4a47-b4b3-c923876c4ad2.ascat3.gene_level_copy_number.v36.tsv,TCGA-LGG.be17c1f3-df4b-4a47-b4b3-c923876c4ad2.gene_level_copy_number.v36.tsv",3,3
TCGA-DU-A5TYastrocytoma,DNA Methylation,Methylation Beta Value,15328e3a-c486-4e13-8c75-3ccae0629ccc,4d892f54-0af1-4000-ad8f-5e23bebb5eb0.methylation_array.sesame.level3betas.txt,1,1
TCGA-DU-A5TYastrocytoma,Proteome Profiling,Protein Expression Quantification,8ab4340a-f967-4c30-9e80-10b4afea4bbc,TCGA-DU-A5TY-01A-21-A29Z-20_RPPA_data.tsv,1,1
TCGA-DU-A5TYastrocytoma,Simple Nucleotide Variation,Masked Somatic Mutation,6ddd123a-a35e-480d-876f-6ab428d3310f,44dffb5b-8e37-4930-b4e8-74c9063467b6.wxs.aliquot_ensemble_masked.maf,1,1
TCGA-DU-A5TYastrocytoma,Transcriptome Profiling,Gene Expression Quantification,fed31248-bed3-4c9f-a2cc-afd2860df510,82ebda40-3690-40c7-828a-a6884f0192b6.rna_seq.augmented_star_gene_counts.tsv,1,1
TCGA-DU-A5TYastrocytoma,Transcriptome Profiling,miRNA Expression Quantification,3dce29b5-a88e-4257-9d5f-333f6505091d,127bf905-7cba-4f80-bdc7-a48f00a8aacf.mirbase21.mirnas.quantification.txt,1,1
TCGA-DU-A6S7astrocytoma,Copy Number Variation,Gene Level Copy Number,"56dabad3-eeff-4eef-9dd5-7067f312e73b,77eece7c-19a9-44e2-af72-f146d0718425,0f679102-f96c-4390-9537-14cdfe977782","TCGA-LGG.760ee6cf-03bc-43ca-b0e3-b77a8cf02600.gene_level_copy_number.v36.tsv,TCGA-LGG.760ee6cf-03bc-43ca-b0e3-b77a8cf02600.ascat3.gene_level_copy_number.v36.tsv,TCGA-LGG.760ee6cf-03bc-43ca-b0e3-b77a8cf02600.absolute_liftover.gene_level_copy_number.v36.tsv",3,3
TCGA-DU-A6S7astrocytoma,DNA Methylation,Methylation Beta Value,26596d5a-0d5e-4121-87b1-9b90107fb03f,2b70bbaf-33dc-4859-a4e6-25a9dc2ef9ee.methylation_array.sesame.level3betas.txt,1,1
TCGA-DU-A6S7astrocytoma,Simple Nucleotide Variation,Masked Somatic Mutation,5e203784-230e-4344-8b08-dd8215b16ad1,2527d1f9-d9c6-4b4d-8a15-c0fb7b6fefe6.wxs.aliquot_ensemble_masked.maf,1,1
TCGA-DU-A6S7astrocytoma,Transcriptome Profiling,Gene Expression Quantification,67bec45d-ed1e-41c5-9c61-4d7fb1592450,b90ec08a-e1d4-4ef4-a4a7-c66d4a15c59c.rna_seq.augmented_star_gene_counts.tsv,1,1
TCGA-DU-A6S7astrocytoma,Transcriptome Profiling,miRNA Expression Quantification,ec6704e3-87aa-4a60-a0f0-641c1e14f905,9a1d7dec-14a7-4a15-937c-9e7429a42b61.mirbase21.mirnas.quantification.txt,1,1
TCGA-DU-A7TIastrocytoma,Copy Number Variation,Gene Level Copy Number,"ce5883ef-f3f3-41bf-ae48-566eeaf13be7,01ecab0f-8eec-4c3a-b4f1-2347b0809bcb,23251d4e-ab73-4d2d-808a-50d6f959fa5a","TCGA-LGG.6577a0bd-6036-429a-9a37-4e739ed7e061.absolute_liftover.gene_level_copy_number.v36.tsv,TCGA-LGG.6577a0bd-6036-429a-9a37-4e739ed7e061.gene_level_copy_number.v36.tsv,TCGA-LGG.6577a0bd-6036-429a-9a37-4e739ed7e061.ascat3.gene_level_copy_number.v36.tsv",3,3
TCGA-DU-A7TIastrocytoma,DNA Methylation,Methylation Beta Value,fbc97104-0745-40e2-aa35-1ea94e29670c,7869ac32-60e0-4af2-bb17-1cc24149cabe.methylation_array.sesame.level3betas.txt,1,1
TCGA-DU-A7TIastrocytoma,Proteome Profiling,Protein Expression Quantification,737b6bc4-571b-47c7-bf4e-960a675cd7d4,TCGA-DU-A7TI-01A-21-A44C-20_RPPA_data.tsv,1,1
TCGA-DU-A7TIastrocytoma,Transcriptome Profiling,Gene Expression Quantification,7fe2d652-2dc5-4ac0-87d8-94fe389b8be0,4205fd72-6678-41d6-8059-2db00867a92a.rna_seq.augmented_star_gene_counts.tsv,1,1
TCGA-DU-A7TIastrocytoma,Transcriptome Profiling,miRNA Expression Quantification,08b06651-1734-4fea-bfba-a6bf3e02882e,d0d7571d-f442-42ea-80f5-6bae530dafc5.mirbase21.mirnas.quantification.txt,1,1
TCGA-DU-A7TJastrocytoma,Copy Number Variation,Gene Level Copy Number,"b11717ff-6731-4fcf-be64-6de665536bc5,e3fe5afe-6614-4fab-b2c3-5b48d10c2c6e,c72eedf2-136f-49aa-9132-ba28afb2a97d","TCGA-LGG.b5317b78-5f8e-4c7c-8e22-76a52379dccd.ascat3.gene_level_copy_number.v36.tsv,TCGA-LGG.b5317b78-5f8e-4c7c-8e22-76a52379dccd.gene_level_copy_number.v36.tsv,TCGA-LGG.b5317b78-5f8e-4c7c-8e22-76a52379dccd.absolute_liftover.gene_level_copy_number.v36.tsv",3,3
TCGA-DU-A7TJastrocytoma,DNA Methylation,Methylation Beta Value,21fe2005-6864-4dcf-b8fa-29746a55ad36,37077ce3-a584-47b3-8960-89509ba21db2.methylation_array.sesame.level3betas.txt,1,1
TCGA-DU-A7TJastrocytoma,Proteome Profiling,Protein Expression Quantification,fa51ab5b-3445-4112-be6d-11dd8ea0473c,TCGA-DU-A7TJ-01A-21-A44D-20_RPPA_data.tsv,1,1
TCGA-DU-A7TJastrocytoma,Simple Nucleotide Variation,Masked Somatic Mutation,0f79c65d-7fa6-4ddf-b333-37d75d40ad95,5a8cf65e-4fd7-4aa8-9a9d-a89dcd19c6e3.wxs.aliquot_ensemble_masked.maf,1,1
TCGA-DU-A7TJastrocytoma,Transcriptome Profiling,Gene Expression Quantification,e2508712-3024-4a83-a095-c926d5df7721,0d34d449-0e5e-446f-bb61-d8702b3bd585.rna_seq.augmented_star_gene_counts.tsv,1,1
TCGA-DU-A7TJastrocytoma,Transcriptome Profiling,miRNA Expression Quantification,f4a9d5a0-5a3e-4067-8343-b8c0122bea79,2a03eefd-b533-420a-8b27-7e69b360bcdc.mirbase21.mirnas.quantification.txt,1,1
TCGA-E1-5302astrocytoma,Copy Number Variation,Gene Level Copy Number,"1d1eac73-002a-440e-b042-b0d47dc2677d,b5203602-89f5-454b-885c-ee37faf17e67,66658d0f-ab0c-4a5d-a9d2-ae448ebe12dd","TCGA-LGG.8936ceb9-c205-45cd-8043-ffa14f19d027.gene_level_copy_number.v36.tsv,TCGA-LGG.8936ceb9-c205-45cd-8043-ffa14f19d027.absolute_liftover.gene_level_copy_number.v36.tsv,TCGA-LGG.8936ceb9-c205-45cd-8043-ffa14f19d027.ascat3.gene_level_copy_number.v36.tsv",3,3
TCGA-E1-5302astrocytoma,DNA Methylation,Methylation Beta Value,05a194d0-971a-4a30-b519-dd75353b1d87,499ef1b4-7a63-49fa-bb16-14415584b681.methylation_array.sesame.level3betas.txt,1,1
TCGA-E1-5302astrocytoma,Proteome Profiling,Protein Expression Quantification,710e8673-4fd4-4f5f-bf53-37d19155c595,TCGA-E1-5302-01A-21-A29Y-20_RPPA_data.tsv,1,1
TCGA-E1-5302astrocytoma,Simple Nucleotide Variation,Masked Somatic Mutation,8400eb1d-48f9-40ff-aae6-09e797f48a49,401fdfea-6ee9-4d00-8e20-3b07c41c05eb.wxs.aliquot_ensemble_masked.maf,1,1
TCGA-E1-5302astrocytoma,Transcriptome Profiling,Gene Expression Quantification,157da8a2-76e1-4b4c-8015-97b2240a68a9,c35f59a6-8c50-4435-8310-7f410d4429f3.rna_seq.augmented_star_gene_counts.tsv,1,1
TCGA-E1-5302astrocytoma,Transcriptome Profiling,miRNA Expression Quantification,ea22ec1e-9366-4aa6-a753-94e0656ece5f,831d5552-3af7-46a1-a9b5-bef591c79f01.mirbase21.mirnas.quantification.txt,1,1
TCGA-E1-5303astrocytoma,Copy Number Variation,Gene Level Copy Number,"8443b4ce-ad82-48aa-bf7f-bc67be0ada27,7a677e93-8779-4df5-86d3-f8e66cd56776,872428d1-0ab4-4e72-bfd6-e53f88bc0044","TCGA-LGG.bfa898f9-7b48-49c3-8132-2c854451a469.ascat3.gene_level_copy_number.v36.tsv,TCGA-LGG.bfa898f9-7b48-49c3-8132-2c854451a469.absolute_liftover.gene_level_copy_number.v36.tsv,TCGA-LGG.bfa898f9-7b48-49c3-8132-2c854451a469.gene_level_copy_number.v36.tsv",3,3
TCGA-E1-5303astrocytoma,DNA Methylation,Methylation Beta Value,24cb5e95-5a1a-4ad2-b484-e8c61589544f,60c1a409-e884-4be8-9bbb-a9521d5e718f.methylation_array.sesame.level3betas.txt,1,1
TCGA-E1-5303astrocytoma,Proteome Profiling,Protein Expression Quantification,81c81ed5-8492-47b3-ad88-f3a4cf9ec0eb,TCGA-E1-5303-01A-21-A29Y-20_RPPA_data.tsv,1,1
TCGA-E1-5303astrocytoma,Simple Nucleotide Variation,Masked Somatic Mutation,c3c117a5-1778-44f5-922b-5d8ff7946cf4,70888353-8062-42b2-8c40-6b49ca7b3806.wxs.aliquot_ensemble_masked.maf,1,1
TCGA-E1-5303astrocytoma,Transcriptome Profiling,Gene Expression Quantification,6a636161-3e75-406d-abff-1279948cab86,c1c7238c-e775-485f-9d1b-f0be10a44fa3.rna_seq.augmented_star_gene_counts.tsv,1,1
TCGA-E1-5303astrocytoma,Transcriptome Profiling,miRNA Expression Quantification,255a3d96-21ba-4e01-9dbb-f0c3f085ffe3,3ab51d13-6712-4357-9627-baa4efc0d277.mirbase21.mirnas.quantification.txt,1,1
TCGA-E1-5304astrocytoma,Copy Number Variation,Gene Level Copy Number,"4f7f87b2-871b-4f25-b199-74e051a77f8b,57e6ac9b-88db-463d-833d-25d81aeb0283,7f316b7c-cfdd-4935-8cce-2db9ba04228c","TCGA-LGG.b3e81f86-af7e-4e28-badb-66778138cc58.ascat3.gene_level_copy_number.v36.tsv,TCGA-LGG.b3e81f86-af7e-4e28-badb-66778138cc58.absolute_liftover.gene_level_copy_number.v36.tsv,TCGA-LGG.b3e81f86-af7e-4e28-badb-66778138cc58.gene_level_copy_number.v36.tsv",3,3
TCGA-E1-5304astrocytoma,DNA Methylation,Methylation Beta Value,e8aa6831-24e0-455b-b78e-c842ced0a8cd,62800f98-3e1e-4dd1-ac48-7435f4d36c58.methylation_array.sesame.level3betas.txt,1,1
TCGA-E1-5304astrocytoma,Proteome Profiling,Protein Expression Quantification,9ae3ddbc-e92c-45c6-82e3-e335aa7c77d3,TCGA-E1-5304-01A-21-A29X-20_RPPA_data.tsv,1,1
TCGA-E1-5304astrocytoma,Simple Nucleotide Variation,Masked Somatic Mutation,bfc1dcd1-ef17-4d72-ae6b-289ee164c5c5,21947ce8-a9ab-451a-aa66-4b88747fa285.wxs.aliquot_ensemble_masked.maf,1,1
TCGA-E1-5304astrocytoma,Transcriptome Profiling,Gene Expression Quantification,44626f2e-12ab-445d-bcb8-612d51fae0cf,ed033e99-726e-46b1-ae99-0659ded2f5e1.rna_seq.augmented_star_gene_counts.tsv,1,1
TCGA-E1-5304astrocytoma,Transcriptome Profiling,miRNA Expression Quantification,5fe8d89c-a6df-49c6-a73d-ac5c0e419dd4,ef7a7e9c-4716-4987-af11-0120b58ab300.mirbase21.mirnas.quantification.txt,1,1
TCGA-E1-5305astrocytoma,Copy Number Variation,Gene Level Copy Number,"7db15afd-c3b2-4f70-b543-703a2bf5bb6a,aab3ffa2-d384-48d4-bf02-e621bc5d12c0,2c995038-d92e-428c-a9b3-0673b3d984a7","TCGA-LGG.c687b65a-1434-4639-a2f1-f78127c89d1b.ascat3.gene_level_copy_number.v36.tsv,TCGA-LGG.c687b65a-1434-4639-a2f1-f78127c89d1b.absolute_liftover.gene_level_copy_number.v36.tsv,TCGA-LGG.c687b65a-1434-4639-a2f1-f78127c89d1b.gene_level_copy_number.v36.tsv",3,3
TCGA-E1-5305astrocytoma,DNA Methylation,Methylation Beta Value,f307bd2c-fd91-4b0b-bbb4-dc6daaa60abb,fde169b3-a7c9-444d-92f8-918be0ffbd20.methylation_array.sesame.level3betas.txt,1,1
TCGA-E1-5305astrocytoma,Proteome Profiling,Protein Expression Quantification,ce048874-ecb1-4fff-ac0a-18ffae0368a9,TCGA-E1-5305-01A-21-A29Y-20_RPPA_data.tsv,1,1
TCGA-E1-5305astrocytoma,Simple Nucleotide Variation,Masked Somatic Mutation,55cb3d8c-6f33-49ee-a8ab-8d0e94bd6676,256e3c53-8390-4091-b7e3-5cde83d159b3.wxs.aliquot_ensemble_masked.maf,1,1
TCGA-E1-5305astrocytoma,Transcriptome Profiling,Gene Expression Quantification,aee6c864-2f94-4bca-a816-d85963b67b1b,89f14b9e-9c4c-42a6-a5d4-a319ea174a61.rna_seq.augmented_star_gene_counts.tsv,1,1
TCGA-E1-5305astrocytoma,Transcriptome Profiling,miRNA Expression Quantification,f0075b86-10d6-4464-892b-c051df5aecf0,06ba2201-bdf0-4dd2-bf8b-dd9971301c51.mirbase21.mirnas.quantification.txt,1,1
TCGA-E1-5307astrocytoma,Copy Number Variation,Gene Level Copy Number,"dfd9c75b-ed16-4d8e-bdd4-e9ee8dffdfbf,1c1b586b-e9eb-4123-9920-ee4452030022","TCGA-LGG.7d26e9bb-694e-429d-9a82-33faa81f987c.absolute_liftover.gene_level_copy_number.v36.tsv,TCGA-LGG.7d26e9bb-694e-429d-9a82-33faa81f987c.gene_level_copy_number.v36.tsv",2,2
TCGA-E1-5307astrocytoma,DNA Methylation,Methylation Beta Value,1a09ac3f-a66e-44bf-a740-982fff580324,6549137c-0253-4c9e-adc9-ac252be0a624.methylation_array.sesame.level3betas.txt,1,1
TCGA-E1-5307astrocytoma,Proteome Profiling,Protein Expression Quantification,f7a03603-9d03-4090-b437-d4d3d068022b,TCGA-E1-5307-01A-21-A29Z-20_RPPA_data.tsv,1,1
TCGA-E1-5307astrocytoma,Simple Nucleotide Variation,Masked Somatic Mutation,eb5de8a0-f2cd-41ac-9c5f-594a2d7bcb0f,64517a79-f926-4a0e-a3b4-7a06ad5a9fd8.wxs.aliquot_ensemble_masked.maf,1,1
TCGA-E1-5307astrocytoma,Transcriptome Profiling,Gene Expression Quantification,ba48abc9-c26f-4251-8811-0accc26cc251,df26e441-52f8-4fee-bbac-0a140fd71cd1.rna_seq.augmented_star_gene_counts.tsv,1,1
TCGA-E1-5307astrocytoma,Transcriptome Profiling,miRNA Expression Quantification,98930298-ebfd-4d86-8803-7ffa62672029,e6c98926-85c4-4ca5-abc2-02eed5637a04.mirbase21.mirnas.quantification.txt,1,1
TCGA-E1-A7YDastrocytoma,Copy Number Variation,Gene Level Copy Number,"fe6c88ad-2cbb-4c47-bbaf-c99b7ed25422,0cd21f8e-cdd8-49c9-ad30-665cb69a8814,2a6522f9-59b7-4ebc-9e61-2975b0022ab7","TCGA-LGG.6b494b95-ae67-42dc-8755-f851b6b866c5.gene_level_copy_number.v36.tsv,TCGA-LGG.6b494b95-ae67-42dc-8755-f851b6b866c5.absolute_liftover.gene_level_copy_number.v36.tsv,TCGA-LGG.6b494b95-ae67-42dc-8755-f851b6b866c5.ascat3.gene_level_copy_number.v36.tsv",3,3
TCGA-E1-A7YDastrocytoma,DNA Methylation,Methylation Beta Value,8c091379-e8e1-4dad-9790-50b680c5e454,bec86598-9fcd-410e-80dc-0c6790e0242e.methylation_array.sesame.level3betas.txt,1,1
TCGA-E1-A7YDastrocytoma,Simple Nucleotide Variation,Masked Somatic Mutation,32708ab1-d0d7-437a-a7aa-3b93b5d4237b,7e4aaefb-253b-4d39-b25d-9714d9608e00.wxs.aliquot_ensemble_masked.maf,1,1
TCGA-E1-A7YDastrocytoma,Transcriptome Profiling,Gene Expression Quantification,9682e769-c86f-4250-819b-f9c0b267f292,1dfd1af6-e5a7-4292-b81f-4a06d67ec185.rna_seq.augmented_star_gene_counts.tsv,1,1
TCGA-E1-A7YDastrocytoma,Transcriptome Profiling,miRNA Expression Quantification,65179e53-2cfc-4fa9-b16c-465d879e6812,0d8d4c0e-4be1-4676-87a1-2198b2e5efe7.mirbase21.mirnas.quantification.txt,1,1
TCGA-E1-A7YEastrocytoma,Copy Number Variation,Gene Level Copy Number,"80defccb-9e21-4552-ab1d-5c79f210e5b7,9c7fb79e-e9f5-4481-ad87-a879d144d29e,fe1a85b8-c9e2-4ec8-9aac-ece196ee7aa4","TCGA-LGG.f17a8083-01b6-4fac-a71f-f8cb81c9c917.absolute_liftover.gene_level_copy_number.v36.tsv,TCGA-LGG.f17a8083-01b6-4fac-a71f-f8cb81c9c917.gene_level_copy_number.v36.tsv,TCGA-LGG.f17a8083-01b6-4fac-a71f-f8cb81c9c917.ascat3.gene_level_copy_number.v36.tsv",3,3
TCGA-E1-A7YEastrocytoma,DNA Methylation,Methylation Beta Value,1a763b60-4586-4ea0-b6e3-17876670bba2,af5416d9-9ac5-4fce-83fe-8175d759f033.methylation_array.sesame.level3betas.txt,1,1
TCGA-E1-A7YEastrocytoma,Simple Nucleotide Variation,Masked Somatic Mutation,86fbc558-1da8-40a4-b2b0-0de3642fa7e9,3f25a9ee-bb51-45fb-8182-31f6cad4e1e0.wxs.aliquot_ensemble_masked.maf,1,1
TCGA-E1-A7YEastrocytoma,Transcriptome Profiling,Gene Expression Quantification,5cc420bf-ffe7-4f28-8395-4fc01df8efe9,8c23799f-7e71-407f-8628-3f9014527f64.rna_seq.augmented_star_gene_counts.tsv,1,1
TCGA-E1-A7YEastrocytoma,Transcriptome Profiling,miRNA Expression Quantification,24434488-f132-4550-a0a2-1961c7f3ca97,f85a0aca-a8d6-4455-a2f7-ae37a337fda9.mirbase21.mirnas.quantification.txt,1,1
TCGA-E1-A7YHastrocytoma,Copy Number Variation,Gene Level Copy Number,"f6952b98-d52d-4cfa-bede-b945ec41f912,7025e9e2-fe15-474b-9bc4-690bd218f21d,fefdb051-b28f-485e-bb43-37bab692b196","TCGA-LGG.07c7a610-a810-46f3-beb7-6e4e8e09fe6b.absolute_liftover.gene_level_copy_number.v36.tsv,TCGA-LGG.07c7a610-a810-46f3-beb7-6e4e8e09fe6b.gene_level_copy_number.v36.tsv,TCGA-LGG.07c7a610-a810-46f3-beb7-6e4e8e09fe6b.ascat3.gene_level_copy_number.v36.tsv",3,3
TCGA-E1-A7YHastrocytoma,DNA Methylation,Methylation Beta Value,0398ef40-2fcd-4445-bad8-b516dece8cf4,aa779765-4e43-4b65-a681-235c20649ef3.methylation_array.sesame.level3betas.txt,1,1
TCGA-E1-A7YHastrocytoma,Proteome Profiling,Protein Expression Quantification,e348473e-67c9-4cfc-b1fe-185a1ac39723,TCGA-E1-A7YH-01A-21-A44D-20_RPPA_data.tsv,1,1
TCGA-E1-A7YHastrocytoma,Simple Nucleotide Variation,Masked Somatic Mutation,726178a2-e8de-4545-a28a-2b0585e989f1,3e6af687-fad0-4ba9-9420-5333f3b14055.wxs.aliquot_ensemble_masked.maf,1,1
TCGA-E1-A7YHastrocytoma,Transcriptome Profiling,Gene Expression Quantification,6d9588ee-b1ab-4343-aa5a-f25676c3682c,612c5ce3-ded1-434a-a2b6-d45e587e7fb3.rna_seq.augmented_star_gene_counts.tsv,1,1
TCGA-E1-A7YHastrocytoma,Transcriptome Profiling,miRNA Expression Quantification,0036265d-3599-457a-9a29-dc7cd6aeacd9,30804de0-79e1-4e0b-8697-ae02e4e2bb70.mirbase21.mirnas.quantification.txt,1,1
TCGA-E1-A7YIastrocytoma,Copy Number Variation,Gene Level Copy Number,"28a04d0f-9e56-4d8f-92eb-8ce0fef52bf9,05c8fe4e-5259-4faa-8f41-b0b260cfee56,a3475c03-8a94-4d09-a5c8-75bf4dab328d,6b26449f-2b5e-4dfd-a600-f20e040cc66f","TCGA-LGG.42f674fe-72f8-4dd0-bb04-f01c45de0817.gene_level_copy_number.v36.tsv,f9ddd3e3-1318-4205-9b94-a2765b745c8f.wgs.ASCAT.gene_level.copy_number_variation.tsv,TCGA-LGG.42f674fe-72f8-4dd0-bb04-f01c45de0817.absolute_liftover.gene_level_copy_number.v36.tsv,TCGA-LGG.42f674fe-72f8-4dd0-bb04-f01c45de0817.ascat3.gene_level_copy_number.v36.tsv",4,4
TCGA-E1-A7YIastrocytoma,DNA Methylation,Methylation Beta Value,d007f61b-ffc2-4903-a5e2-1b95a272fbea,ad9b5068-0f7a-4a49-adb1-e3fb51b7f757.methylation_array.sesame.level3betas.txt,1,1
TCGA-E1-A7YIastrocytoma,Proteome Profiling,Protein Expression Quantification,3ef22424-b667-462c-ab8f-7e65a597446d,TCGA-E1-A7YI-01A-21-A44C-20_RPPA_data.tsv,1,1
TCGA-E1-A7YIastrocytoma,Simple Nucleotide Variation,Masked Somatic Mutation,221bd73f-9ffb-4612-a072-1e3ec39b3b06,1755b50b-c524-4cec-bfb5-a2ac311ebffc.wxs.aliquot_ensemble_masked.maf,1,1
TCGA-E1-A7YIastrocytoma,Transcriptome Profiling,Gene Expression Quantification,68d60af3-d62d-4f70-a1de-43511f11d880,e10da294-464e-412e-b53d-6273ed2481d9.rna_seq.augmented_star_gene_counts.tsv,1,1
TCGA-E1-A7YIastrocytoma,Transcriptome Profiling,miRNA Expression Quantification,beec6fa0-f2fd-4d92-9455-25f46433860b,de190290-6e24-4346-98ab-0834425ad0b8.mirbase21.mirnas.quantification.txt,1,1
TCGA-E1-A7YJastrocytoma,Copy Number Variation,Gene Level Copy Number,"9b275f22-d4db-4ebc-8cbe-8449bc384e0b,1efffaa9-1109-4c12-ad58-1629788bd1d0,4033c54c-d275-46ea-af7b-46750a9831d0","TCGA-LGG.bf8f9bdc-6a18-44bd-838b-05cbdf8db488.gene_level_copy_number.v36.tsv,TCGA-LGG.bf8f9bdc-6a18-44bd-838b-05cbdf8db488.absolute_liftover.gene_level_copy_number.v36.tsv,TCGA-LGG.bf8f9bdc-6a18-44bd-838b-05cbdf8db488.ascat3.gene_level_copy_number.v36.tsv",3,3
TCGA-E1-A7YJastrocytoma,DNA Methylation,Methylation Beta Value,5d68e50c-a5c1-43b0-9b51-828433119bbc,b5120314-669d-4846-97aa-e9911f15b345.methylation_array.sesame.level3betas.txt,1,1
TCGA-E1-A7YJastrocytoma,Proteome Profiling,Protein Expression Quantification,2c237a0e-58bf-4385-950e-3ef13b426a3e,TCGA-E1-A7YJ-01A-21-A44D-20_RPPA_data.tsv,1,1
TCGA-E1-A7YJastrocytoma,Simple Nucleotide Variation,Masked Somatic Mutation,1e2cfbe4-15e8-4729-acae-a016f3372b4e,7517a402-2ec4-41b2-b340-de22a06170e6.wxs.aliquot_ensemble_masked.maf,1,1
TCGA-E1-A7YJastrocytoma,Transcriptome Profiling,Gene Expression Quantification,dbfd78dc-8e25-4cab-ac20-fcd0e5fcf421,c8f856a8-8497-4248-aef1-f56b916113b9.rna_seq.augmented_star_gene_counts.tsv,1,1
TCGA-E1-A7YJastrocytoma,Transcriptome Profiling,miRNA Expression Quantification,57557f52-b8d8-44d8-8f95-c0fc54db0bd9,93024ba6-a52b-461f-9614-1017de499727.mirbase21.mirnas.quantification.txt,1,1
TCGA-E1-A7YKastrocytoma,Copy Number Variation,Gene Level Copy Number,"89a1714d-727b-4e62-aad4-5715f4845628,64c80039-2d1b-4134-b95d-25eef9a73c19,387b3c3d-833b-44b3-b376-9fd6814aa6cc","TCGA-LGG.f04c8ea1-9cf9-4480-a248-da95d5559737.absolute_liftover.gene_level_copy_number.v36.tsv,TCGA-LGG.f04c8ea1-9cf9-4480-a248-da95d5559737.gene_level_copy_number.v36.tsv,TCGA-LGG.f04c8ea1-9cf9-4480-a248-da95d5559737.ascat3.gene_level_copy_number.v36.tsv",3,3
TCGA-E1-A7YKastrocytoma,DNA Methylation,Methylation Beta Value,53558d7b-391d-4e4d-8b12-d5abce6fd5d7,8c208aa6-7c8b-4795-81e9-857e4bcb32f0.methylation_array.sesame.level3betas.txt,1,1
TCGA-E1-A7YKastrocytoma,Simple Nucleotide Variation,Masked Somatic Mutation,288f1cff-d548-4962-93d4-b16e6f038a1f,89f88ee9-af28-4467-ab2d-0dd3048ec56e.wxs.aliquot_ensemble_masked.maf,1,1
TCGA-E1-A7YKastrocytoma,Transcriptome Profiling,Gene Expression Quantification,1a3c2108-067b-4bd4-b3e9-e0a938e5e706,4a367f57-4ec4-42d1-9923-df07ab9b61ee.rna_seq.augmented_star_gene_counts.tsv,1,1
TCGA-E1-A7YKastrocytoma,Transcriptome Profiling,miRNA Expression Quantification,9eb09b8e-64c4-42b9-a7f2-4a8cf3b4b6a1,f1525277-89c2-47b6-b63f-68aed036c994.mirbase21.mirnas.quantification.txt,1,1
TCGA-E1-A7YLastrocytoma,Copy Number Variation,Gene Level Copy Number,"83252cf0-cbe2-4377-9efc-af0778d4695f,964ca01e-b0f3-4642-a940-c525918ff5ba,49423205-d89a-43f3-9681-f1e9bbeee040","TCGA-LGG.c84edf9f-dc6b-4e44-9f5b-5d060ae14393.gene_level_copy_number.v36.tsv,TCGA-LGG.c84edf9f-dc6b-4e44-9f5b-5d060ae14393.absolute_liftover.gene_level_copy_number.v36.tsv,TCGA-LGG.c84edf9f-dc6b-4e44-9f5b-5d060ae14393.ascat3.gene_level_copy_number.v36.tsv",3,3
TCGA-E1-A7YLastrocytoma,DNA Methylation,Methylation Beta Value,27ae00a8-25eb-4f36-802b-b99e7fbad49e,575b8189-663c-48c4-89a2-d790ece901ec.methylation_array.sesame.level3betas.txt,1,1
TCGA-E1-A7YLastrocytoma,Proteome Profiling,Protein Expression Quantification,c5e55c86-01c8-4147-830f-8f0dca1de302,TCGA-E1-A7YL-01A-21-A44D-20_RPPA_data.tsv,1,1
TCGA-E1-A7YLastrocytoma,Simple Nucleotide Variation,Masked Somatic Mutation,a3387fd2-47e7-4c2d-881c-1d15af85e53a,b864ef2c-5d59-45e8-b12f-f978da61af47.wxs.aliquot_ensemble_masked.maf,1,1
TCGA-E1-A7YLastrocytoma,Transcriptome Profiling,Gene Expression Quantification,0c50e19e-8d93-4925-989b-0cf4b189cb05,0406d0f2-5c89-4aac-9ade-4c001eeaaaf6.rna_seq.augmented_star_gene_counts.tsv,1,1
TCGA-E1-A7YLastrocytoma,Transcriptome Profiling,miRNA Expression Quantification,887b33d0-3558-4e5c-b41f-3e6d8609f971,2fbec696-ea95-47b0-9344-1eb5d2e9521c.mirbase21.mirnas.quantification.txt,1,1
TCGA-E1-A7YMastrocytoma,Copy Number Variation,Gene Level Copy Number,"c8fbdeea-647d-4b73-836a-d32a402f171b,97a05658-62cc-4098-8d23-cebfd883ced8,e21296dc-cab4-45e2-875d-f861f4ad7bc8","TCGA-LGG.b0957649-e958-498b-ac47-9aa2ca6a99b4.ascat3.gene_level_copy_number.v36.tsv,TCGA-LGG.b0957649-e958-498b-ac47-9aa2ca6a99b4.absolute_liftover.gene_level_copy_number.v36.tsv,TCGA-LGG.b0957649-e958-498b-ac47-9aa2ca6a99b4.gene_level_copy_number.v36.tsv",3,3
TCGA-E1-A7YMastrocytoma,DNA Methylation,Methylation Beta Value,23c92956-0761-414e-9844-8cb5267601de,1919f99a-fe40-49db-a974-dc5c5df80e21.methylation_array.sesame.level3betas.txt,1,1
TCGA-E1-A7YMastrocytoma,Proteome Profiling,Protein Expression Quantification,0b7eb8a9-74a7-4aae-be8e-c137cdf15895,TCGA-E1-A7YM-01A-21-A44D-20_RPPA_data.tsv,1,1
TCGA-E1-A7YMastrocytoma,Simple Nucleotide Variation,Masked Somatic Mutation,93db98ff-357e-4ad0-bcc5-f9a33df2a983,2e669f78-b750-4315-b56f-be746bd8e5e1.wxs.aliquot_ensemble_masked.maf,1,1
TCGA-E1-A7YMastrocytoma,Transcriptome Profiling,Gene Expression Quantification,7a3b74df-2726-42c3-8c9e-1f90bc2fd952,2aaf4bf0-fe95-458f-8042-ce8bc98e5089.rna_seq.augmented_star_gene_counts.tsv,1,1
TCGA-E1-A7YMastrocytoma,Transcriptome Profiling,miRNA Expression Quantification,0b4c4a65-ca75-4f70-9f7a-3c537acaa8dd,20ae99ed-81b2-4d28-9418-36c96e3155b2.mirbase21.mirnas.quantification.txt,1,1
TCGA-E1-A7YNastrocytoma,Copy Number Variation,Gene Level Copy Number,"b33bbb7c-421b-4003-9644-aa25537aa63d,84d8013e-c776-4834-a163-fecd4d657ac8,ad2e0bdf-cf3c-4a44-bc3b-088a702eb799","TCGA-LGG.3ab30af8-7aea-4127-8bd3-6cca2ba6fae5.gene_level_copy_number.v36.tsv,TCGA-LGG.3ab30af8-7aea-4127-8bd3-6cca2ba6fae5.ascat3.gene_level_copy_number.v36.tsv,TCGA-LGG.3ab30af8-7aea-4127-8bd3-6cca2ba6fae5.absolute_liftover.gene_level_copy_number.v36.tsv",3,3
TCGA-E1-A7YNastrocytoma,DNA Methylation,Methylation Beta Value,11eb1353-c97d-4c1e-a212-0c2dee7e4997,1e679525-3837-4a90-aa59-226485ca0fca.methylation_array.sesame.level3betas.txt,1,1
TCGA-E1-A7YNastrocytoma,Proteome Profiling,Protein Expression Quantification,fe3aaa1e-742d-49f7-98b9-1473276733ce,TCGA-E1-A7YN-01A-21-A44C-20_RPPA_data.tsv,1,1
TCGA-E1-A7YNastrocytoma,Simple Nucleotide Variation,Masked Somatic Mutation,19a604b6-c3ce-445d-bb9f-b1f9be0b6d23,4a8b8ea6-8397-49bd-b07e-fa4cc6ebc13a.wxs.aliquot_ensemble_masked.maf,1,1
TCGA-E1-A7YNastrocytoma,Transcriptome Profiling,Gene Expression Quantification,4840ded1-30a1-4bdf-b4d6-ea1d5f81aa11,6223286d-4204-4198-a6bc-de689978c7da.rna_seq.augmented_star_gene_counts.tsv,1,1
TCGA-E1-A7YNastrocytoma,Transcriptome Profiling,miRNA Expression Quantification,2d49a87e-591f-4e44-8cc0-84ba403a31a5,1190d2cf-0bf0-4361-b48c-cd5bd19bed92.mirbase21.mirnas.quantification.txt,1,1
TCGA-FG-5963astrocytoma,Copy Number Variation,Gene Level Copy Number,"f396b3b1-0790-4843-b391-af5e9a1af4bb,2e3feb40-9467-4b5b-91a1-e0b84f9ef25c,8825ef8a-a14d-44d1-89f0-54690bd6563b,310a376d-2a2e-47aa-aac5-209216ceecf1,6b298aac-bae0-43ea-9d19-b2663ceda337","TCGA-LGG.c6242282-65a4-4b6d-8521-b2a44a399afe.absolute_liftover.gene_level_copy_number.v36.tsv,TCGA-LGG.9d6bf5f9-e72a-48da-a8c5-9268309275ae.absolute_liftover.gene_level_copy_number.v36.tsv,TCGA-LGG.9d6bf5f9-e72a-48da-a8c5-9268309275ae.ascat3.gene_level_copy_number.v36.tsv,TCGA-LGG.9d6bf5f9-e72a-48da-a8c5-9268309275ae.gene_level_copy_number.v36.tsv,TCGA-LGG.c6242282-65a4-4b6d-8521-b2a44a399afe.gene_level_copy_number.v36.tsv",5,5
TCGA-FG-5963astrocytoma,DNA Methylation,Methylation Beta Value,"30c32e1b-0e62-495a-aaf3-8c874c0fb84c,196a671f-9b6e-4168-9f49-623eae0dd611","e696038d-8f02-4666-9d27-708ff350679c.methylation_array.sesame.level3betas.txt,f572354a-f9ae-4393-bc0a-8026dc6e091f.methylation_array.sesame.level3betas.txt",2,2
TCGA-FG-5963astrocytoma,Proteome Profiling,Protein Expression Quantification,"ec8254c1-fb30-4851-ad4b-ad11d7beb893,18552ad9-4e97-400a-a8b5-6bd449029107","TCGA-FG-5963-02A-21-A300-20_RPPA_data.tsv,TCGA-FG-5963-01A-21-A300-20_RPPA_data.tsv",2,2
TCGA-FG-5963astrocytoma,Simple Nucleotide Variation,Masked Somatic Mutation,"02dd1a9e-452a-489e-8b90-6d8ec74214a1,11cf5465-ebf2-45ef-af7c-dc5a1eee0aae","9008fd55-bfa0-4e40-b1d0-35f0f1715246.wxs.aliquot_ensemble_masked.maf,528e3242-f4e4-411a-9906-9962c937b1a9.wxs.aliquot_ensemble_masked.maf",2,2
TCGA-FG-5963astrocytoma,Transcriptome Profiling,Gene Expression Quantification,"aada521d-26d3-4372-9ed5-0d316c892428,e008859c-a883-4c78-b680-112ff04b5f95","008e5b39-aa42-45e9-98bf-6a180cde10bc.rna_seq.augmented_star_gene_counts.tsv,9c6f4387-bf55-49f6-839a-0d67a9af7085.rna_seq.augmented_star_gene_counts.tsv",2,2
TCGA-FG-5963astrocytoma,Transcriptome Profiling,miRNA Expression Quantification,"0ff087de-f593-4cb0-8517-afa1d70ed480,582e082f-2eab-4393-9bb2-1ba42fe11743","2d01b160-f063-462d-a7d5-af08765d3cb7.mirbase21.mirnas.quantification.txt,8c14cdea-b3c2-4102-8dfa-b08b7a53f3bd.mirbase21.mirnas.quantification.txt",2,2
TCGA-FG-6688astrocytoma,Copy Number Variation,Gene Level Copy Number,"16b041ec-647e-4bc8-a8a5-dccefde93f7a,3c8f9160-3ede-4e56-b9df-5eb77d8b3a93,665864be-4752-4c66-af3a-2dfbc69c2506","TCGA-LGG.b334225d-e040-4355-b842-d0d08eb501b0.absolute_liftover.gene_level_copy_number.v36.tsv,TCGA-LGG.b334225d-e040-4355-b842-d0d08eb501b0.gene_level_copy_number.v36.tsv,TCGA-LGG.b334225d-e040-4355-b842-d0d08eb501b0.ascat3.gene_level_copy_number.v36.tsv",3,3
TCGA-FG-6688astrocytoma,DNA Methylation,Methylation Beta Value,46f75d7b-0890-4cbc-b263-80bec3f25794,5435b168-2dad-4fea-8a03-0385241c72b7.methylation_array.sesame.level3betas.txt,1,1
TCGA-FG-6688astrocytoma,Proteome Profiling,Protein Expression Quantification,d2cc0544-5e7a-4691-88f7-35faed83ae13,TCGA-FG-6688-01A-21-A29X-20_RPPA_data.tsv,1,1
TCGA-FG-6688astrocytoma,Simple Nucleotide Variation,Masked Somatic Mutation,8da8fe68-c817-4b4e-b0cb-7ab25518ea62,137c178b-26df-4cad-a6ca-496f951773e1.wxs.aliquot_ensemble_masked.maf,1,1
TCGA-FG-6688astrocytoma,Transcriptome Profiling,Gene Expression Quantification,f3f687a3-9619-4ab9-a5d1-35f31422b472,672ecb8d-85fb-43ab-8db8-811f35393aa8.rna_seq.augmented_star_gene_counts.tsv,1,1
TCGA-FG-6688astrocytoma,Transcriptome Profiling,miRNA Expression Quantification,d67ca606-8730-436c-a411-5e4957fac58c,f2240f8a-c8e0-410a-bab6-6e96513669e2.mirbase21.mirnas.quantification.txt,1,1
TCGA-FG-7636astrocytoma,Copy Number Variation,Gene Level Copy Number,"964f9b0a-ed0b-47b1-9fbd-752a37d3cf49,221b8104-146c-4954-a886-c279593ded55,038a38fc-ee43-48f3-8a5b-55fb548db654","TCGA-LGG.f23bc256-a1ce-407e-96cb-c236cd442fb3.ascat3.gene_level_copy_number.v36.tsv,TCGA-LGG.f23bc256-a1ce-407e-96cb-c236cd442fb3.absolute_liftover.gene_level_copy_number.v36.tsv,TCGA-LGG.f23bc256-a1ce-407e-96cb-c236cd442fb3.gene_level_copy_number.v36.tsv",3,3
TCGA-FG-7636astrocytoma,DNA Methylation,Methylation Beta Value,73efc766-f937-4bd7-b01b-b6ddbf0253a2,3475ceb6-dc04-4135-97e5-4b71ffa7fbf0.methylation_array.sesame.level3betas.txt,1,1
TCGA-FG-7636astrocytoma,Proteome Profiling,Protein Expression Quantification,e179746f-90ec-4ca8-b45f-93a74044a98e,TCGA-FG-7636-01A-21-A29X-20_RPPA_data.tsv,1,1
TCGA-FG-7636astrocytoma,Simple Nucleotide Variation,Masked Somatic Mutation,b4f8becf-7d2f-4dc9-bf35-7e28e5754b55,4b49ebf2-3fcf-41d9-b590-374b18b4865f.wxs.aliquot_ensemble_masked.maf,1,1
TCGA-FG-7636astrocytoma,Transcriptome Profiling,Gene Expression Quantification,c8f47778-9fbe-4d10-9e0a-ad0f9191a1a4,1fc94fdd-fe68-483d-9c1b-b7d8d2959a4a.rna_seq.augmented_star_gene_counts.tsv,1,1
TCGA-FG-7636astrocytoma,Transcriptome Profiling,miRNA Expression Quantification,2f282d2d-5e5c-471d-95e2-e1fcd6ca18e0,db8f5eec-0bbd-406c-8466-284e326f954d.mirbase21.mirnas.quantification.txt,1,1
TCGA-FG-8185astrocytoma,Copy Number Variation,Gene Level Copy Number,"435b70df-29af-4e55-8ce2-8e2e86af8abc,4f041a1d-e600-4b62-876f-e10d6fd928db,cb4e5b3a-9a70-4de4-8dad-b91368723ac4","TCGA-LGG.8589a535-5f81-4ced-8060-e1f497c04c04.ascat3.gene_level_copy_number.v36.tsv,TCGA-LGG.8589a535-5f81-4ced-8060-e1f497c04c04.absolute_liftover.gene_level_copy_number.v36.tsv,TCGA-LGG.8589a535-5f81-4ced-8060-e1f497c04c04.gene_level_copy_number.v36.tsv",3,3
TCGA-FG-8185astrocytoma,DNA Methylation,Methylation Beta Value,4d20a532-ca0d-4626-8ff4-060e6c691868,2d8038f4-7578-4ccc-b429-3e95003b2f91.methylation_array.sesame.level3betas.txt,1,1
TCGA-FG-8185astrocytoma,Proteome Profiling,Protein Expression Quantification,54ae9b91-bf21-48c1-8d0d-93551c41dbf1,TCGA-FG-8185-01A-21-A29X-20_RPPA_data.tsv,1,1
TCGA-FG-8185astrocytoma,Simple Nucleotide Variation,Masked Somatic Mutation,fe4dc705-f0b6-4d68-b95e-139beb7703fb,4e6000ed-7561-4f3b-bda2-4563fb4acfb0.wxs.aliquot_ensemble_masked.maf,1,1
TCGA-FG-8185astrocytoma,Transcriptome Profiling,Gene Expression Quantification,16012786-0fe7-4c37-8329-385f167af195,c43d1b47-a76c-40d3-90ce-6e34f1756ce8.rna_seq.augmented_star_gene_counts.tsv,1,1
TCGA-FG-8185astrocytoma,Transcriptome Profiling,miRNA Expression Quantification,a703cd81-9064-461d-bc53-7aa621154ac4,56ce5beb-ee5c-4be8-af27-9f4b911c1735.mirbase21.mirnas.quantification.txt,1,1
TCGA-FG-A6J3astrocytoma,Copy Number Variation,Gene Level Copy Number,"579e7fe0-4083-4a18-bda3-26e48c985fa4,31f9ca11-9652-4b44-b62f-4dd64d2e30c1,16afd3d2-f4ae-4c03-b687-b256e0337ef3","TCGA-LGG.988c479a-5bf5-4797-a4b3-2340bdb81065.gene_level_copy_number.v36.tsv,TCGA-LGG.988c479a-5bf5-4797-a4b3-2340bdb81065.ascat3.gene_level_copy_number.v36.tsv,TCGA-LGG.988c479a-5bf5-4797-a4b3-2340bdb81065.absolute_liftover.gene_level_copy_number.v36.tsv",3,3
TCGA-FG-A6J3astrocytoma,DNA Methylation,Methylation Beta Value,ee334867-5fdc-4a8a-9856-61395c62b1c3,95f47779-b2bf-443c-ba43-85430068fbb4.methylation_array.sesame.level3betas.txt,1,1
TCGA-FG-A6J3astrocytoma,Proteome Profiling,Protein Expression Quantification,63ee64f7-9e5b-4b16-a7c6-f319c5f8d544,TCGA-FG-A6J3-01A-21-A44D-20_RPPA_data.tsv,1,1
TCGA-FG-A6J3astrocytoma,Simple Nucleotide Variation,Masked Somatic Mutation,a55d53ef-c14a-4d5c-a047-88bee1c995bd,8752685f-ed80-4684-8174-858747f4ac1c.wxs.aliquot_ensemble_masked.maf,1,1
TCGA-FG-A6J3astrocytoma,Transcriptome Profiling,Gene Expression Quantification,01adc305-77a7-4bda-8744-e2440d8b141b,f20e5b5d-c132-46dd-906f-c46c5c2e6a34.rna_seq.augmented_star_gene_counts.tsv,1,1
TCGA-FG-A6J3astrocytoma,Transcriptome Profiling,miRNA Expression Quantification,e30a0dc0-5494-40be-a8e2-a020f59a02fd,3e3be05e-5043-4061-9c0c-f563d3564bad.mirbase21.mirnas.quantification.txt,1,1
TCGA-FG-A87Nastrocytoma,Copy Number Variation,Gene Level Copy Number,"561951c6-01a8-4b20-bf81-3ea98f927888,d98d2e98-e64a-4359-b075-81268d76ec62,e101c6a3-5fa6-42f6-84d6-2f71e3bd4092","TCGA-LGG.94ce85b7-3e0f-4cdb-8807-1372656b84cc.gene_level_copy_number.v36.tsv,TCGA-LGG.94ce85b7-3e0f-4cdb-8807-1372656b84cc.ascat3.gene_level_copy_number.v36.tsv,TCGA-LGG.94ce85b7-3e0f-4cdb-8807-1372656b84cc.absolute_liftover.gene_level_copy_number.v36.tsv",3,3
TCGA-FG-A87Nastrocytoma,DNA Methylation,Methylation Beta Value,cec63977-0e6b-4472-96e0-ebf3bd766603,f53f1f32-fc90-47b5-afaf-a743fae079ba.methylation_array.sesame.level3betas.txt,1,1
TCGA-FG-A87Nastrocytoma,Proteome Profiling,Protein Expression Quantification,ff49b0a2-0c09-4607-8164-6781e8cebe4b,TCGA-FG-A87N-01A-21-A44C-20_RPPA_data.tsv,1,1
TCGA-FG-A87Nastrocytoma,Simple Nucleotide Variation,Masked Somatic Mutation,c0d3f3a9-3bc5-4d64-a260-57e182570649,391c588d-6e95-4663-b021-01e40f5d56da.wxs.aliquot_ensemble_masked.maf,1,1
TCGA-FG-A87Nastrocytoma,Transcriptome Profiling,Gene Expression Quantification,68cc3bd0-7207-4526-8cda-1c5af53c5426,8c50f402-e95c-446f-8618-160da3606aa3.rna_seq.augmented_star_gene_counts.tsv,1,1
TCGA-FG-A87Nastrocytoma,Transcriptome Profiling,miRNA Expression Quantification,3b1eff14-6577-4922-8070-8f2eddca0e6a,6ac57835-b2bb-4ba0-bf73-9cc6ec23b46a.mirbase21.mirnas.quantification.txt,1,1
TCGA-FG-A87Qastrocytoma,Copy Number Variation,Gene Level Copy Number,"b16489c5-7080-4a57-b173-943e85e57eb6,1d5f8621-2c05-4ee2-a106-ea5b00439901,4374ff5b-27b8-42fd-ba0a-6bbbd3b01f4b","TCGA-LGG.7540b5fb-951a-4e95-8175-ce4284456a67.absolute_liftover.gene_level_copy_number.v36.tsv,TCGA-LGG.7540b5fb-951a-4e95-8175-ce4284456a67.ascat3.gene_level_copy_number.v36.tsv,TCGA-LGG.7540b5fb-951a-4e95-8175-ce4284456a67.gene_level_copy_number.v36.tsv",3,3
TCGA-FG-A87Qastrocytoma,DNA Methylation,Methylation Beta Value,22dd5495-28c0-4b2b-9361-2cb8b3d2aaf4,c62fbf19-cafc-4697-8d8d-a598dd6bde1c.methylation_array.sesame.level3betas.txt,1,1
TCGA-FG-A87Qastrocytoma,Proteome Profiling,Protein Expression Quantification,e6f1d155-82ba-41d8-a756-c29348c9deaf,TCGA-FG-A87Q-01A-21-A44C-20_RPPA_data.tsv,1,1
TCGA-FG-A87Qastrocytoma,Simple Nucleotide Variation,Masked Somatic Mutation,b894486c-64b1-46ab-8d4b-8f7cb01090ec,bc1013e5-df72-4cf4-aa14-a18a99496d9f.wxs.aliquot_ensemble_masked.maf,1,1
TCGA-FG-A87Qastrocytoma,Transcriptome Profiling,Gene Expression Quantification,942ca390-cffc-4d62-afaf-1be68b203edf,cdb59636-566c-4e0b-8f0d-2d204d8dbf9d.rna_seq.augmented_star_gene_counts.tsv,1,1
TCGA-FG-A87Qastrocytoma,Transcriptome Profiling,miRNA Expression Quantification,722ee0be-fd79-485e-899d-a7d5573d1d82,8a46acdc-73b9-4f4c-9d7b-402a8a4b47da.mirbase21.mirnas.quantification.txt,1,1
TCGA-HT-7477astrocytoma,Copy Number Variation,Gene Level Copy Number,"6c7739bc-a4f5-4452-aa89-19edba91c8b7,1b625650-ad07-4fa7-b3f6-c22c0412ad0b,e7ec93a6-e2ce-4e39-9e19-26391d63700f","TCGA-LGG.f7961b47-d971-4100-8212-64d812a6276b.ascat3.gene_level_copy_number.v36.tsv,TCGA-LGG.f7961b47-d971-4100-8212-64d812a6276b.gene_level_copy_number.v36.tsv,TCGA-LGG.f7961b47-d971-4100-8212-64d812a6276b.absolute_liftover.gene_level_copy_number.v36.tsv",3,3
TCGA-HT-7477astrocytoma,DNA Methylation,Methylation Beta Value,6e4e40b5-fc14-45af-b2e6-ba1e442c365d,ff93a0f6-ffcb-46c2-99a9-e6cb7e44c635.methylation_array.sesame.level3betas.txt,1,1
TCGA-HT-7477astrocytoma,Proteome Profiling,Protein Expression Quantification,1958cd4c-263d-4a5e-ad69-8bae23a0edc7,TCGA-HT-7477-01B-21-A29Z-20_RPPA_data.tsv,1,1
TCGA-HT-7477astrocytoma,Simple Nucleotide Variation,Masked Somatic Mutation,f746ae80-fd31-4887-8314-73202ca95ae8,0f33a073-6e54-41e4-8dec-6ab0deaf4be2.wxs.aliquot_ensemble_masked.maf,1,1
TCGA-HT-7477astrocytoma,Transcriptome Profiling,Gene Expression Quantification,fa5c7886-733f-4846-8a9e-2755675b2beb,7e41568b-b0f0-4d04-9715-074aa1493d54.rna_seq.augmented_star_gene_counts.tsv,1,1
TCGA-HT-7477astrocytoma,Transcriptome Profiling,miRNA Expression Quantification,5106cf78-22a8-4bb6-9970-bac6b8750424,7f78f3ac-3086-41c2-92dd-84c0f7eae34d.mirbase21.mirnas.quantification.txt,1,1
TCGA-HT-7479astrocytoma,Copy Number Variation,Gene Level Copy Number,"e61521da-f2a4-4f5d-b401-d4845c23c678,6514ee0e-1acb-43d5-8647-6347fa8bc9f1,dd1a9804-602e-45ba-a9fb-3932ec41526a","TCGA-LGG.3f01281a-1189-47a4-bfef-26dd32c664bf.ascat3.gene_level_copy_number.v36.tsv,TCGA-LGG.3f01281a-1189-47a4-bfef-26dd32c664bf.absolute_liftover.gene_level_copy_number.v36.tsv,TCGA-LGG.3f01281a-1189-47a4-bfef-26dd32c664bf.gene_level_copy_number.v36.tsv",3,3
TCGA-HT-7479astrocytoma,DNA Methylation,Methylation Beta Value,9ae2c010-15d4-46d4-b3ba-a89e6dcb8b98,97577eda-2ab4-4b4b-87a9-6bff608c8715.methylation_array.sesame.level3betas.txt,1,1
TCGA-HT-7479astrocytoma,Proteome Profiling,Protein Expression Quantification,a1bf9f4c-2e83-4cad-a5d9-8294325a8880,TCGA-HT-7479-01A-21-A29Y-20_RPPA_data.tsv,1,1
TCGA-HT-7479astrocytoma,Simple Nucleotide Variation,Masked Somatic Mutation,669acb42-c79c-41e8-825c-52cf9301e717,2553a2d6-ae40-4652-8c8b-7c74e355b20b.wxs.aliquot_ensemble_masked.maf,1,1
TCGA-HT-7479astrocytoma,Transcriptome Profiling,Gene Expression Quantification,50ac9c1a-dafe-47da-b7fb-24f475e59167,fa6cbac9-99c4-409c-95e5-67e5cd379e14.rna_seq.augmented_star_gene_counts.tsv,1,1
TCGA-HT-7479astrocytoma,Transcriptome Profiling,miRNA Expression Quantification,6c264696-c2fc-4e0c-8b17-8a2fbb1a2de9,0119150c-be1c-4369-8da9-d02c0612e26b.mirbase21.mirnas.quantification.txt,1,1
TCGA-HT-7601astrocytoma,Copy Number Variation,Gene Level Copy Number,"c01b1131-5338-4576-b8d1-fdbf068e40c4,c9d89357-2251-4529-9b1b-c05ab9f80243,b6cb3878-ae1f-4171-8162-1d8d6dacab8f","TCGA-LGG.730199ce-29fa-4cd9-9149-4a3c3077e19e.ascat3.gene_level_copy_number.v36.tsv,TCGA-LGG.730199ce-29fa-4cd9-9149-4a3c3077e19e.absolute_liftover.gene_level_copy_number.v36.tsv,TCGA-LGG.730199ce-29fa-4cd9-9149-4a3c3077e19e.gene_level_copy_number.v36.tsv",3,3
TCGA-HT-7601astrocytoma,DNA Methylation,Methylation Beta Value,e6dd298e-a774-4074-bb3a-3b54e6564e18,cb6fd761-e48e-4f04-a716-ad3f3efdd389.methylation_array.sesame.level3betas.txt,1,1
TCGA-HT-7601astrocytoma,Proteome Profiling,Protein Expression Quantification,bd7dfbae-27ef-4075-a10b-d537436deee6,TCGA-HT-7601-01A-21-A29Y-20_RPPA_data.tsv,1,1
TCGA-HT-7601astrocytoma,Simple Nucleotide Variation,Masked Somatic Mutation,a87faa0a-3f43-48e0-868d-ed7b8610630a,a36d79bb-7156-4448-b725-5fdd2011860f.wxs.aliquot_ensemble_masked.maf,1,1
TCGA-HT-7601astrocytoma,Transcriptome Profiling,Gene Expression Quantification,155b732b-3603-4035-94d4-57a81a23a0d1,af61697d-5228-4f84-9d20-b76c9a2b05e8.rna_seq.augmented_star_gene_counts.tsv,1,1
TCGA-HT-7601astrocytoma,Transcriptome Profiling,miRNA Expression Quantification,ff6a1910-75f0-4363-a9b2-b13425cb83f4,c76eefec-dc3c-4672-b086-8fa1291c33ef.mirbase21.mirnas.quantification.txt,1,1
TCGA-HT-7686astrocytoma,Copy Number Variation,Gene Level Copy Number,"1d0276f2-0e58-4b2c-99d3-f1fbd1043f49,d17bd126-eabc-478b-bca2-bde6f4f8c956,8be58d9a-9701-4976-a37f-6d2c032bd240","TCGA-LGG.3225d412-9a77-4ce1-9c46-798bd2ccf043.absolute_liftover.gene_level_copy_number.v36.tsv,TCGA-LGG.3225d412-9a77-4ce1-9c46-798bd2ccf043.gene_level_copy_number.v36.tsv,TCGA-LGG.3225d412-9a77-4ce1-9c46-798bd2ccf043.ascat3.gene_level_copy_number.v36.tsv",3,3
TCGA-HT-7686astrocytoma,DNA Methylation,Methylation Beta Value,e2167008-4009-4000-b9fb-baab44fcfc17,1d67b51b-7910-4130-bc1a-7365d34f400a.methylation_array.sesame.level3betas.txt,1,1
TCGA-HT-7686astrocytoma,Proteome Profiling,Protein Expression Quantification,205a0ffe-f53d-420d-a8b6-5d0787986f14,TCGA-HT-7686-01A-21-A29X-20_RPPA_data.tsv,1,1
TCGA-HT-7686astrocytoma,Simple Nucleotide Variation,Masked Somatic Mutation,9ac16218-d69d-4f8a-939f-85386619de96,59bbeba1-2d66-4742-955d-b497acfb29e7.wxs.aliquot_ensemble_masked.maf,1,1
TCGA-HT-7686astrocytoma,Transcriptome Profiling,Gene Expression Quantification,42d79bcd-223d-47b8-a4bf-8440533452c1,8df0b8f0-7531-4a00-9802-d6a07d234c58.rna_seq.augmented_star_gene_counts.tsv,1,1
TCGA-HT-7686astrocytoma,Transcriptome Profiling,miRNA Expression Quantification,a10fe365-5e60-445f-8249-8d6b9a176f17,7d2a1b92-74a7-4863-8801-40e698302956.mirbase21.mirnas.quantification.txt,1,1
TCGA-HT-7855astrocytoma,Copy Number Variation,Gene Level Copy Number,"98dedaee-de70-4e9d-9f45-dec777f4bcd7,ead89c18-2cb5-4d47-8196-1ed84b442535,69945763-28f4-4799-beb3-e18a716d312a","TCGA-LGG.7074ca9d-078d-4572-8f9a-a6aafe10d884.absolute_liftover.gene_level_copy_number.v36.tsv,TCGA-LGG.7074ca9d-078d-4572-8f9a-a6aafe10d884.ascat3.gene_level_copy_number.v36.tsv,TCGA-LGG.7074ca9d-078d-4572-8f9a-a6aafe10d884.gene_level_copy_number.v36.tsv",3,3
TCGA-HT-7855astrocytoma,DNA Methylation,Methylation Beta Value,6413f678-a8fe-499d-8deb-b5e0d2eb1be3,e0400a65-b975-4052-8d21-bf362910554b.methylation_array.sesame.level3betas.txt,1,1
TCGA-HT-7855astrocytoma,Proteome Profiling,Protein Expression Quantification,1aff6bac-ed3b-42f2-99f8-b72c1b4ea8c1,TCGA-HT-7855-01A-21-A29Y-20_RPPA_data.tsv,1,1
TCGA-HT-7855astrocytoma,Simple Nucleotide Variation,Masked Somatic Mutation,c2dd9252-2ef3-4865-87db-834956525dd1,ca842222-0b43-40f1-b9a3-73960eaa8e8f.wxs.aliquot_ensemble_masked.maf,1,1
TCGA-HT-7855astrocytoma,Transcriptome Profiling,Gene Expression Quantification,71107c3c-f403-42a0-9f61-d580e661c1fd,02c1546d-dfd4-4b92-8240-64c72ef3cdac.rna_seq.augmented_star_gene_counts.tsv,1,1
TCGA-HT-7855astrocytoma,Transcriptome Profiling,miRNA Expression Quantification,405f2371-483f-40e0-9891-58049f75cd25,3708359d-7f2c-4cb6-b353-0e8f0b39f472.mirbase21.mirnas.quantification.txt,1,1
TCGA-HT-7857astrocytoma,Copy Number Variation,Gene Level Copy Number,"a3989ce6-f5cf-444e-b31f-eda1a6941200,19e5a3c7-df87-40bf-b897-537c1ae2c357,d39daa37-bc0d-493c-8563-96cffc56380c","TCGA-LGG.dc57320d-24da-46e5-ab9c-1b0b1d719dec.ascat3.gene_level_copy_number.v36.tsv,TCGA-LGG.dc57320d-24da-46e5-ab9c-1b0b1d719dec.gene_level_copy_number.v36.tsv,TCGA-LGG.dc57320d-24da-46e5-ab9c-1b0b1d719dec.absolute_liftover.gene_level_copy_number.v36.tsv",3,3
TCGA-HT-7857astrocytoma,DNA Methylation,Methylation Beta Value,8894bacf-ddc2-4569-aa6e-b4024690fbb9,d3540ab1-4992-4a79-8463-5c6df26e36e3.methylation_array.sesame.level3betas.txt,1,1
TCGA-HT-7857astrocytoma,Proteome Profiling,Protein Expression Quantification,311e41c3-017f-4f30-a858-abd99547c1d2,TCGA-HT-7857-01A-21-A29Y-20_RPPA_data.tsv,1,1
TCGA-HT-7857astrocytoma,Simple Nucleotide Variation,Masked Somatic Mutation,a8974a39-237b-4b62-ad0f-a8138e0283d9,0e4883bc-359b-48db-950e-460c38d2eaa1.wxs.aliquot_ensemble_masked.maf,1,1
TCGA-HT-7857astrocytoma,Transcriptome Profiling,Gene Expression Quantification,53e35c02-1a71-4de2-9ceb-f8c3b3c3a15a,32fc6356-7b8e-4c0a-9143-0337d552d1ab.rna_seq.augmented_star_gene_counts.tsv,1,1
TCGA-HT-7857astrocytoma,Transcriptome Profiling,miRNA Expression Quantification,06ac8ed9-e3c8-4098-be90-9be106a5ba4b,476d054b-85f8-4d07-ba43-b8b023811260.mirbase21.mirnas.quantification.txt,1,1
TCGA-HT-7860astrocytoma,Copy Number Variation,Gene Level Copy Number,"cbfe658b-9965-41d8-98e2-3fd155dfd2ba,a6c5df8f-20a9-4fe4-9cae-59ebb86f887d,dfa80b14-350b-4381-b1d4-f1c9d9c21de4","TCGA-LGG.61d411e6-a7d9-4bab-9cfc-3c76cb203ef9.gene_level_copy_number.v36.tsv,TCGA-LGG.61d411e6-a7d9-4bab-9cfc-3c76cb203ef9.ascat3.gene_level_copy_number.v36.tsv,TCGA-LGG.61d411e6-a7d9-4bab-9cfc-3c76cb203ef9.absolute_liftover.gene_level_copy_number.v36.tsv",3,3
TCGA-HT-7860astrocytoma,DNA Methylation,Methylation Beta Value,b5707f81-b8fe-4bdb-a746-5b820e1e7855,796040e1-5e40-4b8d-9d47-13c9de2ef795.methylation_array.sesame.level3betas.txt,1,1
TCGA-HT-7860astrocytoma,Proteome Profiling,Protein Expression Quantification,b3a00f58-12da-4a1e-a2e3-44ac8dae85e9,TCGA-HT-7860-01A-21-A29Y-20_RPPA_data.tsv,1,1
TCGA-HT-7860astrocytoma,Simple Nucleotide Variation,Masked Somatic Mutation,beb94c5d-96e6-47bf-87ed-aad450f2cb81,d1a0e24a-4f2c-4060-b7c3-7e19ba4ae226.wxs.aliquot_ensemble_masked.maf,1,1
TCGA-HT-7860astrocytoma,Transcriptome Profiling,Gene Expression Quantification,77b1c8d4-c019-4bf0-9c34-b3abc0878fcc,caa32dcc-c440-4381-ab54-59f96dc8b44d.rna_seq.augmented_star_gene_counts.tsv,1,1
TCGA-HT-7860astrocytoma,Transcriptome Profiling,miRNA Expression Quantification,48d09586-43a2-4295-a03d-eaa438551c87,4800c554-84f0-4c61-81c2-7db41811c1ea.mirbase21.mirnas.quantification.txt,1,1
TCGA-HT-8011astrocytoma,Copy Number Variation,Gene Level Copy Number,"a11bd814-7ed6-43f6-9cd1-03db7f741b2b,d7d2fa42-5a74-4719-981a-ae19f67e5c71,f667b369-386e-4f65-8d0a-8ff2666bc319","TCGA-LGG.97978538-ffd9-4fe3-afd1-6f286196b97f.ascat3.gene_level_copy_number.v36.tsv,TCGA-LGG.97978538-ffd9-4fe3-afd1-6f286196b97f.absolute_liftover.gene_level_copy_number.v36.tsv,TCGA-LGG.97978538-ffd9-4fe3-afd1-6f286196b97f.gene_level_copy_number.v36.tsv",3,3
TCGA-HT-8011astrocytoma,DNA Methylation,Methylation Beta Value,fff0d654-5125-4604-9b71-7d92bd209a9f,b57e739e-fcdf-4f46-9fd0-eb4aa586f08f.methylation_array.sesame.level3betas.txt,1,1
TCGA-HT-8011astrocytoma,Proteome Profiling,Protein Expression Quantification,0acb166a-3b7c-4db7-97e4-1d6baf21d399,TCGA-HT-8011-01A-21-A29X-20_RPPA_data.tsv,1,1
TCGA-HT-8011astrocytoma,Simple Nucleotide Variation,Masked Somatic Mutation,0b508127-5964-4397-8fde-4867375afe0d,42ddddf8-e4cd-4982-b9a1-212c14eab072.wxs.aliquot_ensemble_masked.maf,1,1
TCGA-HT-8011astrocytoma,Transcriptome Profiling,Gene Expression Quantification,eff6b9f4-a65f-4d09-8197-13d774cae5c4,2af60112-ee15-4114-a813-a540cd9f38b5.rna_seq.augmented_star_gene_counts.tsv,1,1
TCGA-HT-8011astrocytoma,Transcriptome Profiling,miRNA Expression Quantification,66955bc8-c6a9-47c7-9ffc-4f8a94f7a5f6,e073607d-1d7c-40fc-9b31-eb457535a544.mirbase21.mirnas.quantification.txt,1,1
TCGA-HT-8104astrocytoma,Copy Number Variation,Gene Level Copy Number,"8eed8f08-c6c7-4367-bcbd-edce86668559,8d81e9db-f960-4d19-a2f8-c17382136085,8a537a61-c0ed-48f2-9c41-b1e23ae29c0f","TCGA-LGG.9d9b736e-7bdc-42ec-993b-6e0ffba45da2.absolute_liftover.gene_level_copy_number.v36.tsv,TCGA-LGG.9d9b736e-7bdc-42ec-993b-6e0ffba45da2.ascat3.gene_level_copy_number.v36.tsv,TCGA-LGG.9d9b736e-7bdc-42ec-993b-6e0ffba45da2.gene_level_copy_number.v36.tsv",3,3
TCGA-HT-8104astrocytoma,DNA Methylation,Methylation Beta Value,33da7269-8a63-4415-9721-06a8f9222acf,f35792f0-2500-4f79-9fd2-33c5976e580c.methylation_array.sesame.level3betas.txt,1,1
TCGA-HT-8104astrocytoma,Proteome Profiling,Protein Expression Quantification,74b1cd36-981b-4d0d-ba69-5c61352428a7,TCGA-HT-8104-01A-21-A29Z-20_RPPA_data.tsv,1,1
TCGA-HT-8104astrocytoma,Simple Nucleotide Variation,Masked Somatic Mutation,d77e8faf-299f-434e-a33a-f97bd03a6a43,9685b752-b24e-4394-9816-73165cd6a6b0.wxs.aliquot_ensemble_masked.maf,1,1
TCGA-HT-8104astrocytoma,Transcriptome Profiling,Gene Expression Quantification,1a3ff7f1-f063-4651-89ac-4745c8de0f63,cefdd341-317f-47dd-811e-21f744fd66e9.rna_seq.augmented_star_gene_counts.tsv,1,1
TCGA-HT-8104astrocytoma,Transcriptome Profiling,miRNA Expression Quantification,697a6ada-548c-44b4-a90a-dc67a778d5a8,5e985dc7-77ea-4dd0-afa6-dae65814acd4.mirbase21.mirnas.quantification.txt,1,1
TCGA-HT-8106astrocytoma,Copy Number Variation,Gene Level Copy Number,"636e7d84-c0ec-46ab-8d73-687ea5f7f0c8,b6d8bf2d-66fd-49fe-a43d-3e40c1e06e65,cb3164ff-77fd-45e7-bb4f-ddb48e6fe596","TCGA-LGG.ede4d29a-ad7a-4ab2-9940-01a32ced82c2.gene_level_copy_number.v36.tsv,TCGA-LGG.ede4d29a-ad7a-4ab2-9940-01a32ced82c2.absolute_liftover.gene_level_copy_number.v36.tsv,TCGA-LGG.ede4d29a-ad7a-4ab2-9940-01a32ced82c2.ascat3.gene_level_copy_number.v36.tsv",3,3
TCGA-HT-8106astrocytoma,DNA Methylation,Methylation Beta Value,cc7b07d6-eb62-4a69-b040-3ca10ddc8ddb,d904ad99-eec5-4170-ae22-fd340a82171a.methylation_array.sesame.level3betas.txt,1,1
TCGA-HT-8106astrocytoma,Proteome Profiling,Protein Expression Quantification,d1d163fe-a41c-48df-b1ed-4958d2bf6018,TCGA-HT-8106-01A-21-A29Z-20_RPPA_data.tsv,1,1
TCGA-HT-8106astrocytoma,Simple Nucleotide Variation,Masked Somatic Mutation,cb2dba5a-cbac-49e3-83be-7282b961028a,dc772d21-4730-413d-8bbc-2a2df5e094d0.wxs.aliquot_ensemble_masked.maf,1,1
TCGA-HT-8106astrocytoma,Transcriptome Profiling,Gene Expression Quantification,dad64609-983e-4201-b16c-1ed9b77864cb,859597b6-4fe8-44b1-a023-6978b7aea037.rna_seq.augmented_star_gene_counts.tsv,1,1
TCGA-HT-8106astrocytoma,Transcriptome Profiling,miRNA Expression Quantification,98cd5224-2d67-487b-b903-78e507fce02b,1149a0c3-0151-4d4c-a313-58aea498f4d4.mirbase21.mirnas.quantification.txt,1,1
TCGA-HT-8110astrocytoma,Copy Number Variation,Gene Level Copy Number,"b7cd8db7-2692-4d2f-9022-00dda04da574,01c908d2-0ac0-40fa-aff9-6069312fae4e,9371fad5-a747-4fad-a4bd-001ad2208411","TCGA-LGG.a2a04b55-9cff-4abf-8f7b-6a4e743d2e21.absolute_liftover.gene_level_copy_number.v36.tsv,TCGA-LGG.a2a04b55-9cff-4abf-8f7b-6a4e743d2e21.gene_level_copy_number.v36.tsv,TCGA-LGG.a2a04b55-9cff-4abf-8f7b-6a4e743d2e21.ascat3.gene_level_copy_number.v36.tsv",3,3
TCGA-HT-8110astrocytoma,DNA Methylation,Methylation Beta Value,90fb27d3-8e05-4e82-a80d-11c5e3f59340,cb1b0af3-06f9-4eb9-ad13-8e2aee13a7ca.methylation_array.sesame.level3betas.txt,1,1
TCGA-HT-8110astrocytoma,Proteome Profiling,Protein Expression Quantification,3a33121f-bf7d-4db2-a19c-9372f55202a8,TCGA-HT-8110-01A-21-A29Z-20_RPPA_data.tsv,1,1
TCGA-HT-8110astrocytoma,Simple Nucleotide Variation,Masked Somatic Mutation,46390eb7-4e8e-45c0-bae9-902de2d3b89f,bd1c971d-88ee-464b-88b9-3e82f30ed901.wxs.aliquot_ensemble_masked.maf,1,1
TCGA-HT-8110astrocytoma,Transcriptome Profiling,Gene Expression Quantification,32ad2003-1d66-4464-9efd-29b1b4063154,f76dbb11-d12e-4d89-b74b-042db70198f8.rna_seq.augmented_star_gene_counts.tsv,1,1
TCGA-HT-8110astrocytoma,Transcriptome Profiling,miRNA Expression Quantification,2a57b951-b9a0-4e8f-8e16-4e1b6e2923b2,d7dd5ae5-dfec-4e04-8b98-bfc9166847a8.mirbase21.mirnas.quantification.txt,1,1
TCGA-HT-8563astrocytoma,Copy Number Variation,Gene Level Copy Number,"32863c67-8bef-4365-8d70-43ffb2fbee23,ab8c9025-40ac-4f6c-a7f0-dcd854d8d663,06658fc4-a23f-4749-8b84-bd66c4df8a2f","TCGA-LGG.851f8c91-5a12-48d0-816f-b2ffc749666f.gene_level_copy_number.v36.tsv,TCGA-LGG.851f8c91-5a12-48d0-816f-b2ffc749666f.absolute_liftover.gene_level_copy_number.v36.tsv,TCGA-LGG.851f8c91-5a12-48d0-816f-b2ffc749666f.ascat3.gene_level_copy_number.v36.tsv",3,3
TCGA-HT-8563astrocytoma,DNA Methylation,Methylation Beta Value,6fe62732-5e44-4219-aa02-fa98d4723551,7addf293-1482-497e-8ff8-8264b6eda9d0.methylation_array.sesame.level3betas.txt,1,1
TCGA-HT-8563astrocytoma,Simple Nucleotide Variation,Masked Somatic Mutation,ae1ff65b-b44c-4155-8be5-601dbcfa112b,99f77101-a39f-4c98-85c7-2239cf6152c2.wxs.aliquot_ensemble_masked.maf,1,1
TCGA-HT-8563astrocytoma,Transcriptome Profiling,Gene Expression Quantification,42363eec-ca19-444b-9f45-de3d0fd9e848,255c03a0-f4ce-4822-b3a1-b1b4da17cc2e.rna_seq.augmented_star_gene_counts.tsv,1,1
TCGA-HT-8563astrocytoma,Transcriptome Profiling,miRNA Expression Quantification,8f48ba3f-eee9-4f6c-b0ae-fba48b2caf88,6519d387-d399-41b2-a1d5-7f1b05bd437b.mirbase21.mirnas.quantification.txt,1,1
TCGA-HT-8564astrocytoma,Copy Number Variation,Gene Level Copy Number,"da2d6aa3-293a-477f-8ae2-31decf761061,13635d02-70f4-4d5a-a89a-6034e1bd215d,174d4b3b-8834-43e8-8df7-0a4193466b72","TCGA-LGG.9fd726e2-abe2-49ce-8fc4-f878c0220971.gene_level_copy_number.v36.tsv,TCGA-LGG.9fd726e2-abe2-49ce-8fc4-f878c0220971.ascat3.gene_level_copy_number.v36.tsv,TCGA-LGG.9fd726e2-abe2-49ce-8fc4-f878c0220971.absolute_liftover.gene_level_copy_number.v36.tsv",3,3
TCGA-HT-8564astrocytoma,DNA Methylation,Methylation Beta Value,463fc9e6-88f4-4bc7-909c-334a9d3ee16f,4b6d89ba-34fe-4493-9dd3-0a1edc8b0dca.methylation_array.sesame.level3betas.txt,1,1
TCGA-HT-8564astrocytoma,Proteome Profiling,Protein Expression Quantification,69f55ca0-0ee8-413d-9fd3-f6064e6e9ed7,TCGA-HT-8564-01A-21-A29X-20_RPPA_data.tsv,1,1
TCGA-HT-8564astrocytoma,Simple Nucleotide Variation,Masked Somatic Mutation,e662a3dc-22ba-4cc4-be73-112e8784043b,e829c36b-d168-4730-8822-679334a809a2.wxs.aliquot_ensemble_masked.maf,1,1
TCGA-HT-8564astrocytoma,Transcriptome Profiling,Gene Expression Quantification,620833e1-3bc7-4ff1-a191-0f6f3e821d33,8de5db06-e1a0-4d8c-a863-99de4db37ed3.rna_seq.augmented_star_gene_counts.tsv,1,1
TCGA-HT-8564astrocytoma,Transcriptome Profiling,miRNA Expression Quantification,861baef9-7cc9-41e9-a553-27957cfdb288,40a7f752-49ff-410d-afa8-44e7f456caf3.mirbase21.mirnas.quantification.txt,1,1
TCGA-HT-A4DSastrocytoma,Copy Number Variation,Gene Level Copy Number,"686d16ff-cca3-43bb-9fce-5cb8d979522e,04b06779-bdb4-46b5-8723-9256d08b56e1,94da3e52-36e4-4042-a424-db99af006edb","TCGA-LGG.668e4178-c124-44fd-9879-b1817b313fad.gene_level_copy_number.v36.tsv,TCGA-LGG.668e4178-c124-44fd-9879-b1817b313fad.ascat3.gene_level_copy_number.v36.tsv,TCGA-LGG.668e4178-c124-44fd-9879-b1817b313fad.absolute_liftover.gene_level_copy_number.v36.tsv",3,3
TCGA-HT-A4DSastrocytoma,DNA Methylation,Methylation Beta Value,100ae858-4a6f-49ca-b64b-259c7e56b8cc,d0d178b5-f1e9-4b4c-a100-e80a6d945dbd.methylation_array.sesame.level3betas.txt,1,1
TCGA-HT-A4DSastrocytoma,Simple Nucleotide Variation,Masked Somatic Mutation,eb6d92fc-c38a-4627-91ce-41cc8147563e,10a5ef1f-6f2e-41f5-9d97-1b755b038b7f.wxs.aliquot_ensemble_masked.maf,1,1
TCGA-HT-A4DSastrocytoma,Transcriptome Profiling,Gene Expression Quantification,cf3a81af-317b-4454-9b7d-b3795a87bdca,585eac3a-a787-4cd8-b0b4-26e5b22db223.rna_seq.augmented_star_gene_counts.tsv,1,1
TCGA-HT-A4DSastrocytoma,Transcriptome Profiling,miRNA Expression Quantification,4da2a7b3-064b-4166-b86c-431f1dbe474d,45a28fef-9c76-4bc3-b500-462a09a45d77.mirbase21.mirnas.quantification.txt,1,1
TCGA-HT-A5R7astrocytoma,Copy Number Variation,Gene Level Copy Number,"fa758063-ada9-4f1f-8be4-87116a70397a,52a46b72-3b5a-427b-b846-2cd56db25041,7d39ac22-c45a-4dcc-9017-dc0567d4c1dc","TCGA-LGG.16595244-75db-458e-9e66-b49083522159.gene_level_copy_number.v36.tsv,TCGA-LGG.16595244-75db-458e-9e66-b49083522159.ascat3.gene_level_copy_number.v36.tsv,TCGA-LGG.16595244-75db-458e-9e66-b49083522159.absolute_liftover.gene_level_copy_number.v36.tsv",3,3
TCGA-HT-A5R7astrocytoma,DNA Methylation,Methylation Beta Value,49927bad-eabe-4945-b7c2-a72227817cc9,8a79c1f8-3043-42d0-b86d-02c9a26e0318.methylation_array.sesame.level3betas.txt,1,1
TCGA-HT-A5R7astrocytoma,Proteome Profiling,Protein Expression Quantification,5bbe69ae-ae6d-4fbd-aaa7-ff08d8838fc3,TCGA-HT-A5R7-01A-21-A29Z-20_RPPA_data.tsv,1,1
TCGA-HT-A5R7astrocytoma,Simple Nucleotide Variation,Masked Somatic Mutation,870311e5-2a04-4f2b-b525-4621b2273abc,42e2a921-f7d1-4cfb-91e6-5e708d004929.wxs.aliquot_ensemble_masked.maf,1,1
TCGA-HT-A5R7astrocytoma,Transcriptome Profiling,Gene Expression Quantification,645b99ff-42c5-4499-a2a6-a67b9bbf3811,bb30dbdb-f1af-4fa1-87eb-9eaf5cff45b0.rna_seq.augmented_star_gene_counts.tsv,1,1
TCGA-HT-A5R7astrocytoma,Transcriptome Profiling,miRNA Expression Quantification,bcafa6ef-7097-4d2d-b828-704573e49a55,c3031062-20ee-43b5-ae54-75fed279e0e4.mirbase21.mirnas.quantification.txt,1,1
TCGA-HT-A5RAastrocytoma,Copy Number Variation,Gene Level Copy Number,"6646fa27-4b2c-4396-85be-d127a087eb2c,bf38e1d1-6136-43f2-91de-e8ce89b998d3,439c7886-3671-4114-8b80-cffb0f1e6738","TCGA-LGG.b20d1a96-d227-4ec4-9090-25cf9ceb42e7.ascat3.gene_level_copy_number.v36.tsv,TCGA-LGG.b20d1a96-d227-4ec4-9090-25cf9ceb42e7.absolute_liftover.gene_level_copy_number.v36.tsv,TCGA-LGG.b20d1a96-d227-4ec4-9090-25cf9ceb42e7.gene_level_copy_number.v36.tsv",3,3
TCGA-HT-A5RAastrocytoma,DNA Methylation,Methylation Beta Value,3065476c-a72c-4fa2-bd17-f1bda76270ae,dd37bb2e-1228-4bd7-a966-30a8c1cf7c2f.methylation_array.sesame.level3betas.txt,1,1
TCGA-HT-A5RAastrocytoma,Simple Nucleotide Variation,Masked Somatic Mutation,5f22d1f1-9595-4b3a-93b0-a18e79fa4105,542a5af8-1127-4e20-aea6-971e225ad873.wxs.aliquot_ensemble_masked.maf,1,1
TCGA-HT-A5RAastrocytoma,Transcriptome Profiling,Gene Expression Quantification,4887f226-5521-49bd-a627-0974885daf7c,0d79e12b-74ae-4f1a-b90e-42d022988178.rna_seq.augmented_star_gene_counts.tsv,1,1
TCGA-HT-A5RAastrocytoma,Transcriptome Profiling,miRNA Expression Quantification,64558f46-afec-4e8a-af5d-136b2c959261,2de61b73-726d-4ee2-8f58-ea9ccb1c96f0.mirbase21.mirnas.quantification.txt,1,1
TCGA-HT-A5RCastrocytoma,Copy Number Variation,Gene Level Copy Number,"a1e0cce2-e0bc-499a-bf98-7ae28e0bfc79,66e71831-d717-4043-8ee8-b624e1ae5855,a51ac7aa-ded8-4a0a-984f-d48177cd92f8","TCGA-LGG.cbbcbfef-ab9e-45d2-95c3-8c7ce5a2708c.gene_level_copy_number.v36.tsv,TCGA-LGG.cbbcbfef-ab9e-45d2-95c3-8c7ce5a2708c.absolute_liftover.gene_level_copy_number.v36.tsv,TCGA-LGG.cbbcbfef-ab9e-45d2-95c3-8c7ce5a2708c.ascat3.gene_level_copy_number.v36.tsv",3,3
TCGA-HT-A5RCastrocytoma,DNA Methylation,Methylation Beta Value,9a70d1f3-fe60-4e49-9471-143184d3ce01,c47dfc4c-cf7e-46d1-8475-5da6107992db.methylation_array.sesame.level3betas.txt,1,1
TCGA-HT-A5RCastrocytoma,Simple Nucleotide Variation,Masked Somatic Mutation,6653b3d0-014e-44b8-861e-2ec81bcf5856,34a85d6d-7a06-489a-bfaf-290214ca4255.wxs.aliquot_ensemble_masked.maf,1,1
TCGA-HT-A5RCastrocytoma,Transcriptome Profiling,Gene Expression Quantification,5aa563d5-135f-413f-a4c8-2431e8f8cfa1,d3d2ec30-27e8-4482-bab9-c13c67411bc1.rna_seq.augmented_star_gene_counts.tsv,1,1
TCGA-HT-A5RCastrocytoma,Transcriptome Profiling,miRNA Expression Quantification,4d9a3ddd-09ac-4e15-9858-2b5ac989dc17,b24ad4a5-f2f2-41dd-b4d8-37d7922e6a85.mirbase21.mirnas.quantification.txt,1,1
TCGA-HT-A618astrocytoma,Copy Number Variation,Gene Level Copy Number,"6b79c056-64b5-419a-8652-437e634ca4da,d0c12ee2-06d0-437b-8f4a-df1b58c9ebc9,44617ede-79df-4be0-aef4-62d20c44deda","TCGA-LGG.46d19e9f-5ab7-4a17-91b5-f79a57267a35.absolute_liftover.gene_level_copy_number.v36.tsv,TCGA-LGG.46d19e9f-5ab7-4a17-91b5-f79a57267a35.ascat3.gene_level_copy_number.v36.tsv,TCGA-LGG.46d19e9f-5ab7-4a17-91b5-f79a57267a35.gene_level_copy_number.v36.tsv",3,3
TCGA-HT-A618astrocytoma,DNA Methylation,Methylation Beta Value,0837a8a5-a54c-4220-ae9a-f8fb4c7c6df2,4b73a47e-3982-46be-afc8-589bfe1a5e89.methylation_array.sesame.level3betas.txt,1,1
TCGA-HT-A618astrocytoma,Proteome Profiling,Protein Expression Quantification,0728ea94-50cf-441b-b2a5-42d70bb51023,TCGA-HT-A618-01A-21-A44D-20_RPPA_data.tsv,1,1
TCGA-HT-A618astrocytoma,Simple Nucleotide Variation,Masked Somatic Mutation,dc06a7ec-48c5-433d-88e4-95146b440193,1dc45ba8-5179-4142-92d1-babebe44b8c4.wxs.aliquot_ensemble_masked.maf,1,1
TCGA-HT-A618astrocytoma,Transcriptome Profiling,Gene Expression Quantification,5d93683d-bf7b-4279-aab3-561834bc0767,288f78d3-88af-4860-b187-cf187db3caec.rna_seq.augmented_star_gene_counts.tsv,1,1
TCGA-HT-A618astrocytoma,Transcriptome Profiling,miRNA Expression Quantification,a2838589-939f-43d4-b31a-ba917aea880b,4fb22529-e8d2-471a-8304-5885c2336319.mirbase21.mirnas.quantification.txt,1,1
TCGA-HT-A61Bastrocytoma,Copy Number Variation,Gene Level Copy Number,"6c29896d-2e20-4420-bcd4-4041109a5dba,bec77ae4-a687-482d-95d9-be260c9a368a,1296edd3-007e-4829-a5d8-d99487029334","TCGA-LGG.3b8335e5-420c-495f-9c07-d96ea4b9b48e.ascat3.gene_level_copy_number.v36.tsv,TCGA-LGG.3b8335e5-420c-495f-9c07-d96ea4b9b48e.gene_level_copy_number.v36.tsv,TCGA-LGG.3b8335e5-420c-495f-9c07-d96ea4b9b48e.absolute_liftover.gene_level_copy_number.v36.tsv",3,3
TCGA-HT-A61Bastrocytoma,DNA Methylation,Methylation Beta Value,601e8716-c7b6-410b-bcb4-67c9b253cdff,9bde076a-d695-4606-a4a2-0975f6536821.methylation_array.sesame.level3betas.txt,1,1
TCGA-HT-A61Bastrocytoma,Proteome Profiling,Protein Expression Quantification,ff904096-9e05-439d-a1f7-5172fe6b5a23,TCGA-HT-A61B-01A-21-A44D-20_RPPA_data.tsv,1,1
TCGA-HT-A61Bastrocytoma,Simple Nucleotide Variation,Masked Somatic Mutation,34abd230-ccbf-4d31-8579-b2c08f7cf9e7,a8c6b61c-36db-4a11-97d4-18041649c56c.wxs.aliquot_ensemble_masked.maf,1,1
TCGA-HT-A61Bastrocytoma,Transcriptome Profiling,Gene Expression Quantification,1ad5ae98-b0b6-4601-b835-d2c2babcd6da,0915bd7f-dc1d-4a99-89b7-f897986a67ea.rna_seq.augmented_star_gene_counts.tsv,1,1
TCGA-HT-A61Bastrocytoma,Transcriptome Profiling,miRNA Expression Quantification,dec4a4bd-6700-457b-8136-6ce07d91dca3,252fc5d7-4f4c-44eb-bb01-c621b6850946.mirbase21.mirnas.quantification.txt,1,1
TCGA-HT-A74Hastrocytoma,Copy Number Variation,Gene Level Copy Number,"7979f468-3674-471b-9f1b-e7b0d6533b53,6ce4b68d-7998-4d1b-846a-f9341cc8505b,2f2ca02e-be92-4691-89a8-5480903e9e86","TCGA-LGG.54f71090-e759-4410-9825-de2fa8d0d31a.absolute_liftover.gene_level_copy_number.v36.tsv,TCGA-LGG.54f71090-e759-4410-9825-de2fa8d0d31a.ascat3.gene_level_copy_number.v36.tsv,TCGA-LGG.54f71090-e759-4410-9825-de2fa8d0d31a.gene_level_copy_number.v36.tsv",3,3
TCGA-HT-A74Hastrocytoma,DNA Methylation,Methylation Beta Value,52186c37-8e9f-4824-8a48-b7418940ce6e,1bd0b8f2-2c26-4449-9222-a8a624cdb08a.methylation_array.sesame.level3betas.txt,1,1
TCGA-HT-A74Hastrocytoma,Proteome Profiling,Protein Expression Quantification,ec8973bf-4151-416d-bd1b-3af9988e946f,TCGA-HT-A74H-01A-21-A44D-20_RPPA_data.tsv,1,1
TCGA-HT-A74Hastrocytoma,Simple Nucleotide Variation,Masked Somatic Mutation,9c8c29ac-532c-4515-ac5e-48c2247c015a,58c96fd9-a0c8-4719-91ee-13adf2834529.wxs.aliquot_ensemble_masked.maf,1,1
TCGA-HT-A74Hastrocytoma,Transcriptome Profiling,Gene Expression Quantification,03af23fe-d4d3-4c79-9e12-22283c64ce0f,ce9b38a7-fba0-4275-a6be-07ddbe76ce13.rna_seq.augmented_star_gene_counts.tsv,1,1
TCGA-HT-A74Hastrocytoma,Transcriptome Profiling,miRNA Expression Quantification,ab99f041-3149-4501-8e04-fb8c701af3c9,7d3f0f92-bdac-42af-ab12-18c0d0584b5b.mirbase21.mirnas.quantification.txt,1,1
TCGA-HT-A74Oastrocytoma,Copy Number Variation,Gene Level Copy Number,"0cc732fb-360d-49b9-bd78-36fdc462e0d2,9ffa1667-afc5-49d2-a158-a5b109767216","TCGA-LGG.4446c5b8-20b0-4a37-a9b8-c5d4a611be37.gene_level_copy_number.v36.tsv,TCGA-LGG.4446c5b8-20b0-4a37-a9b8-c5d4a611be37.absolute_liftover.gene_level_copy_number.v36.tsv",2,2
TCGA-HT-A74Oastrocytoma,DNA Methylation,Methylation Beta Value,ee46ac87-5a5c-45ee-8893-32553d59cfcb,d79091ad-8bbe-4c9a-a454-eff4e51b6a04.methylation_array.sesame.level3betas.txt,1,1
TCGA-HT-A74Oastrocytoma,Proteome Profiling,Protein Expression Quantification,a794c3e5-53a5-4528-9d86-08614863ae93,TCGA-HT-A74O-01A-21-A44D-20_RPPA_data.tsv,1,1
TCGA-HT-A74Oastrocytoma,Simple Nucleotide Variation,Masked Somatic Mutation,26fd56ba-6506-40a5-bfd0-e6a484bdc11c,c96b6a17-3c3a-4f76-9563-d06af0de86fb.wxs.aliquot_ensemble_masked.maf,1,1
TCGA-HT-A74Oastrocytoma,Transcriptome Profiling,Gene Expression Quantification,3fb67f35-aa15-4e36-93b0-cc872266ff04,e43ae8de-b883-456a-8a70-bc8d10c2c5fc.rna_seq.augmented_star_gene_counts.tsv,1,1
TCGA-HT-A74Oastrocytoma,Transcriptome Profiling,miRNA Expression Quantification,9e7a88f2-83bc-466d-a026-ef7b96850254,cf58b350-6805-4af3-8439-3feea7a7a1ba.mirbase21.mirnas.quantification.txt,1,1
TCGA-HW-8319astrocytoma,Copy Number Variation,Gene Level Copy Number,"0ea79004-74d5-4ef5-9616-9f8ba16049a0,2a57de80-9543-41b2-add6-a31b6609de93,4a983567-9ba6-4edb-a241-54994e2b9059","TCGA-LGG.f5071bdf-8595-46d3-a3ad-181872de6139.ascat3.gene_level_copy_number.v36.tsv,TCGA-LGG.f5071bdf-8595-46d3-a3ad-181872de6139.gene_level_copy_number.v36.tsv,TCGA-LGG.f5071bdf-8595-46d3-a3ad-181872de6139.absolute_liftover.gene_level_copy_number.v36.tsv",3,3
TCGA-HW-8319astrocytoma,DNA Methylation,Methylation Beta Value,5b9fc0a0-a6fa-44b0-a00d-0572ba48fe24,a09d9582-5338-4f8e-bf3d-5bb981c70da8.methylation_array.sesame.level3betas.txt,1,1
TCGA-HW-8319astrocytoma,Proteome Profiling,Protein Expression Quantification,ae8bd9b4-5834-4e25-8ea4-d10040abfe40,TCGA-HW-8319-01A-21-A29X-20_RPPA_data.tsv,1,1
TCGA-HW-8319astrocytoma,Simple Nucleotide Variation,Masked Somatic Mutation,3b78b369-1c53-4dd4-b611-cd40eb3b304c,8763dd9b-855d-410c-9dc0-67efeb77f2a9.wxs.aliquot_ensemble_masked.maf,1,1
TCGA-HW-8319astrocytoma,Transcriptome Profiling,Gene Expression Quantification,20235747-5ae6-48b0-b74a-e06f1b153718,d47da43f-808f-4ec6-8d22-a4b822788d62.rna_seq.augmented_star_gene_counts.tsv,1,1
TCGA-HW-8319astrocytoma,Transcriptome Profiling,miRNA Expression Quantification,d552dbce-16cd-472b-ae81-b3d3a034460e,681f924a-79ca-44d5-aa2c-138200ed66b6.mirbase21.mirnas.quantification.txt,1,1
TCGA-HW-8320astrocytoma,Copy Number Variation,Gene Level Copy Number,"b510fa47-defc-4d6d-a797-d98252461776,43d92a14-7efa-4627-a130-2fa14b39c953,3e40bce9-d63c-4f78-9653-f3fed95253cf","TCGA-LGG.bfcf03ff-55c8-4f3b-8404-9d99f8e3f71e.absolute_liftover.gene_level_copy_number.v36.tsv,TCGA-LGG.bfcf03ff-55c8-4f3b-8404-9d99f8e3f71e.gene_level_copy_number.v36.tsv,TCGA-LGG.bfcf03ff-55c8-4f3b-8404-9d99f8e3f71e.ascat3.gene_level_copy_number.v36.tsv",3,3
TCGA-HW-8320astrocytoma,DNA Methylation,Methylation Beta Value,ca61b221-7542-42be-a541-4cc9d19dc7eb,998d73d1-5c58-43c6-bf75-2531ea5351c3.methylation_array.sesame.level3betas.txt,1,1
TCGA-HW-8320astrocytoma,Proteome Profiling,Protein Expression Quantification,731c0a33-ff81-49e3-b168-16d15f0e584f,TCGA-HW-8320-01A-21-A29X-20_RPPA_data.tsv,1,1
TCGA-HW-8320astrocytoma,Simple Nucleotide Variation,Masked Somatic Mutation,0febd467-8c14-491f-954d-7fe45e198d2e,049f67ac-f0d8-478d-bc36-0c4cc0a083b8.wxs.aliquot_ensemble_masked.maf,1,1
TCGA-HW-8320astrocytoma,Transcriptome Profiling,Gene Expression Quantification,e5af84eb-219c-41f3-94a4-bc81a0e791ab,46616863-83e8-4873-945a-e96da3f4eb9b.rna_seq.augmented_star_gene_counts.tsv,1,1
TCGA-HW-8320astrocytoma,Transcriptome Profiling,miRNA Expression Quantification,d6a70741-4373-40d3-bdfc-0081d099b486,26f59fd9-edc6-4c92-ba7e-c75400ddeb90.mirbase21.mirnas.quantification.txt,1,1
TCGA-HW-A5KKastrocytoma,Copy Number Variation,Gene Level Copy Number,"d0bbd85a-3a87-4ee2-aec4-07da353135dc,ebf4c705-40c7-457c-8ab4-14528546d2f1,87cb081e-9317-4bca-938e-a3a7d0954c93","TCGA-LGG.d94776ff-6d19-47c3-a576-03c843d1128a.ascat3.gene_level_copy_number.v36.tsv,TCGA-LGG.d94776ff-6d19-47c3-a576-03c843d1128a.absolute_liftover.gene_level_copy_number.v36.tsv,TCGA-LGG.d94776ff-6d19-47c3-a576-03c843d1128a.gene_level_copy_number.v36.tsv",3,3
TCGA-HW-A5KKastrocytoma,DNA Methylation,Methylation Beta Value,a7f1fff1-c358-417c-a255-64dd3db05340,389bcfed-cb23-4695-9cfe-f29a883fdb74.methylation_array.sesame.level3betas.txt,1,1
TCGA-HW-A5KKastrocytoma,Proteome Profiling,Protein Expression Quantification,916da2a6-4dd4-4202-9830-92b2e2076ca3,TCGA-HW-A5KK-01A-21-A29Y-20_RPPA_data.tsv,1,1
TCGA-HW-A5KKastrocytoma,Simple Nucleotide Variation,Masked Somatic Mutation,062c978f-1824-4daf-ad6c-d2159e170f60,2b84d6b1-3c60-4dee-974d-b463b41377f1.wxs.aliquot_ensemble_masked.maf,1,1
TCGA-HW-A5KKastrocytoma,Transcriptome Profiling,Gene Expression Quantification,c54ab8eb-ce2f-4bd6-93bf-8e7ce33e4f6b,323c799d-9f7a-4bbc-a3d1-2383d49463da.rna_seq.augmented_star_gene_counts.tsv,1,1
TCGA-HW-A5KKastrocytoma,Transcriptome Profiling,miRNA Expression Quantification,656a27c8-af8f-4da4-bb66-3c554c24dbc4,1627d535-cd9d-4541-9dd6-1185cb6e62db.mirbase21.mirnas.quantification.txt,1,1
TCGA-KT-A7W1astrocytoma,Copy Number Variation,Gene Level Copy Number,"5b529c83-03ff-4140-92cc-98cc058c9272,925005dd-ccb7-4445-a6d7-3e100d12e2f4,d264fd22-277e-4b86-a25f-e3b344f9ee59","TCGA-LGG.1fa490df-48cc-4b6e-9bb7-d9fe9fa532e2.gene_level_copy_number.v36.tsv,TCGA-LGG.1fa490df-48cc-4b6e-9bb7-d9fe9fa532e2.absolute_liftover.gene_level_copy_number.v36.tsv,TCGA-LGG.1fa490df-48cc-4b6e-9bb7-d9fe9fa532e2.ascat3.gene_level_copy_number.v36.tsv",3,3
TCGA-KT-A7W1astrocytoma,DNA Methylation,Methylation Beta Value,2c792c6e-08bd-474a-8e49-7258f5fece36,1695953e-9d73-4269-9237-ebf885616ad7.methylation_array.sesame.level3betas.txt,1,1
TCGA-KT-A7W1astrocytoma,Simple Nucleotide Variation,Masked Somatic Mutation,a6ed50a8-95a8-4d1e-9f8e-673bba16fbd2,ecfbf158-4396-4d0a-bfcd-6d91fdd99f0f.wxs.aliquot_ensemble_masked.maf,1,1
TCGA-KT-A7W1astrocytoma,Transcriptome Profiling,Gene Expression Quantification,e96ccf15-7661-4a6d-9226-a7127887e3cb,e1fd30ab-4ccc-4372-b03c-24584c3db130.rna_seq.augmented_star_gene_counts.tsv,1,1
TCGA-KT-A7W1astrocytoma,Transcriptome Profiling,miRNA Expression Quantification,ec0924b0-ed8e-4d8b-9316-4524df350f28,4cf08b58-a2ee-4aed-ac62-790d49a96608.mirbase21.mirnas.quantification.txt,1,1
TCGA-P5-A5EUastrocytoma,Copy Number Variation,Gene Level Copy Number,"72d21395-91b8-4b02-b4be-96d3b9d45bd0,95b53735-d494-4ab0-bc6e-d70c41adba20,0256920b-628c-4bbe-8add-ca4d7a0f6498","TCGA-LGG.d7194be3-a2ae-44af-b2ba-112e59933237.ascat3.gene_level_copy_number.v36.tsv,TCGA-LGG.d7194be3-a2ae-44af-b2ba-112e59933237.gene_level_copy_number.v36.tsv,TCGA-LGG.d7194be3-a2ae-44af-b2ba-112e59933237.absolute_liftover.gene_level_copy_number.v36.tsv",3,3
TCGA-P5-A5EUastrocytoma,DNA Methylation,Methylation Beta Value,a6d19c2e-b821-4c7b-a863-e4a07ec4d46e,c6dd6955-115d-40aa-874d-8f32bf8cfce7.methylation_array.sesame.level3betas.txt,1,1
TCGA-P5-A5EUastrocytoma,Proteome Profiling,Protein Expression Quantification,6bbdf33f-bbc3-4c43-b0b6-ab791c787d13,TCGA-P5-A5EU-01A-21-A29Y-20_RPPA_data.tsv,1,1
TCGA-P5-A5EUastrocytoma,Simple Nucleotide Variation,Masked Somatic Mutation,8159ff4d-2fe4-4daf-93b7-eba641216f01,98177903-1452-464e-9e5f-6c93c1589e5f.wxs.aliquot_ensemble_masked.maf,1,1
TCGA-P5-A5EUastrocytoma,Transcriptome Profiling,Gene Expression Quantification,b8421615-c8ed-4639-abab-5c55433f84bd,33ea51a3-d83e-4d0c-84a7-d2111ebaae20.rna_seq.augmented_star_gene_counts.tsv,1,1
TCGA-P5-A5EUastrocytoma,Transcriptome Profiling,miRNA Expression Quantification,9b71fda9-77a7-4269-b6a0-3f67a201a4e4,11952abe-f9d1-49c4-84b8-9292429ad643.mirbase21.mirnas.quantification.txt,1,1
TCGA-P5-A5EZastrocytoma,Copy Number Variation,Gene Level Copy Number,"26606a76-f1d3-4bf4-b8ea-5ed4a2dd1390,f0dd8a72-042d-4165-862c-cce8b0b331a7,9af10e75-ae62-400e-b356-4cd188392713","TCGA-LGG.2795f7ea-85a9-4d6e-8ef8-c0ceefeeda48.gene_level_copy_number.v36.tsv,TCGA-LGG.2795f7ea-85a9-4d6e-8ef8-c0ceefeeda48.ascat3.gene_level_copy_number.v36.tsv,TCGA-LGG.2795f7ea-85a9-4d6e-8ef8-c0ceefeeda48.absolute_liftover.gene_level_copy_number.v36.tsv",3,3
TCGA-P5-A5EZastrocytoma,DNA Methylation,Methylation Beta Value,aac789a3-805d-4f70-b0cf-8d83849eb037,ea780828-be63-4e9d-bf10-2d15f00b67be.methylation_array.sesame.level3betas.txt,1,1
TCGA-P5-A5EZastrocytoma,Proteome Profiling,Protein Expression Quantification,9565e727-086c-4362-9c3d-3e917f58659b,TCGA-P5-A5EZ-01A-21-A29Y-20_RPPA_data.tsv,1,1
TCGA-P5-A5EZastrocytoma,Simple Nucleotide Variation,Masked Somatic Mutation,85cef403-d593-46d7-91a0-567b93b859f5,ce971d18-fb71-4226-a024-575be007c38a.wxs.aliquot_ensemble_masked.maf,1,1
TCGA-P5-A5EZastrocytoma,Transcriptome Profiling,Gene Expression Quantification,d533e7df-d05e-4501-848b-ebde39845cb9,e11c6b6a-61cc-48ef-ac4d-221f27d45091.rna_seq.augmented_star_gene_counts.tsv,1,1
TCGA-P5-A5EZastrocytoma,Transcriptome Profiling,miRNA Expression Quantification,4dc83c9d-9252-4e0f-b362-c92dbda7c3fc,28cd254c-ea64-4a0d-8933-13b041570dc1.mirbase21.mirnas.quantification.txt,1,1
TCGA-P5-A72Wastrocytoma,Copy Number Variation,Gene Level Copy Number,"d823714a-7398-43e6-ad13-ca94f83fe13d,71a59694-6aeb-4293-9472-e7cd462f6203,73330ec7-1704-4f7c-b509-1f59ba17564e,6b795810-a8aa-40d2-849b-22dc424ae429","TCGA-LGG.21567208-49f9-42c7-a869-b52a8b0787c4.gene_level_copy_number.v36.tsv,6db50b5e-f676-4574-8d9f-c19876fa5319.wgs.ASCAT.gene_level.copy_number_variation.tsv,TCGA-LGG.21567208-49f9-42c7-a869-b52a8b0787c4.absolute_liftover.gene_level_copy_number.v36.tsv,TCGA-LGG.21567208-49f9-42c7-a869-b52a8b0787c4.ascat3.gene_level_copy_number.v36.tsv",4,4
TCGA-P5-A72Wastrocytoma,DNA Methylation,Methylation Beta Value,c8e40742-eb7c-472a-9026-d545af9b7a01,b88f4303-17a8-4967-9d69-a1853a57de51.methylation_array.sesame.level3betas.txt,1,1
TCGA-P5-A72Wastrocytoma,Proteome Profiling,Protein Expression Quantification,16c10e3a-697a-4fa4-bcbe-3935b1005659,TCGA-P5-A72W-01A-21-A44D-20_RPPA_data.tsv,1,1
TCGA-P5-A72Wastrocytoma,Simple Nucleotide Variation,Masked Somatic Mutation,2ea04e55-07fe-4a29-9205-1cb60a979413,6f0301bb-b64a-44eb-9f95-7e733956d61f.wxs.aliquot_ensemble_masked.maf,1,1
TCGA-P5-A72Wastrocytoma,Transcriptome Profiling,Gene Expression Quantification,5e40ed04-6d5b-4dbb-938f-d1b9c04a6d57,e1a04d24-ac38-45cd-8030-f3617691e995.rna_seq.augmented_star_gene_counts.tsv,1,1
TCGA-P5-A72Wastrocytoma,Transcriptome Profiling,miRNA Expression Quantification,0dbfcee6-23cd-4a9a-ab3a-977f0cedb9b1,194fb3fc-3ead-464b-b346-b3f770e0c4fc.mirbase21.mirnas.quantification.txt,1,1
TCGA-P5-A72Xastrocytoma,Copy Number Variation,Gene Level Copy Number,"1d4a732a-bfbc-4c83-a0bc-11cd1eba9eef,0f6c20e6-5b1c-4f1b-9d63-fd31462c61f3,335bef01-b319-4c5a-8739-2e7816193d83,4fb7cc6b-06d9-4003-8768-c5e9fda8512c","TCGA-LGG.d703eba5-4fae-46c6-ad92-53a523c433ba.gene_level_copy_number.v36.tsv,TCGA-LGG.d703eba5-4fae-46c6-ad92-53a523c433ba.absolute_liftover.gene_level_copy_number.v36.tsv,daa7d8b3-9136-4f67-9e30-92daab1fbfd3.wgs.ASCAT.gene_level.copy_number_variation.tsv,TCGA-LGG.d703eba5-4fae-46c6-ad92-53a523c433ba.ascat3.gene_level_copy_number.v36.tsv",4,4
TCGA-P5-A72Xastrocytoma,DNA Methylation,Methylation Beta Value,71fe12df-2e1a-44b0-91d2-81096744a399,1dd74175-3efa-4b68-a25a-959fd79896bd.methylation_array.sesame.level3betas.txt,1,1
TCGA-P5-A72Xastrocytoma,Proteome Profiling,Protein Expression Quantification,bff4c038-bfab-42df-bfde-e0d7418f30e9,TCGA-P5-A72X-01A-21-A44D-20_RPPA_data.tsv,1,1
TCGA-P5-A72Xastrocytoma,Simple Nucleotide Variation,Masked Somatic Mutation,ae1b426c-138a-49ec-9f4e-c861c454d978,e51f8598-a9ea-4190-8e65-b4bb6ebffc0f.wxs.aliquot_ensemble_masked.maf,1,1
TCGA-P5-A72Xastrocytoma,Transcriptome Profiling,Gene Expression Quantification,5c2d142e-ab5e-44d5-bc85-c4f49ed83aa3,80fbde52-c86e-4e40-a3c2-90cd9562626e.rna_seq.augmented_star_gene_counts.tsv,1,1
TCGA-P5-A72Xastrocytoma,Transcriptome Profiling,miRNA Expression Quantification,33e47737-6ebd-4499-ad42-d8d217b19961,eba01b2c-c242-495b-a58b-3b538abe066f.mirbase21.mirnas.quantification.txt,1,1
TCGA-P5-A736astrocytoma,Copy Number Variation,Gene Level Copy Number,"1112c287-8818-40d6-a069-681c8845659d,a601e330-dfee-4efe-8a61-bb1cbe84e45a,96d2e525-6f4a-4027-a4c3-61d4b111b30f","TCGA-LGG.b9c5ca61-1f43-4db4-878b-7e7d4aff3b3b.absolute_liftover.gene_level_copy_number.v36.tsv,TCGA-LGG.b9c5ca61-1f43-4db4-878b-7e7d4aff3b3b.ascat3.gene_level_copy_number.v36.tsv,TCGA-LGG.b9c5ca61-1f43-4db4-878b-7e7d4aff3b3b.gene_level_copy_number.v36.tsv",3,3
TCGA-P5-A736astrocytoma,DNA Methylation,Methylation Beta Value,a4bcb6d0-3d39-4e0e-9d74-e85f17064d78,21ba6804-286f-4a59-8a86-dcc9637dade3.methylation_array.sesame.level3betas.txt,1,1
TCGA-P5-A736astrocytoma,Proteome Profiling,Protein Expression Quantification,3252b371-a8c9-4439-92ec-f128ca289258,TCGA-P5-A736-01A-21-A44D-20_RPPA_data.tsv,1,1
TCGA-P5-A736astrocytoma,Simple Nucleotide Variation,Masked Somatic Mutation,fc264da1-c9be-4344-88bf-26e8d0c9382b,256aa91e-f7a4-4ce3-bd48-82a4b918e20a.wxs.aliquot_ensemble_masked.maf,1,1
TCGA-P5-A736astrocytoma,Transcriptome Profiling,Gene Expression Quantification,af7ec774-1cbd-4f9b-9408-343728cc973d,f10e7d44-0f2d-45f6-bba9-61df65668d8b.rna_seq.augmented_star_gene_counts.tsv,1,1
TCGA-P5-A736astrocytoma,Transcriptome Profiling,miRNA Expression Quantification,c84e771a-a5b1-4fee-8c5d-253ed4805819,d48211b3-9d3f-42a0-9c58-856f9955acb8.mirbase21.mirnas.quantification.txt,1,1
TCGA-P5-A780astrocytoma,Copy Number Variation,Gene Level Copy Number,"5c4a6b82-e416-4db6-bbb0-159301d4ded2,b58ca3ab-d229-40f3-b943-a663da6f1c59,86744949-3cdb-42fd-8049-2372cdb330ec","TCGA-LGG.2a77d937-8a1a-4174-b04a-61d74eabcafe.absolute_liftover.gene_level_copy_number.v36.tsv,TCGA-LGG.2a77d937-8a1a-4174-b04a-61d74eabcafe.ascat3.gene_level_copy_number.v36.tsv,TCGA-LGG.2a77d937-8a1a-4174-b04a-61d74eabcafe.gene_level_copy_number.v36.tsv",3,3
TCGA-P5-A780astrocytoma,DNA Methylation,Methylation Beta Value,fb2dd13f-aae5-4aa0-9a7b-b25c61b9c2c6,246d11e2-13ed-4b73-a72e-a6924f84eb3f.methylation_array.sesame.level3betas.txt,1,1
TCGA-P5-A780astrocytoma,Proteome Profiling,Protein Expression Quantification,f2a48574-fa70-42d4-a8d0-8fedb7e09652,TCGA-P5-A780-01A-21-A44D-20_RPPA_data.tsv,1,1
TCGA-P5-A780astrocytoma,Simple Nucleotide Variation,Masked Somatic Mutation,a688b8ec-c799-404f-9373-1bda4a448679,277a87c4-06bb-4a41-987d-15d43545c0d6.wxs.aliquot_ensemble_masked.maf,1,1
TCGA-P5-A780astrocytoma,Transcriptome Profiling,Gene Expression Quantification,7e60701a-866b-49fc-bd62-9bad40a5d68d,36d3fb87-5b5e-4809-bd08-560a553168a3.rna_seq.augmented_star_gene_counts.tsv,1,1
TCGA-P5-A780astrocytoma,Transcriptome Profiling,miRNA Expression Quantification,114eed26-4f2e-4ab1-a14e-ea5ae07339c0,bf1eefd1-6a93-49ad-9e07-544dd28d2f22.mirbase21.mirnas.quantification.txt,1,1
TCGA-P5-A781astrocytoma,Copy Number Variation,Gene Level Copy Number,"ac9a83fd-0b38-4db1-80ae-faa4ed304ce0,274e2314-67f0-4509-a5cd-7438addc61a3,11c386ea-0305-472a-ab2b-5234c52ef81e","TCGA-LGG.e7170f3c-2f28-426c-95b8-2f83239288df.gene_level_copy_number.v36.tsv,TCGA-LGG.e7170f3c-2f28-426c-95b8-2f83239288df.absolute_liftover.gene_level_copy_number.v36.tsv,TCGA-LGG.e7170f3c-2f28-426c-95b8-2f83239288df.ascat3.gene_level_copy_number.v36.tsv",3,3
TCGA-P5-A781astrocytoma,DNA Methylation,Methylation Beta Value,901abdd7-7411-4e06-a29e-f460866bc538,98720d04-bfab-4fd1-8cde-69de6f326012.methylation_array.sesame.level3betas.txt,1,1
TCGA-P5-A781astrocytoma,Proteome Profiling,Protein Expression Quantification,02d9a28c-d9e0-430b-ae7c-f2698a7f7a9e,TCGA-P5-A781-01A-21-A44D-20_RPPA_data.tsv,1,1
TCGA-P5-A781astrocytoma,Simple Nucleotide Variation,Masked Somatic Mutation,104593e4-f820-47e8-aeed-8ec29ff61e6b,d60f8e0d-1860-4456-aa5a-9edc133fb41a.wxs.aliquot_ensemble_masked.maf,1,1
TCGA-P5-A781astrocytoma,Transcriptome Profiling,Gene Expression Quantification,dc8a63df-28c0-4b0e-b13a-1d4c7aa91ba2,08c055e3-0e18-4b33-b388-58f23e499215.rna_seq.augmented_star_gene_counts.tsv,1,1
TCGA-P5-A781astrocytoma,Transcriptome Profiling,miRNA Expression Quantification,f0a26d80-4e7d-47b4-8431-ffd26040dc86,8c670571-dfe2-4af4-ab47-b7e97de8460f.mirbase21.mirnas.quantification.txt,1,1
TCGA-QH-A6CSastrocytoma,Copy Number Variation,Gene Level Copy Number,"20ed1696-9acf-4541-a9cc-cec4107f0af4,92fcbec5-f0cb-465e-9cdb-54f78a50c72b,ab178f82-670a-49f9-a0ff-06ad60b1ed6a","TCGA-LGG.0dd6dc01-2616-4d5c-8537-35c51e1abc1f.gene_level_copy_number.v36.tsv,TCGA-LGG.0dd6dc01-2616-4d5c-8537-35c51e1abc1f.ascat3.gene_level_copy_number.v36.tsv,TCGA-LGG.0dd6dc01-2616-4d5c-8537-35c51e1abc1f.absolute_liftover.gene_level_copy_number.v36.tsv",3,3
TCGA-QH-A6CSastrocytoma,DNA Methylation,Methylation Beta Value,f7f6bc34-e3a7-4778-be0f-a6670403cbcc,8dd40d98-8df5-4f07-966a-398015cb180f.methylation_array.sesame.level3betas.txt,1,1
TCGA-QH-A6CSastrocytoma,Proteome Profiling,Protein Expression Quantification,69790a8c-03c6-41e5-903b-be60d17872e7,TCGA-QH-A6CS-01A-21-A44C-20_RPPA_data.tsv,1,1
TCGA-QH-A6CSastrocytoma,Simple Nucleotide Variation,Masked Somatic Mutation,252d8e71-5b0c-45de-9c02-82c019e7d6cc,2b260667-d765-4e0c-9e28-ba6537d749c1.wxs.aliquot_ensemble_masked.maf,1,1
TCGA-QH-A6CSastrocytoma,Transcriptome Profiling,Gene Expression Quantification,5605142d-c2b9-4537-bef9-a1071641e948,359f0995-1967-446f-886f-777455a919ae.rna_seq.augmented_star_gene_counts.tsv,1,1
TCGA-QH-A6CSastrocytoma,Transcriptome Profiling,miRNA Expression Quantification,4c900819-0b7d-485b-87d7-4e7724e408d8,d6b4f37b-daee-42f5-9127-648fc9291630.mirbase21.mirnas.quantification.txt,1,1
TCGA-QH-A6XCastrocytoma,Copy Number Variation,Gene Level Copy Number,"b67ea775-c321-4eed-8261-1110a0b0c602,1bd93fe2-8bb0-48c4-a178-cf17afb5412a,33b58257-c332-424d-97eb-1b4967a32f08","TCGA-LGG.9abf00e3-fbd9-456c-8d89-a66c9ff77156.absolute_liftover.gene_level_copy_number.v36.tsv,TCGA-LGG.9abf00e3-fbd9-456c-8d89-a66c9ff77156.ascat3.gene_level_copy_number.v36.tsv,TCGA-LGG.9abf00e3-fbd9-456c-8d89-a66c9ff77156.gene_level_copy_number.v36.tsv",3,3
TCGA-QH-A6XCastrocytoma,DNA Methylation,Methylation Beta Value,5646210f-5d6c-4f88-8bd7-312d99ed5894,b3514002-2155-4b25-ae4a-33c2e7fc2b33.methylation_array.sesame.level3betas.txt,1,1
TCGA-QH-A6XCastrocytoma,Proteome Profiling,Protein Expression Quantification,3401f682-ac16-4d8c-8573-d3b5623b7ff4,TCGA-QH-A6XC-01A-21-A44C-20_RPPA_data.tsv,1,1
TCGA-QH-A6XCastrocytoma,Simple Nucleotide Variation,Masked Somatic Mutation,2955fd71-de7c-40b4-b35a-7804e860678c,07c3c73e-7624-42d1-b792-83a3a26cd74c.wxs.aliquot_ensemble_masked.maf,1,1
TCGA-QH-A6XCastrocytoma,Transcriptome Profiling,Gene Expression Quantification,464d7fea-5ca6-4110-8e37-e02d368f6b3f,025072f9-e965-48f3-8ae5-729d59139a4f.rna_seq.augmented_star_gene_counts.tsv,1,1
TCGA-QH-A6XCastrocytoma,Transcriptome Profiling,miRNA Expression Quantification,b304d91b-8a6e-4432-a0ce-bc62bc1d9e7c,04d249d6-a361-4a23-a73b-393f762e5e01.mirbase21.mirnas.quantification.txt,1,1
TCGA-RY-A83Zastrocytoma,Copy Number Variation,Gene Level Copy Number,"1eddbdf4-0237-4082-b582-5541efc0f700,d5092556-7f61-40be-b82d-6b7a795baa78,a839ecee-8e99-4720-8b6e-2b9aa7d3e12d","TCGA-LGG.b4f65ab4-9b41-4cb9-ba20-d051290706b4.gene_level_copy_number.v36.tsv,TCGA-LGG.b4f65ab4-9b41-4cb9-ba20-d051290706b4.ascat3.gene_level_copy_number.v36.tsv,TCGA-LGG.b4f65ab4-9b41-4cb9-ba20-d051290706b4.absolute_liftover.gene_level_copy_number.v36.tsv",3,3
TCGA-RY-A83Zastrocytoma,DNA Methylation,Methylation Beta Value,2075d729-39b1-451a-936a-619fd349795f,78c210b2-9e3f-460d-8e55-e265b56b3498.methylation_array.sesame.level3betas.txt,1,1
TCGA-RY-A83Zastrocytoma,Proteome Profiling,Protein Expression Quantification,27a10deb-4064-4963-8382-70febd57de6b,TCGA-RY-A83Z-01A-21-A44C-20_RPPA_data.tsv,1,1
TCGA-RY-A83Zastrocytoma,Simple Nucleotide Variation,Masked Somatic Mutation,6a472d8b-3017-4197-b6f6-b3fa04292fe5,a13a1b7f-4595-4176-8d16-744bea1c4a26.wxs.aliquot_ensemble_masked.maf,1,1
TCGA-RY-A83Zastrocytoma,Transcriptome Profiling,Gene Expression Quantification,27cd7914-1edc-4408-9548-c688b130e8a6,8f54d7f2-4095-466e-99a9-a5105ea3c447.rna_seq.augmented_star_gene_counts.tsv,1,1
TCGA-RY-A83Zastrocytoma,Transcriptome Profiling,miRNA Expression Quantification,33675cce-f72f-4f1c-adbc-c6837081dd41,f5be645e-ad8e-4f29-bbc5-9dcb5ea2774c.mirbase21.mirnas.quantification.txt,1,1
TCGA-RY-A843astrocytoma,Copy Number Variation,Gene Level Copy Number,"f3e2c597-208c-471b-847c-bde06260e782,9414a469-61b9-4595-9d75-d0f460e477f4,7b5a6b49-0c50-4978-9e42-ffe0958992ca","TCGA-LGG.59a86126-dd82-4b76-a03e-6abd13e9a23f.ascat3.gene_level_copy_number.v36.tsv,TCGA-LGG.59a86126-dd82-4b76-a03e-6abd13e9a23f.absolute_liftover.gene_level_copy_number.v36.tsv,TCGA-LGG.59a86126-dd82-4b76-a03e-6abd13e9a23f.gene_level_copy_number.v36.tsv",3,3
TCGA-RY-A843astrocytoma,DNA Methylation,Methylation Beta Value,4db3cf66-c5f5-4880-899e-8fc2fb2ccc90,5f05f051-2b1d-4417-8799-541f30d704a8.methylation_array.sesame.level3betas.txt,1,1
TCGA-RY-A843astrocytoma,Proteome Profiling,Protein Expression Quantification,3097d392-d8b5-4dbc-8e22-b857fdcf13a7,TCGA-RY-A843-01A-21-A44C-20_RPPA_data.tsv,1,1
TCGA-RY-A843astrocytoma,Simple Nucleotide Variation,Masked Somatic Mutation,7b2a34d5-5a42-4d64-9c84-ff3f379351f3,79a6d0b1-4441-4b63-ae79-0e67ab7cdc6f.wxs.aliquot_ensemble_masked.maf,1,1
TCGA-RY-A843astrocytoma,Transcriptome Profiling,Gene Expression Quantification,1b399b3e-f333-4933-82c5-b8f51a84ca96,f3946679-18ef-4b67-9ef1-9d2a6a3d318a.rna_seq.augmented_star_gene_counts.tsv,1,1
TCGA-RY-A843astrocytoma,Transcriptome Profiling,miRNA Expression Quantification,5562cd37-b20d-4857-b174-556f9ffd55e3,fc85a039-1671-40df-84b3-5ec833996524.mirbase21.mirnas.quantification.txt,1,1
TCGA-S9-A6TSastrocytoma,Copy Number Variation,Gene Level Copy Number,"94c47c00-ab7f-4bd0-a8f5-676c99433979,3b97925d-cb27-4d57-8946-025a8de2984e,95247caa-861a-4325-b192-db228f169553","TCGA-LGG.0b1fd863-5748-437e-9c2b-6da3849059e5.absolute_liftover.gene_level_copy_number.v36.tsv,TCGA-LGG.0b1fd863-5748-437e-9c2b-6da3849059e5.gene_level_copy_number.v36.tsv,TCGA-LGG.0b1fd863-5748-437e-9c2b-6da3849059e5.ascat3.gene_level_copy_number.v36.tsv",3,3
TCGA-S9-A6TSastrocytoma,DNA Methylation,Methylation Beta Value,47585d89-2818-4fe7-9845-338e5ef240cc,7b74375d-c523-48dc-8f88-871205824202.methylation_array.sesame.level3betas.txt,1,1
TCGA-S9-A6TSastrocytoma,Proteome Profiling,Protein Expression Quantification,f6b8f85b-6847-4be8-931a-e40adccd6b9a,TCGA-S9-A6TS-01A-21-A44C-20_RPPA_data.tsv,1,1
TCGA-S9-A6TSastrocytoma,Simple Nucleotide Variation,Masked Somatic Mutation,55e1c955-e47c-4e4e-bc47-4130a2c91e97,1a825a80-82d4-4bb3-a62e-bf645f64f0fc.wxs.aliquot_ensemble_masked.maf,1,1
TCGA-S9-A6TSastrocytoma,Transcriptome Profiling,Gene Expression Quantification,d071d7c7-6196-4282-b03d-b008610ad670,37982675-e9c4-4cbc-aef4-c2814062a9a2.rna_seq.augmented_star_gene_counts.tsv,1,1
TCGA-S9-A6TSastrocytoma,Transcriptome Profiling,miRNA Expression Quantification,fb15f485-800f-4c8c-95b6-537828670c4f,804b4965-1b5f-477d-8ef7-1c09cb14c62d.mirbase21.mirnas.quantification.txt,1,1
TCGA-S9-A6U0astrocytoma,Copy Number Variation,Gene Level Copy Number,"847a7fd0-7e52-4be5-be93-bc386fe7fd7b,a62dae9e-4825-497c-a6f7-aa4fbf8c18df,7895f9f8-43d9-4f10-b9cd-e9f6eb91aaa6","TCGA-LGG.ef3467e8-76ae-470c-8f86-710045df9058.absolute_liftover.gene_level_copy_number.v36.tsv,TCGA-LGG.ef3467e8-76ae-470c-8f86-710045df9058.ascat3.gene_level_copy_number.v36.tsv,TCGA-LGG.ef3467e8-76ae-470c-8f86-710045df9058.gene_level_copy_number.v36.tsv",3,3
TCGA-S9-A6U0astrocytoma,DNA Methylation,Methylation Beta Value,17955c44-3e91-4fff-9986-358afd35791e,cac7d10c-172d-425b-8c28-d19c63936dd5.methylation_array.sesame.level3betas.txt,1,1
TCGA-S9-A6U0astrocytoma,Proteome Profiling,Protein Expression Quantification,424dba64-cda9-4723-8eb2-cc668a6769bc,TCGA-S9-A6U0-01A-21-A44C-20_RPPA_data.tsv,1,1
TCGA-S9-A6U0astrocytoma,Simple Nucleotide Variation,Masked Somatic Mutation,19cea6e9-f383-4f36-828f-b25e928f6372,b1d07191-4ac2-40a7-946f-b147377e01a9.wxs.aliquot_ensemble_masked.maf,1,1
TCGA-S9-A6U0astrocytoma,Transcriptome Profiling,Gene Expression Quantification,0aabdda2-2fac-440e-ba01-1c9d23fbf387,5f2a6bc7-0621-465a-a112-7f2be2ce6a51.rna_seq.augmented_star_gene_counts.tsv,1,1
TCGA-S9-A6U0astrocytoma,Transcriptome Profiling,miRNA Expression Quantification,d79dd60d-ff77-4c3f-a025-a4c25e250353,2e57df13-71ae-44a0-9325-922b521e973e.mirbase21.mirnas.quantification.txt,1,1
TCGA-S9-A6U1astrocytoma,Copy Number Variation,Gene Level Copy Number,"c9573002-5569-4868-aa57-87512116a9cf,cfdc5f47-a9e9-4e0a-b661-2004ea69bd0c,0f3b3f46-5b47-4f98-be06-44b274866be2","TCGA-LGG.dc16dc06-15b6-4ab5-aded-21548c7eb6f5.gene_level_copy_number.v36.tsv,TCGA-LGG.dc16dc06-15b6-4ab5-aded-21548c7eb6f5.ascat3.gene_level_copy_number.v36.tsv,TCGA-LGG.dc16dc06-15b6-4ab5-aded-21548c7eb6f5.absolute_liftover.gene_level_copy_number.v36.tsv",3,3
TCGA-S9-A6U1astrocytoma,DNA Methylation,Methylation Beta Value,da92a360-a1f0-4f7b-a3bc-3239507ecd55,1fafe643-c6b9-45c5-ad6c-cb6ddb6d1d34.methylation_array.sesame.level3betas.txt,1,1
TCGA-S9-A6U1astrocytoma,Proteome Profiling,Protein Expression Quantification,42d35af2-3c88-4242-b0bc-72c4fa148559,TCGA-S9-A6U1-01A-31-A44E-20_RPPA_data.tsv,1,1
TCGA-S9-A6U1astrocytoma,Simple Nucleotide Variation,Masked Somatic Mutation,6d381e96-7f52-465a-8ba5-44f5803bb41d,b63d9e3b-1441-4454-9efe-267769def1ee.wxs.aliquot_ensemble_masked.maf,1,1
TCGA-S9-A6U1astrocytoma,Transcriptome Profiling,Gene Expression Quantification,9d3e8119-07ff-4f3b-8cfe-b25bbb65dc53,b7634862-3aa1-4230-8308-c944c3cee1e7.rna_seq.augmented_star_gene_counts.tsv,1,1
TCGA-S9-A6U1astrocytoma,Transcriptome Profiling,miRNA Expression Quantification,8c34ebe0-5028-4390-9724-c3170ab5e12a,d4f875ac-15bf-4cf3-87a3-4fa70d54d01f.mirbase21.mirnas.quantification.txt,1,1
TCGA-S9-A6U6astrocytoma,Copy Number Variation,Gene Level Copy Number,"59b44f7f-9d6f-4551-9dfd-5f724c1de744,c6b025c5-df66-425b-8454-d05e50ba2d8f,2e778ccd-0c6d-4a77-a467-3ab179dce699","TCGA-LGG.cfe42c3b-815d-4ec5-8768-6d2fed8ad1b3.absolute_liftover.gene_level_copy_number.v36.tsv,TCGA-LGG.cfe42c3b-815d-4ec5-8768-6d2fed8ad1b3.gene_level_copy_number.v36.tsv,TCGA-LGG.cfe42c3b-815d-4ec5-8768-6d2fed8ad1b3.ascat3.gene_level_copy_number.v36.tsv",3,3
TCGA-S9-A6U6astrocytoma,DNA Methylation,Methylation Beta Value,c9db4c3d-39ad-4b12-b388-2246ab63a09a,dde973ef-b428-49a6-a187-979a50ee4603.methylation_array.sesame.level3betas.txt,1,1
TCGA-S9-A6U6astrocytoma,Proteome Profiling,Protein Expression Quantification,213eca03-3149-43bd-b48d-5c8686b99c4c,TCGA-S9-A6U6-01A-21-A44C-20_RPPA_data.tsv,1,1
TCGA-S9-A6U6astrocytoma,Simple Nucleotide Variation,Masked Somatic Mutation,8a3c4c2e-f9a7-4607-a930-d93dc1c4d79e,162b8532-868c-4eae-bbe2-3295ed744c0a.wxs.aliquot_ensemble_masked.maf,1,1
TCGA-S9-A6U6astrocytoma,Transcriptome Profiling,Gene Expression Quantification,a59ce3cb-489c-439a-ac9d-5ddb659f1cdc,b7a5e6a9-ae8e-4775-843d-1d46a2d8f6f4.rna_seq.augmented_star_gene_counts.tsv,1,1
TCGA-S9-A6U6astrocytoma,Transcriptome Profiling,miRNA Expression Quantification,dc8db24d-5987-40c2-9a61-f3c3223d43c6,0337b101-adef-4139-80a9-fdcd5e93a9f5.mirbase21.mirnas.quantification.txt,1,1
TCGA-S9-A6U9astrocytoma,Copy Number Variation,Gene Level Copy Number,"8fd6177f-8770-47d5-9ad0-cc3e4ab1af5d,1e3f1b03-03e2-42bd-9600-c5aff72e6002,28dae936-695a-4062-bb04-7c53f9316a6f","TCGA-LGG.26c6c5d8-fc0e-43d2-bda5-c7eb31ea22b2.gene_level_copy_number.v36.tsv,TCGA-LGG.26c6c5d8-fc0e-43d2-bda5-c7eb31ea22b2.absolute_liftover.gene_level_copy_number.v36.tsv,TCGA-LGG.26c6c5d8-fc0e-43d2-bda5-c7eb31ea22b2.ascat3.gene_level_copy_number.v36.tsv",3,3
TCGA-S9-A6U9astrocytoma,DNA Methylation,Methylation Beta Value,d994154c-76a4-4be3-8b2f-f25e90f46201,c277baa4-11fc-4870-a3d5-cd22272f0668.methylation_array.sesame.level3betas.txt,1,1
TCGA-S9-A6U9astrocytoma,Proteome Profiling,Protein Expression Quantification,35655786-41d3-427e-8178-37b25d3ed2df,TCGA-S9-A6U9-01A-21-A44C-20_RPPA_data.tsv,1,1
TCGA-S9-A6U9astrocytoma,Simple Nucleotide Variation,Masked Somatic Mutation,3ca1e63d-0df0-4377-b5ab-4d1b2bc3bcf0,105712dc-6e59-4a31-8d5d-46fb52a4780a.wxs.aliquot_ensemble_masked.maf,1,1
TCGA-S9-A6U9astrocytoma,Transcriptome Profiling,Gene Expression Quantification,87852a13-22cd-43ef-9408-e09dd18e0e78,100fe9c7-386a-40f7-938b-671cd6b2e1a4.rna_seq.augmented_star_gene_counts.tsv,1,1
TCGA-S9-A6U9astrocytoma,Transcriptome Profiling,miRNA Expression Quantification,cf0cb1ba-4fac-4425-92a1-4abcf560bd82,d40967f1-6119-480c-b0fe-8a93799f95c8.mirbase21.mirnas.quantification.txt,1,1
TCGA-S9-A6UAastrocytoma,Copy Number Variation,Gene Level Copy Number,"ef03b7ea-6839-41b8-bd67-3c6e4fb30464,65ebba19-50c6-4ea0-9970-bbd727660adb,41da8a04-a202-4df1-be4a-0bab66d84383","TCGA-LGG.f19df347-e09f-4b54-b4ce-ab7158d6e2b8.gene_level_copy_number.v36.tsv,TCGA-LGG.f19df347-e09f-4b54-b4ce-ab7158d6e2b8.absolute_liftover.gene_level_copy_number.v36.tsv,TCGA-LGG.f19df347-e09f-4b54-b4ce-ab7158d6e2b8.ascat3.gene_level_copy_number.v36.tsv",3,3
TCGA-S9-A6UAastrocytoma,DNA Methylation,Methylation Beta Value,346c454b-6bbb-492a-b81d-926b5952f63a,2883fe46-9a0d-4c0e-925c-60752a8bf042.methylation_array.sesame.level3betas.txt,1,1
TCGA-S9-A6UAastrocytoma,Simple Nucleotide Variation,Masked Somatic Mutation,d977c284-130c-4d6c-9061-b0b6a263848b,d4011f4b-4da0-46bc-9e0c-1e69da878c73.wxs.aliquot_ensemble_masked.maf,1,1
TCGA-S9-A6UAastrocytoma,Transcriptome Profiling,Gene Expression Quantification,0fe60909-1b03-445f-a370-736dd562027b,d336faaf-9dfd-4357-85ac-f449987073af.rna_seq.augmented_star_gene_counts.tsv,1,1
TCGA-S9-A6UAastrocytoma,Transcriptome Profiling,miRNA Expression Quantification,a5033296-ba7a-414f-bf33-1ce0a5e60a49,d9c80674-d273-41f0-861b-98c94302e653.mirbase21.mirnas.quantification.txt,1,1
TCGA-S9-A6WGastrocytoma,Copy Number Variation,Gene Level Copy Number,"c75f78f0-3a03-4f91-b0f5-2f7999b4eca2,879e8c87-c8f7-4439-bb64-65aed77b56a8,491e60a8-536d-4797-bf1c-5ebff91935d1","TCGA-LGG.97792d27-aa51-4d90-b52b-1330bfc5d8e9.absolute_liftover.gene_level_copy_number.v36.tsv,TCGA-LGG.97792d27-aa51-4d90-b52b-1330bfc5d8e9.ascat3.gene_level_copy_number.v36.tsv,TCGA-LGG.97792d27-aa51-4d90-b52b-1330bfc5d8e9.gene_level_copy_number.v36.tsv",3,3
TCGA-S9-A6WGastrocytoma,DNA Methylation,Methylation Beta Value,b4228507-ef2b-4f8a-a3d3-9cbfcb97409b,7fbd3aa5-7ff4-4232-aed8-9afbccf4f49b.methylation_array.sesame.level3betas.txt,1,1
TCGA-S9-A6WGastrocytoma,Proteome Profiling,Protein Expression Quantification,71cd3848-81a6-4a68-907b-b93fa352b87f,TCGA-S9-A6WG-01A-21-A44E-20_RPPA_data.tsv,1,1
TCGA-S9-A6WGastrocytoma,Simple Nucleotide Variation,Masked Somatic Mutation,844eb81b-7ca8-4843-9313-3d66a4967685,916bfa7e-9bdc-4593-87b4-0f921c6d4c32.wxs.aliquot_ensemble_masked.maf,1,1
TCGA-S9-A6WGastrocytoma,Transcriptome Profiling,Gene Expression Quantification,1a6fac5e-79d2-4772-899e-2b37a4bdcd66,b1883b15-b002-43c1-a94c-bb68d6ff3091.rna_seq.augmented_star_gene_counts.tsv,1,1
TCGA-S9-A6WGastrocytoma,Transcriptome Profiling,miRNA Expression Quantification,d9663e8e-497b-48b5-a61f-f324c74f2b41,7d8e61f4-57ef-4c63-be7f-318f64ffec4c.mirbase21.mirnas.quantification.txt,1,1
TCGA-S9-A6WLastrocytoma,Copy Number Variation,Gene Level Copy Number,"b0ba0519-393e-4acb-beee-e3ed6ed68d86,4f5343c3-962f-4e6e-801c-3496e075ccab,3db5bccb-3458-4b6d-9d30-8597fa7ee5ba","TCGA-LGG.d7936572-15db-4ffc-ad0c-aaf84545a932.gene_level_copy_number.v36.tsv,TCGA-LGG.d7936572-15db-4ffc-ad0c-aaf84545a932.absolute_liftover.gene_level_copy_number.v36.tsv,TCGA-LGG.d7936572-15db-4ffc-ad0c-aaf84545a932.ascat3.gene_level_copy_number.v36.tsv",3,3
TCGA-S9-A6WLastrocytoma,DNA Methylation,Methylation Beta Value,c9a39398-969e-402b-bf24-6f3f34d6b5fd,ecffe039-e3ed-4edc-9894-b2fd92f0e7f7.methylation_array.sesame.level3betas.txt,1,1
TCGA-S9-A6WLastrocytoma,Simple Nucleotide Variation,Masked Somatic Mutation,9a77ec58-5294-4c36-9d87-683bca7a1528,0cac03d0-af63-45b8-88a7-152a66078860.wxs.aliquot_ensemble_masked.maf,1,1
TCGA-S9-A6WLastrocytoma,Transcriptome Profiling,Gene Expression Quantification,7205737e-fa89-4a7d-83ef-8042dd34ba8d,14a8495a-560f-4ab1-800c-904de6d37c2c.rna_seq.augmented_star_gene_counts.tsv,1,1
TCGA-S9-A6WLastrocytoma,Transcriptome Profiling,miRNA Expression Quantification,52264380-c32b-4052-b4a0-9bdbf2c381c2,1f055e64-8dc9-4133-bf33-0f5d796088aa.mirbase21.mirnas.quantification.txt,1,1
TCGA-S9-A6WMastrocytoma,Copy Number Variation,Gene Level Copy Number,"6af9fbd8-d652-4a5f-a826-42a74d0eafdd,4902286a-3ffb-4ea2-ae68-fb546d17f0b0,214b4a39-be26-4a7f-ba42-052c189c73ea","TCGA-LGG.d77c8890-affc-49b0-b582-6b90f5630f13.gene_level_copy_number.v36.tsv,TCGA-LGG.d77c8890-affc-49b0-b582-6b90f5630f13.absolute_liftover.gene_level_copy_number.v36.tsv,TCGA-LGG.d77c8890-affc-49b0-b582-6b90f5630f13.ascat3.gene_level_copy_number.v36.tsv",3,3
TCGA-S9-A6WMastrocytoma,DNA Methylation,Methylation Beta Value,92c3d715-aba9-4b35-9820-6c8f4ef8e703,c938e0d6-888f-46b2-8aae-30144bbab19e.methylation_array.sesame.level3betas.txt,1,1
TCGA-S9-A6WMastrocytoma,Simple Nucleotide Variation,Masked Somatic Mutation,bfbd19e0-f3b1-44b1-9091-a61403b76852,bae0844b-9ee7-4f26-8196-cd4f7b90abfe.wxs.aliquot_ensemble_masked.maf,1,1
TCGA-S9-A6WMastrocytoma,Transcriptome Profiling,Gene Expression Quantification,479f933e-a088-4c53-a4d1-eaf9a3a9ad39,41da41b9-2586-4981-aeee-ae3867f6d316.rna_seq.augmented_star_gene_counts.tsv,1,1
TCGA-S9-A6WMastrocytoma,Transcriptome Profiling,miRNA Expression Quantification,edccf66e-ec89-4c9f-a264-a8e9df233e04,527fe316-9376-4cf2-997c-031ef025acc7.mirbase21.mirnas.quantification.txt,1,1
TCGA-S9-A6WNastrocytoma,Copy Number Variation,Gene Level Copy Number,"09dd4ec1-16fa-46d7-8353-5fcc5dc0c9bc,ea3b1104-ade5-40b4-bc2f-7b389ec83976,e446055a-c5ea-43ee-8260-410be0f7f0c8","TCGA-LGG.115cb14c-e2f5-4a10-80fe-606d18751d8e.absolute_liftover.gene_level_copy_number.v36.tsv,TCGA-LGG.115cb14c-e2f5-4a10-80fe-606d18751d8e.ascat3.gene_level_copy_number.v36.tsv,TCGA-LGG.115cb14c-e2f5-4a10-80fe-606d18751d8e.gene_level_copy_number.v36.tsv",3,3
TCGA-S9-A6WNastrocytoma,DNA Methylation,Methylation Beta Value,5eff2108-aa36-400f-aac1-fba5f9607ada,89915b89-3e8e-49da-bb90-886cfb286594.methylation_array.sesame.level3betas.txt,1,1
TCGA-S9-A6WNastrocytoma,Proteome Profiling,Protein Expression Quantification,88c425d4-7fb9-4151-8102-272e9a4ea19c,TCGA-S9-A6WN-01A-21-A44D-20_RPPA_data.tsv,1,1
TCGA-S9-A6WNastrocytoma,Simple Nucleotide Variation,Masked Somatic Mutation,1750b35d-8282-4a05-802a-ea664d02e4ad,a1523f40-a9b9-48b1-b1ba-8f4e6364d340.wxs.aliquot_ensemble_masked.maf,1,1
TCGA-S9-A6WNastrocytoma,Transcriptome Profiling,Gene Expression Quantification,5863c42a-25d4-4140-93f8-10c1f8d2d410,14980c69-16d2-40c8-916b-b341f6bc606d.rna_seq.augmented_star_gene_counts.tsv,1,1
TCGA-S9-A6WNastrocytoma,Transcriptome Profiling,miRNA Expression Quantification,a4776563-2635-4f51-a118-5e201841dc2b,3abe87d0-233b-450d-b4b9-4db1dd56f248.mirbase21.mirnas.quantification.txt,1,1
TCGA-S9-A7ISastrocytoma,Copy Number Variation,Gene Level Copy Number,"b4f16039-25e9-44c2-b75b-01be59f7a084,60a5de3f-ffb3-4ec0-aefa-d9aee16fc63d,929040a1-99f5-49ef-9098-403e47d06e94","TCGA-LGG.0b0138f3-ac1e-45d3-9d6e-044e3e5767ec.ascat3.gene_level_copy_number.v36.tsv,TCGA-LGG.0b0138f3-ac1e-45d3-9d6e-044e3e5767ec.gene_level_copy_number.v36.tsv,TCGA-LGG.0b0138f3-ac1e-45d3-9d6e-044e3e5767ec.absolute_liftover.gene_level_copy_number.v36.tsv",3,3
TCGA-S9-A7ISastrocytoma,DNA Methylation,Methylation Beta Value,c6865e1c-4abe-408c-bd1f-46691447b2e9,f7bb5f99-e47d-45bc-b263-c683231e92a5.methylation_array.sesame.level3betas.txt,1,1
TCGA-S9-A7ISastrocytoma,Proteome Profiling,Protein Expression Quantification,4afe525b-672e-4ba1-a5d9-51e085069493,TCGA-S9-A7IS-01A-21-A44D-20_RPPA_data.tsv,1,1
TCGA-S9-A7ISastrocytoma,Simple Nucleotide Variation,Masked Somatic Mutation,3bed3fb1-6145-49e9-bf90-53ae6a5bef0b,aa96970e-b083-435f-88fe-d9d7fca4cfbb.wxs.aliquot_ensemble_masked.maf,1,1
TCGA-S9-A7ISastrocytoma,Transcriptome Profiling,Gene Expression Quantification,29b2658b-d286-4826-b2f4-c61f5c1716cb,eb6254be-5992-43ab-8e4c-c33bd7951e46.rna_seq.augmented_star_gene_counts.tsv,1,1
TCGA-S9-A7ISastrocytoma,Transcriptome Profiling,miRNA Expression Quantification,e40d5067-efe4-4cee-9f25-4ebc9c62ee8a,345eb8c5-9272-461e-89b2-be9a71583411.mirbase21.mirnas.quantification.txt,1,1
TCGA-S9-A7IXastrocytoma,Copy Number Variation,Gene Level Copy Number,"b6b82d31-598a-42d8-8ee1-e8f66cdc2476,90b048b1-8abf-4606-aa8d-cd0c672d7530,644cb991-9386-4f22-8442-f302d1905533","TCGA-LGG.312023ad-a33e-41a0-81a5-e56ab0d91baa.absolute_liftover.gene_level_copy_number.v36.tsv,TCGA-LGG.312023ad-a33e-41a0-81a5-e56ab0d91baa.gene_level_copy_number.v36.tsv,TCGA-LGG.312023ad-a33e-41a0-81a5-e56ab0d91baa.ascat3.gene_level_copy_number.v36.tsv",3,3
TCGA-S9-A7IXastrocytoma,DNA Methylation,Methylation Beta Value,142240ef-6aea-4cf6-9504-7e793c4c8b39,74b20c2c-d520-4edd-acfb-03894f2db88d.methylation_array.sesame.level3betas.txt,1,1
TCGA-S9-A7IXastrocytoma,Simple Nucleotide Variation,Masked Somatic Mutation,fc1b82b3-372c-49e7-af89-f4f7b7c883ec,d6d24f58-fbec-43a6-b7bd-f260a265e022.wxs.aliquot_ensemble_masked.maf,1,1
TCGA-S9-A7IXastrocytoma,Transcriptome Profiling,Gene Expression Quantification,4f18d266-99d5-4f2d-b7c2-123f62891bfd,61b49c87-e9ee-4ddb-84a3-04fca3706c79.rna_seq.augmented_star_gene_counts.tsv,1,1
TCGA-S9-A7IXastrocytoma,Transcriptome Profiling,miRNA Expression Quantification,342be365-6b8d-44ab-b5ed-0b504bdd4277,7dabb0c0-fa70-435c-ae99-b0e8ddc5edc6.mirbase21.mirnas.quantification.txt,1,1
TCGA-S9-A7IZastrocytoma,Copy Number Variation,Gene Level Copy Number,"4368931c-2bc2-46c1-85b4-d884e4053334,5857122d-cd17-4d67-9bfe-264fa0ba4375,05c7bc63-3cc9-4e32-b2f3-0db7060dc29b","TCGA-LGG.265afe2e-d784-45ff-90d1-7ff16183c5e5.absolute_liftover.gene_level_copy_number.v36.tsv,TCGA-LGG.265afe2e-d784-45ff-90d1-7ff16183c5e5.gene_level_copy_number.v36.tsv,TCGA-LGG.265afe2e-d784-45ff-90d1-7ff16183c5e5.ascat3.gene_level_copy_number.v36.tsv",3,3
TCGA-S9-A7IZastrocytoma,DNA Methylation,Methylation Beta Value,c93c56d7-7f9d-47dc-b664-73866d06d34a,ebb23ef5-34a4-4e12-b287-4c6c527a056a.methylation_array.sesame.level3betas.txt,1,1
TCGA-S9-A7IZastrocytoma,Proteome Profiling,Protein Expression Quantification,3495a483-c673-401c-95db-2a7cf254cbe0,TCGA-S9-A7IZ-01A-21-A44D-20_RPPA_data.tsv,1,1
TCGA-S9-A7IZastrocytoma,Simple Nucleotide Variation,Masked Somatic Mutation,e3ab41f0-38a8-4dd9-a5b6-de6c3435277d,2262b665-cb02-4c18-a89e-c71e15d05906.wxs.aliquot_ensemble_masked.maf,1,1
TCGA-S9-A7IZastrocytoma,Transcriptome Profiling,Gene Expression Quantification,df2baefb-4c65-420d-af0a-3f28608ce5b4,a5cf59be-7181-488f-990f-58d9e33656b0.rna_seq.augmented_star_gene_counts.tsv,1,1
TCGA-S9-A7IZastrocytoma,Transcriptome Profiling,miRNA Expression Quantification,38fb0e83-bb14-4b33-8558-7e1a6ec6594e,457b3e55-0fc1-46f0-b6b5-e1d6a3fdccf9.mirbase21.mirnas.quantification.txt,1,1
TCGA-S9-A7QWastrocytoma,Copy Number Variation,Gene Level Copy Number,"f8e9c0da-67c8-4709-9f82-6e6a67959123,116934ac-82a0-4e0f-a2ab-629f251124b1,9095da00-093a-44ad-9d2a-e417bae1e200","TCGA-LGG.321a9ad8-a800-4b68-bf3e-f42c1e6180ff.absolute_liftover.gene_level_copy_number.v36.tsv,TCGA-LGG.321a9ad8-a800-4b68-bf3e-f42c1e6180ff.ascat3.gene_level_copy_number.v36.tsv,TCGA-LGG.321a9ad8-a800-4b68-bf3e-f42c1e6180ff.gene_level_copy_number.v36.tsv",3,3
TCGA-S9-A7QWastrocytoma,DNA Methylation,Methylation Beta Value,db8006b0-3eeb-4408-bc61-357015169816,25eb1cc5-cda7-4692-81ea-4e876042531d.methylation_array.sesame.level3betas.txt,1,1
TCGA-S9-A7QWastrocytoma,Simple Nucleotide Variation,Masked Somatic Mutation,cdc32b64-5fd7-4387-8e32-8297466f2a61,885662ac-4932-4d5f-9a5c-2149cceaef79.wxs.aliquot_ensemble_masked.maf,1,1
TCGA-S9-A7QWastrocytoma,Transcriptome Profiling,Gene Expression Quantification,cba8e68c-f4bb-441d-8df3-68bae3f78aaa,f063aaed-a371-445a-9c40-499c62c9585c.rna_seq.augmented_star_gene_counts.tsv,1,1
TCGA-S9-A7QWastrocytoma,Transcriptome Profiling,miRNA Expression Quantification,534db6f5-e88d-4a56-9724-ea3a2b170dc5,88136cfd-62cc-4df3-acb0-16b8a38ef94e.mirbase21.mirnas.quantification.txt,1,1
TCGA-S9-A7QXastrocytoma,Copy Number Variation,Gene Level Copy Number,"64d014c8-b8f0-4c3d-b594-5b6ebb995f1e,85b15f33-baaf-4871-a89b-36601ba0255b,97e03ab2-6f59-4fbc-9ce8-327875e89f82","TCGA-LGG.a321b2f3-953b-4216-abcf-faca192d5047.ascat3.gene_level_copy_number.v36.tsv,TCGA-LGG.a321b2f3-953b-4216-abcf-faca192d5047.gene_level_copy_number.v36.tsv,TCGA-LGG.a321b2f3-953b-4216-abcf-faca192d5047.absolute_liftover.gene_level_copy_number.v36.tsv",3,3
TCGA-S9-A7QXastrocytoma,DNA Methylation,Methylation Beta Value,5b78a3c4-4326-4e2c-9563-809c97b7173c,a16473d0-ea0d-49a9-9d5a-1f987679c69f.methylation_array.sesame.level3betas.txt,1,1
TCGA-S9-A7QXastrocytoma,Proteome Profiling,Protein Expression Quantification,8f2429e7-7540-4eb4-8d91-ac17efec7617,TCGA-S9-A7QX-01A-21-A44C-20_RPPA_data.tsv,1,1
TCGA-S9-A7QXastrocytoma,Simple Nucleotide Variation,Masked Somatic Mutation,8a07a5f5-90c0-47de-8d4f-693ea6e9f27e,256674f3-7146-4a8b-a287-3c8cdd618d5b.wxs.aliquot_ensemble_masked.maf,1,1
TCGA-S9-A7QXastrocytoma,Transcriptome Profiling,Gene Expression Quantification,f8c2b389-824f-4b24-80cb-6a0ee9cba131,16f40678-18bd-4bd6-b6ba-5c0871b06b45.rna_seq.augmented_star_gene_counts.tsv,1,1
TCGA-S9-A7QXastrocytoma,Transcriptome Profiling,miRNA Expression Quantification,02313399-cd28-4c61-9363-4723e77b60ae,e69671d2-5a73-4d6f-a972-207a0cb13fc5.mirbase21.mirnas.quantification.txt,1,1
TCGA-S9-A7R2astrocytoma,Copy Number Variation,Gene Level Copy Number,"78c4293a-3ee0-4386-85fb-475780a700b0,9b0d844b-b003-43d6-8e7e-e44ccd2b7c01,32b8f4c2-17a5-4c7c-ae8e-70967c751972","TCGA-LGG.a5bd2a78-e5a6-42b8-8d8e-da3dbd714984.ascat3.gene_level_copy_number.v36.tsv,TCGA-LGG.a5bd2a78-e5a6-42b8-8d8e-da3dbd714984.gene_level_copy_number.v36.tsv,TCGA-LGG.a5bd2a78-e5a6-42b8-8d8e-da3dbd714984.absolute_liftover.gene_level_copy_number.v36.tsv",3,3
TCGA-S9-A7R2astrocytoma,DNA Methylation,Methylation Beta Value,eec297f3-7e9a-42cb-9e19-055ca02196da,580e478d-985d-40b4-896c-ea9ed36dc992.methylation_array.sesame.level3betas.txt,1,1
TCGA-S9-A7R2astrocytoma,Simple Nucleotide Variation,Masked Somatic Mutation,3f022ecd-57a7-441a-a290-dcbeaf062209,a76366cf-4e32-45c8-8db4-8eec07f05e11.wxs.aliquot_ensemble_masked.maf,1,1
TCGA-S9-A7R2astrocytoma,Transcriptome Profiling,Gene Expression Quantification,50f233cf-29f3-4a01-996f-8d47896c01c7,f3921234-d785-4609-8252-6af7188f0305.rna_seq.augmented_star_gene_counts.tsv,1,1
TCGA-S9-A7R2astrocytoma,Transcriptome Profiling,miRNA Expression Quantification,8ff85a4f-b318-4a1e-ad20-68cbd899b757,8de0aa6f-fcb2-4337-9e03-3a045247ecbe.mirbase21.mirnas.quantification.txt,1,1
TCGA-S9-A7R4astrocytoma,Copy Number Variation,Gene Level Copy Number,"c310d3f1-7f19-474c-99de-e86db9ecb429,095e1e9e-5780-4d9a-9607-ce4adbdd2831,ada5f481-1de4-4ed8-8160-822baae22120","TCGA-LGG.c543efa5-baad-44df-bebf-1a32dd450486.ascat3.gene_level_copy_number.v36.tsv,TCGA-LGG.c543efa5-baad-44df-bebf-1a32dd450486.gene_level_copy_number.v36.tsv,TCGA-LGG.c543efa5-baad-44df-bebf-1a32dd450486.absolute_liftover.gene_level_copy_number.v36.tsv",3,3
TCGA-S9-A7R4astrocytoma,DNA Methylation,Methylation Beta Value,cea333e6-9b40-4713-90c8-65a8265f4503,aec5e273-e30f-491d-86f2-6392bd573c2f.methylation_array.sesame.level3betas.txt,1,1
TCGA-S9-A7R4astrocytoma,Proteome Profiling,Protein Expression Quantification,09caf6d4-f906-4edc-8f2c-846302a1b674,TCGA-S9-A7R4-01A-21-A44C-20_RPPA_data.tsv,1,1
TCGA-S9-A7R4astrocytoma,Simple Nucleotide Variation,Masked Somatic Mutation,000dcbf6-d976-41a6-9086-1ee080ea6a55,46359501-e75b-4e86-af89-36b5ada5ef46.wxs.aliquot_ensemble_masked.maf,1,1
TCGA-S9-A7R4astrocytoma,Transcriptome Profiling,Gene Expression Quantification,54abae10-2c3d-4691-8d32-d60fda9daa4a,e99de328-1950-4739-a59b-e0685c45b94b.rna_seq.augmented_star_gene_counts.tsv,1,1
TCGA-S9-A7R4astrocytoma,Transcriptome Profiling,miRNA Expression Quantification,fde10455-60d7-4104-a54e-98035872f4e1,e60b8608-6122-4369-9128-8ba3c6372e4b.mirbase21.mirnas.quantification.txt,1,1
TCGA-S9-A7R8astrocytoma,Copy Number Variation,Gene Level Copy Number,"1d9bcd90-5e67-4179-8d2c-6a71e65e79d7,36ca5093-c242-4e49-aca7-925a0916de3d,ecb1b1c6-bcb4-4a91-8125-56ee4e414987","TCGA-LGG.680d2dbf-4fc2-444c-a72a-9b12ae15d036.ascat3.gene_level_copy_number.v36.tsv,TCGA-LGG.680d2dbf-4fc2-444c-a72a-9b12ae15d036.absolute_liftover.gene_level_copy_number.v36.tsv,TCGA-LGG.680d2dbf-4fc2-444c-a72a-9b12ae15d036.gene_level_copy_number.v36.tsv",3,3
TCGA-S9-A7R8astrocytoma,DNA Methylation,Methylation Beta Value,74485af3-12cc-4361-bfe2-8d7376a0b9ad,cbaf6a25-5296-4641-8134-4057536d718b.methylation_array.sesame.level3betas.txt,1,1
TCGA-S9-A7R8astrocytoma,Proteome Profiling,Protein Expression Quantification,11b33eec-a909-492d-a6ab-24f422eafd7f,TCGA-S9-A7R8-01A-21-A44C-20_RPPA_data.tsv,1,1
TCGA-S9-A7R8astrocytoma,Simple Nucleotide Variation,Masked Somatic Mutation,51fe62f9-77a2-481b-9912-8a4de10b90de,e3c57958-0c5b-4ea9-8e78-4b1f7ff7e085.wxs.aliquot_ensemble_masked.maf,1,1
TCGA-S9-A7R8astrocytoma,Transcriptome Profiling,Gene Expression Quantification,5e8d0e50-a6c9-40bb-9c83-213999e91cca,f99342a1-8e14-435b-abc2-39c738ce3eb9.rna_seq.augmented_star_gene_counts.tsv,1,1
TCGA-S9-A7R8astrocytoma,Transcriptome Profiling,miRNA Expression Quantification,eecf43f8-e5b9-4f94-80a9-b91ba7766f6d,8d946c80-2f36-4e21-902f-5f1a0a21750d.mirbase21.mirnas.quantification.txt,1,1
TCGA-S9-A89Vastrocytoma,Copy Number Variation,Gene Level Copy Number,"a29cc9c8-0bb8-442f-ac4d-bff01ed6d26a,1ae2966f-dcbd-46cb-80bf-010fcabb63de,548f2da4-6ca0-4e5d-a0a1-ead874263c24","TCGA-LGG.bede2ec1-e22d-42cd-94c7-94f2a8451258.absolute_liftover.gene_level_copy_number.v36.tsv,TCGA-LGG.bede2ec1-e22d-42cd-94c7-94f2a8451258.gene_level_copy_number.v36.tsv,TCGA-LGG.bede2ec1-e22d-42cd-94c7-94f2a8451258.ascat3.gene_level_copy_number.v36.tsv",3,3
TCGA-S9-A89Vastrocytoma,DNA Methylation,Methylation Beta Value,f0d6ac7d-9b78-4e03-826e-c61f0cacd5c0,5db9c9e9-28d3-40b3-9255-b11c580f0c05.methylation_array.sesame.level3betas.txt,1,1
TCGA-S9-A89Vastrocytoma,Simple Nucleotide Variation,Masked Somatic Mutation,136f7592-94b4-4cb0-a3a4-72bbc6ec38e8,c620f973-da7f-4c19-8f4b-f7553a46be72.wxs.aliquot_ensemble_masked.maf,1,1
TCGA-S9-A89Vastrocytoma,Transcriptome Profiling,Gene Expression Quantification,5fb4fe76-133e-4fbd-a188-12727e66e767,33b6a36c-ee07-4481-ba24-701e84afb2a0.rna_seq.augmented_star_gene_counts.tsv,1,1
TCGA-S9-A89Vastrocytoma,Transcriptome Profiling,miRNA Expression Quantification,7024b2d6-6b4b-4d39-8025-c86e4a859273,5c7a5671-d671-48da-a1e0-0e9b85dd86e0.mirbase21.mirnas.quantification.txt,1,1
TCGA-S9-A89Zastrocytoma,Copy Number Variation,Gene Level Copy Number,"42cb1f61-a1ef-4d05-8099-435089f6820e,12a59d1c-b3d5-47f5-b308-51f00ce730f4,6ef5f06f-01ad-4a07-ad8a-5042db7dda9c","TCGA-LGG.6db2a9e7-d3fe-45bd-a1e9-8e3ec617aa41.absolute_liftover.gene_level_copy_number.v36.tsv,TCGA-LGG.6db2a9e7-d3fe-45bd-a1e9-8e3ec617aa41.ascat3.gene_level_copy_number.v36.tsv,TCGA-LGG.6db2a9e7-d3fe-45bd-a1e9-8e3ec617aa41.gene_level_copy_number.v36.tsv",3,3
TCGA-S9-A89Zastrocytoma,DNA Methylation,Methylation Beta Value,c3105f04-d4d8-48df-9ab8-56cafab6081b,39f7e869-b979-45f9-9e40-f68dc725bec4.methylation_array.sesame.level3betas.txt,1,1
TCGA-S9-A89Zastrocytoma,Simple Nucleotide Variation,Masked Somatic Mutation,902a5bf1-9253-4905-8dd2-d2dd9535caf9,bef345ae-0676-4040-a5fe-5e3722834d1b.wxs.aliquot_ensemble_masked.maf,1,1
TCGA-S9-A89Zastrocytoma,Transcriptome Profiling,Gene Expression Quantification,fda3f170-c8ae-4ddc-ad87-5d4bae3715ad,b8ec05bb-5e34-4025-892d-c51ce5e32883.rna_seq.augmented_star_gene_counts.tsv,1,1
TCGA-S9-A89Zastrocytoma,Transcriptome Profiling,miRNA Expression Quantification,2adcc69a-5c67-4ac4-a820-983ee3a021a9,9be2f6dd-1d19-40ef-95ec-c338d271e162.mirbase21.mirnas.quantification.txt,1,1
TCGA-TM-A7C3astrocytoma,Copy Number Variation,Gene Level Copy Number,"3c83f0e2-27b5-4dcd-96a5-b6e50b1648a2,1343ee9c-7075-4a6e-a803-bd4ed5ab62e9,a782eda9-ebf0-449b-932f-fa08b42963b1","TCGA-LGG.f1dadf05-cdff-4900-8613-3edbd194c0bd.gene_level_copy_number.v36.tsv,TCGA-LGG.f1dadf05-cdff-4900-8613-3edbd194c0bd.absolute_liftover.gene_level_copy_number.v36.tsv,TCGA-LGG.f1dadf05-cdff-4900-8613-3edbd194c0bd.ascat3.gene_level_copy_number.v36.tsv",3,3
TCGA-TM-A7C3astrocytoma,DNA Methylation,Methylation Beta Value,5a6fe90a-dffc-4896-9da5-961f5b778507,9513bbed-66bb-412c-baf7-8f4383740800.methylation_array.sesame.level3betas.txt,1,1
TCGA-TM-A7C3astrocytoma,Simple Nucleotide Variation,Masked Somatic Mutation,7d69fd92-bf48-40c4-a6a1-f485e0fcb762,8cdfd526-e993-4cbf-b6d3-b56c0fe8b80b.wxs.aliquot_ensemble_masked.maf,1,1
TCGA-TM-A7C3astrocytoma,Transcriptome Profiling,Gene Expression Quantification,4f09e602-35f5-4ba6-baf8-3aa685247099,d7be978f-2519-4e2c-83df-0815e3e71296.rna_seq.augmented_star_gene_counts.tsv,1,1
TCGA-TM-A7C3astrocytoma,Transcriptome Profiling,miRNA Expression Quantification,3e514cc6-a455-4850-82b0-c295d3c145d2,caf103c5-7811-4997-a40d-452de6a7e034.mirbase21.mirnas.quantification.txt,1,1
TCGA-TM-A84Bastrocytoma,Copy Number Variation,Gene Level Copy Number,"9146cf80-07dd-4f2f-8c41-ffded150ee77,b2ad5e9f-d4d2-4d0e-b316-dd0fd14d439e,6db534e8-394e-4c81-84b4-ca45c09ab419","TCGA-LGG.89cbfdc9-9cbb-4283-8d09-845ec8c22ede.absolute_liftover.gene_level_copy_number.v36.tsv,TCGA-LGG.89cbfdc9-9cbb-4283-8d09-845ec8c22ede.gene_level_copy_number.v36.tsv,TCGA-LGG.89cbfdc9-9cbb-4283-8d09-845ec8c22ede.ascat3.gene_level_copy_number.v36.tsv",3,3
TCGA-TM-A84Bastrocytoma,DNA Methylation,Methylation Beta Value,05997915-62cd-4d37-9f57-00c17c4d7eea,9d442860-b054-4daa-8887-85f825e2078b.methylation_array.sesame.level3betas.txt,1,1
TCGA-TM-A84Bastrocytoma,Simple Nucleotide Variation,Masked Somatic Mutation,39245949-8030-475d-9c49-e7d8971738c6,0f69d91f-d838-47cf-899b-deb45ca7b72a.wxs.aliquot_ensemble_masked.maf,1,1
TCGA-TM-A84Bastrocytoma,Transcriptome Profiling,Gene Expression Quantification,85ae2772-c110-4bbb-a33f-e7215fed89f2,cc2aa323-62e0-40e1-b4f7-4d9d0dd026a2.rna_seq.augmented_star_gene_counts.tsv,1,1
TCGA-TM-A84Bastrocytoma,Transcriptome Profiling,miRNA Expression Quantification,1cd1d730-8daa-491f-ba08-cc7e5fca19fa,a5108463-caca-41f8-8c0c-9231737606cd.mirbase21.mirnas.quantification.txt,1,1
TCGA-TM-A84Fastrocytoma,Copy Number Variation,Gene Level Copy Number,"29ac64b7-72a3-455b-b9b1-3a68e9fbb2be,dc89add8-b80a-42e4-927b-311c5fb69587,6dd1983b-3109-4d1f-9239-58e6923e0f37","TCGA-LGG.c8091d44-c9c5-42a6-a6e6-578cbd83f09c.ascat3.gene_level_copy_number.v36.tsv,TCGA-LGG.c8091d44-c9c5-42a6-a6e6-578cbd83f09c.gene_level_copy_number.v36.tsv,TCGA-LGG.c8091d44-c9c5-42a6-a6e6-578cbd83f09c.absolute_liftover.gene_level_copy_number.v36.tsv",3,3
TCGA-TM-A84Fastrocytoma,DNA Methylation,Methylation Beta Value,56a8fab0-d78b-40eb-a974-87a5e4364bf4,d44b1eaf-6b94-4351-b8b2-47a67f86ee20.methylation_array.sesame.level3betas.txt,1,1
TCGA-TM-A84Fastrocytoma,Simple Nucleotide Variation,Masked Somatic Mutation,24a1e3fb-622f-4f61-9b68-60e6743a207a,fd05c123-3e8b-4b5c-b1c3-2f790b06e2de.wxs.aliquot_ensemble_masked.maf,1,1
TCGA-TM-A84Fastrocytoma,Transcriptome Profiling,Gene Expression Quantification,9376b978-2dfd-4a9a-a6dd-4a91d46ba9ad,814d0623-7f75-489b-9297-7b2e0f02160c.rna_seq.augmented_star_gene_counts.tsv,1,1
TCGA-TM-A84Fastrocytoma,Transcriptome Profiling,miRNA Expression Quantification,4d1359cc-acc3-41d6-bdf4-05b9f6a5c8b0,e8bf95f6-5c9d-43d0-8189-ef3cac62504e.mirbase21.mirnas.quantification.txt,1,1
TCGA-TM-A84Iastrocytoma,Copy Number Variation,Gene Level Copy Number,f8e64e1a-2371-4027-801a-27308ac55b2b,TCGA-LGG.07916b21-6798-45b8-84d3-daa46acf8fb3.absolute_liftover.gene_level_copy_number.v36.tsv,1,1
TCGA-TM-A84Iastrocytoma,DNA Methylation,Methylation Beta Value,28e1f820-9bca-46c6-b001-9a70db8b8e2f,32ecce02-73ee-4c1e-909a-09c7fe5c37cb.methylation_array.sesame.level3betas.txt,1,1
TCGA-TM-A84Iastrocytoma,Simple Nucleotide Variation,Masked Somatic Mutation,924c6ae7-0748-48bc-8efe-567b8dfc70f8,5190f848-6d8a-4755-9070-3a32de567221.wxs.aliquot_ensemble_masked.maf,1,1
TCGA-TM-A84Iastrocytoma,Transcriptome Profiling,Gene Expression Quantification,23898395-d7e4-4496-bbd3-1440bb7159ad,54ef1373-c2c2-4eed-a7b4-63ef141dd5b8.rna_seq.augmented_star_gene_counts.tsv,1,1
TCGA-TM-A84Iastrocytoma,Transcriptome Profiling,miRNA Expression Quantification,c1fc6744-7d8a-4541-87fc-bd96b0b9dc4a,eea0f3a7-8e0e-438b-aee3-ef180de00533.mirbase21.mirnas.quantification.txt,1,1
TCGA-VM-A8CDastrocytoma,Copy Number Variation,Gene Level Copy Number,"f62ddb96-3f56-40a7-a558-808560c77c97,4f8444ca-4274-4a80-b49e-13c43e61194b,21fb1a17-4d0e-44e3-bde4-a2abe25ed976","TCGA-LGG.277c58af-3cae-4335-80f3-32a728a5818d.gene_level_copy_number.v36.tsv,TCGA-LGG.277c58af-3cae-4335-80f3-32a728a5818d.absolute_liftover.gene_level_copy_number.v36.tsv,TCGA-LGG.277c58af-3cae-4335-80f3-32a728a5818d.ascat3.gene_level_copy_number.v36.tsv",3,3
TCGA-VM-A8CDastrocytoma,DNA Methylation,Methylation Beta Value,8f5a1945-ea10-41d8-804b-7d757aaca6a8,eb72c678-9e62-44a9-a65a-6580d2e252af.methylation_array.sesame.level3betas.txt,1,1
TCGA-VM-A8CDastrocytoma,Proteome Profiling,Protein Expression Quantification,4f058f46-2d7f-4c95-ba18-833205b3dac7,TCGA-VM-A8CD-01A-21-A44C-20_RPPA_data.tsv,1,1
TCGA-VM-A8CDastrocytoma,Simple Nucleotide Variation,Masked Somatic Mutation,680a7aa7-529f-4c87-8cd8-674e335beeee,603869cd-c1b1-4ef4-9928-d0f9dc177f3d.wxs.aliquot_ensemble_masked.maf,1,1
TCGA-VM-A8CDastrocytoma,Transcriptome Profiling,Gene Expression Quantification,c6276aa1-b514-4338-bd20-f3f9c0bece93,76642b1c-82e0-495b-8385-9220f5c6ba94.rna_seq.augmented_star_gene_counts.tsv,1,1
TCGA-VM-A8CDastrocytoma,Transcriptome Profiling,miRNA Expression Quantification,0992c5e2-cbad-49b9-b4f3-34b0fede05fc,861cc7ed-3b58-41dd-b49c-606f6ff7e4cb.mirbase21.mirnas.quantification.txt,1,1
TCGA-VM-A8CFastrocytoma,Copy Number Variation,Gene Level Copy Number,"1d4ae5da-4a4f-468d-9c6c-7b072981c037,5e28fc36-9f95-4b2c-837d-31a376f15f5f,1b5c582c-06ef-4972-83d1-eb352d39a050,7c23321e-ff79-4b38-a788-3d1ae0a58d3c","TCGA-LGG.2b8942c4-3cb8-49c9-8d9a-404671341722.absolute_liftover.gene_level_copy_number.v36.tsv,TCGA-LGG.2b8942c4-3cb8-49c9-8d9a-404671341722.gene_level_copy_number.v36.tsv,97403e04-d944-4de6-bc2f-fad68143d86d.wgs.ASCAT.gene_level.copy_number_variation.tsv,TCGA-LGG.2b8942c4-3cb8-49c9-8d9a-404671341722.ascat3.gene_level_copy_number.v36.tsv",4,4
TCGA-VM-A8CFastrocytoma,DNA Methylation,Methylation Beta Value,447b2e51-8bab-45f6-84f2-54e9a4b62668,ffdefd8e-53a8-4e7a-aed8-842b5699e62b.methylation_array.sesame.level3betas.txt,1,1
TCGA-VM-A8CFastrocytoma,Simple Nucleotide Variation,Masked Somatic Mutation,96c5280f-9bdd-43ef-a7a8-ed1f798a697a,a9e21751-9e50-4ac6-9805-19d90cb1b5f9.wxs.aliquot_ensemble_masked.maf,1,1
TCGA-VM-A8CFastrocytoma,Transcriptome Profiling,Gene Expression Quantification,87107154-cb0e-49b6-b472-97b2da306c42,cd79995e-2eeb-4f13-be04-866f53051b82.rna_seq.augmented_star_gene_counts.tsv,1,1
TCGA-VM-A8CFastrocytoma,Transcriptome Profiling,miRNA Expression Quantification,4415b5d6-7f74-4585-81a9-90886b1a42a6,60600025-8e7d-460d-b70d-f1b6f108458e.mirbase21.mirnas.quantification.txt,1,1
TCGA-VV-A86Mastrocytoma,Copy Number Variation,Gene Level Copy Number,"de5e2442-ff38-42a9-b078-f55bfd96168e,7409f1a8-608c-4083-a193-49450a090ccb","TCGA-LGG.9b9076a4-73c6-4128-8058-758d4592bc61.absolute_liftover.gene_level_copy_number.v36.tsv,TCGA-LGG.9b9076a4-73c6-4128-8058-758d4592bc61.gene_level_copy_number.v36.tsv",2,2
TCGA-VV-A86Mastrocytoma,DNA Methylation,Methylation Beta Value,56a1e277-7bd3-49ae-8e2b-1803f6812a03,fdba9785-fed7-4baa-a0c5-5eb2fcf54cc8.methylation_array.sesame.level3betas.txt,1,1
TCGA-VV-A86Mastrocytoma,Proteome Profiling,Protein Expression Quantification,ea2d0177-0bc6-4431-bcdd-c2af37aac92d,TCGA-VV-A86M-01A-21-A44C-20_RPPA_data.tsv,1,1
TCGA-VV-A86Mastrocytoma,Simple Nucleotide Variation,Masked Somatic Mutation,63fb0ace-29a4-45d4-b1ed-d4b0471dca44,62078fbe-f2f9-4189-b870-67b0a8f6ef88.wxs.aliquot_ensemble_masked.maf,1,1
TCGA-VV-A86Mastrocytoma,Transcriptome Profiling,Gene Expression Quantification,7cbb5d63-810b-4fc7-a31f-17882f20d5f8,d8fde571-896e-4b0e-abb3-edd3610d2a2a.rna_seq.augmented_star_gene_counts.tsv,1,1
TCGA-VV-A86Mastrocytoma,Transcriptome Profiling,miRNA Expression Quantification,fadf5601-d36f-481c-b5b5-4f3050603c75,9c0861c2-d81c-4c5b-9ae9-ab49d3af84f7.mirbase21.mirnas.quantification.txt,1,1
TCGA-VW-A8FIastrocytoma,Copy Number Variation,Gene Level Copy Number,"b0ec9d93-31d7-49fa-9b79-dbceddf76646,9e948a4d-4d2a-4daa-adfe-9819a09773dc,350cc899-05b0-47a5-9a90-30d23509e105","TCGA-LGG.9215ecfa-b487-4788-9a13-e03131445f00.gene_level_copy_number.v36.tsv,TCGA-LGG.9215ecfa-b487-4788-9a13-e03131445f00.ascat3.gene_level_copy_number.v36.tsv,TCGA-LGG.9215ecfa-b487-4788-9a13-e03131445f00.absolute_liftover.gene_level_copy_number.v36.tsv",3,3
TCGA-VW-A8FIastrocytoma,DNA Methylation,Methylation Beta Value,73f57e74-6713-4d53-826d-778fbc4fba7c,3488ee0a-d697-4f6b-b9f7-92ab7d513deb.methylation_array.sesame.level3betas.txt,1,1
TCGA-VW-A8FIastrocytoma,Simple Nucleotide Variation,Masked Somatic Mutation,c33fbaea-648f-478a-b786-444543182b1a,bd097a49-5c27-4e36-b2ec-d15ec286e66c.wxs.aliquot_ensemble_masked.maf,1,1
TCGA-VW-A8FIastrocytoma,Transcriptome Profiling,Gene Expression Quantification,640a5b45-8d37-48c4-8d78-90e848071d50,451b3ccc-14b2-4a70-bddc-67013533040d.rna_seq.augmented_star_gene_counts.tsv,1,1
TCGA-VW-A8FIastrocytoma,Transcriptome Profiling,miRNA Expression Quantification,53cc6b15-3f15-45e3-ba0e-75276d321287,09fbe8f3-1e52-4e5f-adcf-b49650d3141d.mirbase21.mirnas.quantification.txt,1,1
TCGA-WY-A858astrocytoma,Copy Number Variation,Gene Level Copy Number,"f81adab2-d51c-43b9-a5cb-469cf2fef0b9,4d1ea8b7-fcc0-411a-af99-5770213705df,679fd88b-2834-4dc3-b101-b2e2c69469c6","TCGA-LGG.f6e6971c-b4c4-4ac1-946a-40d4b37670ec.absolute_liftover.gene_level_copy_number.v36.tsv,TCGA-LGG.f6e6971c-b4c4-4ac1-946a-40d4b37670ec.gene_level_copy_number.v36.tsv,TCGA-LGG.f6e6971c-b4c4-4ac1-946a-40d4b37670ec.ascat3.gene_level_copy_number.v36.tsv",3,3
TCGA-WY-A858astrocytoma,DNA Methylation,Methylation Beta Value,d1153357-7a56-4d67-b543-271a865a7526,e5c824cc-ac0b-4e73-af23-a950c37fce72.methylation_array.sesame.level3betas.txt,1,1
TCGA-WY-A858astrocytoma,Simple Nucleotide Variation,Masked Somatic Mutation,9e20e75a-a346-40b6-ab94-7db7bf9f0432,ef6c1d11-0427-473a-bc32-9f4ed553bf61.wxs.aliquot_ensemble_masked.maf,1,1
TCGA-WY-A858astrocytoma,Transcriptome Profiling,Gene Expression Quantification,00831dfd-0859-4e24-9672-36f0d47984c6,63258e05-fab4-480e-8a21-67c0a3db17b0.rna_seq.augmented_star_gene_counts.tsv,1,1
TCGA-WY-A858astrocytoma,Transcriptome Profiling,miRNA Expression Quantification,6fbfcff5-c920-487c-814b-3c70030dfd69,111d6880-bb45-43f3-9890-2d6a06ccf163.mirbase21.mirnas.quantification.txt,1,1
