Case ID,Data Category,Data Type,file_ids,file_names,num_file_id,num_files
TCGA-02-0003tumor,Copy Number Variation,Gene Level Copy Number,"96e8cf5c-8f33-475b-985c-9cb2bfa25e7d,405a3ba7-0d4f-481b-8d65-ed6b23d79d7d,41bcf003-e456-4e9f-a57f-8862f60ef61d","TCGA-GBM.b3c11228-4473-4d24-be7c-2472f44562a0.absolute_liftover.gene_level_copy_number.v36.tsv,TCGA-GBM.b3c11228-4473-4d24-be7c-2472f44562a0.ascat3.gene_level_copy_number.v36.tsv,TCGA-GBM.b3c11228-4473-4d24-be7c-2472f44562a0.gene_level_copy_number.v36.tsv",3,3
TCGA-02-0003tumor,DNA Methylation,Methylation Beta Value,9a3c3cee-9bb1-4897-bcfa-322e7e51c4e2,34cb5861-a5b9-4094-a564-ffd6476efc83.methylation_array.sesame.level3betas.txt,1,1
TCGA-02-0003tumor,Simple Nucleotide Variation,Masked Somatic Mutation,6fd169e5-a79b-405f-8c4e-b20a03d8a4a9,149ce67d-c03d-471f-9524-41bf5288c239.wxs.aliquot_ensemble_masked.maf,1,1
TCGA-02-0003tumor,Transcriptome Profiling,Gene Expression Quantification,75d67809-394d-4146-8c4a-fd4f558b1df2,dc528d13-8cd7-475f-a1c5-d710b36199bb.rna_seq.augmented_star_gene_counts.tsv,1,1
TCGA-02-0003tumor,Transcriptome Profiling,miRNA Expression Quantification,afc23e28-841b-4694-9015-f155a94dd8bf,74339219-bdb2-4539-9a43-794046439f50.mirnaseq.mirnas.quantification.txt,1,1
TCGA-02-0033tumor,Copy Number Variation,Gene Level Copy Number,"df0b16c2-63ca-47e5-88b9-be1d4eaa8c10,4e084d73-5976-428a-bcc3-46f81c97d45b,25a2ab41-ae7f-47e5-91d6-00da213e43bb","TCGA-GBM.4f30c598-8b39-49df-a5ae-1d07f6818c4a.absolute_liftover.gene_level_copy_number.v36.tsv,TCGA-GBM.4f30c598-8b39-49df-a5ae-1d07f6818c4a.ascat3.gene_level_copy_number.v36.tsv,TCGA-GBM.4f30c598-8b39-49df-a5ae-1d07f6818c4a.gene_level_copy_number.v36.tsv",3,3
TCGA-02-0033tumor,DNA Methylation,Methylation Beta Value,e0209398-994c-47b8-b1ae-fc5114f036df,d1497e1a-0a36-4944-8ca9-1dfadce29cfe.methylation_array.sesame.level3betas.txt,1,1
TCGA-02-0033tumor,Simple Nucleotide Variation,Masked Somatic Mutation,a84008d1-f3b6-43f3-b60a-52c13c6bc4bb,04da0baa-6e34-4d1a-98e2-847d1c4a4bb8.wxs.aliquot_ensemble_masked.maf,1,1
TCGA-02-0033tumor,Transcriptome Profiling,Gene Expression Quantification,6b7ab5c5-620a-4cc3-a6dc-69e4aa8ac3f0,96b6c0a1-365f-435a-83ed-119a81e95cd8.rna_seq.augmented_star_gene_counts.tsv,1,1
TCGA-02-0033tumor,Transcriptome Profiling,miRNA Expression Quantification,1047e552-6754-4aa1-912c-d9734a379c58,1614b527-7a82-4df8-bdad-7c665d32e10e.mirnaseq.mirnas.quantification.txt,1,1
TCGA-02-0047tumor,Copy Number Variation,Gene Level Copy Number,"0cc0bfc4-4168-4690-8892-f02362dce48b,bb041d51-b65b-4295-8b62-aac21d5f2010,328ea458-9a39-4c35-9ee5-406c5b8a07ed","TCGA-GBM.9eaedc0c-dcb8-4140-a150-0e32d4b50cfe.ascat3.gene_level_copy_number.v36.tsv,TCGA-GBM.9eaedc0c-dcb8-4140-a150-0e32d4b50cfe.absolute_liftover.gene_level_copy_number.v36.tsv,TCGA-GBM.9eaedc0c-dcb8-4140-a150-0e32d4b50cfe.gene_level_copy_number.v36.tsv",3,3
TCGA-02-0047tumor,DNA Methylation,Methylation Beta Value,6587bdc3-779e-4fa9-8e2e-aee332e3b675,6aceb16e-2157-4e6d-b01a-035edac0f3f0.methylation_array.sesame.level3betas.txt,1,1
TCGA-02-0047tumor,Simple Nucleotide Variation,Masked Somatic Mutation,9bfc590f-8fd6-4a9c-88e0-081d7fafef44,c802335e-281f-4c11-8588-29dc04bf3527.wxs.aliquot_ensemble_masked.maf,1,1
TCGA-02-0047tumor,Transcriptome Profiling,Gene Expression Quantification,"9d155818-9683-4142-8808-2512e111f15a,6835ae68-2f18-4239-ac8c-6a8291101e45","4ebf51c8-f12e-4c83-9bba-414e5ba20e7c.rna_seq.augmented_star_gene_counts.tsv,a4e0b059-6e1e-4e90-b55a-4e043e6ed051.rna_seq.augmented_star_gene_counts.tsv",2,2
TCGA-02-0047tumor,Transcriptome Profiling,miRNA Expression Quantification,1873d6f8-ddaf-45c5-aec5-680ad20ddaaf,15202081-4f11-4bd9-8def-f8f193b8e57f.mirnaseq.mirnas.quantification.txt,1,1
TCGA-02-0055tumor,Copy Number Variation,Gene Level Copy Number,"598d103c-8885-44b5-99dd-b3e7f9b71407,e6872096-d69f-42a6-b218-54446486079d,2ec90cd0-f97b-4400-bbee-4c2195a664f1","TCGA-GBM.3632db23-8431-4291-97f1-ed8f399dc3e7.absolute_liftover.gene_level_copy_number.v36.tsv,TCGA-GBM.3632db23-8431-4291-97f1-ed8f399dc3e7.gene_level_copy_number.v36.tsv,TCGA-GBM.3632db23-8431-4291-97f1-ed8f399dc3e7.ascat3.gene_level_copy_number.v36.tsv",3,3
TCGA-02-0055tumor,DNA Methylation,Methylation Beta Value,4322eb77-fe07-4a04-a4f0-a0686c8a76f1,6512ecfb-7762-4deb-bf0a-83f3fb10bdd1.methylation_array.sesame.level3betas.txt,1,1
TCGA-02-0055tumor,Simple Nucleotide Variation,Masked Somatic Mutation,d768978e-7ff1-4324-89ef-f39018a3cfae,e1d1044b-db2b-464c-988f-5cb83e6b7ff3.wxs.aliquot_ensemble_masked.maf,1,1
TCGA-02-0055tumor,Transcriptome Profiling,Gene Expression Quantification,"cadd9094-eb64-401c-9fd1-43db4cc9360a,e0da1f5a-658e-44b0-a503-98925dd332e0","c1095377-3814-4ab9-a979-1e4c116c2f22.rna_seq.augmented_star_gene_counts.tsv,328b149f-1c8d-4350-8ed8-a666bdc6a3f9.rna_seq.augmented_star_gene_counts.tsv",2,2
TCGA-02-0055tumor,Transcriptome Profiling,miRNA Expression Quantification,b6bffea5-1d60-4e17-b50f-e4b8312abbd5,60119079-82b9-4e86-90a4-cfd05c2b883a.mirnaseq.mirnas.quantification.txt,1,1
TCGA-02-2466tumor,Copy Number Variation,Gene Level Copy Number,"4eec66e5-a45d-43d0-8d8c-82ed8cd5e075,ca1ee4eb-84be-4ce3-b365-5f31e25e0cb6,b951c0da-f12f-4a61-b0b5-48bd65d9c27e","TCGA-GBM.e5d8bb0e-a65e-4497-8b01-2c4b1799d8a1.ascat3.gene_level_copy_number.v36.tsv,TCGA-GBM.e5d8bb0e-a65e-4497-8b01-2c4b1799d8a1.gene_level_copy_number.v36.tsv,TCGA-GBM.e5d8bb0e-a65e-4497-8b01-2c4b1799d8a1.absolute_liftover.gene_level_copy_number.v36.tsv",3,3
TCGA-02-2466tumor,DNA Methylation,Methylation Beta Value,2663b8bd-7b9e-4629-a2ae-ce4f00f4e92d,23c18107-a9c2-48f8-93df-80f16e466086.methylation_array.sesame.level3betas.txt,1,1
TCGA-02-2466tumor,Simple Nucleotide Variation,Masked Somatic Mutation,2c443cf0-f68e-475c-b068-468b8373ec05,5f18c1ca-c48e-45f9-bdd3-2e4a6a20ef07.wxs.aliquot_ensemble_masked.maf,1,1
TCGA-02-2466tumor,Transcriptome Profiling,Gene Expression Quantification,0f5edda3-5b39-48be-a2c7-6c495b49c249,c5181f1f-9968-47c1-a2ae-77c3f83e21bd.rna_seq.augmented_star_gene_counts.tsv,1,1
TCGA-02-2466tumor,Transcriptome Profiling,miRNA Expression Quantification,9de504b1-faf4-4034-b0c5-601c449719a6,0a40a424-a130-41f5-ace2-0399be93babe.mirnaseq.mirnas.quantification.txt,1,1
TCGA-02-2470tumor,Copy Number Variation,Gene Level Copy Number,"0f686ab3-7184-4286-840d-a3bda949dad8,9a686968-2e67-49a4-850b-e823bbeea674,c1e63a32-7fed-460a-abe5-77847624dc41","TCGA-GBM.97e9e20e-47b0-4300-8b86-ff736bfff466.gene_level_copy_number.v36.tsv,TCGA-GBM.97e9e20e-47b0-4300-8b86-ff736bfff466.ascat3.gene_level_copy_number.v36.tsv,TCGA-GBM.97e9e20e-47b0-4300-8b86-ff736bfff466.absolute_liftover.gene_level_copy_number.v36.tsv",3,3
TCGA-02-2470tumor,DNA Methylation,Methylation Beta Value,6ae18999-8120-49e1-8ecf-df42749a9d7a,691dbafd-0e3f-4ffc-ac1f-35f4de21270c.methylation_array.sesame.level3betas.txt,1,1
TCGA-02-2470tumor,Simple Nucleotide Variation,Masked Somatic Mutation,"39bc8e0a-7e9d-4d5e-b0cc-3c3a5d3cba6d,a1b4de36-90e2-45b4-b4b7-7df6cce21def","cddd8169-648d-4a7d-af2f-ad2a893b0f1d.wxs.aliquot_ensemble_masked.maf,49f1e85c-bf64-427e-9ddb-cc1b405745e1.wxs.aliquot_ensemble_masked.maf",2,2
TCGA-02-2470tumor,Transcriptome Profiling,Gene Expression Quantification,8a3b0191-d125-40ad-9811-c412b6329ab8,2d9df1f6-8588-41a5-ac9c-e4034726b796.rna_seq.augmented_star_gene_counts.tsv,1,1
TCGA-02-2470tumor,Transcriptome Profiling,miRNA Expression Quantification,23f834e8-9bc3-4c45-925f-c6d5a32a720e,92ad2f96-e025-4929-90e2-8ae5c22cc37a.mirnaseq.mirnas.quantification.txt,1,1
TCGA-02-2483tumor,Copy Number Variation,Gene Level Copy Number,"40cdfb68-eafb-4aa5-8c29-1011fe1a761b,9b905c97-69a8-4600-bbed-d596f8ca08b2,60f837fc-8d23-4120-a812-94b7e941e725","TCGA-GBM.e617c7e5-3903-4716-85c6-f51fdb81786b.ascat3.gene_level_copy_number.v36.tsv,TCGA-GBM.e617c7e5-3903-4716-85c6-f51fdb81786b.gene_level_copy_number.v36.tsv,TCGA-GBM.e617c7e5-3903-4716-85c6-f51fdb81786b.absolute_liftover.gene_level_copy_number.v36.tsv",3,3
TCGA-02-2483tumor,DNA Methylation,Methylation Beta Value,10bc3274-1cce-4fea-860c-1b1ea8fa3400,82da608d-2378-4b3b-8db5-8f30bd2eec13.methylation_array.sesame.level3betas.txt,1,1
TCGA-02-2483tumor,Simple Nucleotide Variation,Masked Somatic Mutation,7682e0ce-e404-4c3e-acd2-126d5c7f57e9,c9d5be77-a14a-45ac-ac76-ac7e74e07c0c.wxs.aliquot_ensemble_masked.maf,1,1
TCGA-02-2483tumor,Transcriptome Profiling,Gene Expression Quantification,"5fcd9276-cf0e-4b88-bf8b-efdac7a2defa,170ed38a-fdce-4c28-a8ed-982d6a21add0","e0497b17-99ef-4d0b-afc9-9fcd5769baaa.rna_seq.augmented_star_gene_counts.tsv,9e09a872-f5f7-4cc1-bb08-07045fcd0c28.rna_seq.augmented_star_gene_counts.tsv",2,2
TCGA-02-2483tumor,Transcriptome Profiling,miRNA Expression Quantification,d8a1648c-9aba-45f2-9315-d6c6e8d2573f,3b180d7d-d100-45cc-b4e0-108d3aca1dae.mirnaseq.mirnas.quantification.txt,1,1
TCGA-02-2485tumor,Copy Number Variation,Gene Level Copy Number,"b9152974-da68-4125-af45-38dc27830265,0ae4a153-71d2-4018-993e-b872528ee954,b58a4d5f-0531-40cc-9754-69e4cac51e1c","TCGA-GBM.311a1dd5-a907-44c1-902b-3fc64c3f1a81.gene_level_copy_number.v36.tsv,TCGA-GBM.311a1dd5-a907-44c1-902b-3fc64c3f1a81.absolute_liftover.gene_level_copy_number.v36.tsv,TCGA-GBM.311a1dd5-a907-44c1-902b-3fc64c3f1a81.ascat3.gene_level_copy_number.v36.tsv",3,3
TCGA-02-2485tumor,DNA Methylation,Methylation Beta Value,af0a1e7f-795b-4f0f-8b4a-92aac941af27,e234df16-8669-4cc3-b316-dc23f1bf2121.methylation_array.sesame.level3betas.txt,1,1
TCGA-02-2485tumor,Simple Nucleotide Variation,Masked Somatic Mutation,"67fe3e80-70c3-4452-a3d7-0851e010ed9e,6f560343-1ad3-4e32-a581-a6871b6fa612","8c1abd20-3357-4046-8f6f-93be3d8adb45.wxs.aliquot_ensemble_masked.maf,881e986e-bb7f-44a3-8b93-9c709f51c8cb.wxs.aliquot_ensemble_masked.maf",2,2
TCGA-02-2485tumor,Transcriptome Profiling,Gene Expression Quantification,"d396a727-e500-412a-86c7-35a3350b2353,67d9092b-ae85-4687-b092-3012dbfab47a","a6d109ab-c352-463e-a786-ea1ad30f78cf.rna_seq.augmented_star_gene_counts.tsv,51cf388b-effc-44bd-bd78-5b25878561a2.rna_seq.augmented_star_gene_counts.tsv",2,2
TCGA-02-2485tumor,Transcriptome Profiling,miRNA Expression Quantification,f6cb4b62-be46-4902-bae9-e0267fd95c92,8752a12a-e0b0-4abe-93c5-f9462408d88d.mirnaseq.mirnas.quantification.txt,1,1
TCGA-02-2486tumor,Copy Number Variation,Gene Level Copy Number,"e20ed30d-e287-43bd-a6ce-a36f3f965aaa,b6acdd41-08b4-42f1-b3e0-dc599ceff5bd,f9e3a7f6-2241-4d33-8afe-3f27d5cb646d","TCGA-GBM.74715f2b-fabc-4b3a-9819-aae6dcde8d3c.absolute_liftover.gene_level_copy_number.v36.tsv,TCGA-GBM.74715f2b-fabc-4b3a-9819-aae6dcde8d3c.gene_level_copy_number.v36.tsv,TCGA-GBM.74715f2b-fabc-4b3a-9819-aae6dcde8d3c.ascat3.gene_level_copy_number.v36.tsv",3,3
TCGA-02-2486tumor,DNA Methylation,Methylation Beta Value,cdb82937-7f7a-4f51-bcbe-510f853c72ec,f97cc48f-b507-4699-9613-c4f58bb07fb5.methylation_array.sesame.level3betas.txt,1,1
TCGA-02-2486tumor,Simple Nucleotide Variation,Masked Somatic Mutation,"6687e812-0842-4985-aaec-25be8f0582f4,523e6728-6954-4f10-9ca3-2beb93a00eaa","28ce041c-ecad-4ddc-8fd5-0de51da142f6.wxs.aliquot_ensemble_masked.maf,f6fdd908-5766-405d-a125-7cbf2eae47fa.wxs.aliquot_ensemble_masked.maf",2,2
TCGA-02-2486tumor,Transcriptome Profiling,Gene Expression Quantification,f241eee0-28ea-4700-ba91-d3d50c2f7e48,051dc36f-47e2-4d77-b9b9-c5f2d315f5f3.rna_seq.augmented_star_gene_counts.tsv,1,1
TCGA-02-2486tumor,Transcriptome Profiling,miRNA Expression Quantification,365cdd8e-c950-4c9e-9b70-2477b0226dc0,4cd120f3-5c7f-40da-8ae9-bfe9f0a48c90.mirnaseq.mirnas.quantification.txt,1,1
TCGA-06-0119tumor,Copy Number Variation,Gene Level Copy Number,"d9b7bce6-88b4-4e25-9514-8f3ef7aae7b9,8ded2263-b5cd-4f3e-afa9-d957c38be5d6,1ea287b8-e227-45ca-98ab-68667dc8e3a4","TCGA-GBM.1cfc8eff-42b0-48a3-8f96-907651dcbe31.absolute_liftover.gene_level_copy_number.v36.tsv,TCGA-GBM.1cfc8eff-42b0-48a3-8f96-907651dcbe31.ascat3.gene_level_copy_number.v36.tsv,TCGA-GBM.1cfc8eff-42b0-48a3-8f96-907651dcbe31.gene_level_copy_number.v36.tsv",3,3
TCGA-06-0119tumor,DNA Methylation,Methylation Beta Value,3b097ac9-5386-4f8c-b9a8-a03c3606144b,334b28be-6f05-4e9f-8dd4-903e13beb2fe.methylation_array.sesame.level3betas.txt,1,1
TCGA-06-0119tumor,Simple Nucleotide Variation,Masked Somatic Mutation,712ed64e-c763-4741-8fdc-a0b0f5c542fe,7dff16bc-b2cf-4b74-83b2-d89c442c28c8.wxs.aliquot_ensemble_masked.maf,1,1
TCGA-06-0122tumor,Copy Number Variation,Gene Level Copy Number,"16925388-88a8-44f9-a2b7-274411329be6,6c7c79e8-75a4-40b0-a1ac-eaa96060f857,3b1903a9-d7c8-4e50-afc4-2fbb857d2952,c0571e37-2454-4932-92f2-35de8ecb2b59","TCGA-GBM.0674a285-6af2-4476-b50f-92a437b052b9.gene_level_copy_number.v36.tsv,TCGA-GBM.0674a285-6af2-4476-b50f-92a437b052b9.absolute_liftover.gene_level_copy_number.v36.tsv,TCGA-GBM.0674a285-6af2-4476-b50f-92a437b052b9.ascat3.gene_level_copy_number.v36.tsv,TCGA-GBM.d86d6d98-3a78-42bc-83e8-976f954e9c46.gene_level_copy_number.v36.tsv",4,4
TCGA-06-0122tumor,DNA Methylation,Methylation Beta Value,a672a8f9-f179-4a43-9c42-b85c1e95d164,bacde718-806a-4ca1-853e-e76b5329d69d.methylation_array.sesame.level3betas.txt,1,1
TCGA-06-0122tumor,Simple Nucleotide Variation,Masked Somatic Mutation,1b66b4e6-95bd-43f7-a45d-84e0b2a1e8a0,dfa08419-6553-4536-91b2-786a6f6266c6.wxs.aliquot_ensemble_masked.maf,1,1
TCGA-06-0122tumor,Transcriptome Profiling,miRNA Expression Quantification,efb89e38-331f-492d-bca1-1aa25d5b0a1c,0c2ec8d7-f76f-4b61-83c4-f9cb7a885c91.mirnaseq.mirnas.quantification.txt,1,1
TCGA-06-0124tumor,Copy Number Variation,Gene Level Copy Number,"d7a03463-b4ee-4ac4-adee-3ce5e686bd3e,869d7c24-acf5-4314-b3c4-1b32a4bba85c,86573015-22a6-482d-97b0-dc07f961651e,d2943746-3e1c-4917-8e15-f204de157379","TCGA-GBM.5402f832-b7d3-4a86-9626-2a0fcf5b173f.absolute_liftover.gene_level_copy_number.v36.tsv,TCGA-GBM.5402f832-b7d3-4a86-9626-2a0fcf5b173f.gene_level_copy_number.v36.tsv,TCGA-GBM.1320140b-2dfe-42f6-b369-0a5725bd6492.ascat3.gene_level_copy_number.v36.tsv,TCGA-GBM.1320140b-2dfe-42f6-b369-0a5725bd6492.gene_level_copy_number.v36.tsv",4,4
TCGA-06-0124tumor,DNA Methylation,Methylation Beta Value,b9f26aaa-bc5d-41ad-9c59-61728d39ce40,38ce0c14-a11c-4635-ae10-036072f41730.methylation_array.sesame.level3betas.txt,1,1
TCGA-06-0124tumor,Simple Nucleotide Variation,Masked Somatic Mutation,f4840a9e-4c0d-4aff-9d39-7e646868ef4f,b0945cae-8fc7-47ea-9b5e-d219efdbaf08.wxs.aliquot_ensemble_masked.maf,1,1
TCGA-06-0124tumor,Transcriptome Profiling,miRNA Expression Quantification,a6c72cfc-1333-4686-94a9-fd03a34d8670,7306452d-7c76-4152-b953-8c63d4a8801c.mirnaseq.mirnas.quantification.txt,1,1
TCGA-06-0125tumor,Copy Number Variation,Gene Level Copy Number,"bee8825c-a3f3-4021-9286-860fde4b0178,2ca04ceb-c00c-44b2-b8e8-5eec78189f5f,67c7ee56-4a78-4200-9a7c-a665923d95a7,f1db63ea-4daa-486b-bdfc-f66da4ed2b5f,0f9afa4a-52bc-4d7c-aec9-0cdf0339badf,aca644cd-aed6-4f73-bf45-825cc8153a72","TCGA-GBM.7478d4b4-ad47-4a36-b607-0ff7414a0eee.gene_level_copy_number.v36.tsv,TCGA-GBM.83ce717f-a6ed-43af-82b1-417df9aba12c.gene_level_copy_number.v36.tsv,TCGA-GBM.7478d4b4-ad47-4a36-b607-0ff7414a0eee.ascat3.gene_level_copy_number.v36.tsv,TCGA-GBM.54393a0b-8fcd-4100-b0df-f05d00797884.gene_level_copy_number.v36.tsv,TCGA-GBM.83ce717f-a6ed-43af-82b1-417df9aba12c.absolute_liftover.gene_level_copy_number.v36.tsv,TCGA-GBM.54393a0b-8fcd-4100-b0df-f05d00797884.absolute_liftover.gene_level_copy_number.v36.tsv",6,6
TCGA-06-0125tumor,DNA Methylation,Methylation Beta Value,"7a850cc8-b8d0-4e0d-8945-b4e9ad5bed67,b595ae75-8bf8-4760-b4a3-a488c62b73ec,408cb2a0-d4c8-4f22-815c-f3fd9c7553a5","bf0e1f52-34c7-4f96-b5a0-65bf285a309f.methylation_array.sesame.level3betas.txt,8fe412c5-fcc5-40ce-9fc8-9fd918ca6736.methylation_array.sesame.level3betas.txt,e78565c0-3d3c-4982-9283-7ea032803a67.methylation_array.sesame.level3betas.txt",3,3
TCGA-06-0125tumor,Simple Nucleotide Variation,Masked Somatic Mutation,"94b019d9-8165-4c00-a5db-8cbc5f8bd4d2,b55319e9-2dd7-4ef4-803f-6e2651cc5299","54ac8e1e-3c09-4882-8a3e-43807599064f.wxs.aliquot_ensemble_masked.maf,55f1e904-718d-4ad3-aef3-e73f2fa1c3f4.wxs.aliquot_ensemble_masked.maf",2,2
TCGA-06-0125tumor,Transcriptome Profiling,Gene Expression Quantification,"6827c4ab-4d67-41a3-9e37-b540f5d7c703,354c79ce-261d-4543-8868-3eee6d7455b7,4c8938ac-74ea-46f3-af36-8aa38d01e380","e1757a20-2d6f-4aee-bafb-804302b448ea.rna_seq.augmented_star_gene_counts.tsv,9c6e0acf-3b58-4c3f-99f1-460b0aa68693.rna_seq.augmented_star_gene_counts.tsv,a01b2990-48f1-4513-8438-df7d1c39b51f.rna_seq.augmented_star_gene_counts.tsv",3,3
TCGA-06-0125tumor,Transcriptome Profiling,miRNA Expression Quantification,e833cccf-995e-49a1-a508-98357c64a6c5,95b35310-79d7-4b98-a2e4-dbc37bb62c57.mirnaseq.mirnas.quantification.txt,1,1
TCGA-06-0126tumor,Copy Number Variation,Gene Level Copy Number,"833f542a-09cd-48ce-be5f-d35f616b13a8,0026698a-1fa7-4fa9-9898-2e54590cc25a,b1aa1339-4dda-49e7-baef-d5db9ac3fa5a,73011acd-d5fd-4574-a4ab-edd5de91e3b9","TCGA-GBM.25517328-4dae-4530-b829-8bb4a924e28a.ascat3.gene_level_copy_number.v36.tsv,TCGA-GBM.25517328-4dae-4530-b829-8bb4a924e28a.gene_level_copy_number.v36.tsv,TCGA-GBM.35d655d5-ef75-4b13-a90f-ddf0df7d4f38.gene_level_copy_number.v36.tsv,TCGA-GBM.25517328-4dae-4530-b829-8bb4a924e28a.absolute_liftover.gene_level_copy_number.v36.tsv",4,4
TCGA-06-0126tumor,DNA Methylation,Methylation Beta Value,1aa56c80-8c81-4c5e-9c23-a4ec22948637,8c2e947c-474a-4b0f-adc7-ec304b79060d.methylation_array.sesame.level3betas.txt,1,1
TCGA-06-0126tumor,Simple Nucleotide Variation,Masked Somatic Mutation,444e14e0-a6fd-494e-bbcd-22dc1c676158,a5db12b9-5a42-49c3-82f0-ef4f8f3bf5a8.wxs.aliquot_ensemble_masked.maf,1,1
TCGA-06-0126tumor,Transcriptome Profiling,miRNA Expression Quantification,af1dc692-e53d-434a-af51-0c36cf45cbbc,8be39d84-2d11-4141-8443-ce18ef8056d3.mirnaseq.mirnas.quantification.txt,1,1
TCGA-06-0128tumor,Copy Number Variation,Gene Level Copy Number,"01155f35-eef1-47a4-baf5-82764d094fd6,3835627e-fcbb-4e40-b4b5-44afc82ac773,cdb249fb-533c-40c1-997d-ef8b729735cc,3bef823e-dbc2-4ab9-a15e-f957f7b5c3dd","TCGA-GBM.16bf7fbd-6fdb-4056-a809-cf11341eef59.ascat3.gene_level_copy_number.v36.tsv,TCGA-GBM.e2c988a5-4d1f-425b-88a7-103d4413424e.gene_level_copy_number.v36.tsv,TCGA-GBM.e2c988a5-4d1f-425b-88a7-103d4413424e.absolute_liftover.gene_level_copy_number.v36.tsv,TCGA-GBM.16bf7fbd-6fdb-4056-a809-cf11341eef59.gene_level_copy_number.v36.tsv",4,4
TCGA-06-0128tumor,DNA Methylation,Methylation Beta Value,253b2e10-a16a-4a6f-87d2-aacdad2ef723,4f017ae4-6e92-4a72-aaae-052931652e96.methylation_array.sesame.level3betas.txt,1,1
TCGA-06-0128tumor,Simple Nucleotide Variation,Masked Somatic Mutation,884d91e4-587c-404b-8464-5ff48cf943ec,4471b40f-cb1e-4abe-be3d-d59340ff3fed.wxs.aliquot_ensemble_masked.maf,1,1
TCGA-06-0128tumor,Transcriptome Profiling,miRNA Expression Quantification,2eec79ad-99ae-4481-bd31-6eeb925e90ba,7d2246ac-116d-4c3b-86e5-f3c03ca098e1.mirnaseq.mirnas.quantification.txt,1,1
TCGA-06-0129tumor,Copy Number Variation,Gene Level Copy Number,"9b4d7cb2-e41b-4808-82d4-84617d47acae,bc64fb8b-9f3c-4560-9300-bb62379c1401,91207ed8-e3c3-4aaf-9f2c-5afd7027dea7,01fc87db-d40c-4308-93cb-592e8e3c76be","TCGA-GBM.b211db7a-e9e4-44d5-a225-82dbcd049bcd.gene_level_copy_number.v36.tsv,TCGA-GBM.b211db7a-e9e4-44d5-a225-82dbcd049bcd.ascat3.gene_level_copy_number.v36.tsv,TCGA-GBM.15bd4300-4dbe-4c75-af7d-1eb8a46b3303.gene_level_copy_number.v36.tsv,TCGA-GBM.15bd4300-4dbe-4c75-af7d-1eb8a46b3303.absolute_liftover.gene_level_copy_number.v36.tsv",4,4
TCGA-06-0129tumor,DNA Methylation,Methylation Beta Value,0e58eca9-da13-4ad2-af16-5cf20e4c7fa9,115cd4f0-1d86-437e-9672-a2d8cfa08ae9.methylation_array.sesame.level3betas.txt,1,1
TCGA-06-0129tumor,Simple Nucleotide Variation,Masked Somatic Mutation,1b777c6b-074a-4d01-bd19-7dfe0b41a7c0,e965abed-b614-45b1-82fd-d965b61ebba3.wxs.aliquot_ensemble_masked.maf,1,1
TCGA-06-0129tumor,Transcriptome Profiling,Gene Expression Quantification,819b706a-5f79-47b3-963c-72e445b7c9b5,c45fcca1-63ec-40f6-bd58-558a002f5b36.rna_seq.augmented_star_gene_counts.tsv,1,1
TCGA-06-0129tumor,Transcriptome Profiling,miRNA Expression Quantification,85fb7bd2-f4de-4cbe-ba09-6c68d9eba909,6ff01067-7439-467c-ac6d-f84fad3eead5.mirnaseq.mirnas.quantification.txt,1,1
TCGA-06-0130tumor,Copy Number Variation,Gene Level Copy Number,"4af0bf75-57bf-4cb8-b8fe-ce620c1c6e2b,2e55a854-69c8-4407-9786-5b02abce4c74,c20531c0-b0c8-4a7e-8c66-362219408263,c1629a2f-5d4a-4602-9c91-bb49ce1b7116","TCGA-GBM.0c84111c-b25f-477c-9fb5-7f6057fe5223.gene_level_copy_number.v36.tsv,TCGA-GBM.d9fc7b42-ce16-431d-9f68-3abb664e618d.ascat3.gene_level_copy_number.v36.tsv,TCGA-GBM.d9fc7b42-ce16-431d-9f68-3abb664e618d.gene_level_copy_number.v36.tsv,TCGA-GBM.d9fc7b42-ce16-431d-9f68-3abb664e618d.absolute_liftover.gene_level_copy_number.v36.tsv",4,4
TCGA-06-0130tumor,DNA Methylation,Methylation Beta Value,c619ef57-a6f4-41e2-8aac-266ab21f1cb3,7b8d5379-f180-4566-9085-609a7e392bc9.methylation_array.sesame.level3betas.txt,1,1
TCGA-06-0130tumor,Simple Nucleotide Variation,Masked Somatic Mutation,966b6c18-c83e-4400-8b65-a6025b6dbbaa,2e4fc4e1-5544-4d41-9bc3-e3beb402fb08.wxs.aliquot_ensemble_masked.maf,1,1
TCGA-06-0130tumor,Transcriptome Profiling,Gene Expression Quantification,b2bfc3b2-5c31-47aa-b008-5b959d0f8b0a,7d1ba30d-6d00-479f-8ae9-f818c56ba9c5.rna_seq.augmented_star_gene_counts.tsv,1,1
TCGA-06-0130tumor,Transcriptome Profiling,miRNA Expression Quantification,312c4b4e-635d-4dd6-bc06-fe1af9e7f761,02e955a3-525d-440c-a62f-f87149c2f5f7.mirnaseq.mirnas.quantification.txt,1,1
TCGA-06-0132tumor,Copy Number Variation,Gene Level Copy Number,"488d3f45-a220-47ba-823d-02615681ff3a,b935ce77-a479-41bd-8bde-758dd286f355,b58c61e4-f03c-497a-b3e2-5cdcf92cfef2","TCGA-GBM.28887e9e-0f53-4240-a1d8-93bab59cfc4a.absolute_liftover.gene_level_copy_number.v36.tsv,TCGA-GBM.28887e9e-0f53-4240-a1d8-93bab59cfc4a.ascat3.gene_level_copy_number.v36.tsv,TCGA-GBM.28887e9e-0f53-4240-a1d8-93bab59cfc4a.gene_level_copy_number.v36.tsv",3,3
TCGA-06-0132tumor,Simple Nucleotide Variation,Masked Somatic Mutation,3f70a963-4852-4ee0-87e4-71046603b63d,f7ee9e65-3450-4121-858c-9c2901f20603.wxs.aliquot_ensemble_masked.maf,1,1
TCGA-06-0132tumor,Transcriptome Profiling,Gene Expression Quantification,"50131614-6680-40a9-a26f-b69741146c8c,69d44ffd-6b61-487d-b4c7-5808913f671c","04b6d829-b031-4d9b-99cd-7f9007227edd.rna_seq.augmented_star_gene_counts.tsv,ceb8abb5-067a-475c-99b2-128d66267b3f.rna_seq.augmented_star_gene_counts.tsv",2,2
TCGA-06-0132tumor,Transcriptome Profiling,miRNA Expression Quantification,d46e5098-2a7d-43a6-8cd5-0135b2741abc,636d595e-f414-453b-b2f3-dddd18c5698c.mirnaseq.mirnas.quantification.txt,1,1
TCGA-06-0137tumor,Copy Number Variation,Gene Level Copy Number,"89d82817-cc99-400f-87a2-5c5c4f960db1,cc2d40dd-4e59-45bf-980a-ca136178228e,b33a9fd2-285b-4eac-85dc-418a3964b638","TCGA-GBM.9343e7e1-7a8b-4cd5-99fb-b911f4551fe9.ascat3.gene_level_copy_number.v36.tsv,TCGA-GBM.9343e7e1-7a8b-4cd5-99fb-b911f4551fe9.gene_level_copy_number.v36.tsv,TCGA-GBM.9343e7e1-7a8b-4cd5-99fb-b911f4551fe9.absolute_liftover.gene_level_copy_number.v36.tsv",3,3
TCGA-06-0137tumor,DNA Methylation,Methylation Beta Value,"10277550-9afe-4760-8313-3c9259f0f246,c5d5f671-b1d8-42f8-8a96-389bc8c18379,03f8710b-b28a-4425-980e-834885c940dc,a46921a6-9a5b-429e-bb06-ae74c17ca7a8","7237c71d-f7fa-4787-86eb-a27a1228bb5c.methylation_array.sesame.level3betas.txt,ea41bded-1f57-4df9-aa32-955a17d7045a.methylation_array.sesame.level3betas.txt,49105f7f-49e0-48ac-93d1-c1713ee88d22.methylation_array.sesame.level3betas.txt,38066883-b8bf-4659-96d0-66b2afe2f94f.methylation_array.sesame.level3betas.txt",4,4
TCGA-06-0137tumor,Simple Nucleotide Variation,Masked Somatic Mutation,768ad713-cad3-4fbf-84b6-41974aabb872,85e9d806-e394-44b5-afe9-93f7d17d17f5.wxs.aliquot_ensemble_masked.maf,1,1
TCGA-06-0137tumor,Transcriptome Profiling,miRNA Expression Quantification,fd242dd4-5666-4b4f-b5aa-08cdc0f4528b,f33a2321-5181-4a16-a489-edbfc01c4aef.mirnaseq.mirnas.quantification.txt,1,1
TCGA-06-0139tumor,Copy Number Variation,Gene Level Copy Number,"eaee494a-61ef-4e66-b536-2a4f5f310c5d,674afbf8-ae8e-4122-bed2-2aba2013c588,68a85efd-dcef-479d-b375-9c960b90ca0d","TCGA-GBM.316e5195-96c1-48f6-a636-7798826fa2a3.gene_level_copy_number.v36.tsv,TCGA-GBM.fc46080d-2fa4-4f55-bc39-7af26b974ed1.gene_level_copy_number.v36.tsv,TCGA-GBM.316e5195-96c1-48f6-a636-7798826fa2a3.ascat3.gene_level_copy_number.v36.tsv",3,3
TCGA-06-0139tumor,DNA Methylation,Methylation Beta Value,7c3a551b-43c0-406c-8b67-e9771ee3aea3,c9eb1c59-3edc-4e8d-9f5b-8aade094f86c.methylation_array.sesame.level3betas.txt,1,1
TCGA-06-0139tumor,Simple Nucleotide Variation,Masked Somatic Mutation,10b81151-18ef-4fb8-bc25-712e8b2943ad,3f8fa2dc-a7d1-41fa-9588-95d4b41c00dc.wxs.aliquot_ensemble_masked.maf,1,1
TCGA-06-0139tumor,Transcriptome Profiling,Gene Expression Quantification,"77b98b70-9bef-4e81-9eac-91467c322d4b,84c31e39-ba14-40df-a0c8-e85027587bc3","b198a226-f734-46c8-93db-0914f0fa6805.rna_seq.augmented_star_gene_counts.tsv,5eb967ae-6a4a-4109-948c-36f00dc471fe.rna_seq.augmented_star_gene_counts.tsv",2,2
TCGA-06-0139tumor,Transcriptome Profiling,miRNA Expression Quantification,55794934-835f-42b9-9295-efa7c1f3fc81,0e27f134-885f-4f30-8074-8d0058a8531b.mirnaseq.mirnas.quantification.txt,1,1
TCGA-06-0140tumor,Copy Number Variation,Gene Level Copy Number,"dcdeca40-7e04-4882-aea3-4b7d9919f433,2db4a69d-639a-406f-835c-5941043bbef5,0b133c4e-b37b-4fa1-86dd-a0d97641c4e7","TCGA-GBM.4283ad91-7301-43e4-9584-1267539caae0.gene_level_copy_number.v36.tsv,TCGA-GBM.4283ad91-7301-43e4-9584-1267539caae0.absolute_liftover.gene_level_copy_number.v36.tsv,TCGA-GBM.4283ad91-7301-43e4-9584-1267539caae0.ascat3.gene_level_copy_number.v36.tsv",3,3
TCGA-06-0140tumor,DNA Methylation,Methylation Beta Value,3988d0c4-f048-4511-9b69-65655df8c6ed,43f147e4-d7d0-49bd-b6c7-36c37facbf59.methylation_array.sesame.level3betas.txt,1,1
TCGA-06-0140tumor,Simple Nucleotide Variation,Masked Somatic Mutation,c47801c6-baf7-47ef-91eb-7ed3e0c45ccb,75f54224-753e-440f-b652-bb08354ff72a.wxs.aliquot_ensemble_masked.maf,1,1
TCGA-06-0140tumor,Transcriptome Profiling,Gene Expression Quantification,0e274ebf-c78b-4a23-b85f-835674f62a0a,d9548857-ab3c-4cf6-8608-4d5951f63c8b.rna_seq.augmented_star_gene_counts.tsv,1,1
TCGA-06-0140tumor,Transcriptome Profiling,miRNA Expression Quantification,c3ae6bc5-8903-46a6-b477-8d5cc21e96fa,e8fc873f-575a-46ec-87b2-9a84fa2856da.mirnaseq.mirnas.quantification.txt,1,1
TCGA-06-0141tumor,Copy Number Variation,Gene Level Copy Number,"2a6cb130-fa24-4357-852f-5d2339db9751,62abd65a-9fa4-4053-ba7b-e48a805450b8,2ebc3254-7667-4540-a29f-7e66e06fa2a0,ce5a0687-c430-4d5c-84d3-b713242a18dd","TCGA-GBM.7b781ddf-c48a-44c4-a002-ac409688e47e.gene_level_copy_number.v36.tsv,TCGA-GBM.80b46518-c8c5-4428-a7b3-2a678339f9fb.absolute_liftover.gene_level_copy_number.v36.tsv,TCGA-GBM.80b46518-c8c5-4428-a7b3-2a678339f9fb.ascat3.gene_level_copy_number.v36.tsv,TCGA-GBM.80b46518-c8c5-4428-a7b3-2a678339f9fb.gene_level_copy_number.v36.tsv",4,4
TCGA-06-0141tumor,DNA Methylation,Methylation Beta Value,67d0cc42-1381-436f-974f-cfdaa2b0fd2d,151dc293-be67-469f-8fcc-c85798c6d4f8.methylation_array.sesame.level3betas.txt,1,1
TCGA-06-0141tumor,Simple Nucleotide Variation,Masked Somatic Mutation,300bbdde-ec44-4e36-90f3-af22a109e3f5,b399ab78-cc6b-425d-9827-ea405d72c61b.wxs.aliquot_ensemble_masked.maf,1,1
TCGA-06-0141tumor,Transcriptome Profiling,Gene Expression Quantification,"fb49f5f7-5576-4670-8918-47d0997a6f30,9fe6ce79-5cf5-47b8-8379-5e67ab35892e","b5402a87-05a5-421f-be4c-469c34e4bb81.rna_seq.augmented_star_gene_counts.tsv,73083339-9672-4072-aa87-0c94240f478a.rna_seq.augmented_star_gene_counts.tsv",2,2
TCGA-06-0141tumor,Transcriptome Profiling,miRNA Expression Quantification,60782659-a050-4a96-9132-5d897a44463a,81c0079c-3bec-4e1b-ad84-4342fbf147d2.mirnaseq.mirnas.quantification.txt,1,1
TCGA-06-0145tumor,Copy Number Variation,Gene Level Copy Number,"ff82c8fa-24c0-4349-b5d2-7a1af33e1147,f1737732-0264-43d7-9ae4-6e43ac45484b,5ec930a6-32a4-40f2-9d81-27e7f1d81747","TCGA-GBM.bf1bd21e-1d51-4abd-9257-6194fe2d60c0.gene_level_copy_number.v36.tsv,TCGA-GBM.bf1bd21e-1d51-4abd-9257-6194fe2d60c0.absolute_liftover.gene_level_copy_number.v36.tsv,TCGA-GBM.bf1bd21e-1d51-4abd-9257-6194fe2d60c0.ascat3.gene_level_copy_number.v36.tsv",3,3
TCGA-06-0145tumor,DNA Methylation,Methylation Beta Value,"231802f2-c32f-4aaf-9024-c90c483779fc,19014293-a6a1-416b-81c4-b194b5c3e03d,361a86b4-d789-4c1c-94e8-4e0010b7c707,21fc671f-5ae7-45e6-b754-bafaf019ab1a,51b1e822-451a-40dc-9759-dd255946c43a,bc4f97a2-9dd3-43a4-a394-f4573baa1c60","8e8dc4b7-ce8b-4f7c-999c-e3a64344900f.methylation_array.sesame.level3betas.txt,03e826d2-b488-466c-9144-55b1e2532ae8.methylation_array.sesame.level3betas.txt,f2e2bccd-5646-4174-827f-5be1c4a92232.methylation_array.sesame.level3betas.txt,d63995e4-c198-43ec-90aa-13f284328513.methylation_array.sesame.level3betas.txt,a7b078fc-341c-4e9e-ba61-1548bc4337c4.methylation_array.sesame.level3betas.txt,826cf83d-ac94-41f6-b567-535acab2c438.methylation_array.sesame.level3betas.txt",6,6
TCGA-06-0145tumor,Simple Nucleotide Variation,Masked Somatic Mutation,"54904499-a62d-4501-a4ea-044340a35284,d82fdd83-9bbf-4624-80d9-2776b3c46432","c0a198bf-acf9-4e0f-9114-617c4acd5a9b.wxs.aliquot_ensemble_masked.maf,f3bbe30d-a21b-4fd3-9260-1580124a22e7.wxs.aliquot_ensemble_masked.maf",2,2
TCGA-06-0145tumor,Transcriptome Profiling,Gene Expression Quantification,a4e993e8-cfc0-431e-8f7b-4d58b364061e,4182c637-8f3b-4e58-8ea9-e8c9859bfbd3.rna_seq.augmented_star_gene_counts.tsv,1,1
TCGA-06-0145tumor,Transcriptome Profiling,miRNA Expression Quantification,75776edf-3c34-461c-8bb3-70574655bfb3,7f902821-c16a-4ea5-ac25-ffb2d077fc5d.mirnaseq.mirnas.quantification.txt,1,1
TCGA-06-0151tumor,Copy Number Variation,Gene Level Copy Number,"c93dd591-3b4d-4214-a3dd-33d099bb21e2,2a387cad-d168-4ff9-99e0-638acf661289,1be89f91-80b7-4596-b6ae-40949f66740b","TCGA-GBM.2017771d-0784-4fdf-b379-eb200a9f8734.gene_level_copy_number.v36.tsv,TCGA-GBM.2017771d-0784-4fdf-b379-eb200a9f8734.absolute_liftover.gene_level_copy_number.v36.tsv,TCGA-GBM.2017771d-0784-4fdf-b379-eb200a9f8734.ascat3.gene_level_copy_number.v36.tsv",3,3
TCGA-06-0151tumor,Simple Nucleotide Variation,Masked Somatic Mutation,ede4ff1e-dca1-4683-bd65-dcfe3cc5ef77,967604f3-1ba8-4483-a581-328c1746f4ab.wxs.aliquot_ensemble_masked.maf,1,1
TCGA-06-0152tumor,Copy Number Variation,Gene Level Copy Number,"60ace7ff-c287-419d-a890-87d59a88111b,c22d0cfb-2047-4702-a2a6-061e035af74f,7fc7bf15-43d1-4022-8f2f-77d704d6bbed,18b7f810-85f1-4887-9270-d7da714db41e,af8c9b34-cd53-4882-8333-5605bc1f9007","TCGA-GBM.4bec56ce-7b7c-4d38-9e60-52abf9b56ea7.ascat3.gene_level_copy_number.v36.tsv,TCGA-GBM.4bec56ce-7b7c-4d38-9e60-52abf9b56ea7.absolute_liftover.gene_level_copy_number.v36.tsv,TCGA-GBM.093c6b60-c128-4153-98dc-34519cdd784a.absolute_liftover.gene_level_copy_number.v36.tsv,TCGA-GBM.093c6b60-c128-4153-98dc-34519cdd784a.gene_level_copy_number.v36.tsv,TCGA-GBM.4bec56ce-7b7c-4d38-9e60-52abf9b56ea7.gene_level_copy_number.v36.tsv",5,5
TCGA-06-0152tumor,DNA Methylation,Methylation Beta Value,"4fe57c77-9255-435a-b2a6-ef721171966e,b077be6e-62c0-4088-9ace-ddcd818148b1","148ff983-90ae-43e0-a853-baec1db4ef64.methylation_array.sesame.level3betas.txt,c7ce92a6-0391-4be5-938f-66b34bc44001.methylation_array.sesame.level3betas.txt",2,2
TCGA-06-0152tumor,Simple Nucleotide Variation,Masked Somatic Mutation,"c3c62150-6ee9-4ebd-b86b-9acce8d00999,1c129614-48ae-4bb6-904e-0ac64b39ea4a,c6f474a2-2efd-4097-aaa8-86cf9becf5c4","033b6245-08a0-4316-9597-88a5083f602c.wxs.aliquot_ensemble_masked.maf,30adffcb-5dfc-4e2c-8032-cb2ef4a583cb.wxs.aliquot_ensemble_masked.maf,7a4f05cb-0f7a-405f-8bbf-e86e01b5e9a0.wxs.aliquot_ensemble_masked.maf",3,3
TCGA-06-0152tumor,Transcriptome Profiling,Gene Expression Quantification,"2e1570c4-b1b2-4e1d-9df8-c3ca40e1dee1,ef068398-be98-409e-86aa-927f83bc5441","4906506c-0236-4a3f-93b0-300384bd324d.rna_seq.augmented_star_gene_counts.tsv,f5e230a7-b044-4190-8b61-36260d8cd54c.rna_seq.augmented_star_gene_counts.tsv",2,2
TCGA-06-0152tumor,Transcriptome Profiling,miRNA Expression Quantification,d59755ec-5ac4-401b-b2f4-356c8ccc25e6,12b858ac-9502-4374-8e5e-8bc6c83ade6a.mirnaseq.mirnas.quantification.txt,1,1
TCGA-06-0154tumor,Copy Number Variation,Gene Level Copy Number,"90a86bb5-9abd-4ec8-ae58-d0e8f6479bb1,d1aa3e89-04e2-44f3-a43b-e35435da0fe1,b8c58324-1c57-4e02-8737-973a30650c8f,4c126167-1e1c-4d7f-8c84-6858f0315ae5","TCGA-GBM.3337e4b0-0bb5-4a5c-95cb-3565a1a21227.gene_level_copy_number.v36.tsv,TCGA-GBM.d7d01652-8dbe-426f-9d4d-d06fd1374aef.ascat3.gene_level_copy_number.v36.tsv,TCGA-GBM.d7d01652-8dbe-426f-9d4d-d06fd1374aef.gene_level_copy_number.v36.tsv,TCGA-GBM.3337e4b0-0bb5-4a5c-95cb-3565a1a21227.absolute_liftover.gene_level_copy_number.v36.tsv",4,4
TCGA-06-0154tumor,Simple Nucleotide Variation,Masked Somatic Mutation,a49f969a-d956-42fb-b61e-299f64000dbb,424c6de0-1f3a-410e-90e1-386f3622ee48.wxs.aliquot_ensemble_masked.maf,1,1
TCGA-06-0154tumor,Transcriptome Profiling,Gene Expression Quantification,a29643d9-e0e5-4fb3-b7db-090e0a4948a0,d7278caf-2bf9-48fb-adfa-d30c7b988000.rna_seq.augmented_star_gene_counts.tsv,1,1
TCGA-06-0155tumor,Copy Number Variation,Gene Level Copy Number,"6abd21bf-5199-420f-80fd-fd317dfba644,f502f8dd-eaaa-40bd-a478-9eaae37425c6,206dda97-c98b-468f-a3c3-3755487595ca","TCGA-GBM.7f46f89d-ba31-4338-92a1-a3f92720a99f.ascat3.gene_level_copy_number.v36.tsv,TCGA-GBM.7f46f89d-ba31-4338-92a1-a3f92720a99f.gene_level_copy_number.v36.tsv,TCGA-GBM.7f46f89d-ba31-4338-92a1-a3f92720a99f.absolute_liftover.gene_level_copy_number.v36.tsv",3,3
TCGA-06-0155tumor,DNA Methylation,Methylation Beta Value,24e8333e-a65e-457f-a74c-4f5385073961,789490ef-a213-4853-84c8-98f59cf0cb94.methylation_array.sesame.level3betas.txt,1,1
TCGA-06-0155tumor,Simple Nucleotide Variation,Masked Somatic Mutation,bf03b827-8f2e-4e3b-a8e9-c39c549ae2a7,875e0b56-4274-4ce8-b792-ff4289b9f191.wxs.aliquot_ensemble_masked.maf,1,1
TCGA-06-0155tumor,Transcriptome Profiling,Gene Expression Quantification,456a121c-a767-43a4-8d7a-30e4d8107a62,045a8628-9c12-4816-ae31-bad5ba0d784f.rna_seq.augmented_star_gene_counts.tsv,1,1
TCGA-06-0157tumor,Copy Number Variation,Gene Level Copy Number,"d7d4125c-d7cb-4fce-ac86-b758f8e4aefc,3488654c-ee32-484b-b7d6-aa6ac6255d99,a79721c2-2caf-424b-942c-bbca147f6479","TCGA-GBM.d6b84a8d-fc45-40a8-97e2-0ed74eb77b01.gene_level_copy_number.v36.tsv,TCGA-GBM.d6b84a8d-fc45-40a8-97e2-0ed74eb77b01.ascat3.gene_level_copy_number.v36.tsv,TCGA-GBM.d6b84a8d-fc45-40a8-97e2-0ed74eb77b01.absolute_liftover.gene_level_copy_number.v36.tsv",3,3
TCGA-06-0157tumor,Simple Nucleotide Variation,Masked Somatic Mutation,2242451e-9382-43ad-916d-1ed9690e4130,4048e8ff-3346-424d-b094-12a7471a8b52.wxs.aliquot_ensemble_masked.maf,1,1
TCGA-06-0157tumor,Transcriptome Profiling,Gene Expression Quantification,"f2c95c62-1d4f-4811-a3a3-c97dba3ce6a9,cd358773-9979-40c8-b34f-57afcc820dea","2ee60e6d-094f-4a47-b8e7-fa4f16ec040a.rna_seq.augmented_star_gene_counts.tsv,0ad4aa09-9a11-464b-a080-cc9fad5da4ca.rna_seq.augmented_star_gene_counts.tsv",2,2
TCGA-06-0157tumor,Transcriptome Profiling,miRNA Expression Quantification,333c0b30-643d-4134-adfc-c106f90e0ae2,7141f6a7-59fb-4d62-b03a-ca2ff1ea1efe.mirnaseq.mirnas.quantification.txt,1,1
TCGA-06-0158tumor,Copy Number Variation,Gene Level Copy Number,"3dd2c1e6-5b79-48d0-9e5b-becfb740c106,4000edba-3886-4856-a9db-801979e381c0,0ff2efa9-7a03-45a7-8049-c1e8a5a47ff7","TCGA-GBM.0fc145ab-da64-4ea3-af67-63f84a7f5359.gene_level_copy_number.v36.tsv,TCGA-GBM.0fc145ab-da64-4ea3-af67-63f84a7f5359.absolute_liftover.gene_level_copy_number.v36.tsv,TCGA-GBM.0fc145ab-da64-4ea3-af67-63f84a7f5359.ascat3.gene_level_copy_number.v36.tsv",3,3
TCGA-06-0158tumor,Simple Nucleotide Variation,Masked Somatic Mutation,b77d6cc4-83b0-4292-9e17-3b93be126eed,401a5237-39f0-4dd2-9c7f-f9c7e0e24aea.wxs.aliquot_ensemble_masked.maf,1,1
TCGA-06-0158tumor,Transcriptome Profiling,Gene Expression Quantification,"f88df5aa-1c0c-4318-83a0-4b2230a4814b,06e61218-fbda-4a4f-a9ec-16ccf5255ded","006b091b-3a7a-4a26-9eb6-d7797874ad9b.rna_seq.augmented_star_gene_counts.tsv,9e79eb6c-bdfa-4deb-b283-7c351dac4434.rna_seq.augmented_star_gene_counts.tsv",2,2
TCGA-06-0158tumor,Transcriptome Profiling,miRNA Expression Quantification,bab38825-c70f-4a40-a148-fa78ca192845,99cc6514-26d7-4b35-9828-1836eab2dd84.mirnaseq.mirnas.quantification.txt,1,1
TCGA-06-0165tumor,Copy Number Variation,Gene Level Copy Number,"97cd9141-0e75-4fe4-a260-254a62d71f5a,a83ae53d-dd5c-47cd-a704-40dd8103c06b","TCGA-GBM.f6c4d539-181a-4e55-9eac-50167df41c6d.gene_level_copy_number.v36.tsv,TCGA-GBM.f6c4d539-181a-4e55-9eac-50167df41c6d.ascat3.gene_level_copy_number.v36.tsv",2,2
TCGA-06-0165tumor,Simple Nucleotide Variation,Masked Somatic Mutation,91ee23aa-0f1d-4acd-95cc-2961a90701f1,2c0702e4-dcf3-46ed-845c-bed397c884a3.wxs.aliquot_ensemble_masked.maf,1,1
TCGA-06-0166tumor,Copy Number Variation,Gene Level Copy Number,"7f849ee1-858d-4bb0-8134-b38468d84b81,55c55a43-9c21-4d94-8207-dba0b66947c5,a7c29e95-54ea-46dc-b2a9-88e08eb1384f,dc94bf38-8e3b-4f86-93e4-883d04a63113","TCGA-GBM.07bfa45c-e66e-4deb-aedd-007278b4c7f4.absolute_liftover.gene_level_copy_number.v36.tsv,TCGA-GBM.07bfa45c-e66e-4deb-aedd-007278b4c7f4.gene_level_copy_number.v36.tsv,TCGA-GBM.4e64d6ef-5e48-48fc-9f2a-8c3b578dc348.gene_level_copy_number.v36.tsv,TCGA-GBM.4e64d6ef-5e48-48fc-9f2a-8c3b578dc348.ascat3.gene_level_copy_number.v36.tsv",4,4
TCGA-06-0166tumor,Simple Nucleotide Variation,Masked Somatic Mutation,26511721-713f-4f7d-bcf2-0045a2d6f5a2,16f6070a-09f2-41e7-bbc6-5afc01d47148.wxs.aliquot_ensemble_masked.maf,1,1
TCGA-06-0166tumor,Transcriptome Profiling,Gene Expression Quantification,b7a15790-9999-4fd2-b327-9584e1445c1f,229e6793-e11e-46c8-9307-1847243a311c.rna_seq.augmented_star_gene_counts.tsv,1,1
TCGA-06-0166tumor,Transcriptome Profiling,miRNA Expression Quantification,e5857473-748b-4032-902f-f96f361d365f,2ba971fe-009d-4616-bc99-b08afee6696e.mirnaseq.mirnas.quantification.txt,1,1
TCGA-06-0167tumor,Copy Number Variation,Gene Level Copy Number,"2b3b912d-075c-4c41-912f-b55e176a3be7,bad7b88a-b991-484e-8117-df1306fa4d37","TCGA-GBM.4a91d2b3-7ab6-4dde-ad54-08d70c42ae17.gene_level_copy_number.v36.tsv,TCGA-GBM.4a91d2b3-7ab6-4dde-ad54-08d70c42ae17.ascat3.gene_level_copy_number.v36.tsv",2,2
TCGA-06-0167tumor,Simple Nucleotide Variation,Masked Somatic Mutation,a92636e4-2e07-42a9-b5c8-446786549326,ab1464fd-2365-40a6-9960-c51e053e48ad.wxs.aliquot_ensemble_masked.maf,1,1
TCGA-06-0167tumor,Transcriptome Profiling,Gene Expression Quantification,4006124f-a213-4d56-843f-0764b5f4a89b,7f316dbf-94f8-467e-89fc-ae78a91348b5.rna_seq.augmented_star_gene_counts.tsv,1,1
TCGA-06-0167tumor,Transcriptome Profiling,miRNA Expression Quantification,7a52e71e-c841-4768-acb8-d4d4b550de64,c65de421-7951-49ba-945d-8ad869f658b2.mirnaseq.mirnas.quantification.txt,1,1
TCGA-06-0168tumor,Copy Number Variation,Gene Level Copy Number,"e919437f-8716-4bda-8bd0-7594602c1105,468858a5-5589-4707-a9f4-0846d390bdf5,a61829c4-3f77-462d-9bc3-6ad428cec3b4,7313041b-c87a-4836-a659-d177d1a4e0d4","TCGA-GBM.e0dee952-25e8-4977-a318-86d53acc23db.gene_level_copy_number.v36.tsv,TCGA-GBM.b5b0cc2c-72fb-480e-b674-335412275759.ascat3.gene_level_copy_number.v36.tsv,TCGA-GBM.b5b0cc2c-72fb-480e-b674-335412275759.gene_level_copy_number.v36.tsv,TCGA-GBM.e0dee952-25e8-4977-a318-86d53acc23db.absolute_liftover.gene_level_copy_number.v36.tsv",4,4
TCGA-06-0168tumor,Simple Nucleotide Variation,Masked Somatic Mutation,de358404-0967-4b3c-a13f-4e7ce52395c9,8c1af879-60b5-47ca-a3d2-06fe27e20b56.wxs.aliquot_ensemble_masked.maf,1,1
TCGA-06-0168tumor,Transcriptome Profiling,Gene Expression Quantification,a04f2c22-87db-420d-b673-33fd9e48c89e,075029c6-31b2-4b4a-9945-b905fc6bf730.rna_seq.augmented_star_gene_counts.tsv,1,1
TCGA-06-0168tumor,Transcriptome Profiling,miRNA Expression Quantification,dec91260-80ff-4681-b3ed-181c95ac59c6,95b80809-f4c8-4ffd-9350-823361246aa5.mirnaseq.mirnas.quantification.txt,1,1
TCGA-06-0169tumor,Copy Number Variation,Gene Level Copy Number,"393a83f2-585f-4e3c-aa73-03a6b8ebda55,fe1f7def-df39-419c-9268-f8553141f6c0,04e39836-5351-4fa7-8d47-a3bc70016ea4","TCGA-GBM.078e4ee9-05ec-4da5-b510-449bed8be62c.gene_level_copy_number.v36.tsv,TCGA-GBM.078e4ee9-05ec-4da5-b510-449bed8be62c.absolute_liftover.gene_level_copy_number.v36.tsv,TCGA-GBM.078e4ee9-05ec-4da5-b510-449bed8be62c.ascat3.gene_level_copy_number.v36.tsv",3,3
TCGA-06-0169tumor,DNA Methylation,Methylation Beta Value,705b9be8-de4d-4b53-ae7b-9c4a56131fb1,ae9d7e08-35e8-49c8-b378-1d706847ef9b.methylation_array.sesame.level3betas.txt,1,1
TCGA-06-0169tumor,Simple Nucleotide Variation,Masked Somatic Mutation,549673a1-ffd5-4018-8c3d-1da6cada340e,5ecbb35e-c136-402f-a808-1e2b4386f66c.wxs.aliquot_ensemble_masked.maf,1,1
TCGA-06-0169tumor,Transcriptome Profiling,Gene Expression Quantification,9e81bb0c-30cc-4bb5-960a-80fa862a6822,55e09827-cf4f-4286-84cc-2b2da280266e.rna_seq.augmented_star_gene_counts.tsv,1,1
TCGA-06-0169tumor,Transcriptome Profiling,miRNA Expression Quantification,699561c4-fec0-422b-ae67-74617134be36,7c5e4c77-8ec5-4bd1-b2df-a1dea3d7fb6b.mirnaseq.mirnas.quantification.txt,1,1
TCGA-06-0171tumor,Copy Number Variation,Gene Level Copy Number,"cf2c215b-c7d6-4483-a41d-215a5f0e4be3,98623c1e-921f-4af4-a093-3fd3380877ab,7a22739c-4b7c-4202-bc46-4b527f1fb00c,7b6e60d8-9a99-4ebc-90b0-da87ec15a3c6,5731e4e1-6826-439f-ae04-780ce49ec1fc","TCGA-GBM.3f799bb6-98ea-42dd-b2c4-612185f1cda7.gene_level_copy_number.v36.tsv,TCGA-GBM.3f799bb6-98ea-42dd-b2c4-612185f1cda7.ascat3.gene_level_copy_number.v36.tsv,TCGA-GBM.6c437c25-69bc-42ca-a070-bafdd5b27089.absolute_liftover.gene_level_copy_number.v36.tsv,TCGA-GBM.6c437c25-69bc-42ca-a070-bafdd5b27089.gene_level_copy_number.v36.tsv,TCGA-GBM.3f799bb6-98ea-42dd-b2c4-612185f1cda7.absolute_liftover.gene_level_copy_number.v36.tsv",5,5
TCGA-06-0171tumor,DNA Methylation,Methylation Beta Value,"9f2a2b75-3011-4145-804a-98c4c05954dc,5498eebf-91c2-4e47-b990-399c5da89be3","85c2611e-1d06-4298-81f6-2721d07687b7.methylation_array.sesame.level3betas.txt,e1b14d00-e107-48c3-b49b-b813f99622db.methylation_array.sesame.level3betas.txt",2,2
TCGA-06-0171tumor,Simple Nucleotide Variation,Masked Somatic Mutation,"af29cb03-921e-40ff-a81b-55f0a0d25ac5,550e98a3-df48-47a7-8e28-d652ba87f796","39d853e5-70b5-4266-93c0-94c9ce73a68e.wxs.aliquot_ensemble_masked.maf,ca020c97-964e-4839-95e8-9a482ddea495.wxs.aliquot_ensemble_masked.maf",2,2
TCGA-06-0171tumor,Transcriptome Profiling,Gene Expression Quantification,"2bdfdcec-cb7d-4e83-9257-f2c851a6a469,6037d66c-5c66-4a9f-a255-ee76a354b86e","16bcbeb8-21dc-4cfe-9aa1-60b093f7f984.rna_seq.augmented_star_gene_counts.tsv,52f507d3-113b-4995-9b7a-8677e7812ef3.rna_seq.augmented_star_gene_counts.tsv",2,2
TCGA-06-0171tumor,Transcriptome Profiling,miRNA Expression Quantification,fc90f1fb-ea3c-4781-a444-2089c85d3700,84bd26a3-2290-4145-b9ff-ec4ba626b460.mirnaseq.mirnas.quantification.txt,1,1
TCGA-06-0173tumor,Copy Number Variation,Gene Level Copy Number,"76eb9a9f-f970-4511-96a6-cf13b2d892e3,4df9cbb9-70dc-414b-89f1-5e1adeff5f7f,66988a94-8285-4d5e-9df7-2a3199f57f76","TCGA-GBM.1082e494-5cf0-4988-8430-9874a332fe6f.absolute_liftover.gene_level_copy_number.v36.tsv,TCGA-GBM.1082e494-5cf0-4988-8430-9874a332fe6f.gene_level_copy_number.v36.tsv,TCGA-GBM.1082e494-5cf0-4988-8430-9874a332fe6f.ascat3.gene_level_copy_number.v36.tsv",3,3
TCGA-06-0173tumor,Simple Nucleotide Variation,Masked Somatic Mutation,14df9543-c061-4b33-aa2e-280cce4fe511,9a67eddc-6bf5-44c7-b38a-b9a34acb0ee4.wxs.aliquot_ensemble_masked.maf,1,1
TCGA-06-0173tumor,Transcriptome Profiling,miRNA Expression Quantification,9a3909c7-f9f8-45f5-82f4-f3a14d1b947a,c8898a41-1368-44fe-abbe-5ce57c9dec47.mirnaseq.mirnas.quantification.txt,1,1
TCGA-06-0174tumor,Copy Number Variation,Gene Level Copy Number,"93461b96-28dc-4301-9e44-c4ddced11e7d,fcbffabc-bf1b-4f0f-85fa-e969631933a5,644299fb-de40-45ca-bcc5-0e40c5f32d46","TCGA-GBM.e56f8684-9fcf-4a36-b508-920be32d8d6b.ascat3.gene_level_copy_number.v36.tsv,TCGA-GBM.e56f8684-9fcf-4a36-b508-920be32d8d6b.absolute_liftover.gene_level_copy_number.v36.tsv,TCGA-GBM.e56f8684-9fcf-4a36-b508-920be32d8d6b.gene_level_copy_number.v36.tsv",3,3
TCGA-06-0174tumor,Simple Nucleotide Variation,Masked Somatic Mutation,4b53a053-6f6f-4af2-a1ef-24f78cf00bd6,78ebc82e-72cd-4c52-87b8-908e35406689.wxs.aliquot_ensemble_masked.maf,1,1
TCGA-06-0174tumor,Transcriptome Profiling,Gene Expression Quantification,"d08790b4-5acd-4392-a1a9-355ee061ea8a,abd6fd67-0b35-4405-a835-da1d56fa64a5","5d732c32-681d-46ca-b0bd-404ab47c64db.rna_seq.augmented_star_gene_counts.tsv,43a6d88e-5e41-4ecb-bbf5-2c0744c1c3a9.rna_seq.augmented_star_gene_counts.tsv",2,2
TCGA-06-0174tumor,Transcriptome Profiling,miRNA Expression Quantification,33534284-e0e0-4b5e-ad92-9a1e2ff82334,0695719c-430d-4e75-8f0b-4403f616460b.mirnaseq.mirnas.quantification.txt,1,1
TCGA-06-0178tumor,Copy Number Variation,Gene Level Copy Number,c6d3183c-244c-4174-88e2-dfb2ed7aded2,TCGA-GBM.91553ae1-e549-4e28-9da2-ad0e48e15a31.gene_level_copy_number.v36.tsv,1,1
TCGA-06-0178tumor,Simple Nucleotide Variation,Masked Somatic Mutation,27cb5a57-51a6-4bbc-9ef7-166cf2c7e60e,e314e2b2-7e15-48b3-99a5-476b955cfffa.wxs.aliquot_ensemble_masked.maf,1,1
TCGA-06-0178tumor,Transcriptome Profiling,Gene Expression Quantification,614ea667-8b70-4b0b-bb7c-a5c5b30490fc,4a173140-8ec3-4f61-9cc4-86470fb75b8a.rna_seq.augmented_star_gene_counts.tsv,1,1
TCGA-06-0178tumor,Transcriptome Profiling,miRNA Expression Quantification,5e197925-761a-42dd-a3d9-292156911f11,221a972a-7500-4c8f-854b-7233baecf727.mirnaseq.mirnas.quantification.txt,1,1
TCGA-06-0184tumor,Copy Number Variation,Gene Level Copy Number,"63a6923b-115d-4708-a11a-294a86cc9136,7c80d887-e09a-48b4-b091-b6404802b16a,e1103989-8c6c-48ce-b70a-7c55fcd8e8c3","TCGA-GBM.762f368f-acfb-4cdc-bde3-bd4fdd8e0cc7.gene_level_copy_number.v36.tsv,TCGA-GBM.762f368f-acfb-4cdc-bde3-bd4fdd8e0cc7.absolute_liftover.gene_level_copy_number.v36.tsv,TCGA-GBM.762f368f-acfb-4cdc-bde3-bd4fdd8e0cc7.ascat3.gene_level_copy_number.v36.tsv",3,3
TCGA-06-0184tumor,Simple Nucleotide Variation,Masked Somatic Mutation,aabb9bae-83c0-4076-948f-ff5f4631af58,8e665149-e2b4-4ef1-a336-b7062787e704.wxs.aliquot_ensemble_masked.maf,1,1
TCGA-06-0184tumor,Transcriptome Profiling,Gene Expression Quantification,"79368096-6e7a-4d00-ae56-3ca3fee1546f,60da8783-0760-4366-8647-f3284195592f","7a13e0f8-ed80-4fc5-985a-f40a6585d416.rna_seq.augmented_star_gene_counts.tsv,e8c1b868-8139-4831-9c66-32f22d556f29.rna_seq.augmented_star_gene_counts.tsv",2,2
TCGA-06-0184tumor,Transcriptome Profiling,miRNA Expression Quantification,1a070a91-4d85-4de7-bf0c-f56284ddc12e,632874c9-0db9-45ee-b2ac-419785fa3ba3.mirnaseq.mirnas.quantification.txt,1,1
TCGA-06-0185tumor,Copy Number Variation,Gene Level Copy Number,"9eeb214b-7a0c-4c8c-8cab-27aed6a7eb6f,5d7925c2-6e6a-4fea-b6e4-457715f98f72,4dfa100a-3e09-40d1-b49d-b2972060dd0b","TCGA-GBM.61931348-d700-4779-81e7-d78d3354bd57.gene_level_copy_number.v36.tsv,TCGA-GBM.61931348-d700-4779-81e7-d78d3354bd57.absolute_liftover.gene_level_copy_number.v36.tsv,TCGA-GBM.61931348-d700-4779-81e7-d78d3354bd57.ascat3.gene_level_copy_number.v36.tsv",3,3
TCGA-06-0185tumor,Simple Nucleotide Variation,Masked Somatic Mutation,"3264085f-1be7-4919-bfb2-e41ef256286c,43253774-95e8-4967-983e-6c6500ea219b","74c8bae2-0cad-42c9-bc24-0f5591d45256.wxs.aliquot_ensemble_masked.maf,528ad629-2a3b-4576-a44f-3924ac1891b6.wxs.aliquot_ensemble_masked.maf",2,2
TCGA-06-0185tumor,Transcriptome Profiling,Gene Expression Quantification,43fd871e-74dc-4b9a-9101-e836c3f67b9a,d921ae97-0106-4326-a7d1-8802fd11acbf.rna_seq.augmented_star_gene_counts.tsv,1,1
TCGA-06-0185tumor,Transcriptome Profiling,miRNA Expression Quantification,a2a3b631-2b1a-48a7-aab6-fe0da1295470,472c9e2e-245e-4b99-ae33-d4fecd0e5c55.mirnaseq.mirnas.quantification.txt,1,1
TCGA-06-0187tumor,Copy Number Variation,Gene Level Copy Number,"40d093db-d2b7-44b8-86c8-a78203e5f2e2,f1898e5a-0bd0-486c-b5a0-4aed9cf14bae,598f949f-8f06-4b83-a23a-6f5fe29cfca6","TCGA-GBM.861111af-24f9-4780-a4ff-fe1568f8c0b8.absolute_liftover.gene_level_copy_number.v36.tsv,TCGA-GBM.861111af-24f9-4780-a4ff-fe1568f8c0b8.ascat3.gene_level_copy_number.v36.tsv,TCGA-GBM.861111af-24f9-4780-a4ff-fe1568f8c0b8.gene_level_copy_number.v36.tsv",3,3
TCGA-06-0187tumor,Simple Nucleotide Variation,Masked Somatic Mutation,9371b8de-e9b6-4392-b1dd-bc85a5881cb5,a84b6cac-6354-4348-a1f1-fbef306c109c.wxs.aliquot_ensemble_masked.maf,1,1
TCGA-06-0187tumor,Transcriptome Profiling,Gene Expression Quantification,"bd40ca45-33da-4798-a3bd-7640c784d6a9,22f5836e-3ed4-45e7-94a2-dfafd689ac05","c2bc46d6-7065-44ff-a21a-7a3676990fdb.rna_seq.augmented_star_gene_counts.tsv,e044dbf9-7587-48b7-b58a-b4f5d9401309.rna_seq.augmented_star_gene_counts.tsv",2,2
TCGA-06-0187tumor,Transcriptome Profiling,miRNA Expression Quantification,5e279e86-c635-4791-86a7-7ff9d8087f3e,bdf1c169-7356-4dbc-b574-d7904b7fdb08.mirnaseq.mirnas.quantification.txt,1,1
TCGA-06-0188tumor,Copy Number Variation,Gene Level Copy Number,"722c1fbb-69ec-44c4-8c13-547378990c4a,066047c4-c715-4ce2-814a-e25508357c02,5dc75fa3-7a59-4c19-bcd0-a896aa4c1633","TCGA-GBM.ccfa11ea-8a7d-45de-8bae-4005aa4201b0.gene_level_copy_number.v36.tsv,TCGA-GBM.ccfa11ea-8a7d-45de-8bae-4005aa4201b0.ascat3.gene_level_copy_number.v36.tsv,TCGA-GBM.ccfa11ea-8a7d-45de-8bae-4005aa4201b0.absolute_liftover.gene_level_copy_number.v36.tsv",3,3
TCGA-06-0188tumor,Simple Nucleotide Variation,Masked Somatic Mutation,"a079e690-4318-4b3e-bf51-7c1d55700dbc,cd827e34-1dc9-4b86-bd2e-6b437db18cdf","5f6f79ac-52fc-45a1-8b8a-da24a18e6e92.wxs.aliquot_ensemble_masked.maf,dd38645a-bec0-4074-bf4c-76ee92336680.wxs.aliquot_ensemble_masked.maf",2,2
TCGA-06-0188tumor,Transcriptome Profiling,miRNA Expression Quantification,9353027e-35a2-4272-98b3-9039a30013e2,da11642d-7129-4710-a6b7-966e1d79e967.mirnaseq.mirnas.quantification.txt,1,1
TCGA-06-0189tumor,Copy Number Variation,Gene Level Copy Number,"15f14e3e-1614-43b5-90ac-316b1bfff9e5,55f91bcc-50ca-4b2a-822d-8120b4eb737f","TCGA-GBM.e7285b0a-d2ea-4ce4-85ca-63abd89e68f0.gene_level_copy_number.v36.tsv,TCGA-GBM.e7285b0a-d2ea-4ce4-85ca-63abd89e68f0.ascat3.gene_level_copy_number.v36.tsv",2,2
TCGA-06-0189tumor,Simple Nucleotide Variation,Masked Somatic Mutation,f14d1676-cfce-4c9f-ac3d-c2f9ee305777,d45c1673-81bf-44d3-abfa-d4b74c407a37.wxs.aliquot_ensemble_masked.maf,1,1
TCGA-06-0189tumor,Transcriptome Profiling,miRNA Expression Quantification,db8ea79f-774c-454f-b17e-8d9feaa7df4b,1a78733c-7f61-4619-82b8-8ba4ff233bea.mirnaseq.mirnas.quantification.txt,1,1
TCGA-06-0190tumor,Copy Number Variation,Gene Level Copy Number,"e7a16747-6a75-4265-93a9-ef4ddcdb0e25,0c1bb3e4-fdac-4825-82cc-cb1f1a104330,441841f6-5181-4dab-a704-cf21a0335214,7282c556-938d-40cc-a24a-8f198f19a33b,252d074a-ab64-4534-ae01-a93a8b5471c1","TCGA-GBM.1efb5a9c-0988-4e5a-a190-8aa374bade81.gene_level_copy_number.v36.tsv,TCGA-GBM.1efb5a9c-0988-4e5a-a190-8aa374bade81.absolute_liftover.gene_level_copy_number.v36.tsv,TCGA-GBM.0b9cb5bd-4252-485c-bd8a-22067d5b5f6a.gene_level_copy_number.v36.tsv,TCGA-GBM.0b9cb5bd-4252-485c-bd8a-22067d5b5f6a.absolute_liftover.gene_level_copy_number.v36.tsv,TCGA-GBM.1efb5a9c-0988-4e5a-a190-8aa374bade81.ascat3.gene_level_copy_number.v36.tsv",5,5
TCGA-06-0190tumor,DNA Methylation,Methylation Beta Value,"196fd6ae-f48e-48bc-8ab5-baad70800cd2,2ab5b8c8-ca33-4a50-b407-ba54b35122f7","8f691880-4ef5-44e9-a1f8-f4b9c6ef4fa2.methylation_array.sesame.level3betas.txt,da32f5ad-d46b-487a-87bb-7746cd74f984.methylation_array.sesame.level3betas.txt",2,2
TCGA-06-0190tumor,Simple Nucleotide Variation,Masked Somatic Mutation,"3dffde20-6af0-47b0-9ff1-dbe52d973174,a5686190-7ff9-421e-abf6-e30c45d38535","a6840004-7510-4282-980d-b7caf95b8c4a.wxs.aliquot_ensemble_masked.maf,f57c8030-3637-443a-9079-97b1758b28d5.wxs.aliquot_ensemble_masked.maf",2,2
TCGA-06-0190tumor,Transcriptome Profiling,Gene Expression Quantification,"ba9afa8e-405c-49b7-bc66-8ab1af1f942e,9916e085-1027-4c91-9729-93dc36b71c86,27ee0eba-2f11-447b-a153-c8dc679d5fc6","dad61e18-e3f1-4beb-b3c3-ae434e35af2d.rna_seq.augmented_star_gene_counts.tsv,2c25aa49-879a-4023-80b4-84df717dc537.rna_seq.augmented_star_gene_counts.tsv,59f436d5-7a66-40a8-9bca-b1e354452492.rna_seq.augmented_star_gene_counts.tsv",3,3
TCGA-06-0190tumor,Transcriptome Profiling,miRNA Expression Quantification,82b0bcbe-54b9-4ea2-8ff7-456f6f46180b,64349503-e11e-494d-8f79-a2b033a99a35.mirnaseq.mirnas.quantification.txt,1,1
TCGA-06-0192tumor,Copy Number Variation,Gene Level Copy Number,"563e4b17-bcee-4830-9364-320b65e2642c,c41fa2ba-88f6-4f8c-be75-065f1bf33c08,93d39f8d-df71-4524-a831-e5e7af707496","TCGA-GBM.dd3ddbb2-2e57-4748-a8c1-fa14c6d89d89.gene_level_copy_number.v36.tsv,TCGA-GBM.dd3ddbb2-2e57-4748-a8c1-fa14c6d89d89.absolute_liftover.gene_level_copy_number.v36.tsv,TCGA-GBM.dd3ddbb2-2e57-4748-a8c1-fa14c6d89d89.ascat3.gene_level_copy_number.v36.tsv",3,3
TCGA-06-0192tumor,Simple Nucleotide Variation,Masked Somatic Mutation,7bb0a596-b16d-4456-8777-5644b9945708,1b1830c8-ab28-48c2-84c9-4ad86495d77d.wxs.aliquot_ensemble_masked.maf,1,1
TCGA-06-0192tumor,Transcriptome Profiling,Gene Expression Quantification,2d10fd52-8ff4-4f78-a674-6388d34f3e12,d89d1ff1-7285-458d-8c32-2446a1d98b7b.rna_seq.augmented_star_gene_counts.tsv,1,1
TCGA-06-0192tumor,Transcriptome Profiling,miRNA Expression Quantification,1dcdeb6f-e938-4f55-9cc5-ad5e1ce4b14c,82515f20-9a88-4d8c-b81e-022514cd76d9.mirnaseq.mirnas.quantification.txt,1,1
TCGA-06-0195tumor,Copy Number Variation,Gene Level Copy Number,"741ce61d-6e5d-4ca6-9838-9b3d49e07129,34cf1186-7ba7-4a40-ac76-c6398e31ef05,a08922d5-8cfc-49e4-bca6-55030856ea49","TCGA-GBM.754043ad-b938-41fc-9a65-4ddf855672f2.absolute_liftover.gene_level_copy_number.v36.tsv,TCGA-GBM.754043ad-b938-41fc-9a65-4ddf855672f2.gene_level_copy_number.v36.tsv,TCGA-GBM.754043ad-b938-41fc-9a65-4ddf855672f2.ascat3.gene_level_copy_number.v36.tsv",3,3
TCGA-06-0195tumor,Simple Nucleotide Variation,Masked Somatic Mutation,c1791fc4-2217-4b61-b9db-9a5881646512,c50d4d2e-d3a5-47bd-a3a6-0bc014eeb588.wxs.aliquot_ensemble_masked.maf,1,1
TCGA-06-0195tumor,Transcriptome Profiling,Gene Expression Quantification,319a6f57-afe8-40b8-aa8c-194b68adbcaa,51aea3a7-011d-4f8b-af00-fc7c169591d9.rna_seq.augmented_star_gene_counts.tsv,1,1
TCGA-06-0195tumor,Transcriptome Profiling,miRNA Expression Quantification,33530214-6183-46ea-a9c7-06a2b45ee39b,a2eab991-baa5-4e7c-9ff9-61582af8a1f4.mirnaseq.mirnas.quantification.txt,1,1
TCGA-06-0209tumor,Copy Number Variation,Gene Level Copy Number,"671c65df-da74-4ac8-9fba-a0e345b48e0c,7ff8c1ab-0f31-4541-8bf3-c19ef6e0b528,6a32ee4f-afb3-443d-b3d4-eb748ea3c849","TCGA-GBM.b6135ba2-af1f-4da4-aa55-577f1c9f8da4.gene_level_copy_number.v36.tsv,TCGA-GBM.b6135ba2-af1f-4da4-aa55-577f1c9f8da4.ascat3.gene_level_copy_number.v36.tsv,TCGA-GBM.b6135ba2-af1f-4da4-aa55-577f1c9f8da4.absolute_liftover.gene_level_copy_number.v36.tsv",3,3
TCGA-06-0209tumor,Simple Nucleotide Variation,Masked Somatic Mutation,d85839ef-a9ff-48f1-b5db-6df4bdff9aa0,9e26e899-c103-4bc2-801e-87ecb8db45ed.wxs.aliquot_ensemble_masked.maf,1,1
TCGA-06-0210tumor,Copy Number Variation,Gene Level Copy Number,"518e9892-19dc-4884-be84-e59f18604741,a492121f-3bae-416e-9c99-c8342c50c3be,ae19a70d-181a-48cd-bcc6-0e03851a5e5b,e7a1bb04-cab7-47c1-9160-1dbd51ed7c1e,0b77bf5f-b4d0-4752-9363-757818af5643,640ada78-2fe8-46ba-aab3-1338cfb09545","TCGA-GBM.9f501dd0-fcc8-403d-b675-1712f1d2bf4e.gene_level_copy_number.v36.tsv,TCGA-GBM.c9d200e4-3f65-4474-b4ba-d1b1d7d1bd43.gene_level_copy_number.v36.tsv,TCGA-GBM.9f501dd0-fcc8-403d-b675-1712f1d2bf4e.ascat3.gene_level_copy_number.v36.tsv,TCGA-GBM.c9d200e4-3f65-4474-b4ba-d1b1d7d1bd43.absolute_liftover.gene_level_copy_number.v36.tsv,TCGA-GBM.60342871-d60e-4bfa-9f1c-0615095b3462.absolute_liftover.gene_level_copy_number.v36.tsv,TCGA-GBM.60342871-d60e-4bfa-9f1c-0615095b3462.gene_level_copy_number.v36.tsv",6,6
TCGA-06-0210tumor,DNA Methylation,Methylation Beta Value,"34108917-ea36-475d-a35c-7274da10f3dc,a373ea8c-63de-4992-b911-2f0f9710a58c","cdabc9eb-c63a-4b49-becf-b786d1082599.methylation_array.sesame.level3betas.txt,4f96ee98-c9b9-401d-985a-5e4cf6d87f73.methylation_array.sesame.level3betas.txt",2,2
TCGA-06-0210tumor,Simple Nucleotide Variation,Masked Somatic Mutation,"3e46c7ee-20a0-4555-8a69-efa59d673b72,19b1ff0f-51f4-4719-9a05-532424ed9dcf","565f8dbb-2755-4ee1-a44e-6d661b37d405.wxs.aliquot_ensemble_masked.maf,53e6252e-0f66-454b-8094-f232ccf3b940.wxs.aliquot_ensemble_masked.maf",2,2
TCGA-06-0210tumor,Transcriptome Profiling,Gene Expression Quantification,"4b4d9eb1-5ceb-49e5-8ff2-d24ab8d60356,74f3f3cb-d6f1-4e4f-8c76-7ebeefa0dbcf,75a95ec8-b67a-4e0c-a959-61344628ab11","33ce2e6b-71eb-459d-9b05-9495a21be871.rna_seq.augmented_star_gene_counts.tsv,1483c347-bb2c-4678-af16-163e4fc1791d.rna_seq.augmented_star_gene_counts.tsv,9ea6219c-d1fb-4f5b-bdab-c3492f180ac2.rna_seq.augmented_star_gene_counts.tsv",3,3
TCGA-06-0210tumor,Transcriptome Profiling,miRNA Expression Quantification,e52e8000-b87b-4e17-bff0-8c462216fc96,47be592a-b1ea-40de-ad96-eac14b19520c.mirnaseq.mirnas.quantification.txt,1,1
TCGA-06-0211tumor,Copy Number Variation,Gene Level Copy Number,"f4bd34ac-c7bf-4801-ad76-2a2e0e6f4a3a,fa88cb03-b103-480b-af77-80966c894276,0dc53951-aa18-498d-afe8-0dbe070fa6d8,90ea5c51-523c-478b-8fad-341ce20eb5a4,3efc9349-bf69-48c5-9477-e37b07497440,ecc2af83-feb7-4779-91de-1253c49ec00d","TCGA-GBM.fe44e9e9-11ca-4b4f-8dc7-1106ff7a6f53.absolute_liftover.gene_level_copy_number.v36.tsv,TCGA-GBM.fe44e9e9-11ca-4b4f-8dc7-1106ff7a6f53.gene_level_copy_number.v36.tsv,TCGA-GBM.fe44e9e9-11ca-4b4f-8dc7-1106ff7a6f53.ascat3.gene_level_copy_number.v36.tsv,TCGA-GBM.0c198e87-1f65-402a-bac6-b9b52c5bbd6d.gene_level_copy_number.v36.tsv,TCGA-GBM.cbe94b15-e88b-4a09-973e-2b3d7fa58471.gene_level_copy_number.v36.tsv,TCGA-GBM.0c198e87-1f65-402a-bac6-b9b52c5bbd6d.absolute_liftover.gene_level_copy_number.v36.tsv",6,6
TCGA-06-0211tumor,DNA Methylation,Methylation Beta Value,"2c2b941f-301d-4132-88fc-7d0e6bfdf6c1,d938179c-6329-4510-988f-d3110e17eb56","3f89b03c-484d-46fc-949a-04e9b3c47100.methylation_array.sesame.level3betas.txt,9b280387-baab-4d1c-9c3c-b4656bab2aeb.methylation_array.sesame.level3betas.txt",2,2
TCGA-06-0211tumor,Simple Nucleotide Variation,Masked Somatic Mutation,"aa3557b6-96ee-4e78-8c8d-e1a7d81df44a,14824f7a-b8c6-4f81-9bd9-8068e4e1314d","6cbd00d5-5f3e-4922-a2e4-850711066838.wxs.aliquot_ensemble_masked.maf,5e54a8a3-56ea-4dcf-aa4b-049a7cfd3fba.wxs.aliquot_ensemble_masked.maf",2,2
TCGA-06-0211tumor,Transcriptome Profiling,Gene Expression Quantification,"bba8d1b1-ee43-49dd-8048-78ee57bddca1,74895f90-43ef-4d2e-ab0a-9e7177f9d27c,574174d5-f635-414b-ae70-afdd6ec6ddcf,54bde4b3-b158-4836-a593-68b414076832","4fa49452-cb75-46c0-a633-42b3f7c4361b.rna_seq.augmented_star_gene_counts.tsv,bb335256-50b2-473f-a886-b62b7441c436.rna_seq.augmented_star_gene_counts.tsv,cebc70af-a3df-45ef-9656-050f382f64e8.rna_seq.augmented_star_gene_counts.tsv,93803595-0b8a-4d0b-9439-e1d7d1eb6fd4.rna_seq.augmented_star_gene_counts.tsv",4,4
TCGA-06-0211tumor,Transcriptome Profiling,miRNA Expression Quantification,4557a1c7-bd0c-4b73-b5d4-0de026d5a7a1,250fbe46-77c2-4b19-899f-dbb08dd1115d.mirnaseq.mirnas.quantification.txt,1,1
TCGA-06-0213tumor,Copy Number Variation,Gene Level Copy Number,"36a07ab1-8bd0-4465-b070-1e61f62e54a5,6c389f08-bcc1-406e-834f-712e46486df5,acbf60cb-75d6-4298-aedf-b2b3d758ee7d","TCGA-GBM.12817a6f-8ad6-487c-a289-6879c949614f.ascat3.gene_level_copy_number.v36.tsv,TCGA-GBM.12817a6f-8ad6-487c-a289-6879c949614f.absolute_liftover.gene_level_copy_number.v36.tsv,TCGA-GBM.12817a6f-8ad6-487c-a289-6879c949614f.gene_level_copy_number.v36.tsv",3,3
TCGA-06-0213tumor,Simple Nucleotide Variation,Masked Somatic Mutation,27339583-7def-4e33-a49e-f1fb4708f427,4462da8e-d43a-492b-b9e8-557d4f5fe33c.wxs.aliquot_ensemble_masked.maf,1,1
TCGA-06-0213tumor,Transcriptome Profiling,miRNA Expression Quantification,c85fde2c-5b67-4b12-a5be-c017d69c04b3,3a200a0f-7cb2-4edc-9830-16695ca407f6.mirnaseq.mirnas.quantification.txt,1,1
TCGA-06-0214tumor,Copy Number Variation,Gene Level Copy Number,"950a19f3-7184-468c-b26e-369b17344a8b,71636e3e-f486-4691-bb32-fe07095ad405,75124d23-ba3b-42d5-8a82-8f31238b52c1","TCGA-GBM.fafa1029-07fe-45f5-a750-0f2c73858020.gene_level_copy_number.v36.tsv,TCGA-GBM.fafa1029-07fe-45f5-a750-0f2c73858020.ascat3.gene_level_copy_number.v36.tsv,TCGA-GBM.fafa1029-07fe-45f5-a750-0f2c73858020.absolute_liftover.gene_level_copy_number.v36.tsv",3,3
TCGA-06-0214tumor,Simple Nucleotide Variation,Masked Somatic Mutation,c6e42df2-7ffd-46ce-955b-afe46a4f3d02,eaeee353-7cdb-4efb-b741-3239a4e8bd35.wxs.aliquot_ensemble_masked.maf,1,1
TCGA-06-0214tumor,Transcriptome Profiling,Gene Expression Quantification,e6ee7bbd-f3c8-46da-a7b2-f5d801408888,213d3ace-8e69-44d1-9d14-21885213a765.rna_seq.augmented_star_gene_counts.tsv,1,1
TCGA-06-0214tumor,Transcriptome Profiling,miRNA Expression Quantification,2601d6a1-24b8-431f-bf99-40a28fe05615,2bc77571-3b9d-4c2d-b027-e2e297f71f2c.mirnaseq.mirnas.quantification.txt,1,1
TCGA-06-0216tumor,Copy Number Variation,Gene Level Copy Number,"43e9ab44-8972-42bb-ac03-cec09c95368c,b987712c-a584-463e-929d-eefe3c21b2fb,615d1bb0-c411-4bcf-b122-eefe7a9df3fa,41562074-b5f1-4e76-a377-3aefa25f41ba","TCGA-GBM.2d571c14-98ed-4317-8d73-652bc90355f6.gene_level_copy_number.v36.tsv,TCGA-GBM.2ced273f-845f-4722-8ad6-9aa4fbe6fd22.absolute_liftover.gene_level_copy_number.v36.tsv,TCGA-GBM.2ced273f-845f-4722-8ad6-9aa4fbe6fd22.gene_level_copy_number.v36.tsv,TCGA-GBM.2ced273f-845f-4722-8ad6-9aa4fbe6fd22.ascat3.gene_level_copy_number.v36.tsv",4,4
TCGA-06-0216tumor,Simple Nucleotide Variation,Masked Somatic Mutation,d10addf6-d7d0-479a-98c4-0f832fd8f3ab,0f3d5a27-0863-4f48-9d40-30d4290dccba.wxs.aliquot_ensemble_masked.maf,1,1
TCGA-06-0216tumor,Transcriptome Profiling,Gene Expression Quantification,e588111a-5276-4b7c-b3f6-86d1e84ff3d5,bd011c84-2d5f-4d9d-97c6-4ed6ad1cf044.rna_seq.augmented_star_gene_counts.tsv,1,1
TCGA-06-0216tumor,Transcriptome Profiling,miRNA Expression Quantification,a82936cd-204d-4f0c-93dc-a27adc0fe6c9,7165c478-5fa8-4e01-a081-10e8d0de25d7.mirnaseq.mirnas.quantification.txt,1,1
TCGA-06-0219tumor,Copy Number Variation,Gene Level Copy Number,"da316bd2-3470-4637-96e4-c727c9c5a92a,ba3af097-8fff-47a3-a33e-3236ccaca324,28784a75-3275-4f65-b812-2f33e2e2eed1","TCGA-GBM.25427032-ec79-49e1-833b-0f83409a257f.absolute_liftover.gene_level_copy_number.v36.tsv,TCGA-GBM.25427032-ec79-49e1-833b-0f83409a257f.ascat3.gene_level_copy_number.v36.tsv,TCGA-GBM.25427032-ec79-49e1-833b-0f83409a257f.gene_level_copy_number.v36.tsv",3,3
TCGA-06-0219tumor,Simple Nucleotide Variation,Masked Somatic Mutation,f5f3be64-9d6f-46f4-8bcc-fbf79828d223,a1239b29-e4b5-41c3-972f-8faccdf76962.wxs.aliquot_ensemble_masked.maf,1,1
TCGA-06-0219tumor,Transcriptome Profiling,Gene Expression Quantification,"4268518f-c025-4f8f-8d28-a23372797625,ab16a141-f67f-44df-b4da-0a114969f0a0","64e37a02-7b4c-430c-9088-2d1c7c89a508.rna_seq.augmented_star_gene_counts.tsv,917fa61d-4556-42a0-bc3a-449ef1b29886.rna_seq.augmented_star_gene_counts.tsv",2,2
TCGA-06-0219tumor,Transcriptome Profiling,miRNA Expression Quantification,d3152bd7-fe2a-4a07-967c-fdf10123778a,61a9837c-7a41-401a-9f4b-61c9b0e9a6ec.mirnaseq.mirnas.quantification.txt,1,1
TCGA-06-0221tumor,Copy Number Variation,Gene Level Copy Number,"a280ebdb-9ab3-40da-8a92-ccbf226adcd9,ee7a6fc1-aab0-48fe-87ca-f262209d59b7,351e2355-a7ba-474b-9527-f60a3029b3c5,226db61d-ff0f-4849-afb8-b6d7070567e2,4c166313-03c7-4710-b6dc-9eb67dbb44cd","TCGA-GBM.2d9aba03-27b7-423c-bdba-b49a443ad2d5.ascat3.gene_level_copy_number.v36.tsv,TCGA-GBM.2d9aba03-27b7-423c-bdba-b49a443ad2d5.absolute_liftover.gene_level_copy_number.v36.tsv,TCGA-GBM.51bd8ec3-b7a6-4375-a7b0-24d40eb7b141.absolute_liftover.gene_level_copy_number.v36.tsv,TCGA-GBM.51bd8ec3-b7a6-4375-a7b0-24d40eb7b141.gene_level_copy_number.v36.tsv,TCGA-GBM.2d9aba03-27b7-423c-bdba-b49a443ad2d5.gene_level_copy_number.v36.tsv",5,5
TCGA-06-0221tumor,DNA Methylation,Methylation Beta Value,"5999d1de-5e89-4b7b-a8a3-96c1d654c33b,a059af46-36c6-4896-b8b2-77d909df5b68","ce1b28e7-5622-4bd9-934e-c9ba9e96766f.methylation_array.sesame.level3betas.txt,11ec5061-f259-42b8-8b38-374647dee9f8.methylation_array.sesame.level3betas.txt",2,2
TCGA-06-0221tumor,Simple Nucleotide Variation,Masked Somatic Mutation,"7cff630c-060e-4542-b25e-a0308c0a7ac3,4cc566d5-6edd-4b05-a283-96ba8aebaaf9","a86c8eb7-0b17-44fb-91cc-62082cc77317.wxs.aliquot_ensemble_masked.maf,0ff1d3fb-3960-498b-a10b-439b5c92065a.wxs.aliquot_ensemble_masked.maf",2,2
TCGA-06-0221tumor,Transcriptome Profiling,Gene Expression Quantification,d8b840c7-e6cd-4cf9-824f-131fb18bf3b4,08dce278-ba8d-4ba0-90a1-e40820fd1740.rna_seq.augmented_star_gene_counts.tsv,1,1
TCGA-06-0221tumor,Transcriptome Profiling,miRNA Expression Quantification,03b8fd36-954b-4cff-90f2-2c226ccdbf40,f462a0a5-ee85-48a5-b956-520c0e2fed99.mirnaseq.mirnas.quantification.txt,1,1
TCGA-06-0237tumor,Copy Number Variation,Gene Level Copy Number,"c592e589-c88b-4933-8832-918ea311ee85,d0372282-1cf3-4c8f-ac83-c796ac913d59,95394ceb-fa40-4cd3-8c79-ff5a7b5e46aa","TCGA-GBM.44406a05-5dac-4ac8-95d0-e8ab122de9b1.ascat3.gene_level_copy_number.v36.tsv,TCGA-GBM.44406a05-5dac-4ac8-95d0-e8ab122de9b1.absolute_liftover.gene_level_copy_number.v36.tsv,TCGA-GBM.44406a05-5dac-4ac8-95d0-e8ab122de9b1.gene_level_copy_number.v36.tsv",3,3
TCGA-06-0237tumor,Simple Nucleotide Variation,Masked Somatic Mutation,e42ccfda-6013-4890-ad94-5c838fb8d211,5a56a437-6b79-4ae8-a5c2-a8eaf8fb6df2.wxs.aliquot_ensemble_masked.maf,1,1
TCGA-06-0237tumor,Transcriptome Profiling,miRNA Expression Quantification,a892c285-ef66-4e22-a716-38f15b89bdcd,25924019-6881-4b7e-85a2-3d2e858bf977.mirnaseq.mirnas.quantification.txt,1,1
TCGA-06-0238tumor,Copy Number Variation,Gene Level Copy Number,"8e987037-6a45-49b2-a1e2-92b4cd0ee6d9,3e653526-4aa3-4353-affd-094a89b6b7fa,86f3a525-147f-484b-bb4b-5c9b76f1673f","TCGA-GBM.7d4e57d3-9137-4cd3-94ed-e38292849e54.ascat3.gene_level_copy_number.v36.tsv,TCGA-GBM.7d4e57d3-9137-4cd3-94ed-e38292849e54.absolute_liftover.gene_level_copy_number.v36.tsv,TCGA-GBM.7d4e57d3-9137-4cd3-94ed-e38292849e54.gene_level_copy_number.v36.tsv",3,3
TCGA-06-0238tumor,Simple Nucleotide Variation,Masked Somatic Mutation,c10d784f-5c6d-49c2-ac73-fdc65efbcdb3,694a1727-5352-4975-bc43-4e6f1ca67c2f.wxs.aliquot_ensemble_masked.maf,1,1
TCGA-06-0238tumor,Transcriptome Profiling,Gene Expression Quantification,"14aff5e3-5f0c-4e7c-abec-806009b5a39a,090d3905-3ea0-43a6-b802-192255146583","23f3b0c8-dc66-445e-9d05-bd631e00f2ee.rna_seq.augmented_star_gene_counts.tsv,8a1f814a-8f47-47e2-870b-8b2aa4df9ccf.rna_seq.augmented_star_gene_counts.tsv",2,2
TCGA-06-0238tumor,Transcriptome Profiling,miRNA Expression Quantification,61407206-9bf3-4e78-929f-5a60c0f5990d,5a49d0c0-24e7-44cc-94c3-9131e4651f0f.mirnaseq.mirnas.quantification.txt,1,1
TCGA-06-0240tumor,Copy Number Variation,Gene Level Copy Number,"1d3c45b8-79c8-4044-9299-fa071bfece7e,56deacf1-60af-40da-8c89-0ef1491e8329","TCGA-GBM.c346254a-fa27-4b93-9b7a-5afc99c75c44.gene_level_copy_number.v36.tsv,TCGA-GBM.c346254a-fa27-4b93-9b7a-5afc99c75c44.ascat3.gene_level_copy_number.v36.tsv",2,2
TCGA-06-0240tumor,Simple Nucleotide Variation,Masked Somatic Mutation,1854ea18-b3b5-4142-8161-e89c1e1f0e7d,8eef2f13-dfca-40eb-818d-7e9d9b90194e.wxs.aliquot_ensemble_masked.maf,1,1
TCGA-06-0241tumor,Copy Number Variation,Gene Level Copy Number,"296817f8-8ec0-481c-a676-527de1fe1588,175fb4b8-ce04-4969-81bd-ff02807029f7,1a4da8eb-0d45-44ea-8b1e-43f722d6088d","TCGA-GBM.22cb49e7-e2cc-46bb-9586-1f704f8937dc.absolute_liftover.gene_level_copy_number.v36.tsv,TCGA-GBM.22cb49e7-e2cc-46bb-9586-1f704f8937dc.gene_level_copy_number.v36.tsv,TCGA-GBM.22cb49e7-e2cc-46bb-9586-1f704f8937dc.ascat3.gene_level_copy_number.v36.tsv",3,3
TCGA-06-0241tumor,Simple Nucleotide Variation,Masked Somatic Mutation,85395525-14b6-44aa-998d-9f2cbc0797bf,325fc94a-5dbc-40bc-8326-a3211b06f3eb.wxs.aliquot_ensemble_masked.maf,1,1
TCGA-06-0241tumor,Transcriptome Profiling,miRNA Expression Quantification,20e4161b-8fcc-46f8-adc8-aab31e39b2a6,c6293bd4-18df-4c74-a3cb-d3ae38b49a06.mirnaseq.mirnas.quantification.txt,1,1
TCGA-06-0644tumor,Copy Number Variation,Gene Level Copy Number,"8a1c78af-aa57-494f-ba1c-27748f649cf8,e9837d9b-dc66-4815-8544-79a238c6c79d,7216304e-1d22-4ef0-899e-791a72815622","TCGA-GBM.6eda9441-2fda-4587-aa64-0d265f7980f3.ascat3.gene_level_copy_number.v36.tsv,TCGA-GBM.6eda9441-2fda-4587-aa64-0d265f7980f3.absolute_liftover.gene_level_copy_number.v36.tsv,TCGA-GBM.6eda9441-2fda-4587-aa64-0d265f7980f3.gene_level_copy_number.v36.tsv",3,3
TCGA-06-0644tumor,Simple Nucleotide Variation,Masked Somatic Mutation,ba239c50-70bd-47fc-9390-fd41c803a5ca,efc254e5-8aa6-4e1c-9f97-9f8602e47709.wxs.aliquot_ensemble_masked.maf,1,1
TCGA-06-0644tumor,Transcriptome Profiling,Gene Expression Quantification,"e0b541c6-22c0-4b57-9a9f-80a32bc9d57c,03fc636b-9e3d-42ea-88cf-8081539a9859","9336dd74-2f3f-4c1f-bebf-e4aae364f784.rna_seq.augmented_star_gene_counts.tsv,58d714ce-bdb7-4365-b3f9-a5464237b1d4.rna_seq.augmented_star_gene_counts.tsv",2,2
TCGA-06-0644tumor,Transcriptome Profiling,miRNA Expression Quantification,f148ee8b-94d1-4075-b1a8-1bc7fbefcd08,cbbe0b5a-d6c6-4860-bc77-b58254ffa97d.mirnaseq.mirnas.quantification.txt,1,1
TCGA-06-0645tumor,Copy Number Variation,Gene Level Copy Number,"2ae15715-7ec9-4e54-842e-7b719ba01a73,84ecd100-baf6-4f76-abb3-f86ebce81d6c,d57dd61a-6992-426e-99f8-cabd83ed61c5","TCGA-GBM.f2d37a75-5be6-4af2-9496-2e0cf1208372.absolute_liftover.gene_level_copy_number.v36.tsv,TCGA-GBM.f2d37a75-5be6-4af2-9496-2e0cf1208372.ascat3.gene_level_copy_number.v36.tsv,TCGA-GBM.f2d37a75-5be6-4af2-9496-2e0cf1208372.gene_level_copy_number.v36.tsv",3,3
TCGA-06-0645tumor,Simple Nucleotide Variation,Masked Somatic Mutation,a9e9f0cd-4bcf-4f78-b4bb-88ec6174295b,fe949df6-3959-478b-8701-158c1c9be519.wxs.aliquot_ensemble_masked.maf,1,1
TCGA-06-0645tumor,Transcriptome Profiling,Gene Expression Quantification,"3524be8c-d600-492a-b912-f712ad158a8e,8f3294df-ef44-4b90-b53b-085909f26dcc","0de2c4aa-0a01-49af-bc43-027f6321eb15.rna_seq.augmented_star_gene_counts.tsv,9f962dec-eac6-423c-a6ba-22d96165c616.rna_seq.augmented_star_gene_counts.tsv",2,2
TCGA-06-0646tumor,Copy Number Variation,Gene Level Copy Number,"d4bbae5a-d27f-4bb9-b6d6-2eb6d50d801d,3ad65538-687f-45ca-b1d3-479997852d9b,d428e708-03d3-443d-a1f6-4c7be6fc3d6d","TCGA-GBM.d3917a27-f132-4830-b277-52666d797169.absolute_liftover.gene_level_copy_number.v36.tsv,TCGA-GBM.d3917a27-f132-4830-b277-52666d797169.ascat3.gene_level_copy_number.v36.tsv,TCGA-GBM.d3917a27-f132-4830-b277-52666d797169.gene_level_copy_number.v36.tsv",3,3
TCGA-06-0646tumor,Simple Nucleotide Variation,Masked Somatic Mutation,bc444bb7-6254-4a11-9fc0-0b4324020927,c53c79a0-aba9-421b-812d-aeeed15ea445.wxs.aliquot_ensemble_masked.maf,1,1
TCGA-06-0646tumor,Transcriptome Profiling,Gene Expression Quantification,"39dc32b6-8c47-4ae9-8c03-8be648d5cbc9,71600f32-5a1f-477b-9ce5-2eb289504a57","28016f07-a161-43bc-954d-d5ad756bb40b.rna_seq.augmented_star_gene_counts.tsv,0d3fac43-2d9d-4904-9650-40fd7af2942b.rna_seq.augmented_star_gene_counts.tsv",2,2
TCGA-06-0646tumor,Transcriptome Profiling,miRNA Expression Quantification,03f45b84-3cad-4810-9b0a-252ac588e489,01aac701-cfa2-4f89-a2cc-70bc4861bb92.mirnaseq.mirnas.quantification.txt,1,1
TCGA-06-0648tumor,Copy Number Variation,Gene Level Copy Number,"f12eb8a1-3438-4137-b41f-b5d5131637a2,dfc926f5-7bec-4fb5-9884-61de9aaa6bf7,de835eab-92ca-47d6-873a-0ba1ebaa2cfd","TCGA-GBM.118d5604-532e-462c-a5a2-73f09b60a8d3.absolute_liftover.gene_level_copy_number.v36.tsv,TCGA-GBM.118d5604-532e-462c-a5a2-73f09b60a8d3.gene_level_copy_number.v36.tsv,TCGA-GBM.118d5604-532e-462c-a5a2-73f09b60a8d3.ascat3.gene_level_copy_number.v36.tsv",3,3
TCGA-06-0648tumor,Simple Nucleotide Variation,Masked Somatic Mutation,"379d8213-27fa-47d5-a361-c88ea3249220,6a15ce9c-18d5-479f-b0d7-ad313c68741f","ebe00ed2-55ab-4ff4-ad0b-1b2cbf0c5252.wxs.aliquot_ensemble_masked.maf,a89ed8a7-df65-40e5-961c-e59b8d144054.wxs.aliquot_ensemble_masked.maf",2,2
TCGA-06-0648tumor,Transcriptome Profiling,Gene Expression Quantification,f7ee2427-a1bf-4f0f-b4b1-274b693ed41e,baa6529c-f12e-47ce-8a13-5484ea7f895d.rna_seq.augmented_star_gene_counts.tsv,1,1
TCGA-06-0648tumor,Transcriptome Profiling,miRNA Expression Quantification,c70a0218-dda4-41c9-bf15-72e637a53c53,7ebc0555-5745-45f6-b9cf-1d90e094f8af.mirnaseq.mirnas.quantification.txt,1,1
TCGA-06-0649tumor,Copy Number Variation,Gene Level Copy Number,"4d6c6d50-9647-4461-b869-3e05694728c0,10de86be-4599-4915-9a0d-f21d2763417f,d09b5dd4-727c-44fe-8688-a4128950283e","TCGA-GBM.66f79983-11db-441d-81df-300abe86815e.ascat3.gene_level_copy_number.v36.tsv,TCGA-GBM.66f79983-11db-441d-81df-300abe86815e.absolute_liftover.gene_level_copy_number.v36.tsv,TCGA-GBM.66f79983-11db-441d-81df-300abe86815e.gene_level_copy_number.v36.tsv",3,3
TCGA-06-0649tumor,Simple Nucleotide Variation,Masked Somatic Mutation,"cbd4aa41-f366-4093-b6e4-28aea63e83c7,e7c6957d-567c-41e0-a3a2-7d852eabad76","df916a6f-0928-4eca-a9fc-90fb5cb50b44.wxs.aliquot_ensemble_masked.maf,5da4592d-39ae-4138-9896-1fb86c06de24.wxs.aliquot_ensemble_masked.maf",2,2
TCGA-06-0649tumor,Transcriptome Profiling,Gene Expression Quantification,"c2cd78e5-babb-4f6f-9988-6bab8c2bd217,e34e7e91-93d0-43dc-b510-1f36b3ba6be0","338baec6-c9fe-4691-9c2a-bc96799f8dee.rna_seq.augmented_star_gene_counts.tsv,b21a2a30-3ff8-482f-add4-f4eea1204b87.rna_seq.augmented_star_gene_counts.tsv",2,2
TCGA-06-0649tumor,Transcriptome Profiling,miRNA Expression Quantification,a1dac933-65a4-4074-b6a4-8eb50210aa64,03169235-4d13-423b-b55e-bfc594796663.mirnaseq.mirnas.quantification.txt,1,1
TCGA-06-0650tumor,Copy Number Variation,Gene Level Copy Number,"7a690f14-851f-4647-9a3b-e832fc1d38f4,e1e019b1-8667-44ad-ba8c-b13c58fddeff,3b1fda59-7596-465a-b407-668ac0718c9c","TCGA-GBM.2dbe2127-6557-4872-8c8a-d88d2fad9ad8.absolute_liftover.gene_level_copy_number.v36.tsv,TCGA-GBM.2dbe2127-6557-4872-8c8a-d88d2fad9ad8.ascat3.gene_level_copy_number.v36.tsv,TCGA-GBM.2dbe2127-6557-4872-8c8a-d88d2fad9ad8.gene_level_copy_number.v36.tsv",3,3
TCGA-06-0650tumor,DNA Methylation,Methylation Beta Value,309e53b9-3a21-4603-9b0e-5d9418795116,1243c462-0e5e-407a-b0b8-f4231185015d.methylation_array.sesame.level3betas.txt,1,1
TCGA-06-0650tumor,Simple Nucleotide Variation,Masked Somatic Mutation,76aba3c0-a81a-4f85-abe9-e02484fdf857,d582bfee-abb6-400c-94ee-1a50b23879b9.wxs.aliquot_ensemble_masked.maf,1,1
TCGA-06-0686tumor,Copy Number Variation,Gene Level Copy Number,"fb0c2703-e6e8-4952-a4cb-2c87b359da72,d7b786ec-70f2-4227-b91b-43113cf27e7e,bfcf772f-4643-459f-8b6e-2848253cc4f9","TCGA-GBM.721d99cf-3581-4aab-9e18-90d8ce1a9f2e.ascat3.gene_level_copy_number.v36.tsv,TCGA-GBM.721d99cf-3581-4aab-9e18-90d8ce1a9f2e.gene_level_copy_number.v36.tsv,TCGA-GBM.721d99cf-3581-4aab-9e18-90d8ce1a9f2e.absolute_liftover.gene_level_copy_number.v36.tsv",3,3
TCGA-06-0686tumor,Simple Nucleotide Variation,Masked Somatic Mutation,"ba398aa0-52ca-43c4-8ea8-d3774333ef30,300211d2-44ab-4a79-a26f-95f05bf4c1a4","54e523b5-4bb4-434f-84f4-dce4932b793a.wxs.aliquot_ensemble_masked.maf,76f79550-6fb0-4c14-994b-83b59fd94a39.wxs.aliquot_ensemble_masked.maf",2,2
TCGA-06-0686tumor,Transcriptome Profiling,Gene Expression Quantification,"088a7d23-5acc-4db8-8ccb-ca8221b765ac,9553912f-1166-428f-8960-013ca051e2ef","748dc14a-ff43-4b5d-b197-b7c021955fed.rna_seq.augmented_star_gene_counts.tsv,0c6b79d0-47aa-4c14-8ec5-bdbfe0faa29d.rna_seq.augmented_star_gene_counts.tsv",2,2
TCGA-06-0743tumor,Copy Number Variation,Gene Level Copy Number,"746d5710-e6d9-4db0-8639-89ad3a36a384,bb6b1b07-5777-49e6-bf9e-915d866c3d4e,cbe596e4-5d6b-4a93-bb52-086518fbbe54","TCGA-GBM.a98b56fc-4d6c-434c-a57b-3d9d2f140851.ascat3.gene_level_copy_number.v36.tsv,TCGA-GBM.a98b56fc-4d6c-434c-a57b-3d9d2f140851.absolute_liftover.gene_level_copy_number.v36.tsv,TCGA-GBM.a98b56fc-4d6c-434c-a57b-3d9d2f140851.gene_level_copy_number.v36.tsv",3,3
TCGA-06-0743tumor,Simple Nucleotide Variation,Masked Somatic Mutation,381258bf-7787-44fa-ae9c-a764e625d768,ad18002f-4246-4d34-b740-b78ddfc2621d.wxs.aliquot_ensemble_masked.maf,1,1
TCGA-06-0743tumor,Transcriptome Profiling,Gene Expression Quantification,"cae1f29a-9b4e-4dcb-a3c1-b4b662a32907,d6cf9f3f-59c5-4a28-bcd9-becfd5ee4306","0db34205-31a0-49e3-972d-ec4e4f7c03c5.rna_seq.augmented_star_gene_counts.tsv,d98b999b-c625-4970-9b6a-533e7a4b7a0f.rna_seq.augmented_star_gene_counts.tsv",2,2
TCGA-06-0743tumor,Transcriptome Profiling,miRNA Expression Quantification,cb714092-b579-4c59-baf5-cd5ca85efcba,511b2a7c-632a-41b3-94b8-3992f09095f7.mirnaseq.mirnas.quantification.txt,1,1
TCGA-06-0744tumor,Copy Number Variation,Gene Level Copy Number,"72bb04a4-c363-4e8c-a5a1-fe8458243eaa,7fb93a0e-aa89-4af7-899c-3b8e365c3f23,8a7cfb01-a1b5-4de8-8d7b-87b0b3895fc3","TCGA-GBM.5fa7db3a-3f55-4a9a-be6e-107849d34fbd.absolute_liftover.gene_level_copy_number.v36.tsv,TCGA-GBM.5fa7db3a-3f55-4a9a-be6e-107849d34fbd.gene_level_copy_number.v36.tsv,TCGA-GBM.5fa7db3a-3f55-4a9a-be6e-107849d34fbd.ascat3.gene_level_copy_number.v36.tsv",3,3
TCGA-06-0744tumor,Simple Nucleotide Variation,Masked Somatic Mutation,"b2effc6a-808e-4ed2-8b2d-f768167f24c6,26a5a0b2-cf81-404b-a266-3fcff784336e","9649d137-7ced-4854-99f1-987aacb7596d.wxs.aliquot_ensemble_masked.maf,e954b455-865e-4fb8-9541-1febef61ccd6.wxs.aliquot_ensemble_masked.maf",2,2
TCGA-06-0744tumor,Transcriptome Profiling,Gene Expression Quantification,"8ca6d647-8970-4b82-99a3-fc72d9c51755,6f71bc72-6878-478a-98af-da45cfbb4bd1","5862a2c8-9700-4bfd-8247-176efebc3efb.rna_seq.augmented_star_gene_counts.tsv,55205481-335e-44c1-885a-fa5a33bd7edf.rna_seq.augmented_star_gene_counts.tsv",2,2
TCGA-06-0744tumor,Transcriptome Profiling,miRNA Expression Quantification,be5be39b-70bb-4608-bc19-cb160a35e6cc,102e994b-acaa-4798-b8ce-1f8ac100fc63.mirnaseq.mirnas.quantification.txt,1,1
TCGA-06-0745tumor,Copy Number Variation,Gene Level Copy Number,"ae95fe36-6780-4456-ae53-3b712fc974be,ba2f4e31-ddfb-40a4-a2e9-6724837b2816,1d657f7a-57c1-482d-9643-b169c6a54cdb","TCGA-GBM.adbdc0d3-ea14-4715-ab1b-ee59b14efdad.absolute_liftover.gene_level_copy_number.v36.tsv,TCGA-GBM.adbdc0d3-ea14-4715-ab1b-ee59b14efdad.gene_level_copy_number.v36.tsv,TCGA-GBM.adbdc0d3-ea14-4715-ab1b-ee59b14efdad.ascat3.gene_level_copy_number.v36.tsv",3,3
TCGA-06-0745tumor,Simple Nucleotide Variation,Masked Somatic Mutation,"5658815c-0a91-42cd-9b3e-b88765db50ed,a06e4fa4-9887-4a0c-acab-99b0aa63794e","13ed09ea-81c3-4cdb-a1fd-965cdca8c6a2.wxs.aliquot_ensemble_masked.maf,fc2d6698-a719-4757-b4c7-ace26ce6fbb3.wxs.aliquot_ensemble_masked.maf",2,2
TCGA-06-0745tumor,Transcriptome Profiling,Gene Expression Quantification,"51eb0c58-e29a-4e05-8b1e-93cbe016c05f,7e774ac2-2ac2-426c-afb4-3698a59b2a8b","88c49e2a-ad65-411f-b9d9-df83de6f2b2a.rna_seq.augmented_star_gene_counts.tsv,45b03af8-f396-4c1b-809a-5e2aa7ce0769.rna_seq.augmented_star_gene_counts.tsv",2,2
TCGA-06-0745tumor,Transcriptome Profiling,miRNA Expression Quantification,0ed05433-f4c6-41a2-8af9-73466511f73c,b76de185-9ff3-4bac-9006-8c7ab092cb72.mirnaseq.mirnas.quantification.txt,1,1
TCGA-06-0747tumor,Copy Number Variation,Gene Level Copy Number,"9b1d3d36-4e09-4338-b346-5d65df133f79,89b6b046-29bd-4254-a463-907345724224,7a0906cc-c79e-4bba-a99a-5780eaf51662","TCGA-GBM.ef0ff50b-1b7d-4229-bca5-089808491f3b.ascat3.gene_level_copy_number.v36.tsv,TCGA-GBM.ef0ff50b-1b7d-4229-bca5-089808491f3b.absolute_liftover.gene_level_copy_number.v36.tsv,TCGA-GBM.ef0ff50b-1b7d-4229-bca5-089808491f3b.gene_level_copy_number.v36.tsv",3,3
TCGA-06-0747tumor,Simple Nucleotide Variation,Masked Somatic Mutation,"8ba65fea-e5aa-4560-ab7d-d86d25c699fe,3dfcf466-38aa-4c8f-beae-e4eba6cfa4ca","34b329f7-b353-4646-9468-8c045a18e840.wxs.aliquot_ensemble_masked.maf,39394d69-f54d-4f55-8a39-241186d17ff8.wxs.aliquot_ensemble_masked.maf",2,2
TCGA-06-0747tumor,Transcriptome Profiling,Gene Expression Quantification,"bc068ded-2a95-4bd9-a9c9-7016d7e748a8,3fef7878-8d16-44c6-8d24-a6de90b66747","da7d327b-1022-4ffc-9ed8-8b4413209ce4.rna_seq.augmented_star_gene_counts.tsv,0a80d60d-df15-4474-92f9-97f5be07e180.rna_seq.augmented_star_gene_counts.tsv",2,2
TCGA-06-0747tumor,Transcriptome Profiling,miRNA Expression Quantification,f3e50e7c-c405-4d14-8e3e-922202454e1f,f49095d3-796e-499f-97f4-2efef3ebe7cb.mirnaseq.mirnas.quantification.txt,1,1
TCGA-06-0749tumor,Copy Number Variation,Gene Level Copy Number,"95e64a2e-5470-4834-b517-d31492e29339,08df7ad9-ecd3-4a9c-88fb-7962ee28146b,ccb2139a-104a-4490-9270-c3d2ec2775a8","TCGA-GBM.7a3f9c72-8181-4366-a35d-e52100c414d2.gene_level_copy_number.v36.tsv,TCGA-GBM.7a3f9c72-8181-4366-a35d-e52100c414d2.absolute_liftover.gene_level_copy_number.v36.tsv,TCGA-GBM.7a3f9c72-8181-4366-a35d-e52100c414d2.ascat3.gene_level_copy_number.v36.tsv",3,3
TCGA-06-0749tumor,Simple Nucleotide Variation,Masked Somatic Mutation,"e4b23974-99df-4788-bdc3-947dab6b1e19,fd467ad2-3e0e-4ba6-8f52-dccd210ef0f2","42609f45-611a-49ae-85ea-5784ff813e84.wxs.aliquot_ensemble_masked.maf,64d56f67-a022-4e5d-8cfb-19b7cdd7b4dc.wxs.aliquot_ensemble_masked.maf",2,2
TCGA-06-0749tumor,Transcriptome Profiling,Gene Expression Quantification,"4af1f2b3-5b91-4fea-9268-70435ee322f2,8a869af3-c5b4-4122-b17d-2b97b5cf97bc","404948ed-abef-4949-8375-64908c0d52c0.rna_seq.augmented_star_gene_counts.tsv,8ce23744-e0bc-459b-8b6d-8bac6c4ef6d5.rna_seq.augmented_star_gene_counts.tsv",2,2
TCGA-06-0749tumor,Transcriptome Profiling,miRNA Expression Quantification,ac10912b-3401-49fd-82fb-7ee1d8f64aa7,511ebae9-1987-4063-8d96-068dec46612a.mirnaseq.mirnas.quantification.txt,1,1
TCGA-06-0750tumor,Copy Number Variation,Gene Level Copy Number,"5b197187-726a-4a37-8634-e93f8e59c6c6,1630aca1-121a-4372-aa22-30562e93a823,aa20b842-43ff-4e08-9613-b9b2ee24fae7","TCGA-GBM.12af3bc3-8621-4b5f-b684-7ca24dc92c61.ascat3.gene_level_copy_number.v36.tsv,TCGA-GBM.12af3bc3-8621-4b5f-b684-7ca24dc92c61.gene_level_copy_number.v36.tsv,TCGA-GBM.12af3bc3-8621-4b5f-b684-7ca24dc92c61.absolute_liftover.gene_level_copy_number.v36.tsv",3,3
TCGA-06-0750tumor,Simple Nucleotide Variation,Masked Somatic Mutation,fe25ecca-4ea3-4aa8-a573-6eade92b5b45,35e51960-83bf-4367-9e8b-21456ae5bb75.wxs.aliquot_ensemble_masked.maf,1,1
TCGA-06-0750tumor,Transcriptome Profiling,Gene Expression Quantification,"b446e80d-46a1-44ad-a39e-8e17b98c722d,4b88ba3b-6b4b-42b4-a64d-d45358cef26d","3d122d0e-749d-4388-a74a-a2266792e5de.rna_seq.augmented_star_gene_counts.tsv,f505fb40-a27a-4a6a-9a3d-1f11a4b834b3.rna_seq.augmented_star_gene_counts.tsv",2,2
TCGA-06-0750tumor,Transcriptome Profiling,miRNA Expression Quantification,b3a2488e-94bb-40b7-9e7a-6e90b9da2408,3086745c-e126-4744-b4cb-e84939ea7950.mirnaseq.mirnas.quantification.txt,1,1
TCGA-06-0875tumor,Copy Number Variation,Gene Level Copy Number,"79856cb5-9734-461b-bd1d-46982c347f03,2cd716e5-30a0-4436-93b5-96ae5f38cdf2,696f5cce-c6d6-4dc5-a69d-5ca7eae6be0d","TCGA-GBM.a82a098a-b2b7-42e5-85ea-fae69ed349b5.gene_level_copy_number.v36.tsv,TCGA-GBM.a82a098a-b2b7-42e5-85ea-fae69ed349b5.ascat3.gene_level_copy_number.v36.tsv,TCGA-GBM.a82a098a-b2b7-42e5-85ea-fae69ed349b5.absolute_liftover.gene_level_copy_number.v36.tsv",3,3
TCGA-06-0875tumor,DNA Methylation,Methylation Beta Value,4fe7183a-818e-436b-a82b-328ba0ee53a8,3b40b113-19d9-4c0e-a948-53aedc88beac.methylation_array.sesame.level3betas.txt,1,1
TCGA-06-0875tumor,Simple Nucleotide Variation,Masked Somatic Mutation,"bcf0f482-a35f-45da-be4b-e3773c11c106,1eb430a9-c5ba-43f4-86fa-ff4db1241c85","e3524e49-fcab-492c-a2d5-f7d9d504e25d.wxs.aliquot_ensemble_masked.maf,a000ddde-b333-49d5-91da-0a593dbb57b3.wxs.aliquot_ensemble_masked.maf",2,2
TCGA-06-0875tumor,Transcriptome Profiling,Gene Expression Quantification,29326853-4718-4666-a8aa-de5326e25802,b4a1254d-9975-4cc8-88ed-8ad37ac0af82.rna_seq.augmented_star_gene_counts.tsv,1,1
TCGA-06-0875tumor,Transcriptome Profiling,miRNA Expression Quantification,f0b398bc-47ba-4b10-98dc-96b1db0d7efc,af788f7d-51ce-491e-b615-12c502ebbf06.mirnaseq.mirnas.quantification.txt,1,1
TCGA-06-0876tumor,Copy Number Variation,Gene Level Copy Number,"5154c82a-9ad7-42ba-9e18-8cbf5f314ec5,4c0a6aa6-05db-48cd-b738-5adbf9184ecd,ec9d4fa9-7d0a-498a-aa11-a14b24932850","TCGA-GBM.65f3c12a-268a-44a6-8899-3c0a0e67a334.absolute_liftover.gene_level_copy_number.v36.tsv,TCGA-GBM.65f3c12a-268a-44a6-8899-3c0a0e67a334.ascat3.gene_level_copy_number.v36.tsv,TCGA-GBM.65f3c12a-268a-44a6-8899-3c0a0e67a334.gene_level_copy_number.v36.tsv",3,3
TCGA-06-0876tumor,DNA Methylation,Methylation Beta Value,bd1de5ce-9213-440d-93fc-ada1cf7cab5b,5d205c95-9fd5-48a7-bbe4-6b70dcf5ecab.methylation_array.sesame.level3betas.txt,1,1
TCGA-06-0876tumor,Simple Nucleotide Variation,Masked Somatic Mutation,"9bcd45ef-9e0f-45ac-af5f-2fdfd4227503,0e160d5a-1896-4bc3-89be-02550078b262","17f6bf94-50ad-4df6-a6c9-17f614440abf.wxs.aliquot_ensemble_masked.maf,7c99dbf5-43a9-4854-83db-fef826e524a0.wxs.aliquot_ensemble_masked.maf",2,2
TCGA-06-0876tumor,Transcriptome Profiling,Gene Expression Quantification,1261fa8c-a831-4f06-aca6-9cb96625a32b,026ed595-4218-4379-8e2d-54b390cb2544.rna_seq.augmented_star_gene_counts.tsv,1,1
TCGA-06-0877tumor,Copy Number Variation,Gene Level Copy Number,"53cfc46a-b665-4e2f-9b57-f0e7311dae1f,801ccf1e-51c2-427f-9621-88befce09bbe,b3bc6010-2703-4ac9-9aa6-8e032336cd5f","TCGA-GBM.3bcc850a-56b2-4c8b-8edf-4cb69b79d9a3.gene_level_copy_number.v36.tsv,TCGA-GBM.3bcc850a-56b2-4c8b-8edf-4cb69b79d9a3.ascat3.gene_level_copy_number.v36.tsv,TCGA-GBM.3bcc850a-56b2-4c8b-8edf-4cb69b79d9a3.absolute_liftover.gene_level_copy_number.v36.tsv",3,3
TCGA-06-0877tumor,DNA Methylation,Methylation Beta Value,da418df8-e5b5-438e-b30d-93eb462d05e2,35c7cd2a-019f-42ab-ac9c-38a62df9c242.methylation_array.sesame.level3betas.txt,1,1
TCGA-06-0877tumor,Simple Nucleotide Variation,Masked Somatic Mutation,"e8b1e3e0-25ce-4403-a7db-dff72f6a0edb,421c309b-8906-4896-9d3c-6fc4aca2cdb6","08090c9b-b719-4dfe-ba0e-b110adbdf61f.wxs.aliquot_ensemble_masked.maf,ad31f4ed-9711-4b14-8972-61b6748477ed.wxs.aliquot_ensemble_masked.maf",2,2
TCGA-06-0877tumor,Transcriptome Profiling,Gene Expression Quantification,b7155621-2b01-4524-857a-a1f1ca0a527a,2463aaf7-9673-4bf2-9e8e-41d01e2379a1.rna_seq.augmented_star_gene_counts.tsv,1,1
TCGA-06-0877tumor,Transcriptome Profiling,miRNA Expression Quantification,fc26ebaa-ac85-4f0d-a5e8-90f149f9cabf,8edcdeb7-458f-4e0e-8309-5442dbf97bae.mirnaseq.mirnas.quantification.txt,1,1
TCGA-06-0878tumor,Copy Number Variation,Gene Level Copy Number,"adee9475-e53e-4464-8103-0b6de39a0ee9,7ab7342b-d560-4569-ab21-d9e136fe3c00,5b98e0a9-62a2-4fad-9119-91db46668bde","TCGA-GBM.6a9cf7e0-e9fb-470f-bad6-88787eb27a85.ascat3.gene_level_copy_number.v36.tsv,TCGA-GBM.6a9cf7e0-e9fb-470f-bad6-88787eb27a85.absolute_liftover.gene_level_copy_number.v36.tsv,TCGA-GBM.6a9cf7e0-e9fb-470f-bad6-88787eb27a85.gene_level_copy_number.v36.tsv",3,3
TCGA-06-0878tumor,DNA Methylation,Methylation Beta Value,d0a9e075-4295-4c29-ac91-2b3f2d619d20,62d2be13-55f8-4c16-84ad-557a09b85b8a.methylation_array.sesame.level3betas.txt,1,1
TCGA-06-0878tumor,Simple Nucleotide Variation,Masked Somatic Mutation,"52120fe0-d881-4d57-a0d0-904792697462,47fdbeba-e2db-4645-96fc-a344e8b45f60","e81efce4-de1d-4185-a547-00736ec3b8b1.wxs.aliquot_ensemble_masked.maf,10e760f4-da6f-489f-a4aa-5ce3d0bb86a0.wxs.aliquot_ensemble_masked.maf",2,2
TCGA-06-0878tumor,Transcriptome Profiling,Gene Expression Quantification,"38a55896-f00e-418d-bc18-4ca30da378ef,db17edfa-a85d-4498-8203-83d9949c3483","df3438b0-f3c9-4d19-bfe3-685b97b05a3a.rna_seq.augmented_star_gene_counts.tsv,209797f2-6e12-4f02-bea7-fd559305fad4.rna_seq.augmented_star_gene_counts.tsv",2,2
TCGA-06-0878tumor,Transcriptome Profiling,miRNA Expression Quantification,af649369-3268-4950-81c2-a528172f4d47,96a3455f-4da3-4bb9-8837-e76e4721d5ef.mirnaseq.mirnas.quantification.txt,1,1
TCGA-06-0879tumor,Copy Number Variation,Gene Level Copy Number,"488558e2-e505-4a2e-8d4a-bb396a72f8fa,92c38798-0047-4a73-9ed9-014060a02988,2c2ad7f2-af9a-42e1-b3a0-b165a47864c0","TCGA-GBM.cbb55613-7289-462c-ad2b-dd2a7b75fd60.absolute_liftover.gene_level_copy_number.v36.tsv,TCGA-GBM.cbb55613-7289-462c-ad2b-dd2a7b75fd60.ascat3.gene_level_copy_number.v36.tsv,TCGA-GBM.cbb55613-7289-462c-ad2b-dd2a7b75fd60.gene_level_copy_number.v36.tsv",3,3
TCGA-06-0879tumor,DNA Methylation,Methylation Beta Value,f2bf7245-9ec7-4e86-b5f5-d86fa4dba14c,0f2c658f-6042-401b-b42e-8f56224bcdf3.methylation_array.sesame.level3betas.txt,1,1
TCGA-06-0879tumor,Simple Nucleotide Variation,Masked Somatic Mutation,"4c74c4aa-bae0-47e8-afc8-7fce4b2ed72b,f2d1c09e-d1f2-4b33-818e-834176663a19","d5f63fb7-7a76-4c0a-87e7-1b8940465a8b.wxs.aliquot_ensemble_masked.maf,85abb305-6fae-451b-9b83-2e982e7da67e.wxs.aliquot_ensemble_masked.maf",2,2
TCGA-06-0879tumor,Transcriptome Profiling,Gene Expression Quantification,88e8d6b4-b638-4c5f-8286-ab5c193f5339,7fd5b083-8d24-4631-8c52-146c27197be2.rna_seq.augmented_star_gene_counts.tsv,1,1
TCGA-06-0879tumor,Transcriptome Profiling,miRNA Expression Quantification,68bea5cc-a2c3-4118-9877-f1c3c9670b6d,a1e00b40-9034-48fc-b8da-7d98b538c4b5.mirnaseq.mirnas.quantification.txt,1,1
TCGA-06-0881tumor,Copy Number Variation,Gene Level Copy Number,"979c8c0b-3611-45c0-b121-018cdd7b2fbc,7f416316-f3cd-4f65-906b-35f454a190cc","TCGA-GBM.e5aeff06-8802-467f-b683-f6fb126a07dd.gene_level_copy_number.v36.tsv,TCGA-GBM.e5aeff06-8802-467f-b683-f6fb126a07dd.ascat3.gene_level_copy_number.v36.tsv",2,2
TCGA-06-0881tumor,DNA Methylation,Methylation Beta Value,900ba471-6fd8-4bbb-a955-7d05f562e2b9,23f4f644-6996-4841-a510-1e65e4a693b6.methylation_array.sesame.level3betas.txt,1,1
TCGA-06-0881tumor,Simple Nucleotide Variation,Masked Somatic Mutation,"a5d28348-c7cc-4e1c-a7bf-962c328d3d77,00c046a5-b243-4f40-b107-bcd1c07d0918","f0ca7cc8-bccf-4414-9426-a7eb9d6d4dbf.wxs.aliquot_ensemble_masked.maf,6a802887-3108-4770-b657-28f87cd4b991.wxs.aliquot_ensemble_masked.maf",2,2
TCGA-06-0881tumor,Transcriptome Profiling,Gene Expression Quantification,4350b4e7-6a37-43d8-8eaa-b5f4846e943d,32ee07e4-bec3-4d00-b603-60933581046c.rna_seq.augmented_star_gene_counts.tsv,1,1
TCGA-06-0881tumor,Transcriptome Profiling,miRNA Expression Quantification,4d6ad486-296f-4e26-895b-0c6a97bd6335,6febd3c4-a09c-4c35-8d2f-67bf4901019b.mirnaseq.mirnas.quantification.txt,1,1
TCGA-06-0882tumor,Copy Number Variation,Gene Level Copy Number,"a3f06472-ae7b-49ca-88ae-24dad81959c0,9de12437-a1c8-4a62-9fdc-991f312b29e7,a4686d39-0785-4657-9fb9-79dab55d9fdc","TCGA-GBM.d53d5213-810f-4e8a-935c-2b77f90730ba.absolute_liftover.gene_level_copy_number.v36.tsv,TCGA-GBM.d53d5213-810f-4e8a-935c-2b77f90730ba.gene_level_copy_number.v36.tsv,TCGA-GBM.d53d5213-810f-4e8a-935c-2b77f90730ba.ascat3.gene_level_copy_number.v36.tsv",3,3
TCGA-06-0882tumor,DNA Methylation,Methylation Beta Value,ce130be4-87e0-4c55-83a4-1f184b76829d,ec0f2a4a-bea2-496b-812f-8f08bb4826db.methylation_array.sesame.level3betas.txt,1,1
TCGA-06-0882tumor,Simple Nucleotide Variation,Masked Somatic Mutation,"443c35d7-e199-49d8-b2f7-2e0e4fc2eb9a,a8b91887-6067-409a-a9c3-f40d84f7a1fb","a46052f7-a926-4c4a-ab3a-200a3a89d21c.wxs.aliquot_ensemble_masked.maf,52843d0a-e9a8-4fdb-a5e2-7c7f69ec5195.wxs.aliquot_ensemble_masked.maf",2,2
TCGA-06-0882tumor,Transcriptome Profiling,Gene Expression Quantification,"a5292166-235e-488f-bb57-25db83e62df1,6a0df69c-6211-4db9-a278-fc7b2a2bb92c","3e80fb1c-1d29-45c9-9e02-995c33c70b9c.rna_seq.augmented_star_gene_counts.tsv,7412a444-9fad-4d96-a4d4-2c270045919a.rna_seq.augmented_star_gene_counts.tsv",2,2
TCGA-06-0882tumor,Transcriptome Profiling,miRNA Expression Quantification,d0295d7b-b042-4dd8-bf27-a82cbdb00d48,a50bbfa8-9684-4ace-9149-fedf4ad4805f.mirnaseq.mirnas.quantification.txt,1,1
TCGA-06-0939tumor,Copy Number Variation,Gene Level Copy Number,"add60058-30a6-4eef-8d09-4c285ce2a732,47a225f6-ba09-447e-a1b4-fffc18aac118,0dc22e1b-59e9-45c1-b980-ae3b34c5db94","TCGA-GBM.f3cae357-fc8f-4fe1-a816-6ac26da60192.gene_level_copy_number.v36.tsv,TCGA-GBM.f3cae357-fc8f-4fe1-a816-6ac26da60192.ascat3.gene_level_copy_number.v36.tsv,TCGA-GBM.f3cae357-fc8f-4fe1-a816-6ac26da60192.absolute_liftover.gene_level_copy_number.v36.tsv",3,3
TCGA-06-0939tumor,DNA Methylation,Methylation Beta Value,b956ca99-d184-4456-bf84-fb470d22d87c,26f6e535-4298-4b4b-9390-5dc795f878f5.methylation_array.sesame.level3betas.txt,1,1
TCGA-06-0939tumor,Simple Nucleotide Variation,Masked Somatic Mutation,8336c6af-ead1-487d-b435-a03c975da54e,fe710170-c3b0-4d8e-b68d-f1443e603e98.wxs.aliquot_ensemble_masked.maf,1,1
TCGA-06-0939tumor,Transcriptome Profiling,Gene Expression Quantification,e8a86041-dd34-405e-96d5-b413631a0808,f4a6270e-6932-4d56-aa0b-475377d443b9.rna_seq.augmented_star_gene_counts.tsv,1,1
TCGA-06-0939tumor,Transcriptome Profiling,miRNA Expression Quantification,8ff41be2-4b68-4e1a-91c8-5e434e665bf6,9882b5a9-3066-48ca-9b7b-c35b63936994.mirnaseq.mirnas.quantification.txt,1,1
TCGA-06-1084tumor,Copy Number Variation,Gene Level Copy Number,"9d8e2a93-bfd4-402b-80d1-365b8db04252,4bf65925-130b-45d2-a9f1-a10281a322e1,481ebbc8-8a29-4869-9511-0629c3192eca","TCGA-GBM.220d0cfb-5e15-4ecc-9dc3-362c5eef9ebf.absolute_liftover.gene_level_copy_number.v36.tsv,TCGA-GBM.220d0cfb-5e15-4ecc-9dc3-362c5eef9ebf.ascat3.gene_level_copy_number.v36.tsv,TCGA-GBM.220d0cfb-5e15-4ecc-9dc3-362c5eef9ebf.gene_level_copy_number.v36.tsv",3,3
TCGA-06-1084tumor,DNA Methylation,Methylation Beta Value,9a95301f-2ee0-4e7d-96c9-237713ac8842,6727d130-3a87-4966-b917-aeeb58910bac.methylation_array.sesame.level3betas.txt,1,1
TCGA-06-1084tumor,Simple Nucleotide Variation,Masked Somatic Mutation,c096fc52-ada4-4592-9407-773816340d21,d3e693ab-bfa1-47d3-a016-6607bbcf09d5.wxs.aliquot_ensemble_masked.maf,1,1
TCGA-06-1084tumor,Transcriptome Profiling,Gene Expression Quantification,fc338856-23c2-4988-b4a4-ab387055274d,bef48b88-125f-4087-b4be-02c996ecc3d3.rna_seq.augmented_star_gene_counts.tsv,1,1
TCGA-06-1084tumor,Transcriptome Profiling,miRNA Expression Quantification,c21cf109-5f98-45e0-89ed-33ebcda33b4f,02a6adc1-ab0f-43ec-a177-93c317869b4c.mirnaseq.mirnas.quantification.txt,1,1
TCGA-06-1087tumor,Copy Number Variation,Gene Level Copy Number,"f5065f49-5a43-4d2c-8d8d-aa92671c2dc5,1020896a-732c-4665-adf5-a4a82d71dc9b,8fbf3231-499b-4268-91ea-c0d0768a09f8","TCGA-GBM.c4d21b39-7d27-4f00-8ed7-367f7da0bb38.ascat3.gene_level_copy_number.v36.tsv,TCGA-GBM.c4d21b39-7d27-4f00-8ed7-367f7da0bb38.absolute_liftover.gene_level_copy_number.v36.tsv,TCGA-GBM.c4d21b39-7d27-4f00-8ed7-367f7da0bb38.gene_level_copy_number.v36.tsv",3,3
TCGA-06-1087tumor,DNA Methylation,Methylation Beta Value,246a5344-76dd-436c-b5dc-390f2e08d438,172afb98-2b9b-4248-9b74-3fc87a42af22.methylation_array.sesame.level3betas.txt,1,1
TCGA-06-1087tumor,Simple Nucleotide Variation,Masked Somatic Mutation,7ecedf92-8532-410c-b656-f92a90551c14,7e8b88d5-9b0b-4904-8c1b-1fa269d495b7.wxs.aliquot_ensemble_masked.maf,1,1
TCGA-06-1087tumor,Transcriptome Profiling,Gene Expression Quantification,9af0ac1c-2106-413b-bd64-c1d13db34c27,a6df72e4-5522-4711-8255-c9d6ff860f40.rna_seq.augmented_star_gene_counts.tsv,1,1
TCGA-06-1087tumor,Transcriptome Profiling,miRNA Expression Quantification,7ad52fe6-cd03-45bf-a93b-f491d20ebf44,7977da8e-0e0b-4640-8ded-0648b6802592.mirnaseq.mirnas.quantification.txt,1,1
TCGA-06-1800tumor,Copy Number Variation,Gene Level Copy Number,"b994fc40-447e-410c-bbb9-54fab1d82363,698d7c8c-179c-4c18-90a5-8b597dda3b62,9347499c-b9ba-4b06-8328-f126577bf6c4","TCGA-GBM.0ea9b8c4-7a1a-405d-8336-54b6ee09e68d.gene_level_copy_number.v36.tsv,TCGA-GBM.0ea9b8c4-7a1a-405d-8336-54b6ee09e68d.absolute_liftover.gene_level_copy_number.v36.tsv,TCGA-GBM.0ea9b8c4-7a1a-405d-8336-54b6ee09e68d.ascat3.gene_level_copy_number.v36.tsv",3,3
TCGA-06-1800tumor,DNA Methylation,Methylation Beta Value,42dbb205-94ae-4854-bd9c-b17757a52304,1600711d-e218-45e0-8229-723c48103d43.methylation_array.sesame.level3betas.txt,1,1
TCGA-06-1800tumor,Simple Nucleotide Variation,Masked Somatic Mutation,c21dda6d-51c2-46d7-89f5-016bd8a9d674,853a2bfd-70df-4103-9e05-1ff087c135fc.wxs.aliquot_ensemble_masked.maf,1,1
TCGA-06-1800tumor,Transcriptome Profiling,Gene Expression Quantification,db471ff3-aa48-4e3d-946b-8dfc8c379ad5,829e7c71-bbc4-463e-bff7-70bec0074e51.rna_seq.augmented_star_gene_counts.tsv,1,1
TCGA-06-1800tumor,Transcriptome Profiling,miRNA Expression Quantification,4ca995e8-83dd-4b15-97b2-6e307db1d7ed,d24ff265-fcf7-4c77-b6a9-568d79082c26.mirnaseq.mirnas.quantification.txt,1,1
TCGA-06-1804tumor,Copy Number Variation,Gene Level Copy Number,"29ec2a43-6a0d-4077-a4a6-196000a4ed49,f065e978-8ece-4d2b-812b-fb1bc311b351,4d037d9b-2f28-4d62-9058-70924ec4dc72","TCGA-GBM.6eee5622-5684-43b5-9a59-022be01bbf1a.gene_level_copy_number.v36.tsv,TCGA-GBM.6eee5622-5684-43b5-9a59-022be01bbf1a.absolute_liftover.gene_level_copy_number.v36.tsv,TCGA-GBM.6eee5622-5684-43b5-9a59-022be01bbf1a.ascat3.gene_level_copy_number.v36.tsv",3,3
TCGA-06-1804tumor,DNA Methylation,Methylation Beta Value,647575ef-d4fb-48b6-bccb-5b0bfbb3e5cd,0ffddf00-17a9-4d06-a57f-f370fcca86c6.methylation_array.sesame.level3betas.txt,1,1
TCGA-06-1804tumor,Simple Nucleotide Variation,Masked Somatic Mutation,3a922b8a-c15a-4623-814a-e54ede09339c,1762f3fa-9cab-427b-b36c-82364dd883c9.wxs.aliquot_ensemble_masked.maf,1,1
TCGA-06-1804tumor,Transcriptome Profiling,Gene Expression Quantification,"1e659c79-eb29-4be8-b279-9a825f2cd157,629c9424-1e68-4f73-abe3-22fbd3fbbad5","c7648754-3563-4d93-8107-d64def41fd4b.rna_seq.augmented_star_gene_counts.tsv,f489cec9-6f4b-4364-b85a-d34cbc8c2015.rna_seq.augmented_star_gene_counts.tsv",2,2
TCGA-06-1804tumor,Transcriptome Profiling,miRNA Expression Quantification,5dd8dee1-4412-4990-abd3-07ef99275ce0,3a2ecfa3-4f1b-4547-b1dc-de30cddf1be6.mirnaseq.mirnas.quantification.txt,1,1
TCGA-06-1806tumor,Copy Number Variation,Gene Level Copy Number,"29ffaf35-68bc-4de7-862e-738852d5ba5d,78476a5b-322c-4d9c-8ae4-e22dbb3b47e3,091cb73b-5c4f-4ea9-8044-9479fe5541cf","TCGA-GBM.961b1c12-53ee-4d7e-bea9-4c89098baa76.gene_level_copy_number.v36.tsv,TCGA-GBM.961b1c12-53ee-4d7e-bea9-4c89098baa76.ascat3.gene_level_copy_number.v36.tsv,TCGA-GBM.961b1c12-53ee-4d7e-bea9-4c89098baa76.absolute_liftover.gene_level_copy_number.v36.tsv",3,3
TCGA-06-1806tumor,DNA Methylation,Methylation Beta Value,516c0b0e-e391-43d1-9934-ff7a14f711ec,c8603c7f-341d-43df-a851-622a04a11661.methylation_array.sesame.level3betas.txt,1,1
TCGA-06-1806tumor,Simple Nucleotide Variation,Masked Somatic Mutation,6e407da3-12c4-4fe6-80cc-d213a72088cb,bba494db-8cf5-4506-8c65-a3bd27e42138.wxs.aliquot_ensemble_masked.maf,1,1
TCGA-06-1806tumor,Transcriptome Profiling,Gene Expression Quantification,80ca584a-28f6-4bd8-b1ec-7c169e9a2817,09713ee2-9731-433f-8748-1b10b53d6a9a.rna_seq.augmented_star_gene_counts.tsv,1,1
TCGA-06-1806tumor,Transcriptome Profiling,miRNA Expression Quantification,07a86bc9-b726-41cc-8cf3-d97ef9ccd4da,b9ab5bed-113a-491c-930e-68d883b15d25.mirnaseq.mirnas.quantification.txt,1,1
TCGA-06-2557tumor,Copy Number Variation,Gene Level Copy Number,"293f7c2b-3a93-4fb2-935a-0977f3496c45,b66f8d41-e279-4177-b7bc-11380c3eddb1,0ef8933b-a2f1-49bf-aaa0-32b71593e306","TCGA-GBM.2bf941cc-b9ef-4f50-9c89-971b0d70b4ea.absolute_liftover.gene_level_copy_number.v36.tsv,TCGA-GBM.2bf941cc-b9ef-4f50-9c89-971b0d70b4ea.ascat3.gene_level_copy_number.v36.tsv,TCGA-GBM.2bf941cc-b9ef-4f50-9c89-971b0d70b4ea.gene_level_copy_number.v36.tsv",3,3
TCGA-06-2557tumor,DNA Methylation,Methylation Beta Value,47fd780b-9210-452a-bc92-8b5759821c02,14b4f26d-5ae2-4f9a-8ca7-bfa30ab3c7d5.methylation_array.sesame.level3betas.txt,1,1
TCGA-06-2557tumor,Simple Nucleotide Variation,Masked Somatic Mutation,885ab22d-4674-4647-a31d-9501d23d5828,da769343-ce1e-4cbb-9d43-23a0a9666f47.wxs.aliquot_ensemble_masked.maf,1,1
TCGA-06-2557tumor,Transcriptome Profiling,Gene Expression Quantification,"49627593-7be5-4ea7-b364-2a8826b7f41c,278eb29c-4e2d-4ed0-b938-43335a274b9e","6ce1df69-82de-4672-bdbc-0dc415983095.rna_seq.augmented_star_gene_counts.tsv,8a3c7c61-631f-4dd0-83fe-d2bbb33a17a4.rna_seq.augmented_star_gene_counts.tsv",2,2
TCGA-06-2557tumor,Transcriptome Profiling,miRNA Expression Quantification,dc34f63d-975e-40a9-abc2-c089e1613301,9cf511b7-fd12-4dbd-a050-c0086dab4383.mirnaseq.mirnas.quantification.txt,1,1
TCGA-06-2558tumor,Copy Number Variation,Gene Level Copy Number,"4c7b5c47-f07b-40a0-92fd-9838d36d8762,2050cc14-83ff-4d8a-87da-4b673c10f35d,a1d22624-1b37-4b67-a36a-00c0c193ae64","TCGA-GBM.d1169f3a-8cc0-4cb1-95e7-dbfc6fb20847.ascat3.gene_level_copy_number.v36.tsv,TCGA-GBM.d1169f3a-8cc0-4cb1-95e7-dbfc6fb20847.absolute_liftover.gene_level_copy_number.v36.tsv,TCGA-GBM.d1169f3a-8cc0-4cb1-95e7-dbfc6fb20847.gene_level_copy_number.v36.tsv",3,3
TCGA-06-2558tumor,DNA Methylation,Methylation Beta Value,465be4da-c411-4ef6-b147-22220e3630f2,3dc800dc-249f-4dcd-ae87-c8af6b57ed2c.methylation_array.sesame.level3betas.txt,1,1
TCGA-06-2558tumor,Simple Nucleotide Variation,Masked Somatic Mutation,"ecb7a505-fa82-41a8-ad31-2b30537152db,bd9365e1-55cb-455e-a23b-7cbabb9e1e52","f4e6467f-c61e-4fb0-bf86-32a34ab3bab8.wxs.aliquot_ensemble_masked.maf,ecdbc1eb-3bf5-4a4e-81ee-b50a9264ea11.wxs.aliquot_ensemble_masked.maf",2,2
TCGA-06-2558tumor,Transcriptome Profiling,Gene Expression Quantification,"554056ed-3d15-43df-baca-38683f381695,f2ef666e-c64f-42d3-8de9-2ef3112ed38c","7f9c22b2-5615-42af-9c73-4ad5718b1fd1.rna_seq.augmented_star_gene_counts.tsv,b18fea3f-d240-4f38-b1c0-5b8cd2ac6d38.rna_seq.augmented_star_gene_counts.tsv",2,2
TCGA-06-2558tumor,Transcriptome Profiling,miRNA Expression Quantification,a29059b0-7089-4b2b-b8d7-c33ed6a896a6,e5081395-f684-48d8-81ce-d361bf0852ad.mirnaseq.mirnas.quantification.txt,1,1
TCGA-06-2559tumor,Copy Number Variation,Gene Level Copy Number,"819a2595-5a47-430f-ba28-a9b1560e44d8,3bc412c9-b0e8-4075-ba1d-a553e7d4690e","TCGA-GBM.65148ff3-8e73-4ff2-8d64-10a272f84972.absolute_liftover.gene_level_copy_number.v36.tsv,TCGA-GBM.65148ff3-8e73-4ff2-8d64-10a272f84972.gene_level_copy_number.v36.tsv",2,2
TCGA-06-2559tumor,DNA Methylation,Methylation Beta Value,b59fc890-fe1b-45f8-b744-24a5e801340f,8ac42e0b-b119-4d52-9d96-ee3880d00a64.methylation_array.sesame.level3betas.txt,1,1
TCGA-06-2559tumor,Simple Nucleotide Variation,Masked Somatic Mutation,"dc8ff953-cc9f-4971-adcd-4836e8d492bc,4fb5d2c0-4c3b-4f6b-ace9-6fb918623a8e","4de091e4-63a6-4848-b80f-827ab6e5b4d2.wxs.aliquot_ensemble_masked.maf,05f43051-2927-4c29-8070-3a0ec9e47213.wxs.aliquot_ensemble_masked.maf",2,2
TCGA-06-2559tumor,Transcriptome Profiling,Gene Expression Quantification,"e97eb7bf-fc1e-46d0-a4d8-038a2f726cbd,00cce172-4b2b-4cb5-b6dd-47c9627972af","a9b55a15-9678-4a04-9041-8e2f5a2b14f1.rna_seq.augmented_star_gene_counts.tsv,511393a1-da49-4cf1-80d6-7f50a6c3043d.rna_seq.augmented_star_gene_counts.tsv",2,2
TCGA-06-2559tumor,Transcriptome Profiling,miRNA Expression Quantification,57a46c00-4cdc-40e3-85f8-d7b36b69e493,bb17d854-c1e7-4c7a-9de5-f5489966a88e.mirnaseq.mirnas.quantification.txt,1,1
TCGA-06-2561tumor,Copy Number Variation,Gene Level Copy Number,"e3bc78b9-c913-48be-b31a-247f5881b639,1fe96d6e-7d34-477e-aef4-7b74a1b821cd,9956be45-ac1a-4e41-a27d-b4c1f750556d","TCGA-GBM.b5c4a773-58f3-40b3-bb09-0a5dfa5560e2.absolute_liftover.gene_level_copy_number.v36.tsv,TCGA-GBM.b5c4a773-58f3-40b3-bb09-0a5dfa5560e2.gene_level_copy_number.v36.tsv,TCGA-GBM.b5c4a773-58f3-40b3-bb09-0a5dfa5560e2.ascat3.gene_level_copy_number.v36.tsv",3,3
TCGA-06-2561tumor,DNA Methylation,Methylation Beta Value,1aa00232-bc8b-4436-be35-f38a85a623f0,56e13c0d-4452-48e1-9929-11099e7d7648.methylation_array.sesame.level3betas.txt,1,1
TCGA-06-2561tumor,Simple Nucleotide Variation,Masked Somatic Mutation,"704eff30-2fa2-4e1d-a547-30558683e9b0,d75c53b6-1182-4c14-ac35-218c79eb71b2","52ed8b19-ffdf-4c7a-8baf-499e1eb6fcf8.wxs.aliquot_ensemble_masked.maf,89983652-1ef2-41cb-977b-65043c9c9132.wxs.aliquot_ensemble_masked.maf",2,2
TCGA-06-2561tumor,Transcriptome Profiling,Gene Expression Quantification,"b3dce386-e928-4c00-9244-152e116a86a5,55d27295-1e5e-45bf-a4b5-d731f3e538ff","0af61bc8-3dd4-458b-940d-b251e11c422e.rna_seq.augmented_star_gene_counts.tsv,7aaf54b8-2be8-4b92-91c9-cfc21671dc60.rna_seq.augmented_star_gene_counts.tsv",2,2
TCGA-06-2561tumor,Transcriptome Profiling,miRNA Expression Quantification,3fe4ce4a-d5e3-47c6-8009-92ac89b54524,574634f8-dd44-4df8-aeed-02776242d3fa.mirnaseq.mirnas.quantification.txt,1,1
TCGA-06-2562tumor,Copy Number Variation,Gene Level Copy Number,"a0534395-7193-4b00-813d-39822948c66b,a801c620-4b1f-4355-a309-807753189dcd,c8ea1f19-477a-432c-a20a-3bd7a439c1e8","TCGA-GBM.a0408d6d-fb26-43be-a196-9203e38eb20e.absolute_liftover.gene_level_copy_number.v36.tsv,TCGA-GBM.a0408d6d-fb26-43be-a196-9203e38eb20e.ascat3.gene_level_copy_number.v36.tsv,TCGA-GBM.a0408d6d-fb26-43be-a196-9203e38eb20e.gene_level_copy_number.v36.tsv",3,3
TCGA-06-2562tumor,DNA Methylation,Methylation Beta Value,d257bb06-d4f6-471b-a93e-9d1980d3def8,d76097d6-1285-4d74-8e84-8593118cd6c2.methylation_array.sesame.level3betas.txt,1,1
TCGA-06-2562tumor,Simple Nucleotide Variation,Masked Somatic Mutation,"9ef716e0-da13-4464-b552-86067534f62d,ad7776f0-f4c1-4275-abc8-02fb19ff6df6","552f9d7e-e45a-4b8d-981c-d77b42ce630b.wxs.aliquot_ensemble_masked.maf,50445038-cfa2-48a1-8358-d30982bb8ac6.wxs.aliquot_ensemble_masked.maf",2,2
TCGA-06-2562tumor,Transcriptome Profiling,Gene Expression Quantification,"9063d365-849a-41d4-8caf-f1bb7288e1b2,896c4e8b-9cb3-4b39-8ced-9da68d56757e","8c2b7770-dd88-4100-8a8a-b20d41bf93ad.rna_seq.augmented_star_gene_counts.tsv,9f8c56eb-1505-4eb5-acc5-76609949cecd.rna_seq.augmented_star_gene_counts.tsv",2,2
TCGA-06-2562tumor,Transcriptome Profiling,miRNA Expression Quantification,d2364931-59bc-4ead-a363-d04a646f6180,b7ba688f-9c91-4b44-a720-91918ddda919.mirnaseq.mirnas.quantification.txt,1,1
TCGA-06-2563tumor,Copy Number Variation,Gene Level Copy Number,"76e5571a-360a-4a8a-b39f-ba99cf1df397,a49dcd10-1c2a-400f-8197-490b0fb1bc64,057e3658-3667-4b4c-9e4c-3f152d9d8162","TCGA-GBM.6577d73b-6226-4480-aa89-8f55237c84d1.gene_level_copy_number.v36.tsv,TCGA-GBM.6577d73b-6226-4480-aa89-8f55237c84d1.absolute_liftover.gene_level_copy_number.v36.tsv,TCGA-GBM.6577d73b-6226-4480-aa89-8f55237c84d1.ascat3.gene_level_copy_number.v36.tsv",3,3
TCGA-06-2563tumor,DNA Methylation,Methylation Beta Value,5d44b096-ccd5-4593-83e1-ebd352b45ca0,b66f7147-0316-4339-b6c5-b6da4f0b6689.methylation_array.sesame.level3betas.txt,1,1
TCGA-06-2563tumor,Simple Nucleotide Variation,Masked Somatic Mutation,"cf4c4b30-5a6e-4a6c-9a20-70c44a1b54a4,3b7c651c-4c61-4e55-a2ec-9750b2b8b3ad","f5dc1e69-7912-4785-9aee-5fbe47c2c54c.wxs.aliquot_ensemble_masked.maf,a000a829-d866-446d-bb53-e4094ecac7a1.wxs.aliquot_ensemble_masked.maf",2,2
TCGA-06-2563tumor,Transcriptome Profiling,Gene Expression Quantification,"7c651197-9519-4ef2-85c9-16f05edb6a86,232c3577-fe73-4c74-99c8-51c82a6aca1c","b5cdc094-4e31-42d9-8824-f3398e57f97c.rna_seq.augmented_star_gene_counts.tsv,d7f50a7e-b1e9-47ea-b33a-856964b813f7.rna_seq.augmented_star_gene_counts.tsv",2,2
TCGA-06-2563tumor,Transcriptome Profiling,miRNA Expression Quantification,5e371a62-2ef1-46fb-97f9-ff46c0a0e376,88dc0c8c-fd7e-4cf4-9aad-4b846271bed6.mirnaseq.mirnas.quantification.txt,1,1
TCGA-06-2564tumor,Copy Number Variation,Gene Level Copy Number,"e88bb65c-1855-4b27-82d9-7da19e89f74e,81cc2cf4-628e-4f3e-bf23-ea65f035a2ce,c9b1f493-1e61-4f2a-9383-e409803f159e","TCGA-GBM.3b78317d-82d8-4350-9a12-6b75ee15f4ef.gene_level_copy_number.v36.tsv,TCGA-GBM.3b78317d-82d8-4350-9a12-6b75ee15f4ef.absolute_liftover.gene_level_copy_number.v36.tsv,TCGA-GBM.3b78317d-82d8-4350-9a12-6b75ee15f4ef.ascat3.gene_level_copy_number.v36.tsv",3,3
TCGA-06-2564tumor,DNA Methylation,Methylation Beta Value,e3d06d74-fa0b-48bb-aa07-480574d92564,667e90bb-eb62-4ef2-bac1-4aa1fedf501c.methylation_array.sesame.level3betas.txt,1,1
TCGA-06-2564tumor,Simple Nucleotide Variation,Masked Somatic Mutation,8620a956-df26-43be-a00a-be75192167b6,bbfacc6d-897c-4dd0-a406-4b30219585a2.wxs.aliquot_ensemble_masked.maf,1,1
TCGA-06-2564tumor,Transcriptome Profiling,Gene Expression Quantification,"283abca3-1ff3-4fa8-bf62-fa1b1cc2067b,c073adc8-e8a4-4c94-9737-4286c37c2e3e","f34feebc-700f-4cd2-b04d-fa2c8231c56e.rna_seq.augmented_star_gene_counts.tsv,1871e575-a4a5-45c7-9b01-3c207e9c0465.rna_seq.augmented_star_gene_counts.tsv",2,2
TCGA-06-2564tumor,Transcriptome Profiling,miRNA Expression Quantification,ae040ae8-bcd4-4180-abce-f305842c70ef,6a791479-3414-492e-b65f-32f3da586062.mirnaseq.mirnas.quantification.txt,1,1
TCGA-06-2565tumor,Copy Number Variation,Gene Level Copy Number,"a940fb51-b4e1-451f-96e2-d8c7853bf6b6,334082ec-8860-4a5e-9df8-abfa7ac936ff,17604e05-6c33-4a71-8e36-e1a498d15523","TCGA-GBM.3f8c61b8-2706-484b-8cc0-a5ece050b8f9.gene_level_copy_number.v36.tsv,TCGA-GBM.3f8c61b8-2706-484b-8cc0-a5ece050b8f9.ascat3.gene_level_copy_number.v36.tsv,TCGA-GBM.3f8c61b8-2706-484b-8cc0-a5ece050b8f9.absolute_liftover.gene_level_copy_number.v36.tsv",3,3
TCGA-06-2565tumor,DNA Methylation,Methylation Beta Value,eeecdf32-6d46-44f4-b025-6ab1b638d910,6b62f7e7-f9d8-4dd6-889d-c28aba79ba45.methylation_array.sesame.level3betas.txt,1,1
TCGA-06-2565tumor,Simple Nucleotide Variation,Masked Somatic Mutation,004897bf-5189-4d09-baa3-d45cdde4985a,d630a395-239a-44cf-bf40-040ed142bbaa.wxs.aliquot_ensemble_masked.maf,1,1
TCGA-06-2565tumor,Transcriptome Profiling,Gene Expression Quantification,"8936f86b-336c-4f7e-b5f5-7006c4ac19b7,b56b4960-5de5-4301-bdee-5c095343cee8","fa094819-3bc6-4bc6-92cc-906254bbfa73.rna_seq.augmented_star_gene_counts.tsv,a8cfc710-e715-4e37-a1c7-da7abf58af16.rna_seq.augmented_star_gene_counts.tsv",2,2
TCGA-06-2565tumor,Transcriptome Profiling,miRNA Expression Quantification,2e2caf60-de36-45bb-aa64-b337404246d5,82a3de8a-b5e4-43ce-bbd7-00ce006a2d29.mirnaseq.mirnas.quantification.txt,1,1
TCGA-06-2567tumor,Copy Number Variation,Gene Level Copy Number,"a8f28879-d2d5-4533-9048-d9bee15f8d35,d0716525-4072-47d2-9d0c-5db0c3b3e0cb,369b1aba-bb89-410f-b67a-490d3c107aa8","TCGA-GBM.63eb9a48-14dd-45be-818e-e88ecd813ebd.gene_level_copy_number.v36.tsv,TCGA-GBM.63eb9a48-14dd-45be-818e-e88ecd813ebd.ascat3.gene_level_copy_number.v36.tsv,TCGA-GBM.63eb9a48-14dd-45be-818e-e88ecd813ebd.absolute_liftover.gene_level_copy_number.v36.tsv",3,3
TCGA-06-2567tumor,DNA Methylation,Methylation Beta Value,c9a51995-60d8-4062-bae3-4ee596a4212a,551306ce-7011-4855-b4b8-c73951a63cfd.methylation_array.sesame.level3betas.txt,1,1
TCGA-06-2567tumor,Simple Nucleotide Variation,Masked Somatic Mutation,"2a055c39-d774-46eb-8377-8ebc4d53632c,330520f8-dc9f-43d5-aad1-4268d9aad144","e2ebf499-6ac9-42a3-b2ed-a9fd337b71bf.wxs.aliquot_ensemble_masked.maf,2358d33c-38d7-421d-b8de-ba077d73003a.wxs.aliquot_ensemble_masked.maf",2,2
TCGA-06-2567tumor,Transcriptome Profiling,Gene Expression Quantification,"068454cb-7789-4814-80a0-1935c6a08798,61445f43-1bce-4ea4-8583-7c421fb730b3","efbd20eb-2922-4904-8cf1-88d5bb09ab30.rna_seq.augmented_star_gene_counts.tsv,887aaafb-3913-4418-9991-1c48d4ab7629.rna_seq.augmented_star_gene_counts.tsv",2,2
TCGA-06-2567tumor,Transcriptome Profiling,miRNA Expression Quantification,bbf50814-3fa1-43a7-8dd0-3394e089423b,b3fce5a9-f575-42c8-b7da-c9fe0a0167cf.mirnaseq.mirnas.quantification.txt,1,1
TCGA-06-2569tumor,Copy Number Variation,Gene Level Copy Number,"6124428e-080b-4f0f-913e-fa07867e1d60,a47a6050-6015-4e6c-a1f8-d14aeab9043a,bb6508cd-02ae-4d77-a351-3701f3786990","TCGA-GBM.560c402b-06d1-4740-bb16-23dc8d18c9a7.ascat3.gene_level_copy_number.v36.tsv,TCGA-GBM.560c402b-06d1-4740-bb16-23dc8d18c9a7.gene_level_copy_number.v36.tsv,TCGA-GBM.560c402b-06d1-4740-bb16-23dc8d18c9a7.absolute_liftover.gene_level_copy_number.v36.tsv",3,3
TCGA-06-2569tumor,DNA Methylation,Methylation Beta Value,b29787dc-2c6f-4455-9b4c-ee85b06976ef,ff78d2c4-c3bf-4f40-85d5-e37153176f1f.methylation_array.sesame.level3betas.txt,1,1
TCGA-06-2569tumor,Simple Nucleotide Variation,Masked Somatic Mutation,"03dfb83a-f803-4380-8681-b3ebc2ffee29,f760d0c4-e490-4c96-aa4f-9b217b2646c8","2b124cc5-eee4-4364-bb85-ac30d9ad9272.wxs.aliquot_ensemble_masked.maf,2082f886-c8ce-4b50-a962-c316db74ff1d.wxs.aliquot_ensemble_masked.maf",2,2
TCGA-06-2569tumor,Transcriptome Profiling,Gene Expression Quantification,"0dfece20-8425-42b1-a50a-fcf81f997351,c96554bf-ae42-4ec0-93fd-7c2ab01d19f0","7164752e-f3af-4ff9-aa7b-a96dc10f58ab.rna_seq.augmented_star_gene_counts.tsv,80f616bc-e28d-43b2-b3cb-606962c0d22b.rna_seq.augmented_star_gene_counts.tsv",2,2
TCGA-06-2569tumor,Transcriptome Profiling,miRNA Expression Quantification,0336e597-a77e-47fa-9467-db88bd29da51,5e125ad2-3a56-4cc1-8cc2-3008f5792fc6.mirnaseq.mirnas.quantification.txt,1,1
TCGA-06-2570tumor,Copy Number Variation,Gene Level Copy Number,"d3363a6e-38f2-4a99-86c1-4ed523aecc27,5091e826-7969-401d-9fbd-62eb63f312fe,d6e5d5f8-b643-4d70-ae5c-034e7245de31","TCGA-GBM.bd6c7cd6-9415-4f77-925a-941ddc602cde.gene_level_copy_number.v36.tsv,TCGA-GBM.bd6c7cd6-9415-4f77-925a-941ddc602cde.absolute_liftover.gene_level_copy_number.v36.tsv,TCGA-GBM.bd6c7cd6-9415-4f77-925a-941ddc602cde.ascat3.gene_level_copy_number.v36.tsv",3,3
TCGA-06-2570tumor,DNA Methylation,Methylation Beta Value,0b3c47c0-5cfa-455c-bf0a-821be0188bd7,739934e1-6e74-4813-8d78-c1b78127ac5c.methylation_array.sesame.level3betas.txt,1,1
TCGA-06-2570tumor,Simple Nucleotide Variation,Masked Somatic Mutation,0c978002-6e44-491b-beaf-f1b87e6c2c1b,d58e28b2-7018-496a-b8f8-97446e57d25d.wxs.aliquot_ensemble_masked.maf,1,1
TCGA-06-2570tumor,Transcriptome Profiling,Gene Expression Quantification,"cd0dbfa3-351a-48cd-84b5-481a2b5a6adc,be4d40d0-2df8-49c9-8e19-88aa97861776","b4805b8a-7cb5-4fcb-88c8-8e4d17020873.rna_seq.augmented_star_gene_counts.tsv,d02fcfe5-6834-4c66-93d4-768783500ede.rna_seq.augmented_star_gene_counts.tsv",2,2
TCGA-06-2570tumor,Transcriptome Profiling,miRNA Expression Quantification,bc228861-c35c-4c35-89e8-d3353e0caa48,a72994b3-7c7a-4678-9c59-195d48aef0ad.mirnaseq.mirnas.quantification.txt,1,1
TCGA-06-5408tumor,Copy Number Variation,Gene Level Copy Number,"a5e5f768-37b7-42fb-951a-f24023ec7858,d19d1797-d43d-4342-b8c7-0eaa69893c9d,6b9dde10-87d5-467c-87f1-e7b399614231","TCGA-GBM.8a43212c-31a9-4a22-b81e-2e75e7f60f37.absolute_liftover.gene_level_copy_number.v36.tsv,TCGA-GBM.8a43212c-31a9-4a22-b81e-2e75e7f60f37.ascat3.gene_level_copy_number.v36.tsv,TCGA-GBM.8a43212c-31a9-4a22-b81e-2e75e7f60f37.gene_level_copy_number.v36.tsv",3,3
TCGA-06-5408tumor,DNA Methylation,Methylation Beta Value,851fa572-b952-4203-a307-d5d659bafd38,6ba0171b-46eb-43a3-80dd-c7a1eb13c5c3.methylation_array.sesame.level3betas.txt,1,1
TCGA-06-5408tumor,Simple Nucleotide Variation,Masked Somatic Mutation,b25dc783-1dac-420f-b90c-5845e2e3996f,c9113c48-4abd-443d-b154-0035b935a806.wxs.aliquot_ensemble_masked.maf,1,1
TCGA-06-5408tumor,Transcriptome Profiling,Gene Expression Quantification,"d98a7d9b-f49d-4d9e-bd8e-c760a2f308c5,09326c4e-9905-444f-aa11-f2944045e455","1d443bc2-98e6-4189-8444-05c83253100e.rna_seq.augmented_star_gene_counts.tsv,5763b7c5-89cb-49c4-87aa-bad01f28b541.rna_seq.augmented_star_gene_counts.tsv",2,2
TCGA-06-5408tumor,Transcriptome Profiling,miRNA Expression Quantification,"841ffd91-393d-449b-9a80-5e2b1b0e6e68,46f684e2-0df2-4d8c-aaad-e813ccf56602","9ae3b309-fb5b-4f49-a625-a714ff5ffa85.mirnaseq.mirnas.quantification.txt,e328799d-4d31-4789-b65f-dcddb76c88f2.mirnaseq.mirnas.quantification.txt",2,2
TCGA-06-5410tumor,Copy Number Variation,Gene Level Copy Number,"510e7534-0f5d-462e-9635-85c6056ebc00,3aedaede-ea23-4086-93b8-de98560f3ac3","TCGA-GBM.f0581e07-c541-406c-b797-cc73e3e429d5.gene_level_copy_number.v36.tsv,TCGA-GBM.f0581e07-c541-406c-b797-cc73e3e429d5.ascat3.gene_level_copy_number.v36.tsv",2,2
TCGA-06-5410tumor,DNA Methylation,Methylation Beta Value,da9d37e0-8c92-41f0-8c08-5b9fa4fe79ad,75b91801-d53b-42a3-b202-09e59c350eb8.methylation_array.sesame.level3betas.txt,1,1
TCGA-06-5410tumor,Simple Nucleotide Variation,Masked Somatic Mutation,490001eb-233e-4f34-a1a9-85c7f1d2c5b0,677eb0e0-4801-4635-9893-5c4a96ac809b.wxs.aliquot_ensemble_masked.maf,1,1
TCGA-06-5410tumor,Transcriptome Profiling,Gene Expression Quantification,"90cae234-f47d-4d36-b623-f602c8933228,9a3e22cb-36b6-43ae-8f5c-b991f32c4732","5237a678-9f82-4aa3-a874-39179cff6ba5.rna_seq.augmented_star_gene_counts.tsv,9cee9b1d-e8ee-4f8e-be85-c96dac6138b3.rna_seq.augmented_star_gene_counts.tsv",2,2
TCGA-06-5410tumor,Transcriptome Profiling,miRNA Expression Quantification,cd4ce9fb-71d4-46f7-84df-0fecace9c5de,39b83ca3-ff45-4110-bb3e-7276c190cccc.mirnaseq.mirnas.quantification.txt,1,1
TCGA-06-5411tumor,Copy Number Variation,Gene Level Copy Number,"6035a4b0-127d-4dc4-a2b3-2ee14bbbf810,b4d3a774-0c02-4466-9fbd-2b2ec6e4d15e,6292ff3f-4656-4c2e-976f-969f9cbbfd6f","TCGA-GBM.808d2195-34fb-4e65-ae63-3a6b3e65a088.gene_level_copy_number.v36.tsv,TCGA-GBM.808d2195-34fb-4e65-ae63-3a6b3e65a088.absolute_liftover.gene_level_copy_number.v36.tsv,TCGA-GBM.808d2195-34fb-4e65-ae63-3a6b3e65a088.ascat3.gene_level_copy_number.v36.tsv",3,3
TCGA-06-5411tumor,DNA Methylation,Methylation Beta Value,305038a8-1fa0-431e-a8bf-b70c64b1c530,e7aa5415-73d2-4023-b622-bb1d3a6bf530.methylation_array.sesame.level3betas.txt,1,1
TCGA-06-5411tumor,Simple Nucleotide Variation,Masked Somatic Mutation,63fbb9a5-d153-48d0-8be9-60db3c39e595,15e81798-49f4-4c67-9821-cb06d43ff28e.wxs.aliquot_ensemble_masked.maf,1,1
TCGA-06-5411tumor,Transcriptome Profiling,Gene Expression Quantification,"99ff2016-a97a-4142-b70a-1bb59d6264e9,77c261f0-384c-4906-a57e-7c3b35c17041","967e6f4b-8c6b-4498-87c2-330b2c174061.rna_seq.augmented_star_gene_counts.tsv,44aa45ef-4bcd-47eb-a2ef-68b614d00a51.rna_seq.augmented_star_gene_counts.tsv",2,2
TCGA-06-5411tumor,Transcriptome Profiling,miRNA Expression Quantification,ceecafab-aa0f-41ad-a10f-e7078586724a,558c75e4-c78a-406c-ad28-8cced2f1767e.mirnaseq.mirnas.quantification.txt,1,1
TCGA-06-5412tumor,Copy Number Variation,Gene Level Copy Number,"9bb4dc20-c2d6-4e9a-869e-c6e08cf91bb3,615c76b2-31b0-4cb0-8a4f-d4748359d469,a7ef09d4-373e-49e2-9ae2-c645bbfba1e6","TCGA-GBM.7efb32a5-7517-47c7-914a-a46808be470c.gene_level_copy_number.v36.tsv,TCGA-GBM.7efb32a5-7517-47c7-914a-a46808be470c.ascat3.gene_level_copy_number.v36.tsv,TCGA-GBM.7efb32a5-7517-47c7-914a-a46808be470c.absolute_liftover.gene_level_copy_number.v36.tsv",3,3
TCGA-06-5412tumor,DNA Methylation,Methylation Beta Value,dfd4230c-9e04-4ef2-beb0-b78b17f02373,28c3cf31-1550-4060-bb7e-ba21576e8ac0.methylation_array.sesame.level3betas.txt,1,1
TCGA-06-5412tumor,Simple Nucleotide Variation,Masked Somatic Mutation,c231c1a3-e5e8-4aed-93db-edeb2d563aa3,b65946e4-f4a8-4c8a-b6d3-a78775d2d1a6.wxs.aliquot_ensemble_masked.maf,1,1
TCGA-06-5412tumor,Transcriptome Profiling,Gene Expression Quantification,"b4a5675d-b5c7-4b94-a8ca-b97b24cecca3,f33792c6-9a11-4e52-872a-17a221148f16","6824df5a-832c-4a45-b654-05ba9ac03369.rna_seq.augmented_star_gene_counts.tsv,b44a40d4-3233-4b45-b0b3-799823970345.rna_seq.augmented_star_gene_counts.tsv",2,2
TCGA-06-5412tumor,Transcriptome Profiling,miRNA Expression Quantification,a155b9f7-20f7-4836-a2d6-ff4860be29b3,2de8f972-2303-4349-bc56-88d633db2c79.mirnaseq.mirnas.quantification.txt,1,1
TCGA-06-5413tumor,Copy Number Variation,Gene Level Copy Number,"82c404f7-383c-43f1-b692-2306ea07c1e8,6053a535-c579-44e1-a0df-314c9de52017,bc6c1da5-4ee7-4fe1-8c94-b3cc0ae37be9","TCGA-GBM.4a311734-e044-43f1-911d-5d81e793f51d.absolute_liftover.gene_level_copy_number.v36.tsv,TCGA-GBM.4a311734-e044-43f1-911d-5d81e793f51d.gene_level_copy_number.v36.tsv,TCGA-GBM.4a311734-e044-43f1-911d-5d81e793f51d.ascat3.gene_level_copy_number.v36.tsv",3,3
TCGA-06-5413tumor,DNA Methylation,Methylation Beta Value,113a3563-1d62-43c8-9a46-04e31f08d3c9,9fed810f-84dc-4f0c-951f-6ebb802405ee.methylation_array.sesame.level3betas.txt,1,1
TCGA-06-5413tumor,Simple Nucleotide Variation,Masked Somatic Mutation,ac6480bd-d570-45a4-8592-fee769363dd6,1374012e-dc3e-4940-a436-93f00388a4f4.wxs.aliquot_ensemble_masked.maf,1,1
TCGA-06-5413tumor,Transcriptome Profiling,Gene Expression Quantification,"3a92bb9b-a6ee-418e-9c21-6bfcf3d6b1a9,0aa2e992-c3ad-4509-8d82-399b0d760565","251de1f4-0bc3-4b44-af08-1abc9c720f67.rna_seq.augmented_star_gene_counts.tsv,ed0f8f0e-9dbf-475b-8cd7-1f712c5929b8.rna_seq.augmented_star_gene_counts.tsv",2,2
TCGA-06-5413tumor,Transcriptome Profiling,miRNA Expression Quantification,"8bcccacc-84cf-4010-a688-91b6913fb89a,bbac78b7-5d7d-4aba-a5b6-26f5c03fdd8f","fbf2c244-a19d-46f0-ba0a-ac0862c71ff6.mirnaseq.mirnas.quantification.txt,912638eb-a974-4fa3-a3e7-a74a6ab7c61a.mirnaseq.mirnas.quantification.txt",2,2
TCGA-06-5414tumor,Copy Number Variation,Gene Level Copy Number,"5958d7d8-1045-4163-bb1a-99a9e3aea131,44931b4d-3fac-4d17-a879-d227caf20562,515bb2ee-c7cb-478f-bc4e-5db103470730","TCGA-GBM.83eaadd0-3930-4d94-a451-70cff204222c.gene_level_copy_number.v36.tsv,TCGA-GBM.83eaadd0-3930-4d94-a451-70cff204222c.absolute_liftover.gene_level_copy_number.v36.tsv,TCGA-GBM.83eaadd0-3930-4d94-a451-70cff204222c.ascat3.gene_level_copy_number.v36.tsv",3,3
TCGA-06-5414tumor,DNA Methylation,Methylation Beta Value,f4647797-56d8-46d7-97b4-d7fde78b9fe2,91f982ce-d8d4-44e1-9f49-8b20852fe5c6.methylation_array.sesame.level3betas.txt,1,1
TCGA-06-5414tumor,Simple Nucleotide Variation,Masked Somatic Mutation,0c36c15e-7a32-4d95-ae89-c35f4392a7d5,3e930349-840b-4beb-b57f-24bfcde13405.wxs.aliquot_ensemble_masked.maf,1,1
TCGA-06-5414tumor,Transcriptome Profiling,Gene Expression Quantification,"1bc3c302-0e49-4944-b3ce-7d6e6f846493,0237d4e6-241d-4fb5-a59b-078bd4bd4b2d","45ab4192-f1bb-46cd-8e85-c2341d67642f.rna_seq.augmented_star_gene_counts.tsv,39bc453b-67d2-4059-bbaf-fa98dc9d2595.rna_seq.augmented_star_gene_counts.tsv",2,2
TCGA-06-5414tumor,Transcriptome Profiling,miRNA Expression Quantification,5d9b8e4c-8e14-4b73-a749-96a50026b9ac,49111d95-93b4-4e0a-b2cd-5ebbe13594d9.mirnaseq.mirnas.quantification.txt,1,1
TCGA-06-5415tumor,Copy Number Variation,Gene Level Copy Number,"a7544266-2ba5-429a-a149-3443a3936d37,8837e57b-ce83-4f94-a32f-c144c58d4046,4d236428-a3c0-429b-bd51-9180e4f7be71","TCGA-GBM.3258d8a2-37fe-4912-8a43-f54606932a54.ascat3.gene_level_copy_number.v36.tsv,TCGA-GBM.3258d8a2-37fe-4912-8a43-f54606932a54.absolute_liftover.gene_level_copy_number.v36.tsv,TCGA-GBM.3258d8a2-37fe-4912-8a43-f54606932a54.gene_level_copy_number.v36.tsv",3,3
TCGA-06-5415tumor,DNA Methylation,Methylation Beta Value,15f6261b-2efd-46ee-a016-837b2d002e3f,6f386377-954e-41d2-8b75-970aac05cb0c.methylation_array.sesame.level3betas.txt,1,1
TCGA-06-5415tumor,Simple Nucleotide Variation,Masked Somatic Mutation,14df70c2-824d-4767-8494-6675039f582c,bb038157-4c50-47ec-b88a-856a94a76f44.wxs.aliquot_ensemble_masked.maf,1,1
TCGA-06-5415tumor,Transcriptome Profiling,Gene Expression Quantification,"14e6f46e-a34a-41c6-bd22-1f46fd76836b,51874595-feb0-41a6-811f-dd732cf6c93c","3b6125da-8c27-4889-a5d1-4bdc697f2a72.rna_seq.augmented_star_gene_counts.tsv,f60c516c-6be7-4dda-9e46-46a87039c099.rna_seq.augmented_star_gene_counts.tsv",2,2
TCGA-06-5415tumor,Transcriptome Profiling,miRNA Expression Quantification,f09d8306-1890-4b87-be6d-24959a63bfb7,6a7cdd45-d25d-4ffa-87f2-cbb8126318d2.mirnaseq.mirnas.quantification.txt,1,1
TCGA-06-5416tumor,Copy Number Variation,Gene Level Copy Number,"5f134cdf-231e-4702-9715-26bf80757b65,e9a82328-9240-4856-b884-2d1ea0d0802c","TCGA-GBM.9f969372-0fe2-49ab-97c3-df422e3e6b8e.absolute_liftover.gene_level_copy_number.v36.tsv,TCGA-GBM.9f969372-0fe2-49ab-97c3-df422e3e6b8e.gene_level_copy_number.v36.tsv",2,2
TCGA-06-5416tumor,DNA Methylation,Methylation Beta Value,5ee3f21a-11e5-413a-90c0-1d211d98785a,4c148f26-5cc1-4c64-8a42-379a7bb93f48.methylation_array.sesame.level3betas.txt,1,1
TCGA-06-5416tumor,Simple Nucleotide Variation,Masked Somatic Mutation,99c228a0-02df-46f2-a095-68e72e53b159,005aa6b2-3697-44da-9e3b-9a7aec76825b.wxs.aliquot_ensemble_masked.maf,1,1
TCGA-06-5416tumor,Transcriptome Profiling,Gene Expression Quantification,"60aa2851-1883-40c0-b41c-c0ba8292c368,072f2d4e-db08-40c2-891a-9199e47fcac3","abe6bb88-6bf3-41f2-897e-073edf2ebc33.rna_seq.augmented_star_gene_counts.tsv,ce5fb607-99c5-457f-9022-df38b540fce6.rna_seq.augmented_star_gene_counts.tsv",2,2
TCGA-06-5416tumor,Transcriptome Profiling,miRNA Expression Quantification,1ffd5fee-9bc2-4083-8c6a-470d511d4920,14d59fed-104c-4533-ba60-ec8fc871960a.mirnaseq.mirnas.quantification.txt,1,1
TCGA-06-5418tumor,Copy Number Variation,Gene Level Copy Number,"89c2ce1f-f9aa-4e1b-aefc-94579950818a,14a44029-b5f9-4386-b136-cce549603138,a6a9fe88-1676-482a-ba28-d44b46bd2a95","TCGA-GBM.d91f2a16-5d5b-484b-b856-104f69cf1c14.ascat3.gene_level_copy_number.v36.tsv,TCGA-GBM.d91f2a16-5d5b-484b-b856-104f69cf1c14.absolute_liftover.gene_level_copy_number.v36.tsv,TCGA-GBM.d91f2a16-5d5b-484b-b856-104f69cf1c14.gene_level_copy_number.v36.tsv",3,3
TCGA-06-5418tumor,DNA Methylation,Methylation Beta Value,90c8f84d-274c-4dbd-a5f9-027b60ca6ba4,c8a4dec9-686c-43e1-9a06-62a51aa64d87.methylation_array.sesame.level3betas.txt,1,1
TCGA-06-5418tumor,Simple Nucleotide Variation,Masked Somatic Mutation,f40cccd7-de14-4295-86b7-aa8a318b0bbd,63225325-ab95-4e07-a2d7-9a03918a302c.wxs.aliquot_ensemble_masked.maf,1,1
TCGA-06-5418tumor,Transcriptome Profiling,Gene Expression Quantification,"c14dcde5-8445-4dcf-a0f6-ebd014541189,290757b3-5525-445a-a675-00de0bc54e86","f426768e-744a-4bed-bb8e-b5957a350bf2.rna_seq.augmented_star_gene_counts.tsv,7127a123-4f5b-4fab-b1fe-deeb790fedd3.rna_seq.augmented_star_gene_counts.tsv",2,2
TCGA-06-5418tumor,Transcriptome Profiling,miRNA Expression Quantification,8a722ea9-46ec-4afd-a325-88a779c0d52e,99b496df-b540-412f-9e68-168a6a4abb47.mirnaseq.mirnas.quantification.txt,1,1
TCGA-06-5856tumor,Copy Number Variation,Gene Level Copy Number,"bc731a90-c6ee-4ec2-a4cd-a12025bee473,81c3f23c-5e46-49e6-9bba-407d036bde21,114f473c-887b-4238-a610-e168cc3063fb","TCGA-GBM.9b33fb06-ec26-4b0b-b393-8013a3efe0d7.ascat3.gene_level_copy_number.v36.tsv,TCGA-GBM.9b33fb06-ec26-4b0b-b393-8013a3efe0d7.gene_level_copy_number.v36.tsv,TCGA-GBM.9b33fb06-ec26-4b0b-b393-8013a3efe0d7.absolute_liftover.gene_level_copy_number.v36.tsv",3,3
TCGA-06-5856tumor,DNA Methylation,Methylation Beta Value,c2699f9b-d636-4781-8560-6e8c44e0f0be,a2c33ee2-3852-40ee-8142-9137c9b45e98.methylation_array.sesame.level3betas.txt,1,1
TCGA-06-5856tumor,Simple Nucleotide Variation,Masked Somatic Mutation,77386e4e-8e68-4074-b043-3f083522e990,bdd7855a-c371-41e6-a609-df0a2429ad94.wxs.aliquot_ensemble_masked.maf,1,1
TCGA-06-5856tumor,Transcriptome Profiling,Gene Expression Quantification,"fd41e351-d25f-4056-984f-364a4fb173b1,7189b5ed-8bd7-4cb8-97d1-0b66f829f97c","6ff649cb-781f-4d71-b06f-3504d95879ad.rna_seq.augmented_star_gene_counts.tsv,3ad2ced8-3492-481a-b71a-a9be9647f44a.rna_seq.augmented_star_gene_counts.tsv",2,2
TCGA-06-5856tumor,Transcriptome Profiling,miRNA Expression Quantification,aa7ced12-8e98-41bd-9075-55bf63cddf2d,574d4de0-c70f-4377-bba6-f2e3fdbc32c3.mirnaseq.mirnas.quantification.txt,1,1
TCGA-06-5858tumor,Copy Number Variation,Gene Level Copy Number,"4e87bf94-e82e-43a4-9d05-d144773f88dd,4e3c6871-df2f-4220-88c0-34c0238318e6,461e7e22-60da-499b-b4fe-c2f100bb9b0b","TCGA-GBM.6998e64a-2339-471b-b3dc-c726c86afc32.gene_level_copy_number.v36.tsv,TCGA-GBM.6998e64a-2339-471b-b3dc-c726c86afc32.absolute_liftover.gene_level_copy_number.v36.tsv,TCGA-GBM.6998e64a-2339-471b-b3dc-c726c86afc32.ascat3.gene_level_copy_number.v36.tsv",3,3
TCGA-06-5858tumor,DNA Methylation,Methylation Beta Value,2c11de41-720b-4f9f-af5b-ceb2458269b0,33acc379-2bf1-4217-a03f-a134e14973d3.methylation_array.sesame.level3betas.txt,1,1
TCGA-06-5858tumor,Simple Nucleotide Variation,Masked Somatic Mutation,a7280605-858e-4595-82db-e7508d9a8f57,780904e4-194a-49b7-bdfc-3ab991768af9.wxs.aliquot_ensemble_masked.maf,1,1
TCGA-06-5858tumor,Transcriptome Profiling,Gene Expression Quantification,"7961bfc9-d071-45fc-b392-dd12c8642b62,2ada884e-1839-4bb0-ba03-7f04085f0a07","48a76a0c-4e67-466a-aeaa-fe2eafde4c03.rna_seq.augmented_star_gene_counts.tsv,325f91c9-70b9-4285-a7ff-0b7b6280a8ed.rna_seq.augmented_star_gene_counts.tsv",2,2
TCGA-06-5858tumor,Transcriptome Profiling,miRNA Expression Quantification,cafb3dd3-c002-43ae-b59e-2f7198695cbb,c5b1859a-7a18-493a-acf4-2429a34be190.mirnaseq.mirnas.quantification.txt,1,1
TCGA-06-5859tumor,Copy Number Variation,Gene Level Copy Number,"9ebd2ac5-b8e6-45c7-b7fb-abb5d36838ea,027e8e66-95a6-423d-bb17-a9400871cb94,daed37d2-8a13-43a6-a362-2b360df6916c","TCGA-GBM.8ef48641-8380-4e27-8128-16366228cf07.absolute_liftover.gene_level_copy_number.v36.tsv,TCGA-GBM.8ef48641-8380-4e27-8128-16366228cf07.ascat3.gene_level_copy_number.v36.tsv,TCGA-GBM.8ef48641-8380-4e27-8128-16366228cf07.gene_level_copy_number.v36.tsv",3,3
TCGA-06-5859tumor,DNA Methylation,Methylation Beta Value,f300d7a1-a46e-41a4-9ca0-6f6b346c0d89,2ca02105-233b-4632-bb60-ea3fc46169dc.methylation_array.sesame.level3betas.txt,1,1
TCGA-06-5859tumor,Simple Nucleotide Variation,Masked Somatic Mutation,06dd167b-3334-453e-a63f-dcd0f2c2e22a,537fd586-8e22-4980-a94a-c72912bba108.wxs.aliquot_ensemble_masked.maf,1,1
TCGA-06-5859tumor,Transcriptome Profiling,Gene Expression Quantification,"ef37e9a2-853d-4697-8ce4-beb6899e3ff1,9813657d-da8b-4b27-9815-4b7d7b4bbac4","e3ca6a99-2907-4509-a416-eb7362b0b606.rna_seq.augmented_star_gene_counts.tsv,1f027bee-5316-4d9f-a566-41890da18493.rna_seq.augmented_star_gene_counts.tsv",2,2
TCGA-06-5859tumor,Transcriptome Profiling,miRNA Expression Quantification,0830b9d1-0ee5-451b-b308-e1e9d198f8d7,f0e19702-757d-4aab-bfdc-54f4e874cd21.mirnaseq.mirnas.quantification.txt,1,1
TCGA-06-6388tumor,Copy Number Variation,Gene Level Copy Number,"d3f6cd22-c619-46b0-98c9-d0afdecc115a,b30c9531-5f6d-4d20-b1fb-8f62d41eb187,79474d7f-6475-4440-b7e1-7059ba751422","TCGA-GBM.8d35170d-047a-453a-a424-ad35c8feed7a.gene_level_copy_number.v36.tsv,TCGA-GBM.8d35170d-047a-453a-a424-ad35c8feed7a.ascat3.gene_level_copy_number.v36.tsv,TCGA-GBM.8d35170d-047a-453a-a424-ad35c8feed7a.absolute_liftover.gene_level_copy_number.v36.tsv",3,3
TCGA-06-6388tumor,DNA Methylation,Methylation Beta Value,80ebcc6e-2503-4fe4-8533-8a5ef5c1c519,4aa1983f-b7db-48ec-ac96-42f5fd05b988.methylation_array.sesame.level3betas.txt,1,1
TCGA-06-6388tumor,Simple Nucleotide Variation,Masked Somatic Mutation,7a94d2da-c8fd-483a-a1d3-4887eee51f40,0a00b5bc-7d64-4eda-a1a4-751c0ff0c80f.wxs.aliquot_ensemble_masked.maf,1,1
TCGA-06-6388tumor,Transcriptome Profiling,Gene Expression Quantification,d6278bca-8b01-4761-8457-6a67c63c78b1,0669db2c-5724-4d83-aac7-483708e470c1.rna_seq.augmented_star_gene_counts.tsv,1,1
TCGA-06-6388tumor,Transcriptome Profiling,miRNA Expression Quantification,c7afe7c7-8ef5-4ec0-82e1-012fbf1691cd,decdd31e-0640-4b64-ab24-9d4459a36b16.mirnaseq.mirnas.quantification.txt,1,1
TCGA-06-6389tumor,Copy Number Variation,Gene Level Copy Number,"313f861d-40cd-434c-abd0-900771261b86,76a74047-b74f-4201-8f1c-d100631a138a,33d7aa80-b59a-4ee4-92ed-00711d7f689e","TCGA-GBM.94e68e9e-34a1-48ba-b8f3-36b962508f15.gene_level_copy_number.v36.tsv,TCGA-GBM.94e68e9e-34a1-48ba-b8f3-36b962508f15.ascat3.gene_level_copy_number.v36.tsv,TCGA-GBM.94e68e9e-34a1-48ba-b8f3-36b962508f15.absolute_liftover.gene_level_copy_number.v36.tsv",3,3
TCGA-06-6389tumor,DNA Methylation,Methylation Beta Value,6b306ab9-540a-49c7-896c-acb1107166c3,20dde4f5-7232-4fe5-979f-ace5a73286c9.methylation_array.sesame.level3betas.txt,1,1
TCGA-06-6389tumor,Simple Nucleotide Variation,Masked Somatic Mutation,aaa65ead-b512-4aab-b69a-64c904603c96,6d2cb4a2-ead1-4e99-9e9f-5f47a41cf8d0.wxs.aliquot_ensemble_masked.maf,1,1
TCGA-06-6389tumor,Transcriptome Profiling,Gene Expression Quantification,7fcacc2d-12f1-438b-b70d-615f627f431f,9c71c75f-8b3c-487e-beb8-d372875b2b2d.rna_seq.augmented_star_gene_counts.tsv,1,1
TCGA-06-6389tumor,Transcriptome Profiling,miRNA Expression Quantification,f74182c2-3ae7-41ba-b8b8-1e62f5fbf4a9,4270374e-3b46-42f6-a6c5-da7d24928a44.mirnaseq.mirnas.quantification.txt,1,1
TCGA-06-6390tumor,Copy Number Variation,Gene Level Copy Number,"a967b9fc-7dd7-497e-bc88-be942c14aae7,0d903f13-27f7-42db-a136-73d183491c58","TCGA-GBM.006c80c2-0273-42ab-8849-60700f462efc.absolute_liftover.gene_level_copy_number.v36.tsv,TCGA-GBM.006c80c2-0273-42ab-8849-60700f462efc.gene_level_copy_number.v36.tsv",2,2
TCGA-06-6390tumor,DNA Methylation,Methylation Beta Value,86540fdf-0676-4b45-bfbc-37beb15a6fd5,e53c7374-67b1-4950-9459-55d0080ba730.methylation_array.sesame.level3betas.txt,1,1
TCGA-06-6390tumor,Simple Nucleotide Variation,Masked Somatic Mutation,d9530104-a89a-48ea-8e46-7d3b8fe40a12,12fb7f02-ce1a-45ad-8f5d-a732ab066033.wxs.aliquot_ensemble_masked.maf,1,1
TCGA-06-6390tumor,Transcriptome Profiling,Gene Expression Quantification,d4649bc7-09d2-4d90-bafd-0bec72429b00,1ccc2b22-7f6c-4973-a6fa-f2c4d6be6dba.rna_seq.augmented_star_gene_counts.tsv,1,1
TCGA-06-6390tumor,Transcriptome Profiling,miRNA Expression Quantification,f1b76f71-adb0-480d-a1f7-cabb6f24902f,56a9047d-cc77-4fd2-9077-68b0e6456e6c.mirnaseq.mirnas.quantification.txt,1,1
TCGA-06-6391tumor,Copy Number Variation,Gene Level Copy Number,"7dc37edd-d31b-4a44-bcdf-17d0ddb7f506,5d41a39e-a11a-4418-a242-ab6eb6cc8405,5a37061a-cd80-49ca-97f2-f058c6a56835","TCGA-GBM.a7da5da7-e522-420c-bda5-d323582d50bf.ascat3.gene_level_copy_number.v36.tsv,TCGA-GBM.a7da5da7-e522-420c-bda5-d323582d50bf.gene_level_copy_number.v36.tsv,TCGA-GBM.a7da5da7-e522-420c-bda5-d323582d50bf.absolute_liftover.gene_level_copy_number.v36.tsv",3,3
TCGA-06-6391tumor,DNA Methylation,Methylation Beta Value,2282ad4f-67cb-4ddb-a671-6f731d520bf3,7a359510-de4a-497d-827b-57809db1631d.methylation_array.sesame.level3betas.txt,1,1
TCGA-06-6391tumor,Simple Nucleotide Variation,Masked Somatic Mutation,bf84ce29-6631-43bc-979b-426350d89d95,a29198ce-53af-40cd-ae47-3033c8786c5b.wxs.aliquot_ensemble_masked.maf,1,1
TCGA-06-6391tumor,Transcriptome Profiling,Gene Expression Quantification,41ec562e-7d07-4953-9a63-f6dc68696f77,0b57370b-485f-47e1-b827-90fac22e61e0.rna_seq.augmented_star_gene_counts.tsv,1,1
TCGA-06-6391tumor,Transcriptome Profiling,miRNA Expression Quantification,72fb50c2-f15b-4add-a1ea-b00005491165,493298a5-773a-4d2e-ba78-13ab624ff617.mirnaseq.mirnas.quantification.txt,1,1
TCGA-06-6693tumor,Copy Number Variation,Gene Level Copy Number,"dec895d5-a86c-4304-b9cd-c68f3b4c1390,46e5f6af-027e-4017-bbb7-f48db51ee866,12b49303-e3b0-4eed-b4ed-b0775166f0b9","TCGA-GBM.120f4228-974c-469b-b3a3-4ee552ad55c1.ascat3.gene_level_copy_number.v36.tsv,TCGA-GBM.120f4228-974c-469b-b3a3-4ee552ad55c1.absolute_liftover.gene_level_copy_number.v36.tsv,TCGA-GBM.120f4228-974c-469b-b3a3-4ee552ad55c1.gene_level_copy_number.v36.tsv",3,3
TCGA-06-6693tumor,DNA Methylation,Methylation Beta Value,55938b69-8395-490a-9c9b-7ea489243d07,c20fbf44-c626-44cc-9546-bc6e3d68609c.methylation_array.sesame.level3betas.txt,1,1
TCGA-06-6693tumor,Simple Nucleotide Variation,Masked Somatic Mutation,b376b8c8-e62a-48e6-b943-090e3610c14a,d40780f4-e1bd-46a5-ba6d-785d608db001.wxs.aliquot_ensemble_masked.maf,1,1
TCGA-06-6693tumor,Transcriptome Profiling,Gene Expression Quantification,cd6e4f25-3b32-4fd3-9454-f06b0cf25d32,8c349685-4023-49dd-b32f-0b97f07a38a5.rna_seq.augmented_star_gene_counts.tsv,1,1
TCGA-06-6693tumor,Transcriptome Profiling,miRNA Expression Quantification,4cabc277-4683-4715-96d2-bab5bcd0d0c7,31ba449e-9656-462c-8d88-70b612be0f0f.mirnaseq.mirnas.quantification.txt,1,1
TCGA-06-6694tumor,Copy Number Variation,Gene Level Copy Number,"a71baed4-8dd0-408a-970c-2f89c08dffc6,3d027131-8e36-4dfe-a6cc-212eacb007f7,fa10b619-2512-4198-a256-8b2332dba994","TCGA-GBM.82dc7459-ca8d-46cd-acbc-db869e310b42.ascat3.gene_level_copy_number.v36.tsv,TCGA-GBM.82dc7459-ca8d-46cd-acbc-db869e310b42.absolute_liftover.gene_level_copy_number.v36.tsv,TCGA-GBM.82dc7459-ca8d-46cd-acbc-db869e310b42.gene_level_copy_number.v36.tsv",3,3
TCGA-06-6694tumor,DNA Methylation,Methylation Beta Value,dce7f4d7-d2bd-4247-a67f-3cab977a47a9,d8ef2028-31f8-4653-917c-7f6ed246245f.methylation_array.sesame.level3betas.txt,1,1
TCGA-06-6694tumor,Simple Nucleotide Variation,Masked Somatic Mutation,6727a27f-b9fd-4c23-848c-23acd50c9724,cc4380fa-db4c-4c49-9de9-dfeacdbea97b.wxs.aliquot_ensemble_masked.maf,1,1
TCGA-06-6694tumor,Transcriptome Profiling,Gene Expression Quantification,90bb68a5-2311-4e19-80d4-35bf447456cd,79431769-1471-4ae8-b324-3f02d1a25507.rna_seq.augmented_star_gene_counts.tsv,1,1
TCGA-06-6694tumor,Transcriptome Profiling,miRNA Expression Quantification,8036bc21-c84f-45e6-b554-80fdb9d59ca2,0a3cfd59-3152-41f2-81f1-8a952f5a11ee.mirnaseq.mirnas.quantification.txt,1,1
TCGA-06-6695tumor,Copy Number Variation,Gene Level Copy Number,"fa03146e-2154-49a9-8ddd-7e7e64b2e1f0,74199477-95df-4baa-a5c9-826bf6e5b678,0b2d1a57-dbab-438d-a4d4-97670bc78d1b","TCGA-GBM.7ec6b61d-88c1-4453-816b-99c754a9559c.gene_level_copy_number.v36.tsv,TCGA-GBM.7ec6b61d-88c1-4453-816b-99c754a9559c.absolute_liftover.gene_level_copy_number.v36.tsv,TCGA-GBM.7ec6b61d-88c1-4453-816b-99c754a9559c.ascat3.gene_level_copy_number.v36.tsv",3,3
TCGA-06-6695tumor,DNA Methylation,Methylation Beta Value,28a8af69-61e6-4c36-87c7-2ed1626ba886,1321955d-3385-4a87-8e7d-207465ad136e.methylation_array.sesame.level3betas.txt,1,1
TCGA-06-6695tumor,Simple Nucleotide Variation,Masked Somatic Mutation,7087c9cf-3f02-4823-b7fe-f40e5ae84cad,f92233b1-2987-4ab2-b5f9-b180abfbd02c.wxs.aliquot_ensemble_masked.maf,1,1
TCGA-06-6695tumor,Transcriptome Profiling,Gene Expression Quantification,60913ab3-15e5-4978-8ca8-e1a74f82f9e4,7a4908be-65e5-4008-8eec-becdc9903c74.rna_seq.augmented_star_gene_counts.tsv,1,1
TCGA-06-6695tumor,Transcriptome Profiling,miRNA Expression Quantification,47779deb-d851-4af5-8f84-71a553064d8d,62a2d30b-90ec-4258-924b-b36a4de6d63f.mirnaseq.mirnas.quantification.txt,1,1
TCGA-06-6697tumor,Copy Number Variation,Gene Level Copy Number,"252db717-3188-4797-9db4-feb333f15ebd,66f2af6d-7146-423a-b161-0b7c109d9793,b3944123-c03e-4964-9bb6-94c155ac663f","TCGA-GBM.2c8a0e1e-bfd9-473f-acfd-8e72f82c87cb.ascat3.gene_level_copy_number.v36.tsv,TCGA-GBM.2c8a0e1e-bfd9-473f-acfd-8e72f82c87cb.absolute_liftover.gene_level_copy_number.v36.tsv,TCGA-GBM.2c8a0e1e-bfd9-473f-acfd-8e72f82c87cb.gene_level_copy_number.v36.tsv",3,3
TCGA-06-6697tumor,DNA Methylation,Methylation Beta Value,d4325980-4ca6-4a64-951e-8a1ea74846f7,2a610e1a-cd58-4612-9e6f-b8da2cef921f.methylation_array.sesame.level3betas.txt,1,1
TCGA-06-6697tumor,Simple Nucleotide Variation,Masked Somatic Mutation,0d8a690c-503b-4db2-9c6d-129a12001917,11f40b02-24b1-4548-98c7-32d19172d7a4.wxs.aliquot_ensemble_masked.maf,1,1
TCGA-06-6697tumor,Transcriptome Profiling,Gene Expression Quantification,450dbf45-d1f1-4a0f-acc4-1210c1f21d10,36b191bd-843f-45e6-9ff2-d99f649c5d0f.rna_seq.augmented_star_gene_counts.tsv,1,1
TCGA-06-6697tumor,Transcriptome Profiling,miRNA Expression Quantification,2351c545-4465-41d4-9a94-9d496f1ceea3,79cff597-081a-4d7e-8359-9c8b98aacd4a.mirnaseq.mirnas.quantification.txt,1,1
TCGA-06-6698tumor,Copy Number Variation,Gene Level Copy Number,"626b95e5-7626-490c-8c59-137d3dfb41e5,23f81b86-8393-4c53-9d5f-4a51db319504,12cd01e8-736b-490f-9c56-9c9ef40f1b91","TCGA-GBM.852ee8bd-f348-4a5f-8f3d-ae1410259e96.ascat3.gene_level_copy_number.v36.tsv,TCGA-GBM.852ee8bd-f348-4a5f-8f3d-ae1410259e96.absolute_liftover.gene_level_copy_number.v36.tsv,TCGA-GBM.852ee8bd-f348-4a5f-8f3d-ae1410259e96.gene_level_copy_number.v36.tsv",3,3
TCGA-06-6698tumor,DNA Methylation,Methylation Beta Value,2328e7c8-c9af-4031-a164-0b9e034b2419,78fafc18-49e3-4dde-bda2-3eb446eb5685.methylation_array.sesame.level3betas.txt,1,1
TCGA-06-6698tumor,Simple Nucleotide Variation,Masked Somatic Mutation,690a5936-5f30-48b6-b9c9-6e192aa414d7,aa084e77-150b-43eb-b71e-bce4e16970c3.wxs.aliquot_ensemble_masked.maf,1,1
TCGA-06-6698tumor,Transcriptome Profiling,Gene Expression Quantification,"b40da704-9908-4781-b614-70a81787168a,947e7903-a7f6-44c0-a40d-310fdfa5cc76","fd18cdd5-f7da-45d6-aaa1-d811a4f0a4e1.rna_seq.augmented_star_gene_counts.tsv,6357981d-6b63-42cd-a682-917b0755e621.rna_seq.augmented_star_gene_counts.tsv",2,2
TCGA-06-6698tumor,Transcriptome Profiling,miRNA Expression Quantification,c6beff71-3b30-41b8-90bf-b26908b4c189,09c73055-54a8-4302-a395-f3182d50f65f.mirnaseq.mirnas.quantification.txt,1,1
TCGA-06-6699tumor,Copy Number Variation,Gene Level Copy Number,"566d4b67-8fc2-4365-b19b-57a0ca2f0889,1e5a9a94-1883-4b03-8308-306fc6105865,7bce51a0-5e23-4b1c-8917-68c2373effc5","TCGA-GBM.845ecc1e-d7f6-444d-88b7-5eef9930fe89.absolute_liftover.gene_level_copy_number.v36.tsv,TCGA-GBM.845ecc1e-d7f6-444d-88b7-5eef9930fe89.gene_level_copy_number.v36.tsv,TCGA-GBM.845ecc1e-d7f6-444d-88b7-5eef9930fe89.ascat3.gene_level_copy_number.v36.tsv",3,3
TCGA-06-6699tumor,DNA Methylation,Methylation Beta Value,bcab166c-2d52-4d48-8ad0-b89c16dfbabb,6dfc7c02-8d63-4039-b6cf-d5fdd9af7518.methylation_array.sesame.level3betas.txt,1,1
TCGA-06-6699tumor,Simple Nucleotide Variation,Masked Somatic Mutation,808c2c8e-3355-4738-8904-d8b83be771cb,6bad1338-89ac-406d-837d-2fde1514bde5.wxs.aliquot_ensemble_masked.maf,1,1
TCGA-06-6699tumor,Transcriptome Profiling,Gene Expression Quantification,5a30c998-2b04-4f65-9427-777b2c609c49,54f5fb74-d1b8-4ad8-a1d3-2949ef36653f.rna_seq.augmented_star_gene_counts.tsv,1,1
TCGA-06-6699tumor,Transcriptome Profiling,miRNA Expression Quantification,"fc701dcc-5f85-4c2b-a6ad-28253f5f2777,ae531365-3a8c-472a-8213-f4256eefb864","a8da27ae-0f7b-44e4-a0fc-f9e971838eb7.mirnaseq.mirnas.quantification.txt,065dc7f3-2655-4f6d-83b1-3332c4100990.mirnaseq.mirnas.quantification.txt",2,2
TCGA-06-6700tumor,Copy Number Variation,Gene Level Copy Number,"1bb15bd1-3b86-4235-a9fe-afa188f3217c,72a52446-e1f9-4716-8f40-c51009206847,98e92baa-63ba-490c-8285-e3cad7fe6b3f","TCGA-GBM.95a4bb76-7d13-4494-bba1-5f020638ab97.ascat3.gene_level_copy_number.v36.tsv,TCGA-GBM.95a4bb76-7d13-4494-bba1-5f020638ab97.gene_level_copy_number.v36.tsv,TCGA-GBM.95a4bb76-7d13-4494-bba1-5f020638ab97.absolute_liftover.gene_level_copy_number.v36.tsv",3,3
TCGA-06-6700tumor,DNA Methylation,Methylation Beta Value,8a872ffb-6d60-4fae-a769-a1c2c8cfaa96,6b2f244b-9bed-4ce4-a8b6-dfaa429b25b7.methylation_array.sesame.level3betas.txt,1,1
TCGA-06-6700tumor,Simple Nucleotide Variation,Masked Somatic Mutation,dc8ee3a4-493b-482b-84a1-7ca4d592a4c7,5164e8bf-589f-40fa-a34e-bc4b80af9ee8.wxs.aliquot_ensemble_masked.maf,1,1
TCGA-06-6700tumor,Transcriptome Profiling,Gene Expression Quantification,c91fff43-9a50-4a7c-afb4-3484de935a7e,6efd1a34-3261-4ad3-87cc-da685ba06d2b.rna_seq.augmented_star_gene_counts.tsv,1,1
TCGA-06-6700tumor,Transcriptome Profiling,miRNA Expression Quantification,4036aa27-be47-41bc-aa68-9aba8c9ff2f6,67a6722a-660a-4982-a6f6-87fcb034e06d.mirnaseq.mirnas.quantification.txt,1,1
TCGA-06-6701tumor,Copy Number Variation,Gene Level Copy Number,"c86b10ae-c4e5-4290-a99d-b93fb5b4e793,9ccd6821-954a-4f18-9106-d854fed8a090,ca1e5c05-3502-4682-b763-02bd45af714a","TCGA-GBM.ad58bf02-4ecf-4c48-8453-ff02c1da5428.gene_level_copy_number.v36.tsv,TCGA-GBM.ad58bf02-4ecf-4c48-8453-ff02c1da5428.ascat3.gene_level_copy_number.v36.tsv,TCGA-GBM.ad58bf02-4ecf-4c48-8453-ff02c1da5428.absolute_liftover.gene_level_copy_number.v36.tsv",3,3
TCGA-06-6701tumor,DNA Methylation,Methylation Beta Value,28895aa7-804b-4c70-8761-1a720da53dd9,3556c898-e1b0-48f4-b576-cd0cef7b959f.methylation_array.sesame.level3betas.txt,1,1
TCGA-06-6701tumor,Simple Nucleotide Variation,Masked Somatic Mutation,8dc78176-3091-4ff9-84df-437a0197b342,6f07e8fb-6e38-442e-9334-1723d1010cc1.wxs.aliquot_ensemble_masked.maf,1,1
TCGA-06-6701tumor,Transcriptome Profiling,miRNA Expression Quantification,9e7184c1-8e08-46bb-9d3b-2e4f92bb0a24,98db4d3b-2e7d-44bb-876d-5f31b21d72ae.mirnaseq.mirnas.quantification.txt,1,1
TCGA-06-A5U0tumor,Copy Number Variation,Gene Level Copy Number,"8151b4c7-9b12-4a23-b6c4-97dd439f30b5,4b39818c-7b50-4f90-9104-135c132d83ff,291221c8-4a1e-431e-ac71-c767370a328a,f13f3b9d-61a4-4bc8-85e2-a72a4b679ccd","18e52244-aa71-40d3-aff6-e1511eda5182.wgs.ASCAT.gene_level.copy_number_variation.tsv,TCGA-GBM.de4ba7b7-3d8b-4d4f-8551-19667b80e65d.absolute_liftover.gene_level_copy_number.v36.tsv,TCGA-GBM.de4ba7b7-3d8b-4d4f-8551-19667b80e65d.gene_level_copy_number.v36.tsv,TCGA-GBM.de4ba7b7-3d8b-4d4f-8551-19667b80e65d.ascat3.gene_level_copy_number.v36.tsv",4,4
TCGA-06-A5U0tumor,DNA Methylation,Methylation Beta Value,dd09acb6-c92c-4e6f-9bf5-3ef002834bb6,cb37f6b2-2076-4f39-96f1-9c6b7c5a8e38.methylation_array.sesame.level3betas.txt,1,1
TCGA-06-A5U0tumor,Simple Nucleotide Variation,Masked Somatic Mutation,1ab603d6-2f35-40c1-97db-6203398dfcda,3fc253c9-b0f6-4daa-adfd-3ffcadc31663.wxs.aliquot_ensemble_masked.maf,1,1
TCGA-06-A5U0tumor,Transcriptome Profiling,Gene Expression Quantification,09445310-8c2b-4bf1-b619-bfe8b3f9a5e8,502882eb-8819-4015-8483-ab720e2a25bf.rna_seq.augmented_star_gene_counts.tsv,1,1
TCGA-06-A5U0tumor,Transcriptome Profiling,miRNA Expression Quantification,9cfc4e40-3ab8-4361-8c2f-df1dea3a71fd,cabafafe-5e50-4363-b779-ffea413fac40.mirnaseq.mirnas.quantification.txt,1,1
TCGA-06-A5U1tumor,Copy Number Variation,Gene Level Copy Number,"59009c63-60eb-4712-8674-848617926642,b1460b7c-45d9-417e-9dc1-fe21610632f7,a6966776-62a2-47da-8a66-42082bdfe70a","TCGA-GBM.7e29d71a-059d-466d-9299-049013151936.absolute_liftover.gene_level_copy_number.v36.tsv,TCGA-GBM.7e29d71a-059d-466d-9299-049013151936.ascat3.gene_level_copy_number.v36.tsv,TCGA-GBM.7e29d71a-059d-466d-9299-049013151936.gene_level_copy_number.v36.tsv",3,3
TCGA-06-A5U1tumor,DNA Methylation,Methylation Beta Value,a2452684-10e5-4dd8-b3a1-a79e170a026c,97005f8f-967c-4326-aac4-e81844d8c74c.methylation_array.sesame.level3betas.txt,1,1
TCGA-06-A5U1tumor,Simple Nucleotide Variation,Masked Somatic Mutation,1a007aab-6c65-4cbc-8ffb-9385e91a4e78,cf3c4984-1429-4b37-9c47-8d8b9b9833fa.wxs.aliquot_ensemble_masked.maf,1,1
TCGA-06-A5U1tumor,Transcriptome Profiling,Gene Expression Quantification,75c3d182-f026-4cfe-be32-a6bf4420ee13,f8e0df1c-94bc-4e0f-b45e-51aa187c04d8.rna_seq.augmented_star_gene_counts.tsv,1,1
TCGA-06-A5U1tumor,Transcriptome Profiling,miRNA Expression Quantification,65794952-5fe7-4984-8591-33fd33ee73d2,5c6b2204-a729-4e3f-bb92-3a28d1dea4c8.mirnaseq.mirnas.quantification.txt,1,1
TCGA-06-A6S0tumor,Copy Number Variation,Gene Level Copy Number,"fe9b1782-8135-43bf-a987-8c02e6a3fefb,2f9f3ecd-6286-474d-8a7a-1977c5700137,0f563426-6266-442f-9f70-803afd1e7675,924f8013-9f0f-41f5-8bd5-7304d1504b44","572a7e09-ee01-4014-8235-8d72869dccd3.wgs.ASCAT.gene_level.copy_number_variation.tsv,TCGA-GBM.bda45f39-9056-4566-9e57-014729dee067.absolute_liftover.gene_level_copy_number.v36.tsv,TCGA-GBM.bda45f39-9056-4566-9e57-014729dee067.ascat3.gene_level_copy_number.v36.tsv,TCGA-GBM.bda45f39-9056-4566-9e57-014729dee067.gene_level_copy_number.v36.tsv",4,4
TCGA-06-A6S0tumor,DNA Methylation,Methylation Beta Value,c8446010-f430-4c88-802f-2fe847f013f9,39c74999-7750-4d1a-9bd6-7637a2692e67.methylation_array.sesame.level3betas.txt,1,1
TCGA-06-A6S0tumor,Simple Nucleotide Variation,Masked Somatic Mutation,0d260c80-8a19-4d48-8ee1-6a4fb233d3bf,8725ba77-fa5e-4341-96e6-b50e95c238b6.wxs.aliquot_ensemble_masked.maf,1,1
TCGA-06-A6S0tumor,Transcriptome Profiling,Gene Expression Quantification,952293c8-b957-43ce-bc2e-c975fb57afa1,e1f24215-12d6-400a-b527-cee0c4d7ef8a.rna_seq.augmented_star_gene_counts.tsv,1,1
TCGA-06-A6S0tumor,Transcriptome Profiling,miRNA Expression Quantification,feacf599-e479-4a28-9e8f-2d1966dba995,72d55b60-4bf4-4ef1-b902-4d8626f90002.mirnaseq.mirnas.quantification.txt,1,1
TCGA-06-A6S1tumor,Copy Number Variation,Gene Level Copy Number,"85954558-cf17-4d00-b42e-b256921bf799,07e1d08f-56f6-4156-b695-3e0ce7d017c8,50a3a064-81eb-4c08-a97d-4c1dc1fc6989,73fd0282-5464-4714-a81a-d47c4b6a44b7","3a6d4aa9-73b9-41ad-bfea-6e9da971bc60.wgs.ASCAT.gene_level.copy_number_variation.tsv,TCGA-GBM.45fb5ee9-255f-44f8-a710-1fa817292437.gene_level_copy_number.v36.tsv,TCGA-GBM.45fb5ee9-255f-44f8-a710-1fa817292437.ascat3.gene_level_copy_number.v36.tsv,TCGA-GBM.45fb5ee9-255f-44f8-a710-1fa817292437.absolute_liftover.gene_level_copy_number.v36.tsv",4,4
TCGA-06-A6S1tumor,DNA Methylation,Methylation Beta Value,fb3b4eaa-7093-4ac4-bce4-1bda8c340a6c,c88b6601-f03f-4a96-88d8-2d2b8e1467b6.methylation_array.sesame.level3betas.txt,1,1
TCGA-06-A6S1tumor,Simple Nucleotide Variation,Masked Somatic Mutation,ac305450-994f-47e3-9196-341b3e8f21f3,78c8365a-94d2-4101-96fa-beb6a6fd44d9.wxs.aliquot_ensemble_masked.maf,1,1
TCGA-06-A6S1tumor,Transcriptome Profiling,Gene Expression Quantification,29669cdf-d335-41ee-8bfa-7fdb854a1fe0,9aa2f274-51ab-4e29-b555-407bf3ef21fd.rna_seq.augmented_star_gene_counts.tsv,1,1
TCGA-06-A6S1tumor,Transcriptome Profiling,miRNA Expression Quantification,2d8a8d8a-bd56-4a8e-90c5-567147a49d4e,ece258d5-542f-4758-83ca-d6730fea039a.mirnaseq.mirnas.quantification.txt,1,1
TCGA-06-A7TKtumor,Copy Number Variation,Gene Level Copy Number,"06f692f0-ca04-42c6-91d9-909484823e37,d7709b02-47ae-4bdd-9bff-c0d2962632f7,6a1b6faf-ca9e-4099-9788-7128bd765815,c9171f49-f7d0-4b72-ad78-bc02ba3ae844","TCGA-GBM.e5e96553-a283-4ed0-b2ba-f7d1e366cd21.ascat3.gene_level_copy_number.v36.tsv,TCGA-GBM.e5e96553-a283-4ed0-b2ba-f7d1e366cd21.gene_level_copy_number.v36.tsv,TCGA-GBM.e5e96553-a283-4ed0-b2ba-f7d1e366cd21.absolute_liftover.gene_level_copy_number.v36.tsv,43a32828-ab7b-4f89-a469-ca4425cf2f0d.wgs.ASCAT.gene_level.copy_number_variation.tsv",4,4
TCGA-06-A7TKtumor,DNA Methylation,Methylation Beta Value,e3f7f54d-b705-4286-951c-20c78353caef,bfc9c855-a10e-41ad-8c03-96b3e7c8a340.methylation_array.sesame.level3betas.txt,1,1
TCGA-06-A7TKtumor,Simple Nucleotide Variation,Masked Somatic Mutation,beef6d8f-5519-4002-9159-b17977a383e6,4890e0af-0189-4ec4-aaf0-cf302fe1776f.wxs.aliquot_ensemble_masked.maf,1,1
TCGA-06-A7TKtumor,Transcriptome Profiling,Gene Expression Quantification,444a2332-9e52-4cf8-94d9-07a8b829633e,d2b6a1a6-ed16-4374-8b28-912237ed87c2.rna_seq.augmented_star_gene_counts.tsv,1,1
TCGA-06-A7TKtumor,Transcriptome Profiling,miRNA Expression Quantification,798670c8-b712-482f-b2de-22dfce3eb2dd,bf681c67-6457-407a-9bab-217a66132b9e.mirnaseq.mirnas.quantification.txt,1,1
TCGA-06-A7TLtumor,Copy Number Variation,Gene Level Copy Number,"f34e4374-caf2-4322-b9e1-6d87b6262273,9b8d9a6b-f76d-476d-af84-58ccf885d12b,d500d631-4630-4593-ac56-99e597a52ce9,5c65521a-cc0d-4b41-b007-af04d3674a9f","64a8c15b-4e5c-46e5-9a0c-ec088679b385.wgs.ASCAT.gene_level.copy_number_variation.tsv,TCGA-GBM.a8684221-6b51-4221-a122-2ebcc553bbe3.ascat3.gene_level_copy_number.v36.tsv,TCGA-GBM.a8684221-6b51-4221-a122-2ebcc553bbe3.gene_level_copy_number.v36.tsv,TCGA-GBM.a8684221-6b51-4221-a122-2ebcc553bbe3.absolute_liftover.gene_level_copy_number.v36.tsv",4,4
TCGA-06-A7TLtumor,DNA Methylation,Methylation Beta Value,71c79b47-9a17-4bb5-b6e2-e58361940241,f8c84891-9c42-4041-89f1-6f63b6251f2c.methylation_array.sesame.level3betas.txt,1,1
TCGA-06-A7TLtumor,Simple Nucleotide Variation,Masked Somatic Mutation,00a6589b-6c02-4b41-b363-fb5e7151675b,ab07fdf2-e02f-4e37-a0d6-0c42813c3a92.wxs.aliquot_ensemble_masked.maf,1,1
TCGA-06-A7TLtumor,Transcriptome Profiling,Gene Expression Quantification,a7dce4a1-a72c-471e-bce0-92da1948e7d3,fe757d4a-9d17-4a14-a198-dfe57e6c00f2.rna_seq.augmented_star_gene_counts.tsv,1,1
TCGA-06-A7TLtumor,Transcriptome Profiling,miRNA Expression Quantification,dbb093f1-ccd5-48d0-a727-35e078cd6923,11b57e76-7175-4d19-8651-e724e6146132.mirnaseq.mirnas.quantification.txt,1,1
TCGA-08-0386tumor,Copy Number Variation,Gene Level Copy Number,"76380d9b-ec54-45a7-829a-90d40c6a185f,371e62b3-f743-418e-b196-b5aecaed5220,141b2fa8-e62d-4c16-a217-99ab5343698e","TCGA-GBM.6236fcb5-2ecf-436c-9014-666a327ec5dc.ascat3.gene_level_copy_number.v36.tsv,TCGA-GBM.6236fcb5-2ecf-436c-9014-666a327ec5dc.gene_level_copy_number.v36.tsv,TCGA-GBM.6236fcb5-2ecf-436c-9014-666a327ec5dc.absolute_liftover.gene_level_copy_number.v36.tsv",3,3
TCGA-08-0386tumor,Simple Nucleotide Variation,Masked Somatic Mutation,687c664e-9f6c-42e3-98c3-12d9010675bd,9d96351e-1c5c-45a5-b89e-7e4a24d9f4a6.wxs.aliquot_ensemble_masked.maf,1,1
TCGA-08-0386tumor,Transcriptome Profiling,Gene Expression Quantification,"ddb028d4-2242-4de7-9560-4c7fd0b93af7,72f34773-218d-41e0-93dc-7aae1ed50cee","91bd0932-0312-404f-b836-c1ab7f9e2cf3.rna_seq.augmented_star_gene_counts.tsv,97f42a19-6ae6-4cd5-b4f5-4777c44324e8.rna_seq.augmented_star_gene_counts.tsv",2,2
TCGA-08-0386tumor,Transcriptome Profiling,miRNA Expression Quantification,cdf3492c-df0d-4d48-9499-8a64f080c892,21097a3e-8070-4da4-8776-7ea8a9e9b11e.mirnaseq.mirnas.quantification.txt,1,1
TCGA-12-0615tumor,Copy Number Variation,Gene Level Copy Number,"6b24a880-36eb-4f73-8039-ebfc411b185d,8c0e9b36-525e-4a3a-b352-396f00c9f9a9,bf57c73d-6b7a-4acc-80bc-0250fec46fc5","TCGA-GBM.c01e3e46-ab76-4194-9244-f1108580bfb1.ascat3.gene_level_copy_number.v36.tsv,TCGA-GBM.c01e3e46-ab76-4194-9244-f1108580bfb1.gene_level_copy_number.v36.tsv,TCGA-GBM.c01e3e46-ab76-4194-9244-f1108580bfb1.absolute_liftover.gene_level_copy_number.v36.tsv",3,3
TCGA-12-0615tumor,Simple Nucleotide Variation,Masked Somatic Mutation,3b3fe35e-dca3-4690-bb70-e26e15bf4b42,74a73709-c7a7-4bed-8cb6-473bf5b33dd3.wxs.aliquot_ensemble_masked.maf,1,1
TCGA-12-0615tumor,Transcriptome Profiling,Gene Expression Quantification,d2b53768-5501-4b6d-a005-aaaa65131c62,2b11021d-d0c9-44fb-b047-0c40a4707dc6.rna_seq.augmented_star_gene_counts.tsv,1,1
TCGA-12-0615tumor,Transcriptome Profiling,miRNA Expression Quantification,d946d314-36ff-4fa4-a8eb-90a2e303d3cd,f355b4e5-b2c6-4da3-bf6d-d94178a966d0.mirnaseq.mirnas.quantification.txt,1,1
TCGA-12-0616tumor,Copy Number Variation,Gene Level Copy Number,"b4a00019-48b0-4b96-968e-21946baa1f09,f6526656-616f-4c27-9c3e-a81e7017a647,525c180c-6eb3-4b62-b491-363a2f22924f","TCGA-GBM.c515d71e-b01b-425c-b305-a285e75acdd1.absolute_liftover.gene_level_copy_number.v36.tsv,TCGA-GBM.c515d71e-b01b-425c-b305-a285e75acdd1.ascat3.gene_level_copy_number.v36.tsv,TCGA-GBM.c515d71e-b01b-425c-b305-a285e75acdd1.gene_level_copy_number.v36.tsv",3,3
TCGA-12-0616tumor,Simple Nucleotide Variation,Masked Somatic Mutation,646aef9e-a618-43e7-8b1e-277cda66efac,d0d2a386-804a-4080-a911-fc642c19b5e9.wxs.aliquot_ensemble_masked.maf,1,1
TCGA-12-0616tumor,Transcriptome Profiling,Gene Expression Quantification,"eb9eb417-e7a2-4879-a173-cc10cd34da9e,44eeae34-4bf4-47d8-aae4-b8916f80bb42","39f7b501-0578-4c4e-9fc4-fd9a7d839dbf.rna_seq.augmented_star_gene_counts.tsv,200cce65-c15c-4c1c-9b4c-3162e8fb180d.rna_seq.augmented_star_gene_counts.tsv",2,2
TCGA-12-0616tumor,Transcriptome Profiling,miRNA Expression Quantification,f62d5014-ddad-4f31-a650-21a82b8f4697,64992364-5ea6-49c1-b014-f7ebec5f5b56.mirnaseq.mirnas.quantification.txt,1,1
TCGA-12-0618tumor,Copy Number Variation,Gene Level Copy Number,"89f57250-9605-4cbb-b064-dce7c3164617,4f1dc1f0-67ab-473b-a91c-11c3a7b55b39,9f419384-f9cf-4a5f-b76f-6f82d9f4a55d","TCGA-GBM.7257b8e3-63ec-4c3c-9b18-ffcdab69f590.ascat3.gene_level_copy_number.v36.tsv,TCGA-GBM.7257b8e3-63ec-4c3c-9b18-ffcdab69f590.absolute_liftover.gene_level_copy_number.v36.tsv,TCGA-GBM.7257b8e3-63ec-4c3c-9b18-ffcdab69f590.gene_level_copy_number.v36.tsv",3,3
TCGA-12-0618tumor,Simple Nucleotide Variation,Masked Somatic Mutation,13977324-1ded-4b06-8b6f-5605742d8d8d,1f93d367-b004-47de-884c-b093cc01b0b0.wxs.aliquot_ensemble_masked.maf,1,1
TCGA-12-0618tumor,Transcriptome Profiling,Gene Expression Quantification,"b5138139-5314-4fb5-8bf0-e0450141ac57,960d4a78-b91d-46d6-b90f-a1a134ffd751","37253fe8-4a9a-4076-9244-8cc727d6b432.rna_seq.augmented_star_gene_counts.tsv,217213a1-8bad-4d79-b4cf-49ecd17822ab.rna_seq.augmented_star_gene_counts.tsv",2,2
TCGA-12-0618tumor,Transcriptome Profiling,miRNA Expression Quantification,2dea5512-f755-4c23-8bac-a43156677391,a2aa1770-5c98-4c40-8449-5879112e7e23.mirnaseq.mirnas.quantification.txt,1,1
TCGA-12-0619tumor,Copy Number Variation,Gene Level Copy Number,"cc15fb7a-184e-4345-b167-60cb72cc2e49,30cc06cc-ea7c-4d2c-80f8-1917d8786397,5195f1bf-9b67-48f1-bcff-1a1f8a7151a7","TCGA-GBM.f441d306-880e-4de6-9b83-6286307192f8.gene_level_copy_number.v36.tsv,TCGA-GBM.f441d306-880e-4de6-9b83-6286307192f8.ascat3.gene_level_copy_number.v36.tsv,TCGA-GBM.f441d306-880e-4de6-9b83-6286307192f8.absolute_liftover.gene_level_copy_number.v36.tsv",3,3
TCGA-12-0619tumor,Simple Nucleotide Variation,Masked Somatic Mutation,bd9988c2-3c4a-4601-89c8-2f4202663841,78e2ebfe-df9e-41f4-9daf-c9a60a14711b.wxs.aliquot_ensemble_masked.maf,1,1
TCGA-12-0619tumor,Transcriptome Profiling,Gene Expression Quantification,"651cc270-e577-40ba-9c8d-e4c36e5118ca,6c3a9d0b-5d61-41d0-b54c-432f33122a25","24397ba5-84a8-46da-a55d-5764690dc17c.rna_seq.augmented_star_gene_counts.tsv,d9ce8aca-09dc-4140-a530-e6412c0ad927.rna_seq.augmented_star_gene_counts.tsv",2,2
TCGA-12-0619tumor,Transcriptome Profiling,miRNA Expression Quantification,b4967522-ea14-4295-977c-61f909126224,1dc7637e-60ca-4a17-ae89-a95575f90a7f.mirnaseq.mirnas.quantification.txt,1,1
TCGA-12-0656tumor,Copy Number Variation,Gene Level Copy Number,"ec22a2eb-3e52-4f90-b99f-c915a428ffbf,6b59cb84-da47-4e8e-8e0a-f65e963e5227,b69dee5e-857f-45c3-9749-4805729a7012","TCGA-GBM.1f03c64c-39a7-44cc-9374-2bf4b27be96c.absolute_liftover.gene_level_copy_number.v36.tsv,TCGA-GBM.1f03c64c-39a7-44cc-9374-2bf4b27be96c.ascat3.gene_level_copy_number.v36.tsv,TCGA-GBM.1f03c64c-39a7-44cc-9374-2bf4b27be96c.gene_level_copy_number.v36.tsv",3,3
TCGA-12-0656tumor,Simple Nucleotide Variation,Masked Somatic Mutation,3b47c841-0c15-4866-9c88-7935b4768f29,66edd7da-0972-4580-a7c3-a002dde74a8d.wxs.aliquot_ensemble_masked.maf,1,1
TCGA-12-0656tumor,Transcriptome Profiling,miRNA Expression Quantification,16a2e2b2-270f-49f1-b44f-eface9d9bea6,16731ca2-3ada-43c2-84c6-c19c508181aa.mirnaseq.mirnas.quantification.txt,1,1
TCGA-12-0657tumor,Copy Number Variation,Gene Level Copy Number,"0a7f8d00-8936-4d16-b6c7-8b4f474f3614,6b27aece-b420-41d9-92f1-bc92727952d8,7bc7d5b8-5532-4ad8-adb6-a6637f6d8692","TCGA-GBM.a5270db8-cbd1-4a0c-8095-6830caa83c69.gene_level_copy_number.v36.tsv,TCGA-GBM.a5270db8-cbd1-4a0c-8095-6830caa83c69.ascat3.gene_level_copy_number.v36.tsv,TCGA-GBM.a5270db8-cbd1-4a0c-8095-6830caa83c69.absolute_liftover.gene_level_copy_number.v36.tsv",3,3
TCGA-12-0657tumor,Simple Nucleotide Variation,Masked Somatic Mutation,b730dd94-2a2d-4fef-9bf7-d3ee4b5c2003,fa573ece-2492-496a-9364-665cb2090774.wxs.aliquot_ensemble_masked.maf,1,1
TCGA-12-0657tumor,Transcriptome Profiling,Gene Expression Quantification,a866e948-e290-43d5-935b-dac2abbd04e6,89154592-5e65-4616-bbfc-3cf8999363db.rna_seq.augmented_star_gene_counts.tsv,1,1
TCGA-12-0657tumor,Transcriptome Profiling,miRNA Expression Quantification,f40f11de-b5a3-4abd-93bf-310ed235d442,5296478a-57c6-4ed9-a841-c42ca55dc1fe.mirnaseq.mirnas.quantification.txt,1,1
TCGA-12-0662tumor,Copy Number Variation,Gene Level Copy Number,"5e3bf4c6-5fcf-4d4e-9628-1630c02c048c,44a1a009-adc4-4309-81a7-43f0ce609a5a,0b3a3c43-dd41-4b54-8a5c-4a745b2ff947","TCGA-GBM.815c45fc-890c-4371-af08-64b91337cb0d.ascat3.gene_level_copy_number.v36.tsv,TCGA-GBM.815c45fc-890c-4371-af08-64b91337cb0d.gene_level_copy_number.v36.tsv,TCGA-GBM.815c45fc-890c-4371-af08-64b91337cb0d.absolute_liftover.gene_level_copy_number.v36.tsv",3,3
TCGA-12-0662tumor,Simple Nucleotide Variation,Masked Somatic Mutation,6169a6ba-4f56-427e-845b-b3ced5ae150d,a5ec3704-fb9d-48fb-9ba0-22e502771174.wxs.aliquot_ensemble_masked.maf,1,1
TCGA-12-0662tumor,Transcriptome Profiling,Gene Expression Quantification,ec8b5d60-3513-4a7b-9f91-440ec0516150,08633296-acaa-4c6f-a2f1-29e58898a303.rna_seq.augmented_star_gene_counts.tsv,1,1
TCGA-12-0662tumor,Transcriptome Profiling,miRNA Expression Quantification,683c80af-83e8-4ce6-8f8c-c3ffe4ce1743,5a6540f1-a353-4639-8f1c-c292ece28195.mirnaseq.mirnas.quantification.txt,1,1
TCGA-12-0670tumor,Copy Number Variation,Gene Level Copy Number,"6d150520-55e7-42bd-bc88-6cb37ddf2fdf,0f7822b9-b604-47d0-83cc-cdab4e5022c3,dae6e75d-df4b-46ed-8962-52f69f309df5","TCGA-GBM.ca05c33d-4e8c-4d30-bec8-257ba0b34386.absolute_liftover.gene_level_copy_number.v36.tsv,TCGA-GBM.ca05c33d-4e8c-4d30-bec8-257ba0b34386.ascat3.gene_level_copy_number.v36.tsv,TCGA-GBM.ca05c33d-4e8c-4d30-bec8-257ba0b34386.gene_level_copy_number.v36.tsv",3,3
TCGA-12-0670tumor,DNA Methylation,Methylation Beta Value,7ed9155e-2914-4024-bcd4-57c33d83cb6e,6485c6fd-7019-4254-a095-fd21fec98ecb.methylation_array.sesame.level3betas.txt,1,1
TCGA-12-0670tumor,Simple Nucleotide Variation,Masked Somatic Mutation,b4896a6c-3156-4948-bed8-68df6efb4120,73947d23-db66-41cd-9c98-9335e8a94b96.wxs.aliquot_ensemble_masked.maf,1,1
TCGA-12-0670tumor,Transcriptome Profiling,Gene Expression Quantification,1032db62-edd9-4532-ab62-af652f39f0dd,155b64a3-9f0a-4f56-970b-d389caea4af3.rna_seq.augmented_star_gene_counts.tsv,1,1
TCGA-12-0670tumor,Transcriptome Profiling,miRNA Expression Quantification,39bcdcde-6c32-437d-b19d-744bf4be0418,4d826a88-25ee-4eb6-aa73-4fe59e827b3a.mirnaseq.mirnas.quantification.txt,1,1
TCGA-12-0688tumor,Copy Number Variation,Gene Level Copy Number,"e8c7c8ab-480d-4434-82d7-ac6dd6b43d07,6c9177da-5182-4030-9de6-7d16659fec3d,8d9837b7-02a9-4821-b29d-fc51f24ca556","TCGA-GBM.6b22a1d2-a43d-4a4d-8ee8-2778bd775ca0.gene_level_copy_number.v36.tsv,TCGA-GBM.6b22a1d2-a43d-4a4d-8ee8-2778bd775ca0.ascat3.gene_level_copy_number.v36.tsv,TCGA-GBM.6b22a1d2-a43d-4a4d-8ee8-2778bd775ca0.absolute_liftover.gene_level_copy_number.v36.tsv",3,3
TCGA-12-0688tumor,Simple Nucleotide Variation,Masked Somatic Mutation,010427c5-94f5-4ba9-a77b-a480823733bd,93c90f82-4ce3-4191-91dd-6a67261a253b.wxs.aliquot_ensemble_masked.maf,1,1
TCGA-12-0688tumor,Transcriptome Profiling,miRNA Expression Quantification,7d8b9200-c0b8-40e6-91b4-7493526f8da7,0e90ec8c-251a-4bde-825c-491a56040f7a.mirnaseq.mirnas.quantification.txt,1,1
TCGA-12-0691tumor,Copy Number Variation,Gene Level Copy Number,"6c30a18c-d8d2-4bfd-9dc9-312eaf7a5dae,0c9450c0-8161-4368-9852-6be11d51392f,1e209a1e-ae66-4dd4-b74c-b11e558c3c26","TCGA-GBM.188e4640-6c14-4730-b4b6-3c15fd1e9dbe.absolute_liftover.gene_level_copy_number.v36.tsv,TCGA-GBM.188e4640-6c14-4730-b4b6-3c15fd1e9dbe.ascat3.gene_level_copy_number.v36.tsv,TCGA-GBM.188e4640-6c14-4730-b4b6-3c15fd1e9dbe.gene_level_copy_number.v36.tsv",3,3
TCGA-12-0691tumor,Simple Nucleotide Variation,Masked Somatic Mutation,3a9008c6-a4f6-4893-9c12-3d798a1a0d27,2ea013e4-7629-43c3-ae0c-51f4416280ab.wxs.aliquot_ensemble_masked.maf,1,1
TCGA-12-0691tumor,Transcriptome Profiling,Gene Expression Quantification,145dabfe-a6df-4c9d-a7ac-937e0f9af003,1652c5be-f06b-4600-a1e9-3efbfa73eb4e.rna_seq.augmented_star_gene_counts.tsv,1,1
TCGA-12-0691tumor,Transcriptome Profiling,miRNA Expression Quantification,655c06a6-5c0e-418f-af0e-c0a83d1b8ddf,f313c8e0-0259-4b6a-9480-62f5140b1146.mirnaseq.mirnas.quantification.txt,1,1
TCGA-12-0692tumor,Copy Number Variation,Gene Level Copy Number,"8e5ea90f-7c85-4b96-99b8-efa9b2f3245c,22c39686-2d75-4dd3-9815-cb1dfacf88f6,6dea9668-951b-49f9-9499-a6b7cd3fed1d","TCGA-GBM.f5245bc0-1b48-4b19-879e-69971f8b0745.gene_level_copy_number.v36.tsv,TCGA-GBM.f5245bc0-1b48-4b19-879e-69971f8b0745.ascat3.gene_level_copy_number.v36.tsv,TCGA-GBM.f5245bc0-1b48-4b19-879e-69971f8b0745.absolute_liftover.gene_level_copy_number.v36.tsv",3,3
TCGA-12-0692tumor,Simple Nucleotide Variation,Masked Somatic Mutation,"f2c2e294-b401-44dc-8e4a-cb5294320a02,cbb82ca3-8ba5-4d07-b99f-218ab36ac16f","727bb55b-9f33-443c-94d7-f11494ff6f76.wxs.aliquot_ensemble_masked.maf,9095a8e7-7abf-40a0-9608-ffe2d80c532d.wxs.aliquot_ensemble_masked.maf",2,2
TCGA-12-0692tumor,Transcriptome Profiling,Gene Expression Quantification,79fe87a6-d02d-445d-ac00-9817974f8189,3b771109-4c7d-4963-9d89-4ea431c8ad57.rna_seq.augmented_star_gene_counts.tsv,1,1
TCGA-12-0692tumor,Transcriptome Profiling,miRNA Expression Quantification,579e7021-15a4-45d0-8c3b-077c9595a9a1,d45d6bfa-82c2-4d74-bfc2-84394ba8a143.mirnaseq.mirnas.quantification.txt,1,1
TCGA-12-0707tumor,Copy Number Variation,Gene Level Copy Number,"33f98153-142f-42da-a30d-aac7366061c8,a8075b00-8c58-4b86-988c-01e2cb21bd7e,d2b46e47-55ea-477f-b22c-83cd22e96b4d","TCGA-GBM.d4c482c1-cd23-41c2-8899-79ea1085b30f.gene_level_copy_number.v36.tsv,TCGA-GBM.d4c482c1-cd23-41c2-8899-79ea1085b30f.ascat3.gene_level_copy_number.v36.tsv,TCGA-GBM.d4c482c1-cd23-41c2-8899-79ea1085b30f.absolute_liftover.gene_level_copy_number.v36.tsv",3,3
TCGA-12-0707tumor,Simple Nucleotide Variation,Masked Somatic Mutation,c70b1e23-66db-46d3-9c94-33cf2acfbb5c,37d8ed32-ecbc-4c13-badb-75643f6ddf21.wxs.aliquot_ensemble_masked.maf,1,1
TCGA-12-0707tumor,Transcriptome Profiling,miRNA Expression Quantification,a5dea06e-fe0e-4bfc-8c80-cc6f3deef89e,b939f727-c870-4d56-bf18-015882407a4d.mirnaseq.mirnas.quantification.txt,1,1
TCGA-12-0773tumor,Copy Number Variation,Gene Level Copy Number,"09e60c94-1864-417b-b0e4-d4ec8a024b96,3f8e0705-de3b-419a-a258-47df1312d3ce,dbdc9db1-5547-4ebb-950d-392728736c8e","TCGA-GBM.23d84686-9d9e-497f-8822-e56bd5a6dbec.ascat3.gene_level_copy_number.v36.tsv,TCGA-GBM.23d84686-9d9e-497f-8822-e56bd5a6dbec.gene_level_copy_number.v36.tsv,TCGA-GBM.23d84686-9d9e-497f-8822-e56bd5a6dbec.absolute_liftover.gene_level_copy_number.v36.tsv",3,3
TCGA-12-0773tumor,Simple Nucleotide Variation,Masked Somatic Mutation,22c8a8fd-ea19-4021-abd0-892391e3c70d,f9021a1b-0383-424f-bb7d-07ca4e4cdc00.wxs.aliquot_ensemble_masked.maf,1,1
TCGA-12-0773tumor,Transcriptome Profiling,Gene Expression Quantification,79b13451-ebba-405d-9557-4dfe88d1b5af,3d2a576f-753e-4998-99e8-5a936bf6f3dd.rna_seq.augmented_star_gene_counts.tsv,1,1
TCGA-12-0775tumor,Copy Number Variation,Gene Level Copy Number,"3f0adf5d-9573-4f25-9046-4374332b13c2,f69dc2bb-0f87-4ef2-ac4a-1da906e7c167,be42f60c-ffdd-4844-b8cc-5aefcc7b5e58","TCGA-GBM.8cb37e28-e22d-4617-9beb-0e269efdaf93.gene_level_copy_number.v36.tsv,TCGA-GBM.8cb37e28-e22d-4617-9beb-0e269efdaf93.ascat3.gene_level_copy_number.v36.tsv,TCGA-GBM.8cb37e28-e22d-4617-9beb-0e269efdaf93.absolute_liftover.gene_level_copy_number.v36.tsv",3,3
TCGA-12-0775tumor,Simple Nucleotide Variation,Masked Somatic Mutation,ad893105-43cd-4ae8-bf96-4597e2eb1922,65a8c7e5-a159-410a-91f6-77568bb47908.wxs.aliquot_ensemble_masked.maf,1,1
TCGA-12-0775tumor,Transcriptome Profiling,Gene Expression Quantification,54bbc769-1001-4bdc-991a-e1ef0b969aef,6571f6d5-963a-4ff7-9174-2b4d61c11069.rna_seq.augmented_star_gene_counts.tsv,1,1
TCGA-12-0775tumor,Transcriptome Profiling,miRNA Expression Quantification,f6bc4183-d942-402b-9380-a6660f7d7731,f5ccc43a-79a4-476a-b2eb-72f7c86ab971.mirnaseq.mirnas.quantification.txt,1,1
TCGA-12-0818tumor,Copy Number Variation,Gene Level Copy Number,"b2201229-7db9-4fd1-b8e7-0431bdfb1b49,b88b3d10-8c82-41e1-bd1f-00068d84c0fd,188f403d-e8c0-4cdf-9067-b9ce22d85c84","TCGA-GBM.7f4d3e93-865b-40a9-8120-5656aa0178b7.ascat3.gene_level_copy_number.v36.tsv,TCGA-GBM.7f4d3e93-865b-40a9-8120-5656aa0178b7.gene_level_copy_number.v36.tsv,TCGA-GBM.7f4d3e93-865b-40a9-8120-5656aa0178b7.absolute_liftover.gene_level_copy_number.v36.tsv",3,3
TCGA-12-0818tumor,DNA Methylation,Methylation Beta Value,6ed3bdd1-1f33-4efd-ae69-4384c631ec7b,a8cbc5af-0efc-4630-af8b-058a2dd9919a.methylation_array.sesame.level3betas.txt,1,1
TCGA-12-0818tumor,Simple Nucleotide Variation,Masked Somatic Mutation,6b5d4411-63ed-42dd-95fa-cd55b7c168ce,bf329ad3-d09d-4bd3-b41b-e8a653e510b2.wxs.aliquot_ensemble_masked.maf,1,1
TCGA-12-0818tumor,Transcriptome Profiling,Gene Expression Quantification,d863d32c-ed50-4644-9ee1-7464bd79e1e0,b7a4bdef-c538-4f6f-9892-b21620ff02bc.rna_seq.augmented_star_gene_counts.tsv,1,1
TCGA-12-0818tumor,Transcriptome Profiling,miRNA Expression Quantification,9a3cffe0-fbde-43b8-a509-9714985ac796,f6cb7e60-cff1-4bdc-bcd2-c8dee0398e36.mirnaseq.mirnas.quantification.txt,1,1
TCGA-12-0819tumor,Copy Number Variation,Gene Level Copy Number,"52ce1156-c4df-4bf9-b559-c615ed74d0c7,424ea002-3b28-485c-b48a-8f28c86c3ed9,dc26d5fb-4995-4039-a1f0-54f87cefe76b","TCGA-GBM.55fc731c-c423-4a77-b69d-20c8497f35e5.absolute_liftover.gene_level_copy_number.v36.tsv,TCGA-GBM.55fc731c-c423-4a77-b69d-20c8497f35e5.gene_level_copy_number.v36.tsv,TCGA-GBM.55fc731c-c423-4a77-b69d-20c8497f35e5.ascat3.gene_level_copy_number.v36.tsv",3,3
TCGA-12-0819tumor,DNA Methylation,Methylation Beta Value,916fe9b9-5fb0-41a1-8b60-0061057a460b,37ace855-d159-4afd-8ba5-7d336014fe65.methylation_array.sesame.level3betas.txt,1,1
TCGA-12-0819tumor,Simple Nucleotide Variation,Masked Somatic Mutation,e78edf3e-3748-4417-8c9e-2c8d7764a38d,3cff3561-ba10-4d18-92d8-5d2b4536782a.wxs.aliquot_ensemble_masked.maf,1,1
TCGA-12-0819tumor,Transcriptome Profiling,Gene Expression Quantification,92f7ddd7-b0ae-4788-93c1-c2d7f093c92c,46c4e8cb-5a79-49d1-8cd1-70e7288718ef.rna_seq.augmented_star_gene_counts.tsv,1,1
TCGA-12-0819tumor,Transcriptome Profiling,miRNA Expression Quantification,fef6590b-d3c5-43ff-98e2-4df53812baa0,b3025cc5-b819-4802-8031-f786152cf008.mirnaseq.mirnas.quantification.txt,1,1
TCGA-12-0820tumor,Copy Number Variation,Gene Level Copy Number,"629909df-5a23-4b59-884d-9c3a25af0ae9,7ada0ee6-3c36-4e83-bf0c-1c0e4e99e437,9497119f-53dc-421e-b208-cee56f1ff1f5","TCGA-GBM.1f02a490-07c9-40d5-b261-755c4ac756c7.ascat3.gene_level_copy_number.v36.tsv,TCGA-GBM.1f02a490-07c9-40d5-b261-755c4ac756c7.gene_level_copy_number.v36.tsv,TCGA-GBM.1f02a490-07c9-40d5-b261-755c4ac756c7.absolute_liftover.gene_level_copy_number.v36.tsv",3,3
TCGA-12-0820tumor,DNA Methylation,Methylation Beta Value,c128dee6-499f-426e-83bb-fa75158cb82e,65e67596-dc14-4bf8-8c18-11dadcc6fa92.methylation_array.sesame.level3betas.txt,1,1
TCGA-12-0820tumor,Simple Nucleotide Variation,Masked Somatic Mutation,60ba3a2b-e2b1-4fd2-9511-fba63245639f,6333c93b-5919-490e-ba88-05392036c506.wxs.aliquot_ensemble_masked.maf,1,1
TCGA-12-0820tumor,Transcriptome Profiling,Gene Expression Quantification,b3bcadad-8758-4cd4-a1cc-6c0db24d24ba,5d55672c-be4d-4777-aec8-d6798a272723.rna_seq.augmented_star_gene_counts.tsv,1,1
TCGA-12-0820tumor,Transcriptome Profiling,miRNA Expression Quantification,1f8aecae-fe9a-4b60-980d-769665ad38d8,4cd2b47f-5eaa-489c-8f6f-6782d491ccbb.mirnaseq.mirnas.quantification.txt,1,1
TCGA-12-0821tumor,Copy Number Variation,Gene Level Copy Number,"6d64f3e3-7d1d-4085-9144-11494370dce5,8205f9fb-bb24-421f-a702-57838bc2497d,5a6fa280-b513-4659-a95d-476c3fe3cace","TCGA-GBM.8474511c-0ea0-4e5d-b292-5d731825e978.ascat3.gene_level_copy_number.v36.tsv,TCGA-GBM.8474511c-0ea0-4e5d-b292-5d731825e978.absolute_liftover.gene_level_copy_number.v36.tsv,TCGA-GBM.8474511c-0ea0-4e5d-b292-5d731825e978.gene_level_copy_number.v36.tsv",3,3
TCGA-12-0821tumor,DNA Methylation,Methylation Beta Value,3b8ce6ba-cf37-406c-8eff-e26e50296909,467d12d9-073d-4333-93f2-b29bb2b019e0.methylation_array.sesame.level3betas.txt,1,1
TCGA-12-0821tumor,Simple Nucleotide Variation,Masked Somatic Mutation,"c504b477-f051-43ed-bb74-5cd185caefb3,3aff228f-7ce7-42bc-a0a8-bb1e6279d16f","5478ba68-d772-4e3f-95fd-4021b6ce8547.wxs.aliquot_ensemble_masked.maf,21245dd3-31e8-4f4c-adc7-00d13e122de0.wxs.aliquot_ensemble_masked.maf",2,2
TCGA-12-0821tumor,Transcriptome Profiling,Gene Expression Quantification,"37657888-bb13-429b-800c-deb8a6bdf27c,cd6e8382-9117-49c7-a89f-1d79b0ad8815","b5a77ad0-9041-4392-afde-ff98f1321c97.rna_seq.augmented_star_gene_counts.tsv,80e02a48-6bbd-4e69-87f3-a27e51ca852b.rna_seq.augmented_star_gene_counts.tsv",2,2
TCGA-12-0821tumor,Transcriptome Profiling,miRNA Expression Quantification,1871e50c-c34c-4aa3-bf32-50c8e6e8d694,caca80a3-7d36-4cc7-b944-7e0c7cc537b0.mirnaseq.mirnas.quantification.txt,1,1
TCGA-12-0826tumor,Copy Number Variation,Gene Level Copy Number,"05a6f06a-6454-4c28-9843-a2891d9dff53,6747cb94-d122-4ea5-9947-49f99d3b7b40,41b40d26-7608-4b4b-bacc-4862dde8219d","TCGA-GBM.c29ad7ad-4b25-4a4c-bb65-0b4eeb502e50.gene_level_copy_number.v36.tsv,TCGA-GBM.c29ad7ad-4b25-4a4c-bb65-0b4eeb502e50.ascat3.gene_level_copy_number.v36.tsv,TCGA-GBM.c29ad7ad-4b25-4a4c-bb65-0b4eeb502e50.absolute_liftover.gene_level_copy_number.v36.tsv",3,3
TCGA-12-0826tumor,DNA Methylation,Methylation Beta Value,37a9daa9-f8df-4480-b40d-45f0bf9f9ab2,815656be-bb86-43ba-afb3-c4c67c831b47.methylation_array.sesame.level3betas.txt,1,1
TCGA-12-0826tumor,Simple Nucleotide Variation,Masked Somatic Mutation,dcbb3ad7-7f0f-4b89-bbbf-b7ab6ae0243a,fca099d8-460e-481a-87dd-5c01036ac7be.wxs.aliquot_ensemble_masked.maf,1,1
TCGA-12-0826tumor,Transcriptome Profiling,Gene Expression Quantification,459bf195-8e11-4b92-835c-95b98886580a,6947b479-bcd0-40e8-b247-3903dab1a8d2.rna_seq.augmented_star_gene_counts.tsv,1,1
TCGA-12-0826tumor,Transcriptome Profiling,miRNA Expression Quantification,b47a96be-fe44-4961-8f16-8c21f0381b8a,433701af-4615-4e4c-ac06-c78693fea293.mirnaseq.mirnas.quantification.txt,1,1
TCGA-12-0827tumor,Copy Number Variation,Gene Level Copy Number,246bb50f-3f69-4afc-86f9-246cf392d945,TCGA-GBM.87dcb43c-18a1-4d1b-8fb0-717350c3703f.absolute_liftover.gene_level_copy_number.v36.tsv,1,1
TCGA-12-0827tumor,DNA Methylation,Methylation Beta Value,c53f865d-638e-4e74-a91e-a29421200051,a424b122-51ee-4e63-8cec-ec102779d467.methylation_array.sesame.level3betas.txt,1,1
TCGA-12-0827tumor,Simple Nucleotide Variation,Masked Somatic Mutation,dd603750-0393-4824-a240-8ed0747a72ef,60d7f6bf-4983-4cf5-bcd1-222500f4bf79.wxs.aliquot_ensemble_masked.maf,1,1
TCGA-12-0827tumor,Transcriptome Profiling,Gene Expression Quantification,a5973818-0553-403f-b1d6-4d3e75b20e94,1edd3f30-2fe9-47a5-8f79-c75b29ec0b3c.rna_seq.augmented_star_gene_counts.tsv,1,1
TCGA-12-0829tumor,Copy Number Variation,Gene Level Copy Number,"a8915e5d-a9a9-4b5f-96f8-cc5f346035ab,8ea7d330-be47-4ef8-b4af-09cd625ff210,7f1cc4c1-f3cc-4626-9d90-3193d2a542de","TCGA-GBM.f7953d53-7430-45d2-8266-802f134526c8.absolute_liftover.gene_level_copy_number.v36.tsv,TCGA-GBM.f7953d53-7430-45d2-8266-802f134526c8.gene_level_copy_number.v36.tsv,TCGA-GBM.f7953d53-7430-45d2-8266-802f134526c8.ascat3.gene_level_copy_number.v36.tsv",3,3
TCGA-12-0829tumor,DNA Methylation,Methylation Beta Value,e062ad43-9992-4593-9bc6-c647364ff9c9,74a5719a-335c-4ac1-974f-00db57a3f570.methylation_array.sesame.level3betas.txt,1,1
TCGA-12-0829tumor,Simple Nucleotide Variation,Masked Somatic Mutation,fbcb4dfc-b83d-4752-befc-f39e0cec02ba,9d975a43-9d0d-4bca-b7cc-cce26f0be66d.wxs.aliquot_ensemble_masked.maf,1,1
TCGA-12-0829tumor,Transcriptome Profiling,Gene Expression Quantification,d1961e33-d23b-45eb-a022-1943dbf5c298,24178d00-81ec-4873-a319-0a329f3e71f2.rna_seq.augmented_star_gene_counts.tsv,1,1
TCGA-12-0829tumor,Transcriptome Profiling,miRNA Expression Quantification,cabcaad1-65b1-43a0-9d1a-a6dcc179c41c,2272894f-634c-4d85-b2e0-23bffdc6ab8f.mirnaseq.mirnas.quantification.txt,1,1
TCGA-12-1088tumor,Copy Number Variation,Gene Level Copy Number,"4a69a2fd-3f04-462c-80dc-3097efa8eb35,e8624805-dd33-45eb-87f4-bcddf0b77b43,a0d2b593-2b82-49dd-90a0-196268da70c4","TCGA-GBM.fb9128d8-6dfe-4905-a36b-c027e4e55773.ascat3.gene_level_copy_number.v36.tsv,TCGA-GBM.fb9128d8-6dfe-4905-a36b-c027e4e55773.gene_level_copy_number.v36.tsv,TCGA-GBM.fb9128d8-6dfe-4905-a36b-c027e4e55773.absolute_liftover.gene_level_copy_number.v36.tsv",3,3
TCGA-12-1088tumor,DNA Methylation,Methylation Beta Value,8444d99e-9042-4d27-a253-3cc61b365e89,0e62b49f-0049-4356-bf46-9d803e5a6a02.methylation_array.sesame.level3betas.txt,1,1
TCGA-12-1088tumor,Simple Nucleotide Variation,Masked Somatic Mutation,5287d32b-dccd-4e98-8bd8-cfb2db0e1149,c4f9482c-c3cc-4a18-b27b-6b12705c38d1.wxs.aliquot_ensemble_masked.maf,1,1
TCGA-12-1088tumor,Transcriptome Profiling,miRNA Expression Quantification,5e7b65b0-c9a8-4a49-82af-bb547b16d569,a55b67bf-fde7-4409-9ad9-cec45762a5ee.mirnaseq.mirnas.quantification.txt,1,1
TCGA-12-1089tumor,Copy Number Variation,Gene Level Copy Number,"eed8f002-459a-4af3-9626-52a7aa383a7f,cde7aca5-35ed-4477-aa2c-5ecc8fc6ef81,c62ae6ce-c9c0-4c1d-a1a1-ea29cb7c4ec2","TCGA-GBM.2086fb06-6173-4bcf-8451-a75a3a6e1757.ascat3.gene_level_copy_number.v36.tsv,TCGA-GBM.2086fb06-6173-4bcf-8451-a75a3a6e1757.gene_level_copy_number.v36.tsv,TCGA-GBM.2086fb06-6173-4bcf-8451-a75a3a6e1757.absolute_liftover.gene_level_copy_number.v36.tsv",3,3
TCGA-12-1089tumor,DNA Methylation,Methylation Beta Value,af969db1-1a03-44e2-b028-c2d676eb8515,f9424b12-5861-485d-b4fd-6f2146cfdea1.methylation_array.sesame.level3betas.txt,1,1
TCGA-12-1089tumor,Simple Nucleotide Variation,Masked Somatic Mutation,5aaa6f2e-d192-4b5d-afb4-e60bfa0c64e8,73059fef-6a01-4914-9ab4-20779723eaf1.wxs.aliquot_ensemble_masked.maf,1,1
TCGA-12-1089tumor,Transcriptome Profiling,Gene Expression Quantification,f2d80fcc-cc6e-4335-9fec-36abcd3fc67a,84ec66a6-0ea7-4a37-ad5f-f41f5cad1ecc.rna_seq.augmented_star_gene_counts.tsv,1,1
TCGA-12-1089tumor,Transcriptome Profiling,miRNA Expression Quantification,e586fc08-24dc-4ef9-b32e-49d8e6db777e,b0f4fc76-a8a8-4282-99d6-f939ab261db5.mirnaseq.mirnas.quantification.txt,1,1
TCGA-12-1092tumor,Copy Number Variation,Gene Level Copy Number,"6d752738-9423-469a-8b3f-b3db26839234,ba2d4721-55c6-49ae-9ee7-e703d1d0ce28,9af491a2-5b00-4874-a283-66b50cea470b","TCGA-GBM.221e1e30-d221-4c56-8816-737c1572607a.absolute_liftover.gene_level_copy_number.v36.tsv,TCGA-GBM.221e1e30-d221-4c56-8816-737c1572607a.ascat3.gene_level_copy_number.v36.tsv,TCGA-GBM.221e1e30-d221-4c56-8816-737c1572607a.gene_level_copy_number.v36.tsv",3,3
TCGA-12-1092tumor,DNA Methylation,Methylation Beta Value,41704b83-e3b7-44b7-9a20-1d344b4a6270,95b87034-0624-4706-823d-ab6570593faf.methylation_array.sesame.level3betas.txt,1,1
TCGA-12-1092tumor,Simple Nucleotide Variation,Masked Somatic Mutation,6751daba-2b0f-418a-b1eb-58fd9330369e,7bf47e52-431a-4313-9247-454ecd6394de.wxs.aliquot_ensemble_masked.maf,1,1
TCGA-12-1092tumor,Transcriptome Profiling,Gene Expression Quantification,b5b955dc-8bcc-4465-aee2-f302783d9ac8,671d7eb7-92fc-4318-be85-e48f7d868225.rna_seq.augmented_star_gene_counts.tsv,1,1
TCGA-12-1092tumor,Transcriptome Profiling,miRNA Expression Quantification,096163fc-cd98-4dba-80a5-fd7bec0bb160,b7234ad4-2c5f-4229-a574-28f4a029d9c7.mirnaseq.mirnas.quantification.txt,1,1
TCGA-12-1093tumor,Copy Number Variation,Gene Level Copy Number,"4e3edd18-4392-4089-bb40-07b9d5dd558e,b00ea3ef-c16e-4a9b-9c90-5a7050f9acef,e07fba55-885c-4642-9ef7-910f8275a30f","TCGA-GBM.8f743fb8-0050-40cb-b1f8-6e277fc123ea.absolute_liftover.gene_level_copy_number.v36.tsv,TCGA-GBM.8f743fb8-0050-40cb-b1f8-6e277fc123ea.ascat3.gene_level_copy_number.v36.tsv,TCGA-GBM.8f743fb8-0050-40cb-b1f8-6e277fc123ea.gene_level_copy_number.v36.tsv",3,3
TCGA-12-1093tumor,DNA Methylation,Methylation Beta Value,06b8f2b0-dd24-48eb-845a-d470a459526c,a03f8b10-3148-4256-a017-20fdc889baef.methylation_array.sesame.level3betas.txt,1,1
TCGA-12-1093tumor,Simple Nucleotide Variation,Masked Somatic Mutation,f05dd6d7-ba10-407e-81dd-59ab5f36346a,05b211f4-8a96-4ea4-9924-fa3c9cde0c46.wxs.aliquot_ensemble_masked.maf,1,1
TCGA-12-1093tumor,Transcriptome Profiling,Gene Expression Quantification,cf2e2654-325d-433b-9a56-731a32e16dba,3161d1dc-d31c-42ea-b6e4-a92dfac232d5.rna_seq.augmented_star_gene_counts.tsv,1,1
TCGA-12-1093tumor,Transcriptome Profiling,miRNA Expression Quantification,4c9cd052-b3a1-47d1-b9ef-42e36b2fc3fd,0e426611-2e2f-4082-af5d-0195b63f3869.mirnaseq.mirnas.quantification.txt,1,1
TCGA-12-1597tumor,Copy Number Variation,Gene Level Copy Number,aed5d720-b466-43a4-ab3e-a46488542038,TCGA-GBM.8e002c1f-5d5c-47f4-8c33-681cd2c2d3c7.ascat3.gene_level_copy_number.v36.tsv,1,1
TCGA-12-1597tumor,DNA Methylation,Methylation Beta Value,0199f6d1-055b-4123-8522-b2a8afaec6a9,1d172504-25e1-440e-a3ba-65f2bf3670ec.methylation_array.sesame.level3betas.txt,1,1
TCGA-12-1597tumor,Simple Nucleotide Variation,Masked Somatic Mutation,"63a8bde0-97ff-4baa-8cc5-96a3ee8d913a,5f2ab765-06a8-4071-abdd-43955592a655","b591e489-c6f7-467c-a2ec-ee6e7b51d065.wxs.aliquot_ensemble_masked.maf,5a8c7b81-563b-4efc-96d3-722138330e38.wxs.aliquot_ensemble_masked.maf",2,2
TCGA-12-1597tumor,Transcriptome Profiling,Gene Expression Quantification,7b8c7e1e-6df9-4b64-9d94-5f16c3dda92a,4ac05a26-e45b-4936-99fa-e031cd5b212c.rna_seq.augmented_star_gene_counts.tsv,1,1
TCGA-12-1597tumor,Transcriptome Profiling,miRNA Expression Quantification,83435269-028d-4cc9-a7e9-30971832f82f,ca8e3854-6c3b-4629-beff-03c35142c9b3.mirnaseq.mirnas.quantification.txt,1,1
TCGA-12-1598tumor,Copy Number Variation,Gene Level Copy Number,"0a235260-2076-402e-89dc-b8b3b16cf0b4,30586843-a296-4cec-be07-8fcd26b5193d,6ab7e192-f2dc-4974-a4b8-fb3fa6338f2c","TCGA-GBM.d5bdc0ab-63d5-4f3e-9321-62de45850674.ascat3.gene_level_copy_number.v36.tsv,TCGA-GBM.d5bdc0ab-63d5-4f3e-9321-62de45850674.gene_level_copy_number.v36.tsv,TCGA-GBM.d5bdc0ab-63d5-4f3e-9321-62de45850674.absolute_liftover.gene_level_copy_number.v36.tsv",3,3
TCGA-12-1598tumor,DNA Methylation,Methylation Beta Value,0660913f-7fa4-4abb-9070-3461a3bfdbe1,20732d96-dd0b-4c9e-9357-2008a35dd9ca.methylation_array.sesame.level3betas.txt,1,1
TCGA-12-1598tumor,Simple Nucleotide Variation,Masked Somatic Mutation,b586a5f4-47f0-4583-b725-4076fde0efc9,4d00e425-a7b6-43ee-a9a0-685c43d60b50.wxs.aliquot_ensemble_masked.maf,1,1
TCGA-12-1598tumor,Transcriptome Profiling,Gene Expression Quantification,edf6d70c-dced-441c-8098-d53ae856143e,0257f378-cf6a-42f2-9cb1-0d10b4ca1b9a.rna_seq.augmented_star_gene_counts.tsv,1,1
TCGA-12-1598tumor,Transcriptome Profiling,miRNA Expression Quantification,b72a590a-fb84-42a2-b1b0-3fa30a199d07,79218255-4d19-4c60-ab15-9d5b5b28742d.mirnaseq.mirnas.quantification.txt,1,1
TCGA-12-1599tumor,Copy Number Variation,Gene Level Copy Number,"0496679e-9a42-4577-a51d-4ac005bebf9d,ec412573-11a0-491d-93f0-c85dba9bdf57,86c38c91-329a-422c-9bb9-53164be46475","TCGA-GBM.6dceba04-6d32-4f9d-910e-de46ac9d0443.absolute_liftover.gene_level_copy_number.v36.tsv,TCGA-GBM.6dceba04-6d32-4f9d-910e-de46ac9d0443.ascat3.gene_level_copy_number.v36.tsv,TCGA-GBM.6dceba04-6d32-4f9d-910e-de46ac9d0443.gene_level_copy_number.v36.tsv",3,3
TCGA-12-1599tumor,DNA Methylation,Methylation Beta Value,606b65a4-b1dc-44f8-9a2e-63a886b022a1,e70453e2-f2cb-421d-be71-b100493af651.methylation_array.sesame.level3betas.txt,1,1
TCGA-12-1599tumor,Simple Nucleotide Variation,Masked Somatic Mutation,1efae7be-1c7a-40ea-a620-e7d2851b35ce,83bf3d3f-bca8-4a00-857c-5d1c647de431.wxs.aliquot_ensemble_masked.maf,1,1
TCGA-12-1599tumor,Transcriptome Profiling,Gene Expression Quantification,23bf357b-285b-4ccc-956c-cb502503e556,c6080974-048f-45f4-97bf-9e4fdcaf09ee.rna_seq.augmented_star_gene_counts.tsv,1,1
TCGA-12-1599tumor,Transcriptome Profiling,miRNA Expression Quantification,fd2f1e7c-a0c6-4bd8-8fb5-ba7b713e495c,6ecce79c-c5d3-4eea-ad64-2751fc21e499.mirnaseq.mirnas.quantification.txt,1,1
TCGA-12-1600tumor,Copy Number Variation,Gene Level Copy Number,"b2de13be-98b0-4c47-ae77-7423b4517451,5c1bef5d-08bd-4b4d-9af7-d26a69f176ef,70e398bd-20ec-4b85-8149-d2b93b2fec3f","TCGA-GBM.ae80de24-cb66-4c58-a4ed-9f3ce857ead6.gene_level_copy_number.v36.tsv,TCGA-GBM.ae80de24-cb66-4c58-a4ed-9f3ce857ead6.absolute_liftover.gene_level_copy_number.v36.tsv,TCGA-GBM.ae80de24-cb66-4c58-a4ed-9f3ce857ead6.ascat3.gene_level_copy_number.v36.tsv",3,3
TCGA-12-1600tumor,DNA Methylation,Methylation Beta Value,14b53e40-1eed-48a9-b33e-a1aec07e23c5,d98602d3-d1bc-420d-b8b0-e3ab2e28011b.methylation_array.sesame.level3betas.txt,1,1
TCGA-12-1600tumor,Simple Nucleotide Variation,Masked Somatic Mutation,16a12858-dcc6-4b9d-86c8-08118dc6171d,c20579df-b808-4a24-8f27-5738bb970b90.wxs.aliquot_ensemble_masked.maf,1,1
TCGA-12-1600tumor,Transcriptome Profiling,Gene Expression Quantification,fb0dbfdf-9d25-47ea-9fb6-bc9da9a56931,a6a0d0d7-9aea-4403-b5c1-c4f2d420059f.rna_seq.augmented_star_gene_counts.tsv,1,1
TCGA-12-1600tumor,Transcriptome Profiling,miRNA Expression Quantification,9284d4f1-7e61-4699-b4de-5fe5fdb51412,1491ad49-5d23-48be-9554-76fe7b5c1f35.mirnaseq.mirnas.quantification.txt,1,1
TCGA-12-1602tumor,Copy Number Variation,Gene Level Copy Number,"13a3cf27-1001-4529-bd66-b2bc99d473fb,a020c5b1-92a5-48b4-94ca-d1911ff20ee4,89acb7fc-7942-4691-8b6f-c31662731d24","TCGA-GBM.f6c0e273-e820-402b-93bb-00e80e63f680.ascat3.gene_level_copy_number.v36.tsv,TCGA-GBM.f6c0e273-e820-402b-93bb-00e80e63f680.gene_level_copy_number.v36.tsv,TCGA-GBM.f6c0e273-e820-402b-93bb-00e80e63f680.absolute_liftover.gene_level_copy_number.v36.tsv",3,3
TCGA-12-1602tumor,DNA Methylation,Methylation Beta Value,edff7170-c35e-40d5-a95e-2c429df0c4f3,13e2cd72-c835-4a7c-92a9-9a3744999e60.methylation_array.sesame.level3betas.txt,1,1
TCGA-12-1602tumor,Simple Nucleotide Variation,Masked Somatic Mutation,f79f3ad9-df99-4a9f-b928-6e0243c9b8b9,9af5ea6a-68c6-4b2e-873c-47f94d9cd90d.wxs.aliquot_ensemble_masked.maf,1,1
TCGA-12-3644tumor,Copy Number Variation,Gene Level Copy Number,"9b306e6b-5b8e-4009-9534-14d11546c98d,80ba7d85-14b6-4cec-b104-4cae717cb723,f3dba6c6-c18a-4607-9653-790bb4202cc5","TCGA-GBM.184c7422-4fd8-42b2-bcbc-edb667204537.absolute_liftover.gene_level_copy_number.v36.tsv,TCGA-GBM.184c7422-4fd8-42b2-bcbc-edb667204537.ascat3.gene_level_copy_number.v36.tsv,TCGA-GBM.184c7422-4fd8-42b2-bcbc-edb667204537.gene_level_copy_number.v36.tsv",3,3
TCGA-12-3644tumor,DNA Methylation,Methylation Beta Value,1e9f8840-99c0-48a9-ba7b-a535bc1f59f6,a22178fe-b344-4630-b0e9-719c8f1fd98b.methylation_array.sesame.level3betas.txt,1,1
TCGA-12-3644tumor,Simple Nucleotide Variation,Masked Somatic Mutation,574b1c64-de0a-43f8-82fa-50722ef99c7e,3abcd9ae-f22d-4af1-829c-9193cb2ce9ed.wxs.aliquot_ensemble_masked.maf,1,1
TCGA-12-3644tumor,Transcriptome Profiling,Gene Expression Quantification,203ca3d5-b954-4938-8653-c4fdbb60e4f6,146ec125-e90b-4448-8a51-c7c3be60807e.rna_seq.augmented_star_gene_counts.tsv,1,1
TCGA-12-3644tumor,Transcriptome Profiling,miRNA Expression Quantification,bd494a28-986e-4461-bc1e-f8d7ea268145,6899ea11-f6c6-4fc3-b95e-a02d634f4949.mirnaseq.mirnas.quantification.txt,1,1
TCGA-12-3646tumor,Copy Number Variation,Gene Level Copy Number,"eea13fde-567e-4612-b309-12a1fc809609,3c8ad3d3-4626-4108-8030-c3d4b81d1bf6,187f465f-aa90-46f3-9124-e3521d7e8172","TCGA-GBM.95ae8b8f-d6d6-4b8c-860b-b15390eeef7c.absolute_liftover.gene_level_copy_number.v36.tsv,TCGA-GBM.95ae8b8f-d6d6-4b8c-860b-b15390eeef7c.gene_level_copy_number.v36.tsv,TCGA-GBM.95ae8b8f-d6d6-4b8c-860b-b15390eeef7c.ascat3.gene_level_copy_number.v36.tsv",3,3
TCGA-12-3646tumor,DNA Methylation,Methylation Beta Value,4a800651-11d4-4d3e-9567-b3412fda3f74,864ac16d-fb4d-4f58-903e-11a078bd31bb.methylation_array.sesame.level3betas.txt,1,1
TCGA-12-3646tumor,Simple Nucleotide Variation,Masked Somatic Mutation,b0fed6aa-f40e-4092-a061-a8697dbb40db,894bc34c-e381-4347-941e-d02019e2190e.wxs.aliquot_ensemble_masked.maf,1,1
TCGA-12-3646tumor,Transcriptome Profiling,Gene Expression Quantification,d6e60bb5-179c-4fbe-97b9-5cf849727ad1,1c427d69-7d95-46d2-bf58-b3eefa945b11.rna_seq.augmented_star_gene_counts.tsv,1,1
TCGA-12-3646tumor,Transcriptome Profiling,miRNA Expression Quantification,b1657428-e89b-4992-aa39-919d1db4cd47,db65977a-e39c-48fc-b280-891ebfb1c252.mirnaseq.mirnas.quantification.txt,1,1
TCGA-12-3648tumor,Copy Number Variation,Gene Level Copy Number,"981dada1-6f2e-4a99-b3de-7eedf7a738bc,2a137efd-8291-4205-8d71-83734803292e,1b93e8c8-7d1f-4a64-8769-3d59ec6db1c1","TCGA-GBM.02f60d1c-17ae-450c-b40f-fe8d6c4b80ed.ascat3.gene_level_copy_number.v36.tsv,TCGA-GBM.02f60d1c-17ae-450c-b40f-fe8d6c4b80ed.gene_level_copy_number.v36.tsv,TCGA-GBM.02f60d1c-17ae-450c-b40f-fe8d6c4b80ed.absolute_liftover.gene_level_copy_number.v36.tsv",3,3
TCGA-12-3648tumor,DNA Methylation,Methylation Beta Value,05c4e018-1c6a-4b64-b33b-5e4325610e3c,1ac5bdc3-aa3d-446e-a11c-2090c5af34ab.methylation_array.sesame.level3betas.txt,1,1
TCGA-12-3648tumor,Simple Nucleotide Variation,Masked Somatic Mutation,82414dc1-c28d-40da-9cdb-71f6c19a5044,76259991-18f8-43ab-9b28-e3cd9e7bb611.wxs.aliquot_ensemble_masked.maf,1,1
TCGA-12-3648tumor,Transcriptome Profiling,Gene Expression Quantification,afbd1975-263b-404b-a738-886bf25c0223,2426bdbe-9a09-4ea1-b5eb-1ecb2c492898.rna_seq.augmented_star_gene_counts.tsv,1,1
TCGA-12-3648tumor,Transcriptome Profiling,miRNA Expression Quantification,d3c14dc3-b6ba-47f3-8465-9f1fbb4997de,65c5e5ca-a430-4664-8daa-b7d6c68c14e5.mirnaseq.mirnas.quantification.txt,1,1
TCGA-12-3649tumor,Copy Number Variation,Gene Level Copy Number,"55905667-c0f3-4293-a03c-eff05c000df1,86d854c8-1bd2-402f-b953-0b67bf516c21,3fa5255a-b619-424e-8132-2bd2027017e0","TCGA-GBM.add2ee19-efef-4eb1-83b7-fe58d8c6da28.ascat3.gene_level_copy_number.v36.tsv,TCGA-GBM.add2ee19-efef-4eb1-83b7-fe58d8c6da28.absolute_liftover.gene_level_copy_number.v36.tsv,TCGA-GBM.add2ee19-efef-4eb1-83b7-fe58d8c6da28.gene_level_copy_number.v36.tsv",3,3
TCGA-12-3649tumor,DNA Methylation,Methylation Beta Value,28151922-a0fe-4475-a7d2-18419c685b0a,7c6b1c07-7864-4f3b-8ad8-49d9791bdba4.methylation_array.sesame.level3betas.txt,1,1
TCGA-12-3649tumor,Simple Nucleotide Variation,Masked Somatic Mutation,"863745a2-1fe2-47b6-bba7-63eaf68b66ce,97b8d9ce-1c3f-4086-a2e2-87e9fc94777c","b1ff27b0-dd0c-4895-a270-5a6ff8c97a15.wxs.aliquot_ensemble_masked.maf,57125be8-d8ed-4ce6-80a8-eee4bf5757d2.wxs.aliquot_ensemble_masked.maf",2,2
TCGA-12-3649tumor,Transcriptome Profiling,miRNA Expression Quantification,bda55f7c-f631-426a-ace3-eb71a918f594,e353df19-1d76-4ad0-aa6d-bc6c0b98bc4b.mirnaseq.mirnas.quantification.txt,1,1
TCGA-12-3650tumor,Copy Number Variation,Gene Level Copy Number,"c85025af-1bd9-442e-91b5-503c26ad522e,28f519a3-f4f5-4367-9626-2678131aad81,0ae8a87f-9dd8-4239-94db-639d5786a5e0","TCGA-GBM.1e8760a7-f7f6-40d2-9224-a96fd53b61cb.gene_level_copy_number.v36.tsv,TCGA-GBM.1e8760a7-f7f6-40d2-9224-a96fd53b61cb.absolute_liftover.gene_level_copy_number.v36.tsv,TCGA-GBM.1e8760a7-f7f6-40d2-9224-a96fd53b61cb.ascat3.gene_level_copy_number.v36.tsv",3,3
TCGA-12-3650tumor,DNA Methylation,Methylation Beta Value,4882d8d7-49b8-4152-8b38-807bf65479d1,9a8315ba-db55-426e-8a3c-14947651d063.methylation_array.sesame.level3betas.txt,1,1
TCGA-12-3650tumor,Simple Nucleotide Variation,Masked Somatic Mutation,"009b4458-4158-41ef-816f-ed7e4eecba48,cb1975ee-20dc-4492-b04d-ab1c1c36a66d","c8f2037d-e514-44ca-b4a0-9b13f563e32a.wxs.aliquot_ensemble_masked.maf,5317a703-afd6-43c1-a969-97e874bb435a.wxs.aliquot_ensemble_masked.maf",2,2
TCGA-12-3650tumor,Transcriptome Profiling,Gene Expression Quantification,"53d676ac-d7aa-48b1-8d7b-494ee3dfce2a,dbcf47dd-1c8d-4736-9ea2-08c03a94b298","b11f8af1-b2a1-474c-a6d7-e28fc0df6885.rna_seq.augmented_star_gene_counts.tsv,78484ab5-e8f8-4029-b5b2-63629a949e2f.rna_seq.augmented_star_gene_counts.tsv",2,2
TCGA-12-3650tumor,Transcriptome Profiling,miRNA Expression Quantification,4a22e7e8-679e-464d-adbf-16240bf313ad,cea96063-a234-462f-93d3-871983cb425f.mirnaseq.mirnas.quantification.txt,1,1
TCGA-12-3651tumor,Copy Number Variation,Gene Level Copy Number,"1e35657b-e640-4e2b-b812-ab7490d5c83c,d07388d3-fb1e-4ad4-90aa-a40e9340b71f","TCGA-GBM.8f33585e-292f-437a-9d09-ebd5ee8f2bf5.absolute_liftover.gene_level_copy_number.v36.tsv,TCGA-GBM.8f33585e-292f-437a-9d09-ebd5ee8f2bf5.gene_level_copy_number.v36.tsv",2,2
TCGA-12-3651tumor,DNA Methylation,Methylation Beta Value,55691b69-57c2-4866-a099-541373e369e8,f02a4142-3aaf-41e1-acbd-5a8833405b0a.methylation_array.sesame.level3betas.txt,1,1
TCGA-12-3651tumor,Simple Nucleotide Variation,Masked Somatic Mutation,ae44838b-6db1-421d-b7b4-aee7a7933985,7a8d927d-1d71-43c3-a73e-62f3e50f08d7.wxs.aliquot_ensemble_masked.maf,1,1
TCGA-12-3651tumor,Transcriptome Profiling,Gene Expression Quantification,ad9b1842-b8ce-456f-a739-956f1f02bd96,fb0b3d8a-d7d3-4c33-8880-a83fe15ffbd0.rna_seq.augmented_star_gene_counts.tsv,1,1
TCGA-12-3651tumor,Transcriptome Profiling,miRNA Expression Quantification,09fed1ef-f799-4067-bc08-614823667575,182878ad-5a10-4656-a9b8-9aa1d5e92063.mirnaseq.mirnas.quantification.txt,1,1
TCGA-12-3652tumor,Copy Number Variation,Gene Level Copy Number,"a83b66ec-d828-43be-be6b-d33c036a93d7,0878ee3e-c01b-4ac3-928b-72a61b31ccf3,56c2398f-4cf4-45ed-a5b6-e2d96572ba6d","TCGA-GBM.4effb555-088c-400e-a752-e0b49f2be412.gene_level_copy_number.v36.tsv,TCGA-GBM.4effb555-088c-400e-a752-e0b49f2be412.ascat3.gene_level_copy_number.v36.tsv,TCGA-GBM.4effb555-088c-400e-a752-e0b49f2be412.absolute_liftover.gene_level_copy_number.v36.tsv",3,3
TCGA-12-3652tumor,DNA Methylation,Methylation Beta Value,66d51514-0906-48ee-aaad-0938f055987e,6b97a90f-83e3-440d-9c8d-20fe160e362d.methylation_array.sesame.level3betas.txt,1,1
TCGA-12-3652tumor,Simple Nucleotide Variation,Masked Somatic Mutation,"4d9c992e-858c-4635-9bfd-6c8cfa499e87,dab48baf-bd1f-46e6-9cce-c11f986fd629","99628e19-e8a4-4cb0-a9bb-b4e1ace8faf9.wxs.aliquot_ensemble_masked.maf,cbb80b0f-3386-46b6-9a2c-a98f886d0184.wxs.aliquot_ensemble_masked.maf",2,2
TCGA-12-3652tumor,Transcriptome Profiling,Gene Expression Quantification,"7888f7b7-38da-4cc7-b542-836b193adfbf,5c6c31d5-326b-44ea-9c7a-519ac446da3b","75615deb-e120-44f6-a585-1ca07987b7ef.rna_seq.augmented_star_gene_counts.tsv,e84acff3-3067-49e4-82b7-dbbddfddb723.rna_seq.augmented_star_gene_counts.tsv",2,2
TCGA-12-3652tumor,Transcriptome Profiling,miRNA Expression Quantification,2c1675b7-e2ec-4341-8790-1629f403d7a5,4707c8f3-0fcd-4ed9-b12c-3f57feb556fc.mirnaseq.mirnas.quantification.txt,1,1
TCGA-12-3653tumor,Copy Number Variation,Gene Level Copy Number,"023b380e-9b43-49bb-a79e-6f3da3ad7365,cbaca097-8a9a-46c0-a1a1-e04078490674,80d831ab-e52d-4db0-91ce-ccd30dd78b78","TCGA-GBM.42848351-936a-485b-a9ee-3a5552919bb7.absolute_liftover.gene_level_copy_number.v36.tsv,TCGA-GBM.42848351-936a-485b-a9ee-3a5552919bb7.ascat3.gene_level_copy_number.v36.tsv,TCGA-GBM.42848351-936a-485b-a9ee-3a5552919bb7.gene_level_copy_number.v36.tsv",3,3
TCGA-12-3653tumor,DNA Methylation,Methylation Beta Value,83007c9d-79b0-4494-8837-173982c56d25,5e4bbc4d-b404-4a37-abed-ce7e1de13ce7.methylation_array.sesame.level3betas.txt,1,1
TCGA-12-3653tumor,Simple Nucleotide Variation,Masked Somatic Mutation,"1b5d8814-b944-4f6a-8258-1c6a4c49ba10,b0e8e380-5777-4f65-89ff-fd91e58a6cdf","8d500956-2213-4dbd-8503-5bf74cc1458f.wxs.aliquot_ensemble_masked.maf,c7b839d6-1da7-4304-ac35-35665292823b.wxs.aliquot_ensemble_masked.maf",2,2
TCGA-12-3653tumor,Transcriptome Profiling,Gene Expression Quantification,"179e130e-fe52-473e-8a5f-35d230458e69,5ee9b38e-1742-47aa-aa8d-927e90bc7f0c","af0700ee-8602-4f6c-b104-dd4d19da99a8.rna_seq.augmented_star_gene_counts.tsv,fae111e5-9372-4e6d-8e0d-c158c478afc4.rna_seq.augmented_star_gene_counts.tsv",2,2
TCGA-12-3653tumor,Transcriptome Profiling,miRNA Expression Quantification,19b50f5a-6e11-4cec-b33e-f0bfafbd195d,ffc0be91-4599-487a-9a13-602fc36da9dd.mirnaseq.mirnas.quantification.txt,1,1
TCGA-12-5295tumor,Copy Number Variation,Gene Level Copy Number,"ce6980e4-d187-40e1-aba2-fc8d683f948c,f2ac7d40-4829-4510-a413-f83354274218,12dfb64c-9c0a-48ec-aec4-1f1e7b5a4f4f","TCGA-GBM.9b8450f7-6bc5-429d-ab07-359ca36b9679.absolute_liftover.gene_level_copy_number.v36.tsv,TCGA-GBM.9b8450f7-6bc5-429d-ab07-359ca36b9679.gene_level_copy_number.v36.tsv,TCGA-GBM.9b8450f7-6bc5-429d-ab07-359ca36b9679.ascat3.gene_level_copy_number.v36.tsv",3,3
TCGA-12-5295tumor,DNA Methylation,Methylation Beta Value,07bb84e7-7b7a-4e58-b5b2-28865ee01653,9daef1ae-dc9f-4690-b8d7-caf48d4aea4d.methylation_array.sesame.level3betas.txt,1,1
TCGA-12-5295tumor,Simple Nucleotide Variation,Masked Somatic Mutation,d1957b91-5a12-45d4-b9d4-b42384255d7e,1c7afc40-9536-4a56-b6fe-82da35e2b995.wxs.aliquot_ensemble_masked.maf,1,1
TCGA-12-5295tumor,Transcriptome Profiling,Gene Expression Quantification,"0d880932-47ab-4b88-b00e-6921d2be5936,d4852a8f-4e8a-4751-adb1-6073241faff6","5a2fb8ba-a509-4216-83b5-174c1ee94c17.rna_seq.augmented_star_gene_counts.tsv,a1de7a70-a829-4491-92ab-8db44391ba19.rna_seq.augmented_star_gene_counts.tsv",2,2
TCGA-12-5295tumor,Transcriptome Profiling,miRNA Expression Quantification,e6be8a10-2f62-4dc8-9425-92f52de972d9,637abf80-4b6e-411b-bcf1-ad358e7e7fa7.mirnaseq.mirnas.quantification.txt,1,1
TCGA-12-5299tumor,Copy Number Variation,Gene Level Copy Number,"4d1b78cf-4d0a-4b45-97a3-74d66f1ea266,38c6f3ff-8b82-4620-a219-edaaf0314f03","TCGA-GBM.1446e12a-d1e1-45bb-b175-168e0a3dc3be.absolute_liftover.gene_level_copy_number.v36.tsv,TCGA-GBM.1446e12a-d1e1-45bb-b175-168e0a3dc3be.gene_level_copy_number.v36.tsv",2,2
TCGA-12-5299tumor,DNA Methylation,Methylation Beta Value,83e601c5-3a72-4732-8de0-4bab55762304,e5571b0a-2232-449e-8372-eafa56aa0ea8.methylation_array.sesame.level3betas.txt,1,1
TCGA-12-5299tumor,Simple Nucleotide Variation,Masked Somatic Mutation,35275073-7f36-49eb-876d-8fcf581378d7,a7bd3be0-f0eb-4027-b855-11d261e1393e.wxs.aliquot_ensemble_masked.maf,1,1
TCGA-12-5299tumor,Transcriptome Profiling,Gene Expression Quantification,"a7260181-c266-427f-abba-4aa318f1710c,0a67ab18-ab07-4307-9606-1f2e2f089230","69804564-72f3-443e-a45e-add43d917b2c.rna_seq.augmented_star_gene_counts.tsv,c1c1d4e2-83de-43de-b586-9b375dc91f4d.rna_seq.augmented_star_gene_counts.tsv",2,2
TCGA-12-5299tumor,Transcriptome Profiling,miRNA Expression Quantification,54a16663-88f2-4e68-ab15-a929f25b3256,eae6024b-ca0d-4995-830b-2406c4a3e533.mirnaseq.mirnas.quantification.txt,1,1
TCGA-12-5301tumor,Copy Number Variation,Gene Level Copy Number,"d1671c94-9177-4ebb-8642-d11a2fe1e533,f363e1b1-445b-495c-8df3-aba68fec8d26,9f26a2b6-956f-457e-a787-5d7e21f093d6","TCGA-GBM.5febf809-c209-460c-9ac0-79bb1dab0b35.absolute_liftover.gene_level_copy_number.v36.tsv,TCGA-GBM.5febf809-c209-460c-9ac0-79bb1dab0b35.ascat3.gene_level_copy_number.v36.tsv,TCGA-GBM.5febf809-c209-460c-9ac0-79bb1dab0b35.gene_level_copy_number.v36.tsv",3,3
TCGA-12-5301tumor,DNA Methylation,Methylation Beta Value,c64d45e6-77d9-4c04-95f2-d3a0656044dc,0489f5bb-8b64-483e-8724-e48e5e467445.methylation_array.sesame.level3betas.txt,1,1
TCGA-12-5301tumor,Simple Nucleotide Variation,Masked Somatic Mutation,93cc0e41-08c7-4bd9-a910-3fafb9deadf8,64122701-eac5-4dba-90fb-921512a3f99a.wxs.aliquot_ensemble_masked.maf,1,1
TCGA-12-5301tumor,Transcriptome Profiling,Gene Expression Quantification,e9e8d1d1-1c59-4cd5-9059-740733d094e1,20e52266-0d53-42ad-afe7-215217854dc3.rna_seq.augmented_star_gene_counts.tsv,1,1
TCGA-12-5301tumor,Transcriptome Profiling,miRNA Expression Quantification,5824e442-bd37-4477-9043-5fd6ea71cd6e,32da645a-9dd6-489f-ada6-48c367f0b047.mirnaseq.mirnas.quantification.txt,1,1
TCGA-14-0736tumor,Copy Number Variation,Gene Level Copy Number,"e86f17e5-e04a-4789-bc57-10eaea5e21a1,b061785d-15f2-4060-92f9-27bac91a1ed8,01a8e35c-6126-4720-ae0f-5c923d70fe16,971df60e-5cbf-426a-9747-d9cb52de3555,bf544a6f-d059-4e50-a0b8-407b046f623a","TCGA-GBM.c4461728-d337-44be-8c24-e71283ec573a.gene_level_copy_number.v36.tsv,TCGA-GBM.47c84fd6-9daf-448b-9adc-94fa4bb3b9ac.gene_level_copy_number.v36.tsv,TCGA-GBM.47c84fd6-9daf-448b-9adc-94fa4bb3b9ac.ascat3.gene_level_copy_number.v36.tsv,TCGA-GBM.c4461728-d337-44be-8c24-e71283ec573a.absolute_liftover.gene_level_copy_number.v36.tsv,TCGA-GBM.47c84fd6-9daf-448b-9adc-94fa4bb3b9ac.absolute_liftover.gene_level_copy_number.v36.tsv",5,5
TCGA-14-0736tumor,DNA Methylation,Methylation Beta Value,"d1a31966-a3f8-403d-bfae-61897b627415,a9937ae2-bb4b-4132-9c0a-e02188594bec,2ed34636-0f6f-4a96-80bf-7e255e60b143","7e16aeef-08af-4bd0-9fe4-412d307487a8.methylation_array.sesame.level3betas.txt,00ac1bef-1474-4d34-97a0-1083f3a705a8.methylation_array.sesame.level3betas.txt,25a7cf09-4369-4ef2-b5eb-c41199b89a55.methylation_array.sesame.level3betas.txt",3,3
TCGA-14-0736tumor,Simple Nucleotide Variation,Masked Somatic Mutation,"9e447a67-1599-4a0d-9311-cb9651f15bdd,910c26fb-e184-4cce-b956-061e3ceeec92","05ed149e-a92d-4ed8-a7d6-3b43d6164c14.wxs.aliquot_ensemble_masked.maf,cbdbef06-eb57-41d4-bae0-42c2979a812f.wxs.aliquot_ensemble_masked.maf",2,2
TCGA-14-0736tumor,Transcriptome Profiling,Gene Expression Quantification,c66cf9f2-a9c2-4b4b-8281-ac1593e87246,a261b442-2909-4aae-8c65-7a16b1f7d905.rna_seq.augmented_star_gene_counts.tsv,1,1
TCGA-14-0736tumor,Transcriptome Profiling,miRNA Expression Quantification,43d95858-4f95-4d87-99a5-98c881e828a9,e9ff72f1-6b9f-4e2b-867c-b132a9fbc8b2.mirnaseq.mirnas.quantification.txt,1,1
TCGA-14-0740tumor,Copy Number Variation,Gene Level Copy Number,"fcd7b272-cfe0-4a10-a57c-fd49e593e01c,957d0d6e-e0d6-40c7-afa1-aa225870332f,ebe464c5-683d-4569-adc4-90b967832456","TCGA-GBM.623fa1f7-059e-4b8a-ba63-5b55b0086bed.ascat3.gene_level_copy_number.v36.tsv,TCGA-GBM.623fa1f7-059e-4b8a-ba63-5b55b0086bed.absolute_liftover.gene_level_copy_number.v36.tsv,TCGA-GBM.623fa1f7-059e-4b8a-ba63-5b55b0086bed.gene_level_copy_number.v36.tsv",3,3
TCGA-14-0740tumor,DNA Methylation,Methylation Beta Value,60c059d3-1187-43d6-8cf5-4f073686727c,c42d0753-3bd1-4d44-b3a0-eaba68cae2ea.methylation_array.sesame.level3betas.txt,1,1
TCGA-14-0740tumor,Simple Nucleotide Variation,Masked Somatic Mutation,6e454eca-1765-45b7-be47-89ed656717ee,8d8f8405-f330-494f-b74e-1d0e20106269.wxs.aliquot_ensemble_masked.maf,1,1
TCGA-14-0740tumor,Transcriptome Profiling,miRNA Expression Quantification,bd9c0c76-fa0a-4b4b-986d-ad9594394a97,9295c5e4-c1fa-400d-8e7d-f4fb7678243f.mirnaseq.mirnas.quantification.txt,1,1
TCGA-14-0781tumor,Copy Number Variation,Gene Level Copy Number,"069e3290-40b5-4c97-a923-6090e881714e,10484d3e-584e-4a71-9f24-b995f8e3d44f,a72f1cd1-0fdc-4f1f-9d75-a9c4c8ae00e9","TCGA-GBM.961755fa-0fe9-429b-8f4e-9ebe004641f0.absolute_liftover.gene_level_copy_number.v36.tsv,TCGA-GBM.961755fa-0fe9-429b-8f4e-9ebe004641f0.ascat3.gene_level_copy_number.v36.tsv,TCGA-GBM.961755fa-0fe9-429b-8f4e-9ebe004641f0.gene_level_copy_number.v36.tsv",3,3
TCGA-14-0781tumor,DNA Methylation,Methylation Beta Value,1c25f778-5153-4a4e-8eb3-3f75fcf39d77,d52b10d1-5aa1-4441-9ee1-e064a1c95be1.methylation_array.sesame.level3betas.txt,1,1
TCGA-14-0781tumor,Simple Nucleotide Variation,Masked Somatic Mutation,cf45355c-a557-4f8b-8fdd-dadc157d4bb9,734f8554-50e9-466c-880b-ee2aa83931b2.wxs.aliquot_ensemble_masked.maf,1,1
TCGA-14-0781tumor,Transcriptome Profiling,Gene Expression Quantification,"685a7e87-51f7-4da9-9ae1-659b1ff3c249,c672926f-4617-4b3b-a8a9-0195b421a222","b134958f-ae1e-4309-9cfc-16b443ab10c8.rna_seq.augmented_star_gene_counts.tsv,d561fbb1-a288-4a37-98de-65247968fa40.rna_seq.augmented_star_gene_counts.tsv",2,2
TCGA-14-0781tumor,Transcriptome Profiling,miRNA Expression Quantification,315d18dc-df7e-4bfa-86db-004a0800d3e1,508201c1-b609-495a-81da-6def8c5fe116.mirnaseq.mirnas.quantification.txt,1,1
TCGA-14-0786tumor,Copy Number Variation,Gene Level Copy Number,"09efc53f-41ad-4c74-91d9-887a95230a3d,ac54aa6d-a305-4327-b1e1-04b2c25e45e7,5ab63c70-7621-4cd4-aa22-80c1d628d413","TCGA-GBM.54bf4a63-a2e2-42f6-a150-6d2436c64327.gene_level_copy_number.v36.tsv,TCGA-GBM.54bf4a63-a2e2-42f6-a150-6d2436c64327.ascat3.gene_level_copy_number.v36.tsv,TCGA-GBM.54bf4a63-a2e2-42f6-a150-6d2436c64327.absolute_liftover.gene_level_copy_number.v36.tsv",3,3
TCGA-14-0786tumor,DNA Methylation,Methylation Beta Value,7e008d8a-4d43-4c06-a041-e2cedc45150d,2bdd8e0b-ef48-4680-830a-f58b8491c9d4.methylation_array.sesame.level3betas.txt,1,1
TCGA-14-0786tumor,Simple Nucleotide Variation,Masked Somatic Mutation,2df12676-9f01-4c6f-ab71-bc0361ded3f9,907be98d-dcf1-4394-8c27-22d465c09f61.wxs.aliquot_ensemble_masked.maf,1,1
TCGA-14-0786tumor,Transcriptome Profiling,Gene Expression Quantification,c9b30fe5-f8f1-43a9-9c9d-5ec4fd26040d,5a469815-4a88-4a5e-8df5-1e71579577e7.rna_seq.augmented_star_gene_counts.tsv,1,1
TCGA-14-0786tumor,Transcriptome Profiling,miRNA Expression Quantification,c1b98f2c-0e22-44e7-9bf3-5d8613953986,1e7a9243-5fd6-4f1a-bd9d-d4e17dbc9394.mirnaseq.mirnas.quantification.txt,1,1
TCGA-14-0787tumor,Copy Number Variation,Gene Level Copy Number,"98a69c2e-4a1c-4f93-9cf4-4bdb04eb03f9,0304357b-681f-49c4-ac87-2e6d5875c5d5,e59ea65f-2a31-4a57-a1c7-c1561bbb9cb0","TCGA-GBM.31b6c9de-d36e-4d50-9d46-d9535f07213b.ascat3.gene_level_copy_number.v36.tsv,TCGA-GBM.31b6c9de-d36e-4d50-9d46-d9535f07213b.absolute_liftover.gene_level_copy_number.v36.tsv,TCGA-GBM.31b6c9de-d36e-4d50-9d46-d9535f07213b.gene_level_copy_number.v36.tsv",3,3
TCGA-14-0787tumor,DNA Methylation,Methylation Beta Value,efd3ba23-0342-4486-87da-be664a9a14de,46a5c115-bf2a-471f-b110-d4d431f8ed14.methylation_array.sesame.level3betas.txt,1,1
TCGA-14-0787tumor,Simple Nucleotide Variation,Masked Somatic Mutation,b39c8875-5612-4ef5-9f9b-c78a72b01ea6,667c51b9-3e9d-4e68-b273-95fdfa2e4ea1.wxs.aliquot_ensemble_masked.maf,1,1
TCGA-14-0787tumor,Transcriptome Profiling,Gene Expression Quantification,"863e6257-809d-48ea-a7d4-ef9fa030124d,5deef317-126d-4435-ba6a-f36ba2c17018","7a5f6106-e991-4fdb-ae52-61099bd8c3b9.rna_seq.augmented_star_gene_counts.tsv,5990f089-fa26-4ba3-997c-61ff9c7d3dbb.rna_seq.augmented_star_gene_counts.tsv",2,2
TCGA-14-0789tumor,Copy Number Variation,Gene Level Copy Number,"ae79711f-b289-4dad-91ed-32d9a10a57be,b5f1bb67-6719-4e52-890d-19bc0018361a,3b486081-1a55-447f-a0e0-4c6ec77897ff","TCGA-GBM.1dc3044b-2d7c-4a31-be19-afdf96f4d0b1.ascat3.gene_level_copy_number.v36.tsv,TCGA-GBM.1dc3044b-2d7c-4a31-be19-afdf96f4d0b1.gene_level_copy_number.v36.tsv,TCGA-GBM.1dc3044b-2d7c-4a31-be19-afdf96f4d0b1.absolute_liftover.gene_level_copy_number.v36.tsv",3,3
TCGA-14-0789tumor,DNA Methylation,Methylation Beta Value,f62a762a-e4ca-4495-92ec-dbc97417f5c2,2b0a0fde-69d9-44f1-885c-b5bbd5302546.methylation_array.sesame.level3betas.txt,1,1
TCGA-14-0789tumor,Simple Nucleotide Variation,Masked Somatic Mutation,"7296556a-d904-4a9f-a863-040e36379fb1,3276f8ba-625d-44a2-9342-3ae895c1c80b","97f1ebaf-e1be-4c38-a4ed-0a6a1de62bb1.wxs.aliquot_ensemble_masked.maf,f2b9f9e9-ad81-4f6f-addd-0c2cac96af71.wxs.aliquot_ensemble_masked.maf",2,2
TCGA-14-0789tumor,Transcriptome Profiling,Gene Expression Quantification,"b8ef3888-aa28-4590-a2d8-d16943b247b5,0c6f8fe2-455f-4fa5-8a0f-92ad75c938f5","92dec9cc-fcd9-4cfc-9bc2-84372e772a5d.rna_seq.augmented_star_gene_counts.tsv,cdd06204-36e8-4cf9-90c2-f96149f5f58e.rna_seq.augmented_star_gene_counts.tsv",2,2
TCGA-14-0789tumor,Transcriptome Profiling,miRNA Expression Quantification,9167a4fb-c3ef-423d-b10f-e4148245ebd5,1b417a7d-a849-4752-8d6d-3574be777faf.mirnaseq.mirnas.quantification.txt,1,1
TCGA-14-0790tumor,Copy Number Variation,Gene Level Copy Number,"6fa60fa9-77eb-4a41-80ba-4d541a4f065c,12189206-370d-400d-b381-b8d0abc7800e,fca69baa-0194-46a7-9581-45e54ae8f81d","TCGA-GBM.ae76f159-7adb-4f4e-b7fe-72975ada0e30.absolute_liftover.gene_level_copy_number.v36.tsv,TCGA-GBM.ae76f159-7adb-4f4e-b7fe-72975ada0e30.ascat3.gene_level_copy_number.v36.tsv,TCGA-GBM.ae76f159-7adb-4f4e-b7fe-72975ada0e30.gene_level_copy_number.v36.tsv",3,3
TCGA-14-0790tumor,DNA Methylation,Methylation Beta Value,92bf2bd6-590d-4f0b-957c-5752d195933f,14a226e0-1de2-443c-a96b-1941e9627406.methylation_array.sesame.level3betas.txt,1,1
TCGA-14-0790tumor,Simple Nucleotide Variation,Masked Somatic Mutation,"ac9bf788-25ee-4d1c-902a-3d00a8e61cfb,91c1b5cc-a131-417e-bfe3-8b29e7b63c0d","5d12f7ef-5d7e-4fc9-bcd4-f68d219792bb.wxs.aliquot_ensemble_masked.maf,e0000a6b-f736-4d86-8c4e-76b5aa172ff2.wxs.aliquot_ensemble_masked.maf",2,2
TCGA-14-0790tumor,Transcriptome Profiling,Gene Expression Quantification,"7dd407eb-da67-45b9-8630-28be882de4cb,689956e8-e5b8-4d66-a83d-9fc0c82fc2c6","0f89ce0f-1176-4c48-af82-4917ccc8f919.rna_seq.augmented_star_gene_counts.tsv,05d2774d-cb3e-4485-9825-c04d4ca44bb6.rna_seq.augmented_star_gene_counts.tsv",2,2
TCGA-14-0790tumor,Transcriptome Profiling,miRNA Expression Quantification,b54a8500-6207-45a2-a3a4-ce44bbc00a8d,9ee2f7d0-56b7-4d55-87a3-2a5c5392515c.mirnaseq.mirnas.quantification.txt,1,1
TCGA-14-0812tumor,Copy Number Variation,Gene Level Copy Number,"56b80da6-0ff7-4582-9084-2e0976bb2284,abc81c72-e16d-4019-90cd-81404a5d7d49,f237c7b8-c9ab-4a7b-9096-178f363bea6e","TCGA-GBM.e7ceb967-44a5-4ab3-8f64-8bf2aa89316e.gene_level_copy_number.v36.tsv,TCGA-GBM.e7ceb967-44a5-4ab3-8f64-8bf2aa89316e.ascat3.gene_level_copy_number.v36.tsv,TCGA-GBM.e7ceb967-44a5-4ab3-8f64-8bf2aa89316e.absolute_liftover.gene_level_copy_number.v36.tsv",3,3
TCGA-14-0812tumor,DNA Methylation,Methylation Beta Value,35248e0d-f08a-40c9-874c-dc59e7c52e0d,f0ed4c71-d419-496a-8c53-a132f819060d.methylation_array.sesame.level3betas.txt,1,1
TCGA-14-0812tumor,Simple Nucleotide Variation,Masked Somatic Mutation,f53f587f-42f0-4d8b-8a4e-05247ca98f43,56f490bd-1cfd-4bdb-a96d-58063627ff22.wxs.aliquot_ensemble_masked.maf,1,1
TCGA-14-0812tumor,Transcriptome Profiling,Gene Expression Quantification,a057f848-fecb-4705-b512-54bea68fc9cb,4d3bdf9e-0c8b-4f1a-afdf-8a1c36114653.rna_seq.augmented_star_gene_counts.tsv,1,1
TCGA-14-0812tumor,Transcriptome Profiling,miRNA Expression Quantification,adc779ae-44f1-4309-9295-f7f9b955cf3b,96c1eb81-4b8e-4c66-98a8-e3f197446d25.mirnaseq.mirnas.quantification.txt,1,1
TCGA-14-0813tumor,Copy Number Variation,Gene Level Copy Number,"5db3d4fd-75a4-48a8-bf19-e86d46892e58,e952c425-c074-45c6-ba6a-26a00a69cc63,93183bd8-2c7a-4f2a-ad21-1afe9ebf1f4f","TCGA-GBM.3defdf44-c94e-4621-a294-d2683d0bbc8d.ascat3.gene_level_copy_number.v36.tsv,TCGA-GBM.3defdf44-c94e-4621-a294-d2683d0bbc8d.gene_level_copy_number.v36.tsv,TCGA-GBM.3defdf44-c94e-4621-a294-d2683d0bbc8d.absolute_liftover.gene_level_copy_number.v36.tsv",3,3
TCGA-14-0813tumor,DNA Methylation,Methylation Beta Value,fb15b57b-a38c-47cd-9930-a0fe6e5faa16,7e2036b6-2000-4fe3-aead-4a63b689db81.methylation_array.sesame.level3betas.txt,1,1
TCGA-14-0813tumor,Simple Nucleotide Variation,Masked Somatic Mutation,146b341d-06f3-41b4-90c5-aece9556c240,7436f4d4-eeca-4c93-967a-868dcabe77ab.wxs.aliquot_ensemble_masked.maf,1,1
TCGA-14-0813tumor,Transcriptome Profiling,Gene Expression Quantification,fc09d3be-0201-4838-abec-c08e3a568b9d,9e5008b9-2512-4487-ba5c-94c5953fb002.rna_seq.augmented_star_gene_counts.tsv,1,1
TCGA-14-0813tumor,Transcriptome Profiling,miRNA Expression Quantification,8fc971e2-e488-4403-9a2a-17bd731fb0e8,bb878fa4-3359-4e80-b055-5481010a9a8e.mirnaseq.mirnas.quantification.txt,1,1
TCGA-14-0817tumor,Copy Number Variation,Gene Level Copy Number,"7d14a666-2b84-4630-83cf-e856fb4642b0,d051c4d1-c709-4fd1-a366-e75c7fb687ff,55865ce5-0bbd-416c-95b6-f36e96ee6f31","TCGA-GBM.618bed6a-3851-46a5-8149-ed0d6fb603ab.absolute_liftover.gene_level_copy_number.v36.tsv,TCGA-GBM.618bed6a-3851-46a5-8149-ed0d6fb603ab.gene_level_copy_number.v36.tsv,TCGA-GBM.618bed6a-3851-46a5-8149-ed0d6fb603ab.ascat3.gene_level_copy_number.v36.tsv",3,3
TCGA-14-0817tumor,DNA Methylation,Methylation Beta Value,2727c77f-c34e-4ce8-a26b-181d377c1905,3c52e53a-4fc4-4a53-999d-93516248d605.methylation_array.sesame.level3betas.txt,1,1
TCGA-14-0817tumor,Simple Nucleotide Variation,Masked Somatic Mutation,d6d7c809-48fa-45a0-970b-eae2a4d91d5c,b6f30831-3756-4b90-88bd-1ad00ac71b19.wxs.aliquot_ensemble_masked.maf,1,1
TCGA-14-0817tumor,Transcriptome Profiling,Gene Expression Quantification,"b7196540-a319-41a0-befd-c363e511ac1d,bc52ddc4-e8da-45fc-8c3a-6a9683d699af","0b53e868-b960-466d-b435-f41a9a8ef34b.rna_seq.augmented_star_gene_counts.tsv,6afd066b-806e-4568-94d9-ac189d1101af.rna_seq.augmented_star_gene_counts.tsv",2,2
TCGA-14-0817tumor,Transcriptome Profiling,miRNA Expression Quantification,4d678156-5046-43a9-bc98-29c8f4586824,7e1483b9-14e2-4684-a378-8cc8d49b1644.mirnaseq.mirnas.quantification.txt,1,1
TCGA-14-0862tumor,Copy Number Variation,Gene Level Copy Number,"7196cedb-428c-4a68-a405-6db6ae716774,894c3141-e5b7-45c9-a5e9-3f4cbeba11b9,169b002f-2404-419f-bd88-a4d4e44be3d0","TCGA-GBM.978efd5c-10ea-4155-a2e5-b696f3e723d7.gene_level_copy_number.v36.tsv,TCGA-GBM.978efd5c-10ea-4155-a2e5-b696f3e723d7.absolute_liftover.gene_level_copy_number.v36.tsv,TCGA-GBM.978efd5c-10ea-4155-a2e5-b696f3e723d7.ascat3.gene_level_copy_number.v36.tsv",3,3
TCGA-14-0862tumor,DNA Methylation,Methylation Beta Value,643b6999-0a77-467c-86de-d8da63a74871,3f28c95e-c823-43fe-92b4-0f3f708db891.methylation_array.sesame.level3betas.txt,1,1
TCGA-14-0862tumor,Simple Nucleotide Variation,Masked Somatic Mutation,4b1abb13-ebed-4ced-9ccb-b967a30136f9,173715dc-0eae-47d0-9da0-37f5285466db.wxs.aliquot_ensemble_masked.maf,1,1
TCGA-14-0862tumor,Transcriptome Profiling,miRNA Expression Quantification,c6f361f6-1bea-4615-8611-d5654be1bd1d,0293cb57-991f-40bc-b5b8-8be99b345a8e.mirnaseq.mirnas.quantification.txt,1,1
TCGA-14-0865tumor,Copy Number Variation,Gene Level Copy Number,"12951700-fd87-4f10-9667-c1eef14f9490,7ac9b668-a99d-4b5c-8eb1-c1d5e4cf13c8,f8ada93d-76d0-40f0-90f9-20b6ba93b848","TCGA-GBM.d2e61704-1ffa-4906-8b3c-b819942ad062.gene_level_copy_number.v36.tsv,TCGA-GBM.d2e61704-1ffa-4906-8b3c-b819942ad062.absolute_liftover.gene_level_copy_number.v36.tsv,TCGA-GBM.d2e61704-1ffa-4906-8b3c-b819942ad062.ascat3.gene_level_copy_number.v36.tsv",3,3
TCGA-14-0865tumor,DNA Methylation,Methylation Beta Value,34023c62-ee58-4199-b65f-b6a195f1bb70,6595e567-63c1-4536-a7f3-7d48e8f78e7e.methylation_array.sesame.level3betas.txt,1,1
TCGA-14-0865tumor,Simple Nucleotide Variation,Masked Somatic Mutation,25ae6f57-797a-4fdd-a293-dc0efa1db330,3c1fb9b7-847e-4c33-98b4-8b48b3d1fb4d.wxs.aliquot_ensemble_masked.maf,1,1
TCGA-14-0865tumor,Transcriptome Profiling,Gene Expression Quantification,717e77de-9276-4ad9-bb49-e333b7bf2df3,86aad7af-3cf5-4941-9ef5-78aafdb57cc3.rna_seq.augmented_star_gene_counts.tsv,1,1
TCGA-14-0865tumor,Transcriptome Profiling,miRNA Expression Quantification,7fda6d4b-16ca-4b74-b009-743b6011cac8,05ac6fa1-9180-41c9-9923-d3e6f43cc72d.mirnaseq.mirnas.quantification.txt,1,1
TCGA-14-0871tumor,Copy Number Variation,Gene Level Copy Number,def83393-3ccf-4295-aa23-72cc980b13cc,TCGA-GBM.213a8ca0-e32a-4878-b2ef-547910993836.absolute_liftover.gene_level_copy_number.v36.tsv,1,1
TCGA-14-0871tumor,DNA Methylation,Methylation Beta Value,c6ac0210-aa8d-4640-a300-cf75b40f8ba5,839c6309-c201-4503-a5f9-b470b30f38b3.methylation_array.sesame.level3betas.txt,1,1
TCGA-14-0871tumor,Simple Nucleotide Variation,Masked Somatic Mutation,"d7b171dc-eafe-43da-8df6-a909cfd362b2,1307df0a-7e36-48c5-9bcc-5dd809293e30","2d0b5003-ffff-4c0f-9065-911d581195c4.wxs.aliquot_ensemble_masked.maf,896c8e4c-4a7a-4a01-af20-aee0203c46f0.wxs.aliquot_ensemble_masked.maf",2,2
TCGA-14-0871tumor,Transcriptome Profiling,Gene Expression Quantification,"9240b811-4132-4ca4-b44e-7e672b594657,0d0543f2-195a-4ab8-8331-a1b57fc673dc","979a75fb-49bd-48e4-b7b1-1391a67726cb.rna_seq.augmented_star_gene_counts.tsv,c247006d-7749-4838-9bfb-1388e089450d.rna_seq.augmented_star_gene_counts.tsv",2,2
TCGA-14-0871tumor,Transcriptome Profiling,miRNA Expression Quantification,0461ff1d-478a-4345-af0f-b37dafaaa32c,b74a7cba-e721-4c4d-a086-3b7abecc9ff7.mirnaseq.mirnas.quantification.txt,1,1
TCGA-14-1034tumor,Copy Number Variation,Gene Level Copy Number,"8dad92da-555f-4307-b125-dcf4f920d68e,3c019fef-6f00-4528-8e43-c8027bd44eff,a9c05cc0-fafa-464b-a5e4-3a700b86b83c,2ee83e0e-f929-4300-a1d3-ee2eecd7c573,e51a9c12-b067-47dd-9fa0-6aa3cb01c094","TCGA-GBM.627c485c-59d9-4b5d-b459-c0fb0520cc54.ascat3.gene_level_copy_number.v36.tsv,TCGA-GBM.c8dac754-252f-4c41-8228-37d8fb1e0d12.absolute_liftover.gene_level_copy_number.v36.tsv,TCGA-GBM.c8dac754-252f-4c41-8228-37d8fb1e0d12.gene_level_copy_number.v36.tsv,TCGA-GBM.627c485c-59d9-4b5d-b459-c0fb0520cc54.gene_level_copy_number.v36.tsv,TCGA-GBM.627c485c-59d9-4b5d-b459-c0fb0520cc54.absolute_liftover.gene_level_copy_number.v36.tsv",5,5
TCGA-14-1034tumor,DNA Methylation,Methylation Beta Value,"16f87de0-be77-4598-9617-ad9c982e6758,07248f0c-b2c6-4ef9-964b-9efd4edc0496","699a1cd5-b493-4714-9791-7ec57606c624.methylation_array.sesame.level3betas.txt,f5a31d67-3f9a-4356-a0db-769714cb8e59.methylation_array.sesame.level3betas.txt",2,2
TCGA-14-1034tumor,Simple Nucleotide Variation,Masked Somatic Mutation,"a3d7ea4e-dd44-449a-a766-217f6fd215f3,ff5c8b99-45a0-4ef4-b7a4-e35726bef117","84e9de46-0d84-4ef9-a9dd-8dfacbc92adf.wxs.aliquot_ensemble_masked.maf,95a157f8-b846-42aa-9e3f-0a6b120b9587.wxs.aliquot_ensemble_masked.maf",2,2
TCGA-14-1034tumor,Transcriptome Profiling,Gene Expression Quantification,"7f21d9fd-fd8a-44ec-b01f-93ded2b6babf,87f40fda-2a48-4cb6-8b65-e1b043661cce,b03b4495-465b-4e4b-b435-a61990f4a5f9","64d208b9-6a15-4077-885f-30d9cdedf147.rna_seq.augmented_star_gene_counts.tsv,a400f64e-ec00-4cc0-8110-38b2e349c7cf.rna_seq.augmented_star_gene_counts.tsv,31872322-b3b2-48fd-b86d-ad15525f6fec.rna_seq.augmented_star_gene_counts.tsv",3,3
TCGA-14-1034tumor,Transcriptome Profiling,miRNA Expression Quantification,b269cc47-04e0-4e9b-bc5e-0a00e147596f,8dea694a-6b3f-4fa7-a213-24c3801bcf8f.mirnaseq.mirnas.quantification.txt,1,1
TCGA-14-1037tumor,Copy Number Variation,Gene Level Copy Number,"b5b4fb3f-002e-403a-bbaf-c6a117d85075,0779b0c7-b1d2-4a18-8cae-326a2b67365c,fb04fbc2-8677-4538-b3c5-0b2bde327414","TCGA-GBM.6034ae91-9eb6-4012-bd50-7be7b9cd7970.ascat3.gene_level_copy_number.v36.tsv,TCGA-GBM.6034ae91-9eb6-4012-bd50-7be7b9cd7970.absolute_liftover.gene_level_copy_number.v36.tsv,TCGA-GBM.6034ae91-9eb6-4012-bd50-7be7b9cd7970.gene_level_copy_number.v36.tsv",3,3
TCGA-14-1037tumor,DNA Methylation,Methylation Beta Value,fe4c05d2-d952-481d-81ef-4330ceeeaa77,ca688307-063d-4d6f-973d-98efc11cfd85.methylation_array.sesame.level3betas.txt,1,1
TCGA-14-1037tumor,Simple Nucleotide Variation,Masked Somatic Mutation,fcdfa3d7-efac-4f18-88cc-45a11267278c,203da0ce-c577-41bb-a823-547318ab7360.wxs.aliquot_ensemble_masked.maf,1,1
TCGA-14-1037tumor,Transcriptome Profiling,Gene Expression Quantification,eea85d25-8866-479a-9fc5-6d8fd529e847,32d1cf3b-2920-479e-8025-aaacae8f8011.rna_seq.augmented_star_gene_counts.tsv,1,1
TCGA-14-1037tumor,Transcriptome Profiling,miRNA Expression Quantification,b859e76e-75dc-4d22-93bb-2eb970772c41,86d401d0-638b-45e1-a504-92744cbb8130.mirnaseq.mirnas.quantification.txt,1,1
TCGA-14-1043tumor,Copy Number Variation,Gene Level Copy Number,"d97d1cdf-1408-4ebb-81e0-8c3f99be73dc,0cb47e78-9a2a-478c-8b64-053c80eceb5f,39409cd2-422a-49e0-9fc7-9295fa834513","TCGA-GBM.6f204157-42f8-4c28-afa9-64f137e52911.absolute_liftover.gene_level_copy_number.v36.tsv,TCGA-GBM.6f204157-42f8-4c28-afa9-64f137e52911.ascat3.gene_level_copy_number.v36.tsv,TCGA-GBM.6f204157-42f8-4c28-afa9-64f137e52911.gene_level_copy_number.v36.tsv",3,3
TCGA-14-1043tumor,DNA Methylation,Methylation Beta Value,d632c695-089c-43ce-be62-c93a70910b64,65961cb7-5998-4d94-af2f-1c296fd6b674.methylation_array.sesame.level3betas.txt,1,1
TCGA-14-1043tumor,Simple Nucleotide Variation,Masked Somatic Mutation,ef04461d-ec6b-45f4-af97-311f5a0f782e,58aef770-086c-4d46-a4d8-3ee9e928a283.wxs.aliquot_ensemble_masked.maf,1,1
TCGA-14-1043tumor,Transcriptome Profiling,miRNA Expression Quantification,958e199f-2f7d-48b6-ab7a-37a51e6ff922,4123b10b-6337-43e8-b56b-fd8569cad8c4.mirnaseq.mirnas.quantification.txt,1,1
TCGA-14-1395tumor,Copy Number Variation,Gene Level Copy Number,"84ec904d-42f8-4364-bf06-3936594960c9,d501290e-66e1-47bf-a489-2d1fe1a95370,7cb6f26e-b901-412d-b273-0d678227bf64","TCGA-GBM.f056d557-3a72-40ca-9e2b-608562d7e3c0.ascat3.gene_level_copy_number.v36.tsv,TCGA-GBM.f056d557-3a72-40ca-9e2b-608562d7e3c0.absolute_liftover.gene_level_copy_number.v36.tsv,TCGA-GBM.f056d557-3a72-40ca-9e2b-608562d7e3c0.gene_level_copy_number.v36.tsv",3,3
TCGA-14-1395tumor,DNA Methylation,Methylation Beta Value,59d7137e-c7f3-45db-882b-99953bfeca55,a7825675-41d9-4ec0-af01-b0d2daff082e.methylation_array.sesame.level3betas.txt,1,1
TCGA-14-1395tumor,Simple Nucleotide Variation,Masked Somatic Mutation,7f1428fe-002e-4394-b60e-9af1049fa583,cf0789d7-b445-4814-8fba-f6d7a7dcdd1e.wxs.aliquot_ensemble_masked.maf,1,1
TCGA-14-1395tumor,Transcriptome Profiling,miRNA Expression Quantification,"f1543d12-5225-4ac9-9f20-904e29318ed7,32fb5f58-ed6b-4ce2-8186-3e2aa6926182","2faeca60-bfba-49d9-a487-85cb840042e2.mirnaseq.mirnas.quantification.txt,e7c78c17-f2e9-44c8-8ad0-65d531d87b9a.mirnaseq.mirnas.quantification.txt",2,2
TCGA-14-1396tumor,Copy Number Variation,Gene Level Copy Number,"44884551-bc09-43e2-a18b-78ca28d39b96,ea681ae4-7f7b-4fa1-a262-09d78051ae50,32c71541-d1b5-44ef-be47-2b460b2053c7","TCGA-GBM.58e84901-afdb-4aeb-b8ec-8bfd5de1590f.gene_level_copy_number.v36.tsv,TCGA-GBM.58e84901-afdb-4aeb-b8ec-8bfd5de1590f.absolute_liftover.gene_level_copy_number.v36.tsv,TCGA-GBM.58e84901-afdb-4aeb-b8ec-8bfd5de1590f.ascat3.gene_level_copy_number.v36.tsv",3,3
TCGA-14-1396tumor,DNA Methylation,Methylation Beta Value,0129abf4-b400-4f15-8837-ecefbd0dfc1b,74af2be2-3bb8-44d3-8e3a-5fa9c3db5335.methylation_array.sesame.level3betas.txt,1,1
TCGA-14-1396tumor,Simple Nucleotide Variation,Masked Somatic Mutation,b6ccb27d-4af1-42f9-a2ea-d5fdf8127830,28710c63-13af-46c3-b4a1-23e47e1c37fe.wxs.aliquot_ensemble_masked.maf,1,1
TCGA-14-1396tumor,Transcriptome Profiling,Gene Expression Quantification,9df853fe-f193-4dd7-a6dc-095262f2e03a,034c42f2-fee6-4196-9c02-24589ce01071.rna_seq.augmented_star_gene_counts.tsv,1,1
TCGA-14-1396tumor,Transcriptome Profiling,miRNA Expression Quantification,8ee08896-8a7a-4c25-9b51-0bcad91563f0,58557ada-e359-4ad3-ac32-50bfde712bfd.mirnaseq.mirnas.quantification.txt,1,1
TCGA-14-1450tumor,Copy Number Variation,Gene Level Copy Number,"280576c2-734d-41aa-9b8e-47d0542534f3,5e04193b-1ae2-4b7f-ae58-828eaf380286,2a014731-8774-4af7-89d7-ac2ffb15a745","TCGA-GBM.3cd4b714-b81c-41dc-8ccd-01bc3828807d.ascat3.gene_level_copy_number.v36.tsv,TCGA-GBM.3cd4b714-b81c-41dc-8ccd-01bc3828807d.gene_level_copy_number.v36.tsv,TCGA-GBM.3cd4b714-b81c-41dc-8ccd-01bc3828807d.absolute_liftover.gene_level_copy_number.v36.tsv",3,3
TCGA-14-1450tumor,DNA Methylation,Methylation Beta Value,72e3e6bd-52cf-4200-aa3f-68a4c6704184,ac812b62-e75b-4d68-8759-84717ec79000.methylation_array.sesame.level3betas.txt,1,1
TCGA-14-1450tumor,Simple Nucleotide Variation,Masked Somatic Mutation,d643a472-6934-4272-9bd0-6bd0c3160477,c16ce59b-0cad-4aba-81f3-a67d2a9cb3ba.wxs.aliquot_ensemble_masked.maf,1,1
TCGA-14-1450tumor,Transcriptome Profiling,miRNA Expression Quantification,10ddf6ef-23b6-46fd-a02e-862978b2bd96,549643c2-d7e9-4675-8f63-6063a80cb5f6.mirnaseq.mirnas.quantification.txt,1,1
TCGA-14-1451tumor,Copy Number Variation,Gene Level Copy Number,"606a15ce-a21e-4467-bfff-3cadaf20d97e,a4ef9a3b-4277-440b-b871-7276a7ce628f,1a0c69ab-954d-4a68-aeb4-a0fbd9ebc1c5","TCGA-GBM.edb8039d-ddab-4129-809e-645176f12a91.gene_level_copy_number.v36.tsv,TCGA-GBM.edb8039d-ddab-4129-809e-645176f12a91.absolute_liftover.gene_level_copy_number.v36.tsv,TCGA-GBM.edb8039d-ddab-4129-809e-645176f12a91.ascat3.gene_level_copy_number.v36.tsv",3,3
TCGA-14-1451tumor,DNA Methylation,Methylation Beta Value,43f04300-1208-4a21-9a0a-b058753f675a,b53c2c16-6cff-45da-8114-595339220066.methylation_array.sesame.level3betas.txt,1,1
TCGA-14-1451tumor,Simple Nucleotide Variation,Masked Somatic Mutation,36ad595b-6ee6-4ee4-b4fe-17dac6149f7a,c090bf76-bd98-496d-a06b-8bdad9611b78.wxs.aliquot_ensemble_masked.maf,1,1
TCGA-14-1451tumor,Transcriptome Profiling,Gene Expression Quantification,4649293d-11cc-4da4-b083-c7647e44fd60,71d11e4c-6fe8-47ba-91a5-6566158614fa.rna_seq.augmented_star_gene_counts.tsv,1,1
TCGA-14-1451tumor,Transcriptome Profiling,miRNA Expression Quantification,93d7e5de-68b8-4eae-ae61-b2fda572b63d,6e009ec8-d087-480e-b537-98f9e764a655.mirnaseq.mirnas.quantification.txt,1,1
TCGA-14-1453tumor,Copy Number Variation,Gene Level Copy Number,"70bf79dc-c87c-488b-82aa-5a319eb2aa06,967dd5a2-998c-4fba-a84a-d8d1cb5c4975,fb1a90f4-8d3d-4f7f-97a8-7f730a0ceb8a","TCGA-GBM.4a2ba6c8-cef1-4153-8676-d3e721f318bd.ascat3.gene_level_copy_number.v36.tsv,TCGA-GBM.4a2ba6c8-cef1-4153-8676-d3e721f318bd.gene_level_copy_number.v36.tsv,TCGA-GBM.4a2ba6c8-cef1-4153-8676-d3e721f318bd.absolute_liftover.gene_level_copy_number.v36.tsv",3,3
TCGA-14-1453tumor,DNA Methylation,Methylation Beta Value,1950dff1-e1b6-4c0a-9d80-ea1f08e3ba11,14536e29-83e9-47f4-844c-8a6bac1f0a23.methylation_array.sesame.level3betas.txt,1,1
TCGA-14-1453tumor,Simple Nucleotide Variation,Masked Somatic Mutation,c1d0ab2d-3330-4816-a710-be6d38d43be5,88b079b4-c109-4a55-a463-a28afbb5d414.wxs.aliquot_ensemble_masked.maf,1,1
TCGA-14-1453tumor,Transcriptome Profiling,Gene Expression Quantification,e8863676-0fff-4787-8545-f783e4b1f21f,4f0a0b90-41cb-4ea7-97e0-5f771dc22fb2.rna_seq.augmented_star_gene_counts.tsv,1,1
TCGA-14-1453tumor,Transcriptome Profiling,miRNA Expression Quantification,fb5f2232-374e-4fc4-bda2-ae61e7660a9f,ef2ee21c-333a-41ce-b115-d3a65ecf0e59.mirnaseq.mirnas.quantification.txt,1,1
TCGA-14-1455tumor,Copy Number Variation,Gene Level Copy Number,"23755170-8772-41e0-aacb-5c490cb2a92f,9e074217-9ab9-48ec-9404-66c99eea0efb,2212fa48-1177-485f-954c-fc09b5d3b3de","TCGA-GBM.2b801c28-dc3c-4b68-b7ad-dde320b100fd.absolute_liftover.gene_level_copy_number.v36.tsv,TCGA-GBM.2b801c28-dc3c-4b68-b7ad-dde320b100fd.gene_level_copy_number.v36.tsv,TCGA-GBM.2b801c28-dc3c-4b68-b7ad-dde320b100fd.ascat3.gene_level_copy_number.v36.tsv",3,3
TCGA-14-1455tumor,DNA Methylation,Methylation Beta Value,83006085-928a-4063-b4f6-3a9c50a385b8,d4732770-436a-47b2-94f0-f284c724c0aa.methylation_array.sesame.level3betas.txt,1,1
TCGA-14-1455tumor,Simple Nucleotide Variation,Masked Somatic Mutation,26f70d72-362e-451f-a363-20aa0180af66,a6611936-3cc8-48f4-a4ef-b2445c5363f0.wxs.aliquot_ensemble_masked.maf,1,1
TCGA-14-1455tumor,Transcriptome Profiling,Gene Expression Quantification,2c4ef6db-ff34-4258-a531-32345845832c,a0910cd1-f12f-4215-bd3a-db593c810dc2.rna_seq.augmented_star_gene_counts.tsv,1,1
TCGA-14-1455tumor,Transcriptome Profiling,miRNA Expression Quantification,6732e160-7229-485f-98b2-9c6dc93eea5a,54bc5324-d64a-460a-b4c2-d6e231df783b.mirnaseq.mirnas.quantification.txt,1,1
TCGA-14-1456tumor,Copy Number Variation,Gene Level Copy Number,"773f2868-93d9-4121-bbde-493f33bc7d6b,831ced01-2bd8-4cac-8b29-952a002d0fd9,957a8803-c166-4269-ab1a-6b6433e4ff8c","TCGA-GBM.6a200663-9d58-46eb-924c-1c6f4122e26d.absolute_liftover.gene_level_copy_number.v36.tsv,TCGA-GBM.6a200663-9d58-46eb-924c-1c6f4122e26d.gene_level_copy_number.v36.tsv,TCGA-GBM.6a200663-9d58-46eb-924c-1c6f4122e26d.ascat3.gene_level_copy_number.v36.tsv",3,3
TCGA-14-1456tumor,DNA Methylation,Methylation Beta Value,e4629d23-f734-48ca-848b-b1101c239681,51852e30-c3e8-4168-a069-93914090f44a.methylation_array.sesame.level3betas.txt,1,1
TCGA-14-1456tumor,Simple Nucleotide Variation,Masked Somatic Mutation,029fde2a-49ec-4047-9289-1a699b687b08,8ff1e555-31f5-48ac-afc6-a4f7bdb5ea56.wxs.aliquot_ensemble_masked.maf,1,1
TCGA-14-1795tumor,Copy Number Variation,Gene Level Copy Number,"8691258f-13ae-483a-84d1-193179b7fae8,717a4b83-8d40-4687-ade6-2454d0929291,fdbf1ce8-b704-4418-8473-ab90b36effb7","TCGA-GBM.a5536e80-6a52-4326-be30-f68cb59aa8ce.gene_level_copy_number.v36.tsv,TCGA-GBM.a5536e80-6a52-4326-be30-f68cb59aa8ce.ascat3.gene_level_copy_number.v36.tsv,TCGA-GBM.a5536e80-6a52-4326-be30-f68cb59aa8ce.absolute_liftover.gene_level_copy_number.v36.tsv",3,3
TCGA-14-1795tumor,DNA Methylation,Methylation Beta Value,519be1d0-c5d1-4620-bf3d-064c69913ebd,10126ac2-f47b-4140-85d3-076880cd1b65.methylation_array.sesame.level3betas.txt,1,1
TCGA-14-1795tumor,Simple Nucleotide Variation,Masked Somatic Mutation,a5401e43-fa8c-4765-88a1-c5bd0dc20b37,74968bc7-2363-4b36-b208-e0852b2ac7b3.wxs.aliquot_ensemble_masked.maf,1,1
TCGA-14-1795tumor,Transcriptome Profiling,Gene Expression Quantification,eb7892cc-7f41-4797-a794-84c4f79df3ed,2d2d4fdc-063c-4078-9eb9-758384cbeb22.rna_seq.augmented_star_gene_counts.tsv,1,1
TCGA-14-1795tumor,Transcriptome Profiling,miRNA Expression Quantification,4524bdac-e711-4649-b255-bbe248082fe9,b5b8c28e-eb8f-425c-bdae-5504ac479055.mirnaseq.mirnas.quantification.txt,1,1
TCGA-14-1821tumor,Copy Number Variation,Gene Level Copy Number,"964d4f3c-42d0-4cc1-9ad5-5f00cb1640c7,d29d5c13-946d-4fdb-9de4-e8199299e508,d561d304-1fd9-4585-950b-c53319d27d8a","TCGA-GBM.b8e5b650-1fb2-41e5-8c33-cd3789b546ed.ascat3.gene_level_copy_number.v36.tsv,TCGA-GBM.b8e5b650-1fb2-41e5-8c33-cd3789b546ed.gene_level_copy_number.v36.tsv,TCGA-GBM.b8e5b650-1fb2-41e5-8c33-cd3789b546ed.absolute_liftover.gene_level_copy_number.v36.tsv",3,3
TCGA-14-1821tumor,DNA Methylation,Methylation Beta Value,28f28fe8-1052-403b-aa90-a38d91d01893,a526753d-c5c1-4d94-9eeb-910a7cb62c8f.methylation_array.sesame.level3betas.txt,1,1
TCGA-14-1821tumor,Simple Nucleotide Variation,Masked Somatic Mutation,cf243734-2c6a-4d55-9b84-5700cd205e6d,1b33a430-7ced-464c-802e-8b8755dcb87c.wxs.aliquot_ensemble_masked.maf,1,1
TCGA-14-1821tumor,Transcriptome Profiling,Gene Expression Quantification,1c98c99d-80ae-4fcc-9197-d1a2b7d8ac96,0de1e059-6f06-44a0-abd3-c42cf2326898.rna_seq.augmented_star_gene_counts.tsv,1,1
TCGA-14-1821tumor,Transcriptome Profiling,miRNA Expression Quantification,6d4161b9-14a0-433d-8a94-2051ae95de6b,67784f6a-b482-447d-afee-95aa0b0e9d96.mirnaseq.mirnas.quantification.txt,1,1
TCGA-14-1823tumor,Copy Number Variation,Gene Level Copy Number,"28c76fa3-6a86-43cb-84bb-85dfbb819454,5d137424-65e7-473b-b2ee-8435873678c5,9376bdbe-38eb-4470-af52-058b6a61c371","TCGA-GBM.89e39087-186c-4197-9e19-64ade4e6c685.ascat3.gene_level_copy_number.v36.tsv,TCGA-GBM.89e39087-186c-4197-9e19-64ade4e6c685.absolute_liftover.gene_level_copy_number.v36.tsv,TCGA-GBM.89e39087-186c-4197-9e19-64ade4e6c685.gene_level_copy_number.v36.tsv",3,3
TCGA-14-1823tumor,DNA Methylation,Methylation Beta Value,6aa010e8-7282-4afe-ab0a-fe41a19b5fde,7869f02c-5f17-4bca-8862-2f906113a843.methylation_array.sesame.level3betas.txt,1,1
TCGA-14-1823tumor,Simple Nucleotide Variation,Masked Somatic Mutation,"83cba63a-ed43-434e-ab3e-7731d5485415,c1bed8e7-37a4-497c-9aee-4a37d51fb492","cbec852b-81ec-4479-a33e-60303c3ab719.wxs.aliquot_ensemble_masked.maf,496d39e7-ba1c-4b38-aede-882364ff730d.wxs.aliquot_ensemble_masked.maf",2,2
TCGA-14-1823tumor,Transcriptome Profiling,Gene Expression Quantification,"70e189c6-3dc5-47ce-8d74-4aa4d90a2437,e893a718-4856-4e61-b33f-fcf44d62c305","e58cdc72-ac07-40cd-90c5-ebb2d0b8321d.rna_seq.augmented_star_gene_counts.tsv,bc80aba0-0e0f-4177-85ca-73be517be7b0.rna_seq.augmented_star_gene_counts.tsv",2,2
TCGA-14-1823tumor,Transcriptome Profiling,miRNA Expression Quantification,3735b72b-f106-41cc-9a45-473d4eda31ca,2a2b6911-c479-433e-a678-25d1b9aae115.mirnaseq.mirnas.quantification.txt,1,1
TCGA-14-1825tumor,Copy Number Variation,Gene Level Copy Number,"73218a3a-504d-4054-bb54-bf496e5a5e86,b7bee7c0-1323-4265-b9ca-7da653a49c35,f217838e-ff97-434b-b4ac-e035d3994e76","TCGA-GBM.14b91d5a-9e90-425e-b9a2-c0f5a512dc08.gene_level_copy_number.v36.tsv,TCGA-GBM.14b91d5a-9e90-425e-b9a2-c0f5a512dc08.ascat3.gene_level_copy_number.v36.tsv,TCGA-GBM.14b91d5a-9e90-425e-b9a2-c0f5a512dc08.absolute_liftover.gene_level_copy_number.v36.tsv",3,3
TCGA-14-1825tumor,DNA Methylation,Methylation Beta Value,b41c18e2-67c2-47f5-a964-bc541981497c,964c30a3-04ed-4939-bb00-2c28ca9c038b.methylation_array.sesame.level3betas.txt,1,1
TCGA-14-1825tumor,Simple Nucleotide Variation,Masked Somatic Mutation,"60be0185-e60d-4d88-b7d5-e1ba22ef928a,92bcfa52-461e-4f8e-803f-bf914b5bfbd0","1df70f6a-ce8f-4a99-9966-51bfba1a845d.wxs.aliquot_ensemble_masked.maf,4e26ee25-6784-41de-a23f-3e598b17bd24.wxs.aliquot_ensemble_masked.maf",2,2
TCGA-14-1825tumor,Transcriptome Profiling,Gene Expression Quantification,"ea31724a-fe89-4016-9109-fca7bfa5876e,a9671acb-4933-4825-8757-233e9ecf7b4f","388193e4-004b-44b4-9eac-267eab7a9412.rna_seq.augmented_star_gene_counts.tsv,2acc7210-afc0-400a-bc1c-37d50a375709.rna_seq.augmented_star_gene_counts.tsv",2,2
TCGA-14-1825tumor,Transcriptome Profiling,miRNA Expression Quantification,01b27167-3460-463c-9c44-010312c92c42,67fb39b6-392b-45e6-9f37-bfb006c3be18.mirnaseq.mirnas.quantification.txt,1,1
TCGA-14-1827tumor,Copy Number Variation,Gene Level Copy Number,"62d8c63a-691c-4223-b48f-371e652f2dda,2870997c-9d41-4566-8f83-35e678a3061d,2ca6af2e-95d7-4bc2-9669-cf8e9c146656","TCGA-GBM.88cb9656-e750-416e-ace4-3ccd8f82df59.absolute_liftover.gene_level_copy_number.v36.tsv,TCGA-GBM.88cb9656-e750-416e-ace4-3ccd8f82df59.gene_level_copy_number.v36.tsv,TCGA-GBM.88cb9656-e750-416e-ace4-3ccd8f82df59.ascat3.gene_level_copy_number.v36.tsv",3,3
TCGA-14-1827tumor,DNA Methylation,Methylation Beta Value,3b32e744-6e53-4d0b-9c7f-4557f032d8f2,c4af09fa-49b6-4a34-90f7-409969666435.methylation_array.sesame.level3betas.txt,1,1
TCGA-14-1827tumor,Simple Nucleotide Variation,Masked Somatic Mutation,bf7c0694-20b7-473d-b28f-0940878a3af7,d81b70a6-a103-4301-95f2-423be83b54e1.wxs.aliquot_ensemble_masked.maf,1,1
TCGA-14-1827tumor,Transcriptome Profiling,Gene Expression Quantification,1fbcfcc7-43b6-4335-aeee-90329bddab6e,f16d9348-2781-4518-a34a-fbfcc18e1f7b.rna_seq.augmented_star_gene_counts.tsv,1,1
TCGA-14-1827tumor,Transcriptome Profiling,miRNA Expression Quantification,6c22bf4b-cc08-4676-bc29-da805b20565f,6b692ecf-6ee7-4c9a-bafc-a85e8ceba192.mirnaseq.mirnas.quantification.txt,1,1
TCGA-14-1829tumor,Copy Number Variation,Gene Level Copy Number,"6508e93a-9996-4643-95af-e76751aee2eb,176e05ad-fe97-4bdf-9b2a-b68accafed78,7eef5b59-8f66-4f45-a41b-bb28acdc248d","TCGA-GBM.da7bdbf2-3496-4b0d-acc2-857a71625a56.gene_level_copy_number.v36.tsv,TCGA-GBM.da7bdbf2-3496-4b0d-acc2-857a71625a56.ascat3.gene_level_copy_number.v36.tsv,TCGA-GBM.da7bdbf2-3496-4b0d-acc2-857a71625a56.absolute_liftover.gene_level_copy_number.v36.tsv",3,3
TCGA-14-1829tumor,DNA Methylation,Methylation Beta Value,8a478fd7-e321-4c2d-a831-9249a8a9466c,bd2c32a7-eb05-40f5-bfc1-9c40d19098c2.methylation_array.sesame.level3betas.txt,1,1
TCGA-14-1829tumor,Simple Nucleotide Variation,Masked Somatic Mutation,"e8820161-b06d-4cdc-8622-c3a7fcab6449,2e2bc46b-82c5-449d-bffc-241bd9899ed5","f6650e63-e294-49bb-9fe3-7ce5fb67c02b.wxs.aliquot_ensemble_masked.maf,bf70308f-c84e-407e-ac11-24e35d80db8c.wxs.aliquot_ensemble_masked.maf",2,2
TCGA-14-1829tumor,Transcriptome Profiling,Gene Expression Quantification,f3c448ec-974c-433f-a552-f57f64453628,f9e9b712-c1a2-4821-924f-027e2ce78d90.rna_seq.augmented_star_gene_counts.tsv,1,1
TCGA-14-1829tumor,Transcriptome Profiling,miRNA Expression Quantification,d3a7c4eb-4465-4937-b915-88c59b128f14,3cdd75d1-c93f-462d-83b2-928f37b34409.mirnaseq.mirnas.quantification.txt,1,1
TCGA-14-2554tumor,Copy Number Variation,Gene Level Copy Number,"0f4fcec9-58d2-4551-a5e8-41f34d4c4391,5ceba32d-45c2-4248-82ce-d7bc790d195d,165fd25f-23e9-4159-a728-090f99cec6d0","TCGA-GBM.541815c8-c9e3-44b9-9f70-3b2a1e137033.gene_level_copy_number.v36.tsv,TCGA-GBM.541815c8-c9e3-44b9-9f70-3b2a1e137033.absolute_liftover.gene_level_copy_number.v36.tsv,TCGA-GBM.541815c8-c9e3-44b9-9f70-3b2a1e137033.ascat3.gene_level_copy_number.v36.tsv",3,3
TCGA-14-2554tumor,DNA Methylation,Methylation Beta Value,869acc39-87f9-4921-abeb-100235e657ce,2f03645b-26dc-4f3a-a4f2-d716ef3b5e97.methylation_array.sesame.level3betas.txt,1,1
TCGA-14-2554tumor,Simple Nucleotide Variation,Masked Somatic Mutation,"8669f0e9-fdaf-49d8-ae2f-7970c9b3bf77,3ee7bf22-d609-484f-a270-435e7a910cea","4dc3eefe-f3e0-4d83-88db-9f56df1ff7df.wxs.aliquot_ensemble_masked.maf,aa743f49-ee74-4eb2-ad58-d4e525520224.wxs.aliquot_ensemble_masked.maf",2,2
TCGA-14-2554tumor,Transcriptome Profiling,Gene Expression Quantification,"60d81796-e5cb-4166-ad2e-32ce787268f2,8991cf60-96ae-481c-8568-6bc605d5c099","77405f24-ebc0-45be-9beb-ac81ed1936d5.rna_seq.augmented_star_gene_counts.tsv,4ef577ef-0834-48d7-918d-c2b5df7efaf4.rna_seq.augmented_star_gene_counts.tsv",2,2
TCGA-14-2554tumor,Transcriptome Profiling,miRNA Expression Quantification,b7aed9e0-e7ed-473f-bbc0-baf7d545ef77,c65afd1b-8437-48ce-876f-712dccfda010.mirnaseq.mirnas.quantification.txt,1,1
TCGA-14-3476tumor,Copy Number Variation,Gene Level Copy Number,8cdde20d-8ad1-4572-a03e-cabdc3a2bc4f,TCGA-GBM.8fcb6cc0-ab33-4e69-88df-c3cae742c6ba.ascat3.gene_level_copy_number.v36.tsv,1,1
TCGA-14-3476tumor,DNA Methylation,Methylation Beta Value,4305f61c-1c37-4d82-b6e1-f9ecc04e8548,6832e903-5ec7-4180-b8b6-cb38b7bfc3e7.methylation_array.sesame.level3betas.txt,1,1
TCGA-14-3476tumor,Simple Nucleotide Variation,Masked Somatic Mutation,5c54653d-200f-43c1-bdf9-44cdc687ab57,4c99527e-ebfc-4626-9ffa-633fa4196dbf.wxs.aliquot_ensemble_masked.maf,1,1
TCGA-14-3477tumor,Copy Number Variation,Gene Level Copy Number,"217286f6-88d7-4c37-a78a-c523eb517201,644edfa1-56ec-42d7-9732-5ab9d5363f00,72535e51-04ac-4f77-b1ea-722acbe6a81b","TCGA-GBM.668c25ce-be82-4a0e-9735-0d6ee8fd3248.absolute_liftover.gene_level_copy_number.v36.tsv,TCGA-GBM.668c25ce-be82-4a0e-9735-0d6ee8fd3248.gene_level_copy_number.v36.tsv,TCGA-GBM.668c25ce-be82-4a0e-9735-0d6ee8fd3248.ascat3.gene_level_copy_number.v36.tsv",3,3
TCGA-14-3477tumor,DNA Methylation,Methylation Beta Value,0b44c927-fef7-4882-9611-4c967b8760ef,1b9dea2b-a7bd-4284-b483-1a2a08773fc4.methylation_array.sesame.level3betas.txt,1,1
TCGA-14-3477tumor,Simple Nucleotide Variation,Masked Somatic Mutation,548fcdcc-9713-4fc5-b91c-19971426cb12,478a8608-334e-4d9d-a3c3-fb138214fdbb.wxs.aliquot_ensemble_masked.maf,1,1
TCGA-14-3477tumor,Transcriptome Profiling,miRNA Expression Quantification,e9e14094-0edf-42f4-8ee8-7ac2b1efb7c5,3fdf02e4-7a72-496b-ad7f-705736d44070.mirnaseq.mirnas.quantification.txt,1,1
TCGA-14-4157tumor,Copy Number Variation,Gene Level Copy Number,"76c90bfb-50ba-4a4b-ba7e-a754e9b6ba42,831eb683-821b-46ea-a806-1ec494ef46e5,69ab8b44-63b5-4e68-bbaf-aa43b9b883bc","TCGA-GBM.b3a4c3ef-9959-4bc5-ba4b-9272b1c9d40c.absolute_liftover.gene_level_copy_number.v36.tsv,TCGA-GBM.b3a4c3ef-9959-4bc5-ba4b-9272b1c9d40c.gene_level_copy_number.v36.tsv,TCGA-GBM.b3a4c3ef-9959-4bc5-ba4b-9272b1c9d40c.ascat3.gene_level_copy_number.v36.tsv",3,3
TCGA-14-4157tumor,DNA Methylation,Methylation Beta Value,61bc696d-7fdc-4c0e-a0b2-168793aca61d,220448ca-a103-4e02-a8d4-8090f9278026.methylation_array.sesame.level3betas.txt,1,1
TCGA-14-4157tumor,Simple Nucleotide Variation,Masked Somatic Mutation,487c7329-c5ca-4921-954a-5347082144b4,08243a6d-9f72-475f-acd7-1d9c268cc648.wxs.aliquot_ensemble_masked.maf,1,1
TCGA-14-4157tumor,Transcriptome Profiling,Gene Expression Quantification,2bac85df-4900-41cd-a2ae-e33db7abd9d1,2c3f2491-4d3b-41da-9866-94644fc8d102.rna_seq.augmented_star_gene_counts.tsv,1,1
TCGA-14-4157tumor,Transcriptome Profiling,miRNA Expression Quantification,b6e1a350-e739-44c8-a8ba-ca775216195c,6c33f341-1654-4d72-97fb-b6bb1214aea7.mirnaseq.mirnas.quantification.txt,1,1
TCGA-15-0742tumor,Copy Number Variation,Gene Level Copy Number,"958a5e24-2a5c-4fcc-a6ca-70ab1bc95671,825bacb0-f35d-4769-b025-754d55f33a6e,227405fa-cb75-4a6c-b3d4-4602679bebe3","TCGA-GBM.24b08267-c9a1-476d-a423-c25f18512ae8.gene_level_copy_number.v36.tsv,TCGA-GBM.24b08267-c9a1-476d-a423-c25f18512ae8.absolute_liftover.gene_level_copy_number.v36.tsv,TCGA-GBM.24b08267-c9a1-476d-a423-c25f18512ae8.ascat3.gene_level_copy_number.v36.tsv",3,3
TCGA-15-0742tumor,Simple Nucleotide Variation,Masked Somatic Mutation,"1cf9d9a0-15c4-4809-adc8-d99a470cd01c,927c2f24-7d49-4532-9e3a-82319af8b926","db2037b2-db0b-4a01-a09f-4a80755615d4.wxs.aliquot_ensemble_masked.maf,97d478cc-28cf-4777-93e0-7a0cb1a5599c.wxs.aliquot_ensemble_masked.maf",2,2
TCGA-15-0742tumor,Transcriptome Profiling,Gene Expression Quantification,"91f35b8f-8c60-4716-8c90-b52b40ef56b3,a2fc40c6-a139-4669-b062-09b11b342088","ef9cc9ef-1cf3-46fc-b3cb-06ea0582b7fa.rna_seq.augmented_star_gene_counts.tsv,df304df6-1168-4314-aa2a-48bf5f3f8bd7.rna_seq.augmented_star_gene_counts.tsv",2,2
TCGA-15-0742tumor,Transcriptome Profiling,miRNA Expression Quantification,cd698daf-2e5b-4a2d-8844-80b3bb56679d,6025c836-293d-4b06-8f8e-93368680ce33.mirnaseq.mirnas.quantification.txt,1,1
TCGA-15-1446tumor,Copy Number Variation,Gene Level Copy Number,"ac45611b-a286-4004-aab5-730abaca2ad7,469788cd-a419-452e-b36a-8cbefcd84829,f3d79d86-7a7c-4855-92c6-114252d6ee5c","TCGA-GBM.bebc20c2-a50b-4e90-9fcd-8f1d6df75727.ascat3.gene_level_copy_number.v36.tsv,TCGA-GBM.bebc20c2-a50b-4e90-9fcd-8f1d6df75727.gene_level_copy_number.v36.tsv,TCGA-GBM.bebc20c2-a50b-4e90-9fcd-8f1d6df75727.absolute_liftover.gene_level_copy_number.v36.tsv",3,3
TCGA-15-1446tumor,DNA Methylation,Methylation Beta Value,4036be65-ce66-41ee-a075-3b3d8ea602e8,795b9f16-3056-4d4c-bcb7-7bb060d48e44.methylation_array.sesame.level3betas.txt,1,1
TCGA-15-1446tumor,Simple Nucleotide Variation,Masked Somatic Mutation,b423aa19-49ba-435c-9e91-339069c75ed2,b461643b-8b32-409d-b9ed-2cda5f996f3f.wxs.aliquot_ensemble_masked.maf,1,1
TCGA-15-1446tumor,Transcriptome Profiling,miRNA Expression Quantification,c2d35e1d-1541-4af1-b9a0-a1613d30d8b6,cab62fee-293b-4bca-9884-0f3770473f49.mirnaseq.mirnas.quantification.txt,1,1
TCGA-16-0846tumor,Copy Number Variation,Gene Level Copy Number,"26f05977-d2bf-4ad7-9056-616ccd26a72b,6a6ff5d8-9b7a-4d26-89fd-19d2bbd4a79b,87b74712-a89f-4c62-9f5f-30f428c28be6","TCGA-GBM.8851bf6a-af6f-4491-8c33-f606dc3ef91c.absolute_liftover.gene_level_copy_number.v36.tsv,TCGA-GBM.8851bf6a-af6f-4491-8c33-f606dc3ef91c.ascat3.gene_level_copy_number.v36.tsv,TCGA-GBM.8851bf6a-af6f-4491-8c33-f606dc3ef91c.gene_level_copy_number.v36.tsv",3,3
TCGA-16-0846tumor,DNA Methylation,Methylation Beta Value,c07608e4-5e8c-41c7-92d2-5567e51ecaf4,24ab98eb-02eb-4866-b107-cc5967eedc58.methylation_array.sesame.level3betas.txt,1,1
TCGA-16-0846tumor,Simple Nucleotide Variation,Masked Somatic Mutation,"a9e4beea-4851-43dd-bbba-58139b6bc034,0ddb96f5-835f-4653-be32-7272a248e00a","6ab5e5e3-0bb8-4ad0-b050-82794af054aa.wxs.aliquot_ensemble_masked.maf,dd38bc6b-723a-4368-afec-8070ee863432.wxs.aliquot_ensemble_masked.maf",2,2
TCGA-16-0846tumor,Transcriptome Profiling,Gene Expression Quantification,"cf92132f-edaf-47dc-9469-69f3cef16737,5839c040-bff3-4c8d-82ee-45d0bc793963","7753deb5-3885-44ca-be8b-8ff6ab9d7e30.rna_seq.augmented_star_gene_counts.tsv,fd950816-2bc3-4e25-90b4-6a6a049cd809.rna_seq.augmented_star_gene_counts.tsv",2,2
TCGA-16-0846tumor,Transcriptome Profiling,miRNA Expression Quantification,ceadf086-fd0b-4bce-8f09-7a3dde3e3544,3c44ad0d-b223-4791-846a-cacf47ed95c4.mirnaseq.mirnas.quantification.txt,1,1
TCGA-16-0848tumor,Copy Number Variation,Gene Level Copy Number,"50b0fe76-44cb-4fdd-9f3b-5e21ec120622,286d77d5-ef03-42d1-b90e-fc82052164f6,477cbb3c-4512-4e2b-abb7-c8b4980a87c9","TCGA-GBM.79aae24b-9e90-4c78-afc9-d3e485cba11e.absolute_liftover.gene_level_copy_number.v36.tsv,TCGA-GBM.79aae24b-9e90-4c78-afc9-d3e485cba11e.gene_level_copy_number.v36.tsv,TCGA-GBM.79aae24b-9e90-4c78-afc9-d3e485cba11e.ascat3.gene_level_copy_number.v36.tsv",3,3
TCGA-16-0848tumor,DNA Methylation,Methylation Beta Value,b23909ce-03b7-4aa4-8f3a-9bfc3f5a7a7d,36218eec-eef7-49f8-a315-aa63a5957f20.methylation_array.sesame.level3betas.txt,1,1
TCGA-16-0848tumor,Simple Nucleotide Variation,Masked Somatic Mutation,"5d0799f7-43b6-4321-93bd-313fde9f010f,192041a9-6ff6-4e10-94c8-12a31849a790","85c66fa1-9f67-41ac-84c0-704080197413.wxs.aliquot_ensemble_masked.maf,ea7fd4f3-a4df-4513-94c5-e54367a75dc4.wxs.aliquot_ensemble_masked.maf",2,2
TCGA-16-0849tumor,Copy Number Variation,Gene Level Copy Number,"a7576844-d32c-4bc3-ac84-a330f93a3109,4e378589-eade-42d4-a606-20ff9295b8ea,6e5a1219-dbb8-4287-bc34-d1b19692f573","TCGA-GBM.ee9a24bf-6f87-41b1-900f-131bef67b977.ascat3.gene_level_copy_number.v36.tsv,TCGA-GBM.ee9a24bf-6f87-41b1-900f-131bef67b977.absolute_liftover.gene_level_copy_number.v36.tsv,TCGA-GBM.ee9a24bf-6f87-41b1-900f-131bef67b977.gene_level_copy_number.v36.tsv",3,3
TCGA-16-0849tumor,DNA Methylation,Methylation Beta Value,3e3db074-35bf-4a75-bc88-588b69be86b2,b8535f6c-eaf1-4259-9ab4-83ee93e14236.methylation_array.sesame.level3betas.txt,1,1
TCGA-16-0849tumor,Simple Nucleotide Variation,Masked Somatic Mutation,5442f31d-8273-4f6c-aa47-72b5b0cbb198,2e973347-8997-4031-9686-a4a3601f96f6.wxs.aliquot_ensemble_masked.maf,1,1
TCGA-16-0849tumor,Transcriptome Profiling,Gene Expression Quantification,9278a510-405e-4dd0-a083-a368234581ad,f4e07a40-74e5-4c35-ae98-7ca190fff6c9.rna_seq.augmented_star_gene_counts.tsv,1,1
TCGA-16-0849tumor,Transcriptome Profiling,miRNA Expression Quantification,c94bea86-bca2-4347-a405-b5a0258aa783,edc0dbb9-609d-40d9-9f51-a6c60e18347c.mirnaseq.mirnas.quantification.txt,1,1
TCGA-16-0850tumor,Copy Number Variation,Gene Level Copy Number,"7e939f7c-da53-4c8e-8bf5-e5289b9099f4,c4e1a362-710d-489a-8247-aebf33c65ab1,039c7b54-a472-4759-b05e-9e28c6414742","TCGA-GBM.a3b3ef40-aced-4679-a468-17c4a2e16500.ascat3.gene_level_copy_number.v36.tsv,TCGA-GBM.a3b3ef40-aced-4679-a468-17c4a2e16500.gene_level_copy_number.v36.tsv,TCGA-GBM.a3b3ef40-aced-4679-a468-17c4a2e16500.absolute_liftover.gene_level_copy_number.v36.tsv",3,3
TCGA-16-0850tumor,DNA Methylation,Methylation Beta Value,7319f34f-7bfc-429c-ba9e-83257888cba5,ff47dd82-1c43-43f9-bcd9-6645dd7b37cc.methylation_array.sesame.level3betas.txt,1,1
TCGA-16-0850tumor,Simple Nucleotide Variation,Masked Somatic Mutation,d8510831-55df-4406-864f-7c9b5281fea8,3c266af3-0e61-4cd3-943e-241a73869c41.wxs.aliquot_ensemble_masked.maf,1,1
TCGA-16-0850tumor,Transcriptome Profiling,Gene Expression Quantification,0d82cb5e-2e4e-4879-9b7e-b929fb590c0a,b556f213-9004-45b1-ab97-09cbac4406c4.rna_seq.augmented_star_gene_counts.tsv,1,1
TCGA-16-0850tumor,Transcriptome Profiling,miRNA Expression Quantification,72628074-dab6-44a2-acac-25275b2c75aa,200f076b-547e-4ef7-b8e1-b1f14729bed5.mirnaseq.mirnas.quantification.txt,1,1
TCGA-16-0861tumor,Copy Number Variation,Gene Level Copy Number,"2a205553-70d5-4d5d-8c3e-8e4d21fc792a,42317bab-064c-4863-a2d0-4934bf9f1cc8,71ee0216-121a-451c-b0fc-12e5e9280daf","TCGA-GBM.2b773bf3-0849-4f54-a443-b8bb2f3b3bd0.absolute_liftover.gene_level_copy_number.v36.tsv,TCGA-GBM.2b773bf3-0849-4f54-a443-b8bb2f3b3bd0.gene_level_copy_number.v36.tsv,TCGA-GBM.2b773bf3-0849-4f54-a443-b8bb2f3b3bd0.ascat3.gene_level_copy_number.v36.tsv",3,3
TCGA-16-0861tumor,DNA Methylation,Methylation Beta Value,9983328e-6cfc-479e-ba6d-25fd81526acb,9716987a-03f5-44a4-b2f0-7febb63d715a.methylation_array.sesame.level3betas.txt,1,1
TCGA-16-0861tumor,Simple Nucleotide Variation,Masked Somatic Mutation,"830157d1-4b29-4766-ae58-9a4de26e3eff,3ba7d3a9-8984-4c85-8d76-a6ded3a78223","f6efe148-56d8-4fdd-b577-7ed0e1a52318.wxs.aliquot_ensemble_masked.maf,bff1c316-b080-4ee6-bafb-95d3e6a51e8c.wxs.aliquot_ensemble_masked.maf",2,2
TCGA-16-0861tumor,Transcriptome Profiling,miRNA Expression Quantification,d30776af-d59f-4f55-9bc8-214f732daeda,47690c55-5354-40d8-b126-b4036ffd2858.mirnaseq.mirnas.quantification.txt,1,1
TCGA-16-1045tumor,Copy Number Variation,Gene Level Copy Number,"7b61d1da-3587-44da-aef2-9f052db5e9e6,14550d7c-5973-491d-9682-5680b1003934,9e5170e0-dd88-4536-8ab9-a429dd081aa0","TCGA-GBM.fdb187e0-222a-4aba-be6c-f719a63ede52.gene_level_copy_number.v36.tsv,TCGA-GBM.fdb187e0-222a-4aba-be6c-f719a63ede52.absolute_liftover.gene_level_copy_number.v36.tsv,TCGA-GBM.fdb187e0-222a-4aba-be6c-f719a63ede52.ascat3.gene_level_copy_number.v36.tsv",3,3
TCGA-16-1045tumor,DNA Methylation,Methylation Beta Value,50e353b3-5d4e-43e3-b94b-9102af9908be,71c38ad4-1e2e-4ac8-a39c-45e4a19016a2.methylation_array.sesame.level3betas.txt,1,1
TCGA-16-1045tumor,Simple Nucleotide Variation,Masked Somatic Mutation,"637c1b5f-db7e-4784-a469-2482a2466874,a46c5c7b-7c96-47b0-bfd9-a5a30cd99ee6","4f73788d-be0e-4777-ad12-3005188ebcea.wxs.aliquot_ensemble_masked.maf,4199ef27-f06b-4e1e-ac68-cbddc1424939.wxs.aliquot_ensemble_masked.maf",2,2
TCGA-16-1045tumor,Transcriptome Profiling,Gene Expression Quantification,2f3ed4ce-16b8-447d-9b18-d1e95d21de76,6394059f-8ec8-4fe7-80bc-3650c76b4499.rna_seq.augmented_star_gene_counts.tsv,1,1
TCGA-16-1045tumor,Transcriptome Profiling,miRNA Expression Quantification,a67c6d85-1cad-423e-a218-4ad063887312,c96d6a9f-d7d9-4690-9c10-e65d4a62a14b.mirnaseq.mirnas.quantification.txt,1,1
TCGA-16-1048tumor,Copy Number Variation,Gene Level Copy Number,"b7c982b6-4296-475e-95e6-265b42877fe5,9ed93086-a0ef-4aa5-8ebb-b624476c8683,d3ba7e14-8fbb-4fb6-9968-289584d54e61","TCGA-GBM.d5053d9f-5ff5-4682-8df7-95284eea011a.gene_level_copy_number.v36.tsv,TCGA-GBM.d5053d9f-5ff5-4682-8df7-95284eea011a.absolute_liftover.gene_level_copy_number.v36.tsv,TCGA-GBM.d5053d9f-5ff5-4682-8df7-95284eea011a.ascat3.gene_level_copy_number.v36.tsv",3,3
TCGA-16-1048tumor,DNA Methylation,Methylation Beta Value,02b92dc9-bb86-4079-a05f-8ae3c7ef87da,6c2c5c0e-1012-47e5-9e70-6692440c33cd.methylation_array.sesame.level3betas.txt,1,1
TCGA-16-1048tumor,Simple Nucleotide Variation,Masked Somatic Mutation,d336cd05-a1a9-4d61-af68-a8ac23bb63a9,1c88306a-8eab-47ad-9342-4f501627a414.wxs.aliquot_ensemble_masked.maf,1,1
TCGA-16-1048tumor,Transcriptome Profiling,miRNA Expression Quantification,e722c230-f911-4cf1-80b4-8b0de6b6228d,dfe781c5-a162-4c18-aa54-7044b3d7a204.mirnaseq.mirnas.quantification.txt,1,1
TCGA-16-1460tumor,Copy Number Variation,Gene Level Copy Number,"bf9c9953-db73-449d-b6b8-cb8add5d57cf,6a57ace8-1781-4ff4-ae18-6321328bac62,ce3a2f63-73ac-42a0-9090-3ae9a2dbd78e","TCGA-GBM.eea8353e-9af6-4a97-90b1-1769342ae509.absolute_liftover.gene_level_copy_number.v36.tsv,TCGA-GBM.eea8353e-9af6-4a97-90b1-1769342ae509.gene_level_copy_number.v36.tsv,TCGA-GBM.eea8353e-9af6-4a97-90b1-1769342ae509.ascat3.gene_level_copy_number.v36.tsv",3,3
TCGA-16-1460tumor,DNA Methylation,Methylation Beta Value,7ffa9354-7934-4054-bec3-4cb5bb7333fa,53585377-fa01-4a16-b30b-9fbf648d5b8d.methylation_array.sesame.level3betas.txt,1,1
TCGA-16-1460tumor,Simple Nucleotide Variation,Masked Somatic Mutation,147d062c-734c-4c7e-aa89-44881e425946,ed7db004-fa9a-4f64-8c94-8538d692eef3.wxs.aliquot_ensemble_masked.maf,1,1
TCGA-16-1460tumor,Transcriptome Profiling,Gene Expression Quantification,cefe943b-5892-4254-a884-bb5414b0194c,1ceaa856-24da-428c-ae0a-c8c5ec039853.rna_seq.augmented_star_gene_counts.tsv,1,1
TCGA-16-1460tumor,Transcriptome Profiling,miRNA Expression Quantification,7fd052c6-8b57-49a9-9ad9-05422e6e8e2a,cbc53a07-7feb-407a-9a47-a14340f9ca56.mirnaseq.mirnas.quantification.txt,1,1
TCGA-19-0957tumor,Copy Number Variation,Gene Level Copy Number,"3adec9b6-f4a3-4865-ba87-647d8f9ebe39,43fd7f47-1592-4444-aa06-2b02dd0eb1e4,7c060176-8126-4868-84f8-5ce5684cc237,b2b8903c-8201-453b-a489-dd15b3a150fa","TCGA-GBM.c3819352-5915-487c-89c2-7b943d8436a2.gene_level_copy_number.v36.tsv,TCGA-GBM.6ef0a6b6-1472-4471-8c3e-0e5596a9158c.absolute_liftover.gene_level_copy_number.v36.tsv,TCGA-GBM.6ef0a6b6-1472-4471-8c3e-0e5596a9158c.ascat3.gene_level_copy_number.v36.tsv,TCGA-GBM.6ef0a6b6-1472-4471-8c3e-0e5596a9158c.gene_level_copy_number.v36.tsv",4,4
TCGA-19-0957tumor,DNA Methylation,Methylation Beta Value,"84571a26-d425-473e-b488-140a656e9dfb,9a397419-31d2-49b0-b71d-8bec02bab821,42029144-741b-4171-b8b0-71ec81b3bb41","df7315d6-f9a5-4370-9ae9-f5c35ae14022.methylation_array.sesame.level3betas.txt,4a458546-5360-4050-82ea-a2ebebb43f9a.methylation_array.sesame.level3betas.txt,67f85afa-477f-493c-9510-58595f3680f0.methylation_array.sesame.level3betas.txt",3,3
TCGA-19-0957tumor,Simple Nucleotide Variation,Masked Somatic Mutation,"d3b13f3b-c426-4c7b-874d-5f1508e9ddd9,8de11478-834a-42f0-ab0b-090d06b12b8d","5081b73a-9827-4b0c-848c-873ae9bc6890.wxs.aliquot_ensemble_masked.maf,fb44dc1a-18d0-4726-9a6c-5392f757acb3.wxs.aliquot_ensemble_masked.maf",2,2
TCGA-19-0957tumor,Transcriptome Profiling,Gene Expression Quantification,2458c146-74ef-4c2a-b2b4-1bb6ab5292a9,fd0dc2d4-4a8e-4f37-8e1c-320193ace083.rna_seq.augmented_star_gene_counts.tsv,1,1
TCGA-19-0957tumor,Transcriptome Profiling,miRNA Expression Quantification,da0938cc-b6f4-45a1-9de7-df82d431d6b5,b2e57557-7f0a-4d8d-8f9d-cae566d00ee0.mirnaseq.mirnas.quantification.txt,1,1
TCGA-19-1385tumor,Copy Number Variation,Gene Level Copy Number,"1227059a-8354-4817-8a55-07ecf41c2e57,16ce86de-cd21-43a6-b60c-305be2fd7f54,5d81f3bc-be55-4e5e-93f3-e5650c0ea885","TCGA-GBM.6e34f350-12ff-4d89-b6d4-82ef94a760c9.gene_level_copy_number.v36.tsv,TCGA-GBM.6e34f350-12ff-4d89-b6d4-82ef94a760c9.ascat3.gene_level_copy_number.v36.tsv,TCGA-GBM.6e34f350-12ff-4d89-b6d4-82ef94a760c9.absolute_liftover.gene_level_copy_number.v36.tsv",3,3
TCGA-19-1385tumor,DNA Methylation,Methylation Beta Value,2b4c34d7-8ac1-4694-a46c-5e6308f72448,62cf29a6-a712-4ccd-9d80-ab28a42e4f3e.methylation_array.sesame.level3betas.txt,1,1
TCGA-19-1385tumor,Simple Nucleotide Variation,Masked Somatic Mutation,97a040ad-48f0-4579-b812-47e08f0bfb5f,1aedce8a-f0c9-4a67-beff-b29bad296eb8.wxs.aliquot_ensemble_masked.maf,1,1
TCGA-19-1385tumor,Transcriptome Profiling,Gene Expression Quantification,6410bbd2-aeb4-4c5e-aa6b-38acac7333ed,9858ebaa-c001-462d-a0d2-7d302f4aaba1.rna_seq.augmented_star_gene_counts.tsv,1,1
TCGA-19-1385tumor,Transcriptome Profiling,miRNA Expression Quantification,666ae9ab-a421-4de2-88cb-0f4a845e804d,6e3941da-d57e-4f2b-8fbd-4d0e32fd8568.mirnaseq.mirnas.quantification.txt,1,1
TCGA-19-1386tumor,Copy Number Variation,Gene Level Copy Number,"2d3238ed-1fb5-43f5-bdbb-5859c4d03b6e,b79fda43-2d79-4703-86a1-a33dfbff921d,3ea55c62-b5e6-4080-843f-a15625eec710","TCGA-GBM.91663734-5f5b-426b-99c3-2f12d4167e96.gene_level_copy_number.v36.tsv,TCGA-GBM.91663734-5f5b-426b-99c3-2f12d4167e96.ascat3.gene_level_copy_number.v36.tsv,TCGA-GBM.91663734-5f5b-426b-99c3-2f12d4167e96.absolute_liftover.gene_level_copy_number.v36.tsv",3,3
TCGA-19-1386tumor,DNA Methylation,Methylation Beta Value,2b67cf30-002b-4f83-9575-4edc338130ce,03cb3c09-96e4-4e0b-a5cf-0b8bd3448c7c.methylation_array.sesame.level3betas.txt,1,1
TCGA-19-1386tumor,Simple Nucleotide Variation,Masked Somatic Mutation,e11848f3-ddcd-49df-a69e-2d0f65afb805,72729842-720b-44a4-9ebc-395165601d67.wxs.aliquot_ensemble_masked.maf,1,1
TCGA-19-1386tumor,Transcriptome Profiling,Gene Expression Quantification,931f8492-0d56-4250-aefb-7b2bca8259da,f7a52a43-18a5-42bf-b016-6a988b5d5c46.rna_seq.augmented_star_gene_counts.tsv,1,1
TCGA-19-1386tumor,Transcriptome Profiling,miRNA Expression Quantification,72289622-bd43-4037-97ce-8ff1b05a63ec,d2ce69ee-020a-4eb4-a585-3d180b20f5f5.mirnaseq.mirnas.quantification.txt,1,1
TCGA-19-1387tumor,Copy Number Variation,Gene Level Copy Number,"add668cc-1d7a-49ba-8edd-5a905eb86d6a,e18be326-11de-43bd-933f-f48be16a966f,baf058ea-e6e4-40c1-a0f4-52f4e674f6ed","TCGA-GBM.a70ea172-304b-45ef-9653-4b37324a91d6.gene_level_copy_number.v36.tsv,TCGA-GBM.a70ea172-304b-45ef-9653-4b37324a91d6.ascat3.gene_level_copy_number.v36.tsv,TCGA-GBM.a70ea172-304b-45ef-9653-4b37324a91d6.absolute_liftover.gene_level_copy_number.v36.tsv",3,3
TCGA-19-1387tumor,DNA Methylation,Methylation Beta Value,36182bd5-88f4-4314-a4c8-30e6cf8a00b7,77945aaf-b8b0-4f44-bb84-cdde8fd2ddde.methylation_array.sesame.level3betas.txt,1,1
TCGA-19-1387tumor,Simple Nucleotide Variation,Masked Somatic Mutation,db364504-f4c0-43d5-bd7f-059bdfb9fe95,3ee853e4-e5f9-4116-8b9d-5633e21dce97.wxs.aliquot_ensemble_masked.maf,1,1
TCGA-19-1387tumor,Transcriptome Profiling,Gene Expression Quantification,82ff78cf-87af-475f-9eae-0d6137734028,8a3d5786-f5fe-4c3b-9a58-23a3a0bfa6d4.rna_seq.augmented_star_gene_counts.tsv,1,1
TCGA-19-1387tumor,Transcriptome Profiling,miRNA Expression Quantification,ca2560a4-15bf-4d69-84e2-98ec58733724,9f805a5f-f9d7-4ad2-b69a-76f74d99d7fc.mirnaseq.mirnas.quantification.txt,1,1
TCGA-19-1389tumor,Copy Number Variation,Gene Level Copy Number,"f23c999d-eaf1-4aac-82fa-702b418e80d4,2b74fa83-af37-45a6-86df-0ee28e3c8383,9fae0bfc-222c-4a87-a874-62eb1aa186e0,b581b695-050a-4912-8e96-b736563883fd","TCGA-GBM.e0aee51e-d8b2-44f1-a19d-a12bfb5ff0c4.gene_level_copy_number.v36.tsv,TCGA-GBM.22389f61-9d76-4228-b053-0ceb94b1d2da.ascat3.gene_level_copy_number.v36.tsv,TCGA-GBM.22389f61-9d76-4228-b053-0ceb94b1d2da.absolute_liftover.gene_level_copy_number.v36.tsv,TCGA-GBM.22389f61-9d76-4228-b053-0ceb94b1d2da.gene_level_copy_number.v36.tsv",4,4
TCGA-19-1389tumor,DNA Methylation,Methylation Beta Value,"d956f6fb-b7de-4165-8d64-c1e3670f254f,b50fe404-8ff0-4b68-ad80-6d04fcd51a82,dea7ace4-2446-4376-96e3-4e4e9e96bcb2","ea72bfcd-3b14-4518-9e1d-8ad07dbc7332.methylation_array.sesame.level3betas.txt,654f1d64-e6c6-4d79-8292-a6e7c63b1f23.methylation_array.sesame.level3betas.txt,bb4b0f11-e57d-4d80-a6ec-40de4a6214a5.methylation_array.sesame.level3betas.txt",3,3
TCGA-19-1389tumor,Simple Nucleotide Variation,Masked Somatic Mutation,71fc7244-33c9-4e24-b9f7-cb5a68449298,8588571e-3d80-41e1-a712-b2e90b7aa491.wxs.aliquot_ensemble_masked.maf,1,1
TCGA-19-1389tumor,Transcriptome Profiling,Gene Expression Quantification,"2c956eb1-35be-4653-b43b-04df722e82f2,34eded85-bb51-4577-a728-152f6914ed1a","e2304515-3868-4f25-9967-900a3ae600be.rna_seq.augmented_star_gene_counts.tsv,e88178d8-35c0-4578-b52b-30ebe4847b6e.rna_seq.augmented_star_gene_counts.tsv",2,2
TCGA-19-1389tumor,Transcriptome Profiling,miRNA Expression Quantification,b7381437-1682-4f49-8a57-5d63aecb37a4,153537fd-4dba-43fc-9f6a-1e04a85432fb.mirnaseq.mirnas.quantification.txt,1,1
TCGA-19-1390tumor,Copy Number Variation,Gene Level Copy Number,"4c33f4e7-034d-4a5d-8a3c-0fd4997388cb,46890067-ab87-4459-9f97-e6a5035a6d65,afa754af-69a2-4770-8b74-d1d5dcf52a2d","TCGA-GBM.0438a25c-ddd7-4d84-8c33-b29def47e687.absolute_liftover.gene_level_copy_number.v36.tsv,TCGA-GBM.0438a25c-ddd7-4d84-8c33-b29def47e687.ascat3.gene_level_copy_number.v36.tsv,TCGA-GBM.0438a25c-ddd7-4d84-8c33-b29def47e687.gene_level_copy_number.v36.tsv",3,3
TCGA-19-1390tumor,DNA Methylation,Methylation Beta Value,4fe74aec-5631-4133-ab32-88e18d898c35,32019f0d-b756-48f2-bbba-917cb23fa2fa.methylation_array.sesame.level3betas.txt,1,1
TCGA-19-1390tumor,Simple Nucleotide Variation,Masked Somatic Mutation,"70102d73-26b4-4978-92e1-9dc84b20e115,e26969fe-c820-43c4-8059-9127218fcce0","51327b11-a53a-4385-b9b3-ab68a6b0f3d4.wxs.aliquot_ensemble_masked.maf,433885a8-f947-48f1-a694-d1508a773dc2.wxs.aliquot_ensemble_masked.maf",2,2
TCGA-19-1390tumor,Transcriptome Profiling,Gene Expression Quantification,e676c661-cae3-4755-a90f-e632a3d82850,113df549-f143-4c50-8e18-7c2159bda4eb.rna_seq.augmented_star_gene_counts.tsv,1,1
TCGA-19-1390tumor,Transcriptome Profiling,miRNA Expression Quantification,adefbe34-dce1-4730-8df2-71ec6be469f1,d541b4ee-a771-46cc-b169-973ea7f00024.mirnaseq.mirnas.quantification.txt,1,1
TCGA-19-1786tumor,Copy Number Variation,Gene Level Copy Number,"3adaba13-a77d-4d75-abfe-c064f42e6fbe,2bee9953-ea7d-4837-b47f-72bce457e5ac,9633fbda-4538-47d4-bdbc-7ae091b02a1c","TCGA-GBM.f6c93e6a-c6d7-42dd-8295-3d3959bc3d9f.gene_level_copy_number.v36.tsv,TCGA-GBM.f6c93e6a-c6d7-42dd-8295-3d3959bc3d9f.absolute_liftover.gene_level_copy_number.v36.tsv,TCGA-GBM.f6c93e6a-c6d7-42dd-8295-3d3959bc3d9f.ascat3.gene_level_copy_number.v36.tsv",3,3
TCGA-19-1786tumor,DNA Methylation,Methylation Beta Value,791f23ee-168b-43ca-9e49-f7e8a3dde6b1,776224d0-98cf-41cb-b23b-358da5b1b201.methylation_array.sesame.level3betas.txt,1,1
TCGA-19-1786tumor,Simple Nucleotide Variation,Masked Somatic Mutation,6168b1f3-8ebc-464d-af0c-01e85c82c96b,e44173c6-63c9-407e-ac31-e6960af7ee52.wxs.aliquot_ensemble_masked.maf,1,1
TCGA-19-1786tumor,Transcriptome Profiling,miRNA Expression Quantification,af31c433-3aa4-44e3-9317-9120568c3708,db9d859f-406a-4ea4-ac07-5821a29793c5.mirnaseq.mirnas.quantification.txt,1,1
TCGA-19-1787tumor,Copy Number Variation,Gene Level Copy Number,"fe2b4ccc-d444-4b55-b911-1be8367efa29,e50a1fa9-ab5f-4135-bf2d-4ad668a67ac6,0a1f0ce3-5c34-49df-8e80-70e89b783883","TCGA-GBM.1aea6dc4-7d0e-40c8-bc22-4640f8593873.ascat3.gene_level_copy_number.v36.tsv,TCGA-GBM.1aea6dc4-7d0e-40c8-bc22-4640f8593873.absolute_liftover.gene_level_copy_number.v36.tsv,TCGA-GBM.1aea6dc4-7d0e-40c8-bc22-4640f8593873.gene_level_copy_number.v36.tsv",3,3
TCGA-19-1787tumor,DNA Methylation,Methylation Beta Value,7581b6c6-f41b-409c-8a27-708b32533b09,4cfee232-dedf-4a70-8a29-bf4ad0de9afd.methylation_array.sesame.level3betas.txt,1,1
TCGA-19-1787tumor,Simple Nucleotide Variation,Masked Somatic Mutation,"d387d308-e492-48d4-b5cc-090713697338,210ed92f-448c-4b67-942d-c9c41d7ced06","5acb6ac8-fae8-45c7-890c-61371610570c.wxs.aliquot_ensemble_masked.maf,4240a236-7f1a-42b7-b74d-ea523e7de149.wxs.aliquot_ensemble_masked.maf",2,2
TCGA-19-1787tumor,Transcriptome Profiling,Gene Expression Quantification,"1a23f004-dde1-4a0e-8991-0686182e92a5,2c257408-2e69-4424-9fb2-6512f4d88b6b","17eedf5a-cad4-460d-bf28-9539ed131e5a.rna_seq.augmented_star_gene_counts.tsv,19f6db33-bd74-44aa-9f00-c31903e88abf.rna_seq.augmented_star_gene_counts.tsv",2,2
TCGA-19-1787tumor,Transcriptome Profiling,miRNA Expression Quantification,56efa5df-15a9-4077-b421-790d1dd8aa5d,f29f6b9f-7f93-434c-851e-7942cc82f9f9.mirnaseq.mirnas.quantification.txt,1,1
TCGA-19-1788tumor,Copy Number Variation,Gene Level Copy Number,ca3afd4d-27e5-4576-aaee-bb41ba23c0d7,TCGA-GBM.870e9bd2-c4d6-45b8-9cb8-125cdacf61d0.ascat3.gene_level_copy_number.v36.tsv,1,1
TCGA-19-1788tumor,DNA Methylation,Methylation Beta Value,046cb3d4-6b23-45ce-b8ff-0911d2aaa123,98a4eca3-b597-438b-9d8d-4066f86786f2.methylation_array.sesame.level3betas.txt,1,1
TCGA-19-1788tumor,Simple Nucleotide Variation,Masked Somatic Mutation,7b732dc5-7957-4828-968d-028f80b8adfd,8f9f11a5-2fc4-49f6-a72b-a37e67de1473.wxs.aliquot_ensemble_masked.maf,1,1
TCGA-19-1788tumor,Transcriptome Profiling,miRNA Expression Quantification,85a26520-0f0e-4106-8dcf-5f02635c9699,fd66f16c-865f-4e84-8b2c-327feffd5af8.mirnaseq.mirnas.quantification.txt,1,1
TCGA-19-1789tumor,Copy Number Variation,Gene Level Copy Number,"474e96e2-db4a-4342-9f3e-2e8f954a31f8,9d02c84b-43d9-489a-a2c6-66c0ead765c6,488c60b4-a453-4763-8b25-358d6ef0d203","TCGA-GBM.fa682451-264d-4c71-bce4-b26e318bd1d5.ascat3.gene_level_copy_number.v36.tsv,TCGA-GBM.fa682451-264d-4c71-bce4-b26e318bd1d5.absolute_liftover.gene_level_copy_number.v36.tsv,TCGA-GBM.fa682451-264d-4c71-bce4-b26e318bd1d5.gene_level_copy_number.v36.tsv",3,3
TCGA-19-1789tumor,DNA Methylation,Methylation Beta Value,84768ce1-666f-4e47-adc8-6d2d8e6af0bf,ff85c3cf-cfb7-4e5c-993a-99adf02b1408.methylation_array.sesame.level3betas.txt,1,1
TCGA-19-1789tumor,Simple Nucleotide Variation,Masked Somatic Mutation,45ba29c4-93cb-4a31-9994-956f0e209f7c,3490d99f-2ffb-49b9-bffa-f1bbfdbdc199.wxs.aliquot_ensemble_masked.maf,1,1
TCGA-19-1789tumor,Transcriptome Profiling,miRNA Expression Quantification,4cae6925-6a02-4534-8dd2-72f8af9c9cbe,3e974d02-eaaf-4938-addf-4267bd3a6415.mirnaseq.mirnas.quantification.txt,1,1
TCGA-19-1790tumor,Copy Number Variation,Gene Level Copy Number,e8f7886b-d94a-4e9e-b581-412e9b18e00f,TCGA-GBM.e8676c22-f544-41c3-9075-8c8c9a791db7.ascat3.gene_level_copy_number.v36.tsv,1,1
TCGA-19-1790tumor,DNA Methylation,Methylation Beta Value,81f1cf16-dd34-42b5-8430-9692551a0a2a,6f17c576-f929-4b61-be3b-25c32775dc82.methylation_array.sesame.level3betas.txt,1,1
TCGA-19-1790tumor,Simple Nucleotide Variation,Masked Somatic Mutation,321d0b53-2d86-489f-b3c5-445850aa12f8,c2e278bd-56fd-449b-aef8-bf4ec7dac685.wxs.aliquot_ensemble_masked.maf,1,1
TCGA-19-1790tumor,Transcriptome Profiling,miRNA Expression Quantification,949bf7a7-4e2d-4406-95ac-e211a02c5e41,0ff74a00-5e5d-4533-a2e7-3c93cf161194.mirnaseq.mirnas.quantification.txt,1,1
TCGA-19-1791tumor,Copy Number Variation,Gene Level Copy Number,"d9523d9b-b036-4347-8eb5-209f51e68540,8b3ac076-fe1d-4195-a6cf-7dfe8c3bb636,b6f66849-2ea5-4868-ba0d-9aee77c6b37c","TCGA-GBM.1f1cb063-0de7-456a-884b-c3fc5c284aa5.absolute_liftover.gene_level_copy_number.v36.tsv,TCGA-GBM.1f1cb063-0de7-456a-884b-c3fc5c284aa5.ascat3.gene_level_copy_number.v36.tsv,TCGA-GBM.1f1cb063-0de7-456a-884b-c3fc5c284aa5.gene_level_copy_number.v36.tsv",3,3
TCGA-19-1791tumor,DNA Methylation,Methylation Beta Value,ff752983-9c18-42b3-b141-e9ba750ea7a5,d7052115-1c34-48d5-99d3-0aae220c0f70.methylation_array.sesame.level3betas.txt,1,1
TCGA-19-1791tumor,Simple Nucleotide Variation,Masked Somatic Mutation,c6d99347-e742-4b55-9ee9-9659e6de4445,b8798bea-3b18-4bf1-9262-7e5c0029660f.wxs.aliquot_ensemble_masked.maf,1,1
TCGA-19-1791tumor,Transcriptome Profiling,Gene Expression Quantification,876d7b5c-5f1b-46a2-86a0-d9ce88af6b65,81dcfef2-2a70-4868-bc63-4aeaf924aa7b.rna_seq.augmented_star_gene_counts.tsv,1,1
TCGA-19-1791tumor,Transcriptome Profiling,miRNA Expression Quantification,6dfc3d00-8954-40cb-b930-bcce2012d57b,e53bd5b0-a525-4808-b826-884860f4d2c1.mirnaseq.mirnas.quantification.txt,1,1
TCGA-19-2620tumor,Copy Number Variation,Gene Level Copy Number,"3ee3bf69-baa3-42b8-a3a7-43a9e6717f76,e2187d76-a068-4516-88d7-876f60f2ec44,0d6f7eb7-d498-47a9-810b-65a61936d050","TCGA-GBM.b2eafa4b-c966-4113-b200-2363219e7080.gene_level_copy_number.v36.tsv,TCGA-GBM.b2eafa4b-c966-4113-b200-2363219e7080.absolute_liftover.gene_level_copy_number.v36.tsv,TCGA-GBM.b2eafa4b-c966-4113-b200-2363219e7080.ascat3.gene_level_copy_number.v36.tsv",3,3
TCGA-19-2620tumor,DNA Methylation,Methylation Beta Value,8ba93d16-eb6e-4099-a4c5-51bde56b7746,c6657006-15b2-4af9-81b9-0cea914c30f2.methylation_array.sesame.level3betas.txt,1,1
TCGA-19-2620tumor,Simple Nucleotide Variation,Masked Somatic Mutation,"aa35bff0-d512-4012-91b7-1757d531c654,7abc238e-2980-4638-98be-11df3ea12736","d921e21d-eaf0-4c41-b9c3-c99f9d22a081.wxs.aliquot_ensemble_masked.maf,2f0de2e1-6c31-411e-93b9-aa279ed7bdb6.wxs.aliquot_ensemble_masked.maf",2,2
TCGA-19-2620tumor,Transcriptome Profiling,Gene Expression Quantification,f2eb8d3a-ee6e-4180-921d-0ef8f7d1ead5,1435785d-a1c3-4f05-a369-74a2134d5986.rna_seq.augmented_star_gene_counts.tsv,1,1
TCGA-19-2620tumor,Transcriptome Profiling,miRNA Expression Quantification,1f1dd343-a235-4254-bd44-1d066e6f9c0c,2182e6ee-d87b-402d-a9b3-368410eb5ec2.mirnaseq.mirnas.quantification.txt,1,1
TCGA-19-2621tumor,Copy Number Variation,Gene Level Copy Number,"ce9a4c7c-d183-44e0-8f2f-2d9cf1b86ffb,5618b7bb-7e7d-462e-bb89-84375a96aa5a","TCGA-GBM.7a41f453-a4d0-42fa-8ef0-7ee7710db34f.absolute_liftover.gene_level_copy_number.v36.tsv,TCGA-GBM.7a41f453-a4d0-42fa-8ef0-7ee7710db34f.gene_level_copy_number.v36.tsv",2,2
TCGA-19-2621tumor,DNA Methylation,Methylation Beta Value,0c8f250b-8431-4b13-8465-7d34d85b0952,0fa632b8-6652-459e-9c04-e90998332fd9.methylation_array.sesame.level3betas.txt,1,1
TCGA-19-2621tumor,Simple Nucleotide Variation,Masked Somatic Mutation,db1fbb5b-b437-40de-b0a8-acfe3e05ea84,6566ac57-9632-40d4-b65e-b13b757c7eca.wxs.aliquot_ensemble_masked.maf,1,1
TCGA-19-2621tumor,Transcriptome Profiling,miRNA Expression Quantification,f98e6d67-6d1c-4dac-8774-6ff98a11ccaa,f9d49ce9-7d9e-46b3-8e81-0c930654cbfa.mirnaseq.mirnas.quantification.txt,1,1
TCGA-19-2623tumor,Copy Number Variation,Gene Level Copy Number,"3d3f0546-7960-4d7b-a7ab-6adc0f97b33d,51228c02-e5c9-46c7-b273-6895eb4155b6,2347c2ad-f6be-4437-81c0-abbe5d08daed","TCGA-GBM.37424964-0ef8-44c2-b282-78afa22b52d2.absolute_liftover.gene_level_copy_number.v36.tsv,TCGA-GBM.37424964-0ef8-44c2-b282-78afa22b52d2.ascat3.gene_level_copy_number.v36.tsv,TCGA-GBM.37424964-0ef8-44c2-b282-78afa22b52d2.gene_level_copy_number.v36.tsv",3,3
TCGA-19-2623tumor,DNA Methylation,Methylation Beta Value,3a9510cc-81cf-4268-93b2-7491ca50ce54,fbff6fe0-90d5-49e8-8486-c32903d810d2.methylation_array.sesame.level3betas.txt,1,1
TCGA-19-2623tumor,Simple Nucleotide Variation,Masked Somatic Mutation,8a3d3c86-da43-4101-baf2-b7ee2c52a471,9dd1dc71-59f0-486e-aebd-4581ba954d15.wxs.aliquot_ensemble_masked.maf,1,1
TCGA-19-2624tumor,Copy Number Variation,Gene Level Copy Number,"951c103a-b903-4c47-8667-770d8324d892,0296b6ed-0346-4b68-becd-9eb768f6ae10,3a518e56-7f35-4d3d-ba86-3119de319233","TCGA-GBM.dfb04e43-26eb-43b8-ad51-b4ab596c781a.absolute_liftover.gene_level_copy_number.v36.tsv,TCGA-GBM.dfb04e43-26eb-43b8-ad51-b4ab596c781a.gene_level_copy_number.v36.tsv,TCGA-GBM.dfb04e43-26eb-43b8-ad51-b4ab596c781a.ascat3.gene_level_copy_number.v36.tsv",3,3
TCGA-19-2624tumor,DNA Methylation,Methylation Beta Value,9d2098c1-a5dc-4fea-85ed-00d3ccdfb0c4,d77ff6b8-7e26-4f72-bf18-bd5cc3e0b132.methylation_array.sesame.level3betas.txt,1,1
TCGA-19-2624tumor,Simple Nucleotide Variation,Masked Somatic Mutation,"0240d7a1-a06c-4647-879f-1441b64b4dd3,b49b766f-5865-4715-a1e2-c513f9e45c81","2cab19f2-b19e-424b-97a5-de2025f6972c.wxs.aliquot_ensemble_masked.maf,e562c2ae-04fc-4dbb-b151-7f4e61aea75d.wxs.aliquot_ensemble_masked.maf",2,2
TCGA-19-2624tumor,Transcriptome Profiling,Gene Expression Quantification,a0bbc7d1-79dd-4f74-b0fb-c56fb6c06db0,45c55fc2-e9d6-4016-9350-95d2bba56dee.rna_seq.augmented_star_gene_counts.tsv,1,1
TCGA-19-2624tumor,Transcriptome Profiling,miRNA Expression Quantification,9b1538ca-9bd2-46d2-8446-161320328b25,192927d7-2925-4d60-9617-68de07f2c927.mirnaseq.mirnas.quantification.txt,1,1
TCGA-19-2625tumor,Copy Number Variation,Gene Level Copy Number,"9a34d09d-66cd-423e-9dba-905754d28e1e,65cf8b82-884b-4348-aebd-9a0ba270fa70,22703681-90d2-4794-bcaa-ef607661403c","TCGA-GBM.e56a807a-9587-429c-895c-a6fd2d336755.gene_level_copy_number.v36.tsv,TCGA-GBM.e56a807a-9587-429c-895c-a6fd2d336755.ascat3.gene_level_copy_number.v36.tsv,TCGA-GBM.e56a807a-9587-429c-895c-a6fd2d336755.absolute_liftover.gene_level_copy_number.v36.tsv",3,3
TCGA-19-2625tumor,DNA Methylation,Methylation Beta Value,2927a828-9630-4bd7-a334-e6cd318d3540,f2932643-c60f-46dc-ac26-9357263984e3.methylation_array.sesame.level3betas.txt,1,1
TCGA-19-2625tumor,Simple Nucleotide Variation,Masked Somatic Mutation,"74551f2b-cd10-4434-816f-49ab375e930e,5ce1ed90-035b-4289-a7e2-e23b7ec571d5","38b53bad-c6bb-4b20-9804-08d5daa9dde0.wxs.aliquot_ensemble_masked.maf,196801dc-cb4f-458e-9fa7-80028cf2180b.wxs.aliquot_ensemble_masked.maf",2,2
TCGA-19-2625tumor,Transcriptome Profiling,Gene Expression Quantification,9537cbb7-6018-4894-a091-ab11d50dd9c9,90faff2d-96d4-49bc-9c3f-bbe1e1c6c14e.rna_seq.augmented_star_gene_counts.tsv,1,1
TCGA-19-2625tumor,Transcriptome Profiling,miRNA Expression Quantification,7f6961fc-f689-4c67-819f-a69a363afc22,56534645-87ca-4cfd-b4bf-30f1d890c427.mirnaseq.mirnas.quantification.txt,1,1
TCGA-19-2629tumor,Copy Number Variation,Gene Level Copy Number,"b2cf59d1-af72-44ec-8663-af78ccc23200,034a8f3c-db60-4b07-978e-40c14c23d75e,d6aaf83e-b380-42d4-8203-377b89840d0b","TCGA-GBM.be7de787-8e1f-4b99-876f-75be0823fe47.ascat3.gene_level_copy_number.v36.tsv,TCGA-GBM.be7de787-8e1f-4b99-876f-75be0823fe47.gene_level_copy_number.v36.tsv,TCGA-GBM.be7de787-8e1f-4b99-876f-75be0823fe47.absolute_liftover.gene_level_copy_number.v36.tsv",3,3
TCGA-19-2629tumor,DNA Methylation,Methylation Beta Value,d4b2480f-45f1-4f4d-9f12-47120f167e63,f0e4757f-0ac1-4ee8-bc77-43ed6f614bf5.methylation_array.sesame.level3betas.txt,1,1
TCGA-19-2629tumor,Simple Nucleotide Variation,Masked Somatic Mutation,"12ebb080-e96e-4145-a1c6-91df8bf6cb45,d94721a7-f052-4faa-9011-df22db6e9996","291a0b37-7272-41b8-b861-db88fdb9d283.wxs.aliquot_ensemble_masked.maf,729f922b-f6b0-4e70-aa48-e24e02095002.wxs.aliquot_ensemble_masked.maf",2,2
TCGA-19-2629tumor,Transcriptome Profiling,Gene Expression Quantification,"2f837f98-b8e4-4b61-a6a9-547e6055fa23,a7b5a50a-a1d0-4cb5-a749-3cfa2ffa4892","888aae57-feeb-4d15-b905-86ec8e7fd286.rna_seq.augmented_star_gene_counts.tsv,f990759a-0fb8-44f5-8ee3-b69d00ea808d.rna_seq.augmented_star_gene_counts.tsv",2,2
TCGA-19-2629tumor,Transcriptome Profiling,miRNA Expression Quantification,06b76cc9-7384-4ac3-8952-0298fc29538b,bb9d0c51-3d37-45ee-8ab8-8a58c632198e.mirnaseq.mirnas.quantification.txt,1,1
TCGA-19-2631tumor,Copy Number Variation,Gene Level Copy Number,"c310a89e-f16d-4a79-b18c-f9a7e9e30db8,bd750826-32c4-40f5-82ab-2be3a84cf6a7,7d029eb0-4a5c-4591-a823-99eff79135ca","TCGA-GBM.06401308-f6d0-4dd2-b5f0-f4443f8f94a9.ascat3.gene_level_copy_number.v36.tsv,TCGA-GBM.06401308-f6d0-4dd2-b5f0-f4443f8f94a9.gene_level_copy_number.v36.tsv,TCGA-GBM.06401308-f6d0-4dd2-b5f0-f4443f8f94a9.absolute_liftover.gene_level_copy_number.v36.tsv",3,3
TCGA-19-2631tumor,DNA Methylation,Methylation Beta Value,3e3d7f03-f1b9-490c-8e4e-9453083daf7b,2084fd32-9a5b-4e75-8b81-7ff082b7139e.methylation_array.sesame.level3betas.txt,1,1
TCGA-19-2631tumor,Simple Nucleotide Variation,Masked Somatic Mutation,80d1a4e0-d6be-4289-b174-76e56bcb1950,3aa467a6-b21c-4722-8fd7-5f926a5ab20a.wxs.aliquot_ensemble_masked.maf,1,1
TCGA-19-2631tumor,Transcriptome Profiling,Gene Expression Quantification,1f3b0d72-84cb-44ba-801b-a8d58baf2849,87ee4cad-86d3-4b6b-952d-d565247b9a1e.rna_seq.augmented_star_gene_counts.tsv,1,1
TCGA-19-2631tumor,Transcriptome Profiling,miRNA Expression Quantification,279cf1df-640f-49f7-acbb-470a110a0a92,74fdd9ea-49bc-4209-b291-77705c09db37.mirnaseq.mirnas.quantification.txt,1,1
TCGA-19-4065tumor,Copy Number Variation,Gene Level Copy Number,"5ff275c2-be5f-4271-b3fc-6e71b2242927,b8ee6f10-35ef-43ec-a40a-888620d51f32,59f7b227-7581-4aaf-9841-c967efcd82bd,047b6c98-e291-41ba-b509-7b575bdd16a8,2f3f3d06-7926-4ad4-a879-e75cafd9ee86","TCGA-GBM.21f3b385-c9b2-4acf-9215-b6f93afeae17.ascat3.gene_level_copy_number.v36.tsv,TCGA-GBM.49134e8f-ff8b-49e3-b24f-b4ba0d63fe8f.gene_level_copy_number.v36.tsv,TCGA-GBM.49134e8f-ff8b-49e3-b24f-b4ba0d63fe8f.absolute_liftover.gene_level_copy_number.v36.tsv,TCGA-GBM.21f3b385-c9b2-4acf-9215-b6f93afeae17.absolute_liftover.gene_level_copy_number.v36.tsv,TCGA-GBM.21f3b385-c9b2-4acf-9215-b6f93afeae17.gene_level_copy_number.v36.tsv",5,5
TCGA-19-4065tumor,DNA Methylation,Methylation Beta Value,"029f2967-7ebf-43aa-983d-85906f4680e9,6ae0e2eb-6deb-4dc6-8e55-9253f3aeca66","8a5646e5-dd6f-4c88-8df5-f48b54960af7.methylation_array.sesame.level3betas.txt,de22380d-96d2-43ea-b75e-5a825b1fe83c.methylation_array.sesame.level3betas.txt",2,2
TCGA-19-4065tumor,Simple Nucleotide Variation,Masked Somatic Mutation,"a53c752a-f6b8-4e0c-993f-732b9128bf50,78271628-3f5a-4b99-a1e4-ccfd1fbdc2f8","097d139f-b9bb-4ae1-a50f-1749c573efa7.wxs.aliquot_ensemble_masked.maf,fd8c0cd8-e93f-4bb3-b128-c02a9c908cf4.wxs.aliquot_ensemble_masked.maf",2,2
TCGA-19-4065tumor,Transcriptome Profiling,Gene Expression Quantification,"61e83633-f517-4616-aae0-71b17b1ea32e,89dad61a-6e26-4fd2-b277-1e438092af86,e4774df3-14d7-43e1-8d6e-59e3530f157b","4a91d152-b46f-4721-a868-7ed491f9af56.rna_seq.augmented_star_gene_counts.tsv,664dc12a-5d76-4efb-bb33-f0f58c937062.rna_seq.augmented_star_gene_counts.tsv,4852a0bd-7339-45c7-abab-2b17b4792106.rna_seq.augmented_star_gene_counts.tsv",3,3
TCGA-19-4065tumor,Transcriptome Profiling,miRNA Expression Quantification,8a804a7d-7852-4d0b-8c37-2e9b09d430bb,7282ec64-7ea8-444e-817d-91bcf34a7ed1.mirnaseq.mirnas.quantification.txt,1,1
TCGA-19-4068tumor,Copy Number Variation,Gene Level Copy Number,dc2608d4-6ad1-4213-b709-233c2b28dc41,TCGA-GBM.d11ceabf-3e4e-46c1-9ddc-42703feaea38.ascat3.gene_level_copy_number.v36.tsv,1,1
TCGA-19-4068tumor,DNA Methylation,Methylation Beta Value,bc3db750-17f4-4b86-afa1-65eb392a6393,3b0175aa-907d-4e38-ba14-01a4861f1ff9.methylation_array.sesame.level3betas.txt,1,1
TCGA-19-4068tumor,Simple Nucleotide Variation,Masked Somatic Mutation,b4591111-97c2-4606-9c99-e928ec4728a3,2361b02b-e34e-4fbf-98a9-2d52f11fa557.wxs.aliquot_ensemble_masked.maf,1,1
TCGA-19-4068tumor,Transcriptome Profiling,Gene Expression Quantification,92c89e9a-6b2f-4861-8aa6-1556d449e024,929aea96-8b73-4e35-a358-a0ff389f583b.rna_seq.augmented_star_gene_counts.tsv,1,1
TCGA-19-4068tumor,Transcriptome Profiling,miRNA Expression Quantification,e8a7ace0-d8c4-441d-893d-19d0a9f88a31,fda679ab-de5c-4856-b93c-7580029e6c1e.mirnaseq.mirnas.quantification.txt,1,1
TCGA-19-5947tumor,Copy Number Variation,Gene Level Copy Number,"d813daed-55f3-4351-81f8-e680b7d98dd5,06d53383-fc64-44a6-966f-d91a5e3e62d5,fd27e894-6ee5-40b4-a2c2-42cb6f23b6ab","TCGA-GBM.db5d0681-1425-4da1-8fe4-c112a2802231.gene_level_copy_number.v36.tsv,TCGA-GBM.db5d0681-1425-4da1-8fe4-c112a2802231.ascat3.gene_level_copy_number.v36.tsv,TCGA-GBM.db5d0681-1425-4da1-8fe4-c112a2802231.absolute_liftover.gene_level_copy_number.v36.tsv",3,3
TCGA-19-5947tumor,DNA Methylation,Methylation Beta Value,1d869f15-5f22-47eb-a122-bdfdff23a7bd,8f2b48a8-c4ad-4569-aa73-9911a08a5bd8.methylation_array.sesame.level3betas.txt,1,1
TCGA-19-5947tumor,Simple Nucleotide Variation,Masked Somatic Mutation,fe362363-09b0-419f-847b-9d14f412e4d4,6d367dca-c398-48f5-a0b5-2bd7cdee1497.wxs.aliquot_ensemble_masked.maf,1,1
TCGA-19-5947tumor,Transcriptome Profiling,Gene Expression Quantification,bbd69e9d-cc49-4476-83ff-43ed928c7414,c6b96227-30c4-41f4-9932-b184895a11a1.rna_seq.augmented_star_gene_counts.tsv,1,1
TCGA-19-5947tumor,Transcriptome Profiling,miRNA Expression Quantification,6b647a31-745c-48d5-af6e-5c8c9fdbc27c,ceef66e1-15e9-455a-9135-7d46f65f1a05.mirnaseq.mirnas.quantification.txt,1,1
TCGA-19-5950tumor,Copy Number Variation,Gene Level Copy Number,"b08b1311-b9e5-438f-a869-964adfe6ba1d,7eefbb8b-2b3e-431d-9b54-9dd814859b86,de1cd9e0-fa21-49e1-842b-60ea9737ef05","TCGA-GBM.3cf203fa-ff07-4ac2-b760-bf292076ee66.gene_level_copy_number.v36.tsv,TCGA-GBM.3cf203fa-ff07-4ac2-b760-bf292076ee66.ascat3.gene_level_copy_number.v36.tsv,TCGA-GBM.3cf203fa-ff07-4ac2-b760-bf292076ee66.absolute_liftover.gene_level_copy_number.v36.tsv",3,3
TCGA-19-5950tumor,DNA Methylation,Methylation Beta Value,51f93d6e-34c8-4841-a0ab-3fc68a82176d,7a16a5a0-1940-4ce0-8aca-2c16e7431fb5.methylation_array.sesame.level3betas.txt,1,1
TCGA-19-5950tumor,Simple Nucleotide Variation,Masked Somatic Mutation,4dae418b-0691-429a-9f78-56b52c812c2e,05c679a8-1472-48ed-83d9-88986e2ab27b.wxs.aliquot_ensemble_masked.maf,1,1
TCGA-19-5950tumor,Transcriptome Profiling,miRNA Expression Quantification,488de1a5-f2a2-4c09-9343-b1786f81df18,5e24cc9c-014f-405b-82fa-c741d1ca4f7b.mirnaseq.mirnas.quantification.txt,1,1
TCGA-19-5951tumor,Copy Number Variation,Gene Level Copy Number,"b879c67e-871d-47ac-8fb3-ad6b68dd3bf4,c68e3700-ceb8-4b49-9a67-774c7aa1a17c,2301c3ae-4dfd-4e94-83ad-defeb7259ef7","TCGA-GBM.7a8d847e-f724-4408-8021-0c4aa0dbcf43.absolute_liftover.gene_level_copy_number.v36.tsv,TCGA-GBM.7a8d847e-f724-4408-8021-0c4aa0dbcf43.ascat3.gene_level_copy_number.v36.tsv,TCGA-GBM.7a8d847e-f724-4408-8021-0c4aa0dbcf43.gene_level_copy_number.v36.tsv",3,3
TCGA-19-5951tumor,DNA Methylation,Methylation Beta Value,d5ed8831-d48d-48ce-a8ca-7e06fc7bdb4d,d94e747d-d92c-4c14-b4c6-39c918129d3d.methylation_array.sesame.level3betas.txt,1,1
TCGA-19-5951tumor,Simple Nucleotide Variation,Masked Somatic Mutation,fca0a4d1-d666-415e-9aed-315be5b0f5da,9dc1aa55-2223-4078-9a44-cad67fb47151.wxs.aliquot_ensemble_masked.maf,1,1
TCGA-19-5951tumor,Transcriptome Profiling,miRNA Expression Quantification,"c433952f-3a96-4bad-8573-e0319429100c,b8ff3695-b7d7-40e9-96f8-1828525a4a5f","1449123c-dec1-480e-a0e7-fd29d464c201.mirnaseq.mirnas.quantification.txt,0b197d81-eda8-4d9c-876f-b0de94508acd.mirnaseq.mirnas.quantification.txt",2,2
TCGA-19-5953tumor,Copy Number Variation,Gene Level Copy Number,"f49cbdb6-5182-48c4-9591-2aa06ff54e5e,fd1fd8a0-c850-40b3-9e32-75ab751467ee,743c521d-57f0-4c4f-945f-2ee3592f2f3b","TCGA-GBM.da5b2a01-2fa5-47ef-b418-b5fde0234d0d.ascat3.gene_level_copy_number.v36.tsv,TCGA-GBM.da5b2a01-2fa5-47ef-b418-b5fde0234d0d.absolute_liftover.gene_level_copy_number.v36.tsv,TCGA-GBM.da5b2a01-2fa5-47ef-b418-b5fde0234d0d.gene_level_copy_number.v36.tsv",3,3
TCGA-19-5953tumor,DNA Methylation,Methylation Beta Value,12cc7e32-ab20-40bf-bfa0-0d987ce787a5,515d0c5b-0a33-4c46-a453-6a0d7baafaf3.methylation_array.sesame.level3betas.txt,1,1
TCGA-19-5953tumor,Simple Nucleotide Variation,Masked Somatic Mutation,a3ea7a9f-7859-47bd-8288-04d5915ced86,3b797fb3-104a-4e02-bb7e-7e47361b6044.wxs.aliquot_ensemble_masked.maf,1,1
TCGA-19-5953tumor,Transcriptome Profiling,miRNA Expression Quantification,061e743a-852b-40c8-b326-b9ad2f0010bc,73641c5f-7a34-46d9-a0b0-17944289fe59.mirnaseq.mirnas.quantification.txt,1,1
TCGA-19-5954tumor,Copy Number Variation,Gene Level Copy Number,"521de755-37b5-4a61-8724-63b0c309d340,72a298a3-e70d-4fae-86e5-53f21bf1c0cb,16e45c42-716a-4ab2-af2c-d8a343d1be3d","TCGA-GBM.68999b3c-ce1e-448b-95bb-60983d54adee.gene_level_copy_number.v36.tsv,TCGA-GBM.68999b3c-ce1e-448b-95bb-60983d54adee.absolute_liftover.gene_level_copy_number.v36.tsv,TCGA-GBM.68999b3c-ce1e-448b-95bb-60983d54adee.ascat3.gene_level_copy_number.v36.tsv",3,3
TCGA-19-5954tumor,DNA Methylation,Methylation Beta Value,c7e79563-75eb-4159-a321-b266a965fc4c,d558292f-307d-4273-b506-e7bd103f7390.methylation_array.sesame.level3betas.txt,1,1
TCGA-19-5954tumor,Simple Nucleotide Variation,Masked Somatic Mutation,d1c7b272-3f64-42d1-9bab-02d590a8796b,43431479-a3be-4726-ab30-82b2f8be2fff.wxs.aliquot_ensemble_masked.maf,1,1
TCGA-19-5954tumor,Transcriptome Profiling,miRNA Expression Quantification,21e2f413-1463-48dc-8283-789ffc3a026d,8b840ad0-e81a-4e37-91d8-3373c654c7cb.mirnaseq.mirnas.quantification.txt,1,1
TCGA-19-5955tumor,Copy Number Variation,Gene Level Copy Number,"45102d31-e756-4c57-8b3b-4c16ea461981,82475b9b-a667-4998-ae31-0cd4ac0db69a,59bea319-8d7f-43b6-b574-11c0699c445a","TCGA-GBM.242cf433-aba1-40c7-b161-da67dba85d0c.gene_level_copy_number.v36.tsv,TCGA-GBM.242cf433-aba1-40c7-b161-da67dba85d0c.absolute_liftover.gene_level_copy_number.v36.tsv,TCGA-GBM.242cf433-aba1-40c7-b161-da67dba85d0c.ascat3.gene_level_copy_number.v36.tsv",3,3
TCGA-19-5955tumor,DNA Methylation,Methylation Beta Value,0f3a6216-9d61-4545-9345-4b528b2636a6,e1e9cb6a-c57d-4f8a-a646-91ba70502003.methylation_array.sesame.level3betas.txt,1,1
TCGA-19-5955tumor,Simple Nucleotide Variation,Masked Somatic Mutation,f77ec1a9-fce2-45c4-99d1-2229e945b414,8e212437-4e48-4a9e-8ef4-3a9b6c2ca80f.wxs.aliquot_ensemble_masked.maf,1,1
TCGA-19-5955tumor,Transcriptome Profiling,Gene Expression Quantification,a429b161-cfac-461b-ac19-08dbb3a9468f,4d88e95f-b1fe-4dd6-b602-3db0197b693c.rna_seq.augmented_star_gene_counts.tsv,1,1
TCGA-19-5955tumor,Transcriptome Profiling,miRNA Expression Quantification,ed434539-6c9e-48ca-ad0b-81ae7876fdd1,a83c752b-74d3-46cf-8d2f-65cc3d3ea9ff.mirnaseq.mirnas.quantification.txt,1,1
TCGA-19-5956tumor,Copy Number Variation,Gene Level Copy Number,"a79e5657-161f-4b6b-a80f-34009fcffbd0,bb015581-a10f-4dfd-876d-b58ca821153f,f7098973-71df-4cf0-979b-04fd00baec8c","TCGA-GBM.8132d73a-df52-40e7-a0ac-185caa223699.gene_level_copy_number.v36.tsv,TCGA-GBM.8132d73a-df52-40e7-a0ac-185caa223699.absolute_liftover.gene_level_copy_number.v36.tsv,TCGA-GBM.8132d73a-df52-40e7-a0ac-185caa223699.ascat3.gene_level_copy_number.v36.tsv",3,3
TCGA-19-5956tumor,DNA Methylation,Methylation Beta Value,6b5018b8-aeb9-40f2-b292-17ec4244d4dc,6ee55b5f-d616-4a46-9fd9-fe591dcd4d7d.methylation_array.sesame.level3betas.txt,1,1
TCGA-19-5956tumor,Simple Nucleotide Variation,Masked Somatic Mutation,1a873714-42c9-4cc4-88a7-6016f4cfa0e2,9c862c5d-c494-4633-af8f-43bc115af017.wxs.aliquot_ensemble_masked.maf,1,1
TCGA-19-5956tumor,Transcriptome Profiling,Gene Expression Quantification,057eaa35-f130-4b26-bbde-9d52edfdb212,f2bb28ee-ca66-4ca1-8e51-8aeb92084931.rna_seq.augmented_star_gene_counts.tsv,1,1
TCGA-19-5956tumor,Transcriptome Profiling,miRNA Expression Quantification,803fde88-5d2f-4153-8e17-03189eb125e1,929150ce-0398-4a1a-aafa-b174d43a5fb3.mirnaseq.mirnas.quantification.txt,1,1
TCGA-19-5958tumor,Copy Number Variation,Gene Level Copy Number,"4d84b109-6748-4e69-9cbf-8cd229a66ae5,3fffae10-cd06-476d-8932-0d6007501a9d,63bc41e4-bac2-442e-b5da-c5102ef0ed95","TCGA-GBM.6502a04f-ecfa-4e38-b3fe-4dd1550520c2.absolute_liftover.gene_level_copy_number.v36.tsv,TCGA-GBM.6502a04f-ecfa-4e38-b3fe-4dd1550520c2.gene_level_copy_number.v36.tsv,TCGA-GBM.6502a04f-ecfa-4e38-b3fe-4dd1550520c2.ascat3.gene_level_copy_number.v36.tsv",3,3
TCGA-19-5958tumor,DNA Methylation,Methylation Beta Value,16ccf2ad-c9d4-4d6a-a24a-4ce020b07e04,be6ab87d-3de1-4fdd-805d-8731ecbe0d8d.methylation_array.sesame.level3betas.txt,1,1
TCGA-19-5958tumor,Simple Nucleotide Variation,Masked Somatic Mutation,ee83bb3f-daf1-4a97-8e85-3987848ed0a1,e6ed72da-bc19-490a-8795-a73d256b564a.wxs.aliquot_ensemble_masked.maf,1,1
TCGA-19-5958tumor,Transcriptome Profiling,Gene Expression Quantification,1eb6f6ba-c24e-45ba-aa85-e6ad04484c7a,6a87346a-157b-467c-be80-572ab377080c.rna_seq.augmented_star_gene_counts.tsv,1,1
TCGA-19-5958tumor,Transcriptome Profiling,miRNA Expression Quantification,1e12b0c8-29cc-4a12-a5e1-b8953afb0b43,a709f5e3-f5fc-4a00-8635-95ac4970a369.mirnaseq.mirnas.quantification.txt,1,1
TCGA-19-5959tumor,Copy Number Variation,Gene Level Copy Number,"529f6977-e625-4d07-bd9f-76227a488bf4,8f59cfee-4724-4fec-a257-0660fc5de56e,0b947bfa-ef9d-4d27-bc87-f4010d78ff58","TCGA-GBM.f2086e38-fb73-4e87-b599-c723709632e7.gene_level_copy_number.v36.tsv,TCGA-GBM.f2086e38-fb73-4e87-b599-c723709632e7.absolute_liftover.gene_level_copy_number.v36.tsv,TCGA-GBM.f2086e38-fb73-4e87-b599-c723709632e7.ascat3.gene_level_copy_number.v36.tsv",3,3
TCGA-19-5959tumor,DNA Methylation,Methylation Beta Value,e3c3a05b-ea9b-4198-ae9c-090e37b4a30a,ca3252f7-0bf2-4990-994f-e5c3c55af321.methylation_array.sesame.level3betas.txt,1,1
TCGA-19-5959tumor,Simple Nucleotide Variation,Masked Somatic Mutation,9d651d40-d8f4-453d-b69d-6d7acaef57d3,9eb5c816-675d-48ee-a0b8-aa68c626c065.wxs.aliquot_ensemble_masked.maf,1,1
TCGA-19-5959tumor,Transcriptome Profiling,Gene Expression Quantification,07c46064-9fb9-4aad-9289-187d156c9d27,520c0e78-f0a3-4e46-8c8e-00cf654e100d.rna_seq.augmented_star_gene_counts.tsv,1,1
TCGA-19-5959tumor,Transcriptome Profiling,miRNA Expression Quantification,099bc09f-3612-4544-b16f-d2a11f7b3ac6,27ddeaa9-3039-439d-a13d-279a44154546.mirnaseq.mirnas.quantification.txt,1,1
TCGA-19-5960tumor,Copy Number Variation,Gene Level Copy Number,"36e78d2f-efea-49cb-8588-0941e0a04974,cf44cf67-fb23-404d-ae10-da77db944a99,40c6dd39-154b-40ad-b7f1-a92fe5fca452","TCGA-GBM.80c6b7db-263e-4f80-8d19-a9441db7b312.gene_level_copy_number.v36.tsv,TCGA-GBM.80c6b7db-263e-4f80-8d19-a9441db7b312.ascat3.gene_level_copy_number.v36.tsv,TCGA-GBM.80c6b7db-263e-4f80-8d19-a9441db7b312.absolute_liftover.gene_level_copy_number.v36.tsv",3,3
TCGA-19-5960tumor,DNA Methylation,Methylation Beta Value,25a4f750-1305-4582-90aa-8647f1c19fb1,1e9dcf52-0142-4add-b862-33aa35604179.methylation_array.sesame.level3betas.txt,1,1
TCGA-19-5960tumor,Simple Nucleotide Variation,Masked Somatic Mutation,1560add0-ce57-46e5-b923-6622904f5b39,e87372f0-84a2-4f98-93ef-3ed71fdd26e8.wxs.aliquot_ensemble_masked.maf,1,1
TCGA-19-5960tumor,Transcriptome Profiling,Gene Expression Quantification,4bc70225-3511-4571-8029-7ac499e60742,ec1ada4a-34c5-4d5f-a75f-25fc45d05a28.rna_seq.augmented_star_gene_counts.tsv,1,1
TCGA-19-5960tumor,Transcriptome Profiling,miRNA Expression Quantification,e6933bc3-1e2a-480a-a483-0a6d7aff82bc,df99162c-5d20-472b-847d-f17a95ee4900.mirnaseq.mirnas.quantification.txt,1,1
TCGA-19-A60Itumor,Copy Number Variation,Gene Level Copy Number,"7f3e88eb-f35d-406e-bd9a-d072e1c71da7,cda1730e-797c-4d07-b457-4d1361e31582,f6c6b1a9-9125-45a4-bdab-ac2fa0eba975","TCGA-GBM.7cdf71c2-270c-44ed-aa5e-aa0be43bb0e9.gene_level_copy_number.v36.tsv,TCGA-GBM.7cdf71c2-270c-44ed-aa5e-aa0be43bb0e9.absolute_liftover.gene_level_copy_number.v36.tsv,TCGA-GBM.7cdf71c2-270c-44ed-aa5e-aa0be43bb0e9.ascat3.gene_level_copy_number.v36.tsv",3,3
TCGA-19-A60Itumor,DNA Methylation,Methylation Beta Value,ac21afa0-1fd6-420d-8fd0-95a6ade0ac6a,eaf54b99-9fd4-4e53-ba2e-50ec28dcdc08.methylation_array.sesame.level3betas.txt,1,1
TCGA-19-A60Itumor,Simple Nucleotide Variation,Masked Somatic Mutation,8e323af2-20b1-4fcb-b5df-313d504a0f57,29da3a0b-c832-4c72-927c-d3ffb6cf1ba9.wxs.aliquot_ensemble_masked.maf,1,1
TCGA-19-A60Itumor,Transcriptome Profiling,Gene Expression Quantification,f2a896dc-4074-454f-9fac-8f23ac850b16,5b48d67b-b6c5-41aa-a8f2-9a73c45ede88.rna_seq.augmented_star_gene_counts.tsv,1,1
TCGA-19-A60Itumor,Transcriptome Profiling,miRNA Expression Quantification,d8f60a49-6c61-4150-83fd-28b91b1d0e90,e761d697-4f41-452c-998b-dc9633f8f4b5.mirnaseq.mirnas.quantification.txt,1,1
TCGA-19-A6J4tumor,Copy Number Variation,Gene Level Copy Number,"f16128ef-5c84-4d37-912c-b1273a402b1f,6cbdfc45-bfbf-46d7-9f85-5243589ee202,9ba52a4b-2d2a-4641-a4d6-92dd00f41835","TCGA-GBM.db1135ba-8f72-42e4-964c-70a951c8e398.gene_level_copy_number.v36.tsv,TCGA-GBM.db1135ba-8f72-42e4-964c-70a951c8e398.ascat3.gene_level_copy_number.v36.tsv,TCGA-GBM.db1135ba-8f72-42e4-964c-70a951c8e398.absolute_liftover.gene_level_copy_number.v36.tsv",3,3
TCGA-19-A6J4tumor,DNA Methylation,Methylation Beta Value,56439fe2-159d-4cc9-88f0-8f73899eccb0,86fbdf21-837b-4fcc-9399-8cb8ae00499e.methylation_array.sesame.level3betas.txt,1,1
TCGA-19-A6J4tumor,Simple Nucleotide Variation,Masked Somatic Mutation,c74b245d-010c-4ce7-8506-0e821c2408f8,37bf410f-18e7-44fc-8cfa-b56c6542490b.wxs.aliquot_ensemble_masked.maf,1,1
TCGA-19-A6J4tumor,Transcriptome Profiling,miRNA Expression Quantification,fc9a18d0-fe62-41c6-8cac-57cec75d379c,60509bf8-73d5-4024-a3ad-55c511c68c9e.mirnaseq.mirnas.quantification.txt,1,1
TCGA-19-A6J5tumor,Copy Number Variation,Gene Level Copy Number,"f31026c2-b286-4cb9-8e18-461f84e824c8,33414831-d402-43f7-9f65-a83830dc108e,b494a4da-c7b9-4dd8-b643-3387183855d5","TCGA-GBM.cedbe7d9-e27d-4550-9d8f-69b6d0a6e6b4.ascat3.gene_level_copy_number.v36.tsv,TCGA-GBM.cedbe7d9-e27d-4550-9d8f-69b6d0a6e6b4.gene_level_copy_number.v36.tsv,TCGA-GBM.cedbe7d9-e27d-4550-9d8f-69b6d0a6e6b4.absolute_liftover.gene_level_copy_number.v36.tsv",3,3
TCGA-19-A6J5tumor,DNA Methylation,Methylation Beta Value,0a4d8e06-94b6-409a-b7b9-af198541f3f7,93f140fb-9698-4a6d-a594-caba9263034b.methylation_array.sesame.level3betas.txt,1,1
TCGA-19-A6J5tumor,Simple Nucleotide Variation,Masked Somatic Mutation,4bc11add-ec18-4fc3-a77c-7a380e63d12f,5e654b54-6761-48d1-af32-e9618055f53c.wxs.aliquot_ensemble_masked.maf,1,1
TCGA-19-A6J5tumor,Transcriptome Profiling,miRNA Expression Quantification,97512446-dc07-4fca-af9c-c7879de8d9fa,de797944-5195-4e80-a769-3be62b7e0427.mirnaseq.mirnas.quantification.txt,1,1
TCGA-26-1439tumor,Copy Number Variation,Gene Level Copy Number,"caf4a1cc-a03b-4bdf-85d2-0f0008b1f916,f69e786a-a55b-4c33-8b8e-a547df60872f","TCGA-GBM.f7f9ac85-0278-41bb-b2ea-2de2e0c90557.gene_level_copy_number.v36.tsv,TCGA-GBM.f7f9ac85-0278-41bb-b2ea-2de2e0c90557.absolute_liftover.gene_level_copy_number.v36.tsv",2,2
TCGA-26-1439tumor,DNA Methylation,Methylation Beta Value,fafbb6db-d30a-4173-bbc8-8df2b326c07c,52f2f043-0506-4153-83e8-8358c48d5930.methylation_array.sesame.level3betas.txt,1,1
TCGA-26-1439tumor,Simple Nucleotide Variation,Masked Somatic Mutation,db06dd9b-c160-4fb4-8640-e4d2f57f39c2,b3d1cdd6-66d7-4029-bb9b-856b1deb5177.wxs.aliquot_ensemble_masked.maf,1,1
TCGA-26-1442tumor,Copy Number Variation,Gene Level Copy Number,"352df716-c08b-40ae-9700-0453716dc23f,a90851f7-9a21-4a94-991d-01902b572821,b56dc0c1-2b9d-479a-aa01-6ca5b7fb69aa","TCGA-GBM.bf87e8d4-8eca-49ad-a30a-3668ba22077a.gene_level_copy_number.v36.tsv,TCGA-GBM.bf87e8d4-8eca-49ad-a30a-3668ba22077a.absolute_liftover.gene_level_copy_number.v36.tsv,TCGA-GBM.bf87e8d4-8eca-49ad-a30a-3668ba22077a.ascat3.gene_level_copy_number.v36.tsv",3,3
TCGA-26-1442tumor,DNA Methylation,Methylation Beta Value,65ed557c-76c9-434e-8745-412a76aee939,d740a6eb-46a2-47d1-844a-fc279928ce93.methylation_array.sesame.level3betas.txt,1,1
TCGA-26-1442tumor,Simple Nucleotide Variation,Masked Somatic Mutation,935f45b4-5061-40e9-952e-9b402a535685,76a94ade-d420-4691-bb3a-c928a2a788da.wxs.aliquot_ensemble_masked.maf,1,1
TCGA-26-1442tumor,Transcriptome Profiling,Gene Expression Quantification,a1ec31bd-715d-4589-b7fc-951c79023c33,c47a6a50-b448-4736-b29d-bea454e28085.rna_seq.augmented_star_gene_counts.tsv,1,1
TCGA-26-1799tumor,Copy Number Variation,Gene Level Copy Number,"f696e758-ff6c-47d7-b4e8-03985754f779,2c211646-5256-4a8c-a08d-91d47fb62118,c200bc45-3cb6-42a4-bb40-ea0d67e378c6","TCGA-GBM.a5b9f366-9952-403a-a4ba-c5d3cd7abd8c.absolute_liftover.gene_level_copy_number.v36.tsv,TCGA-GBM.a5b9f366-9952-403a-a4ba-c5d3cd7abd8c.ascat3.gene_level_copy_number.v36.tsv,TCGA-GBM.a5b9f366-9952-403a-a4ba-c5d3cd7abd8c.gene_level_copy_number.v36.tsv",3,3
TCGA-26-1799tumor,DNA Methylation,Methylation Beta Value,042620a6-bdb0-4219-9b84-1f3f3ac4fb1e,a478f001-3305-4881-acd5-79bcca154082.methylation_array.sesame.level3betas.txt,1,1
TCGA-26-1799tumor,Simple Nucleotide Variation,Masked Somatic Mutation,eb84d4d0-423a-4d66-a5c8-41b287f623f8,035e9f51-1e08-4d5c-b175-ce33bb588e70.wxs.aliquot_ensemble_masked.maf,1,1
TCGA-26-5133tumor,Copy Number Variation,Gene Level Copy Number,"e9b7e007-b408-482d-872c-700731e12f06,62083af1-6838-4602-b311-4a460b92e971,3b51a0a0-3da4-4829-969e-79aff58109ae","TCGA-GBM.14f65f72-3b03-4840-bff3-dcd6f9de1761.absolute_liftover.gene_level_copy_number.v36.tsv,TCGA-GBM.14f65f72-3b03-4840-bff3-dcd6f9de1761.ascat3.gene_level_copy_number.v36.tsv,TCGA-GBM.14f65f72-3b03-4840-bff3-dcd6f9de1761.gene_level_copy_number.v36.tsv",3,3
TCGA-26-5133tumor,DNA Methylation,Methylation Beta Value,58ca7e85-c14c-4978-8bbd-a6726ab837a8,82c95944-9bb1-45bb-907f-a24158399335.methylation_array.sesame.level3betas.txt,1,1
TCGA-26-5133tumor,Simple Nucleotide Variation,Masked Somatic Mutation,c2e54cc7-fc3f-4928-9675-25e245e2c5d4,695f6c4c-81c1-42a0-9d5f-5e6452a82e2a.wxs.aliquot_ensemble_masked.maf,1,1
TCGA-26-5133tumor,Transcriptome Profiling,Gene Expression Quantification,22085d53-b816-4c33-b1ef-6f199775f39c,d0d080e3-b40d-466e-8b51-58ee3f463667.rna_seq.augmented_star_gene_counts.tsv,1,1
TCGA-26-5134tumor,Copy Number Variation,Gene Level Copy Number,"bd70aefc-72ed-4edb-8210-758205587851,dfcf50b4-a30f-43f7-9763-6dc0cb08b307,1bd2593b-98ab-4773-915d-e13bd500dca0","TCGA-GBM.c7a601d3-afe4-4b8b-b499-21e71b7e8c14.absolute_liftover.gene_level_copy_number.v36.tsv,TCGA-GBM.c7a601d3-afe4-4b8b-b499-21e71b7e8c14.gene_level_copy_number.v36.tsv,TCGA-GBM.c7a601d3-afe4-4b8b-b499-21e71b7e8c14.ascat3.gene_level_copy_number.v36.tsv",3,3
TCGA-26-5134tumor,DNA Methylation,Methylation Beta Value,8638e3c1-9b66-422f-9ac9-dca04702b0e4,37ab77c2-82ba-4c63-9b4f-daf004141c44.methylation_array.sesame.level3betas.txt,1,1
TCGA-26-5134tumor,Simple Nucleotide Variation,Masked Somatic Mutation,9b68ee94-38a4-440f-b8d2-f73e5be5e364,843c6c22-9eb5-4be6-af9d-aa7c0ba108f2.wxs.aliquot_ensemble_masked.maf,1,1
TCGA-26-5134tumor,Transcriptome Profiling,Gene Expression Quantification,f93cd112-520d-408d-a15d-3451f2bacdfd,a8050792-d0f5-4b8f-aea2-0a303f40b1ca.rna_seq.augmented_star_gene_counts.tsv,1,1
TCGA-26-5135tumor,Copy Number Variation,Gene Level Copy Number,"93997cdc-c7d7-40d3-8282-b877e2991a81,435c52e2-1b2c-4e0d-811c-03329541968f","TCGA-GBM.71adf2bb-a1ae-4675-8f6f-71db8bf322ff.gene_level_copy_number.v36.tsv,TCGA-GBM.71adf2bb-a1ae-4675-8f6f-71db8bf322ff.absolute_liftover.gene_level_copy_number.v36.tsv",2,2
TCGA-26-5135tumor,DNA Methylation,Methylation Beta Value,d399cf5e-9d51-4002-a417-0c199f120299,1254942e-3742-48d2-9322-1169a446ebcc.methylation_array.sesame.level3betas.txt,1,1
TCGA-26-5135tumor,Simple Nucleotide Variation,Masked Somatic Mutation,6e8dd681-42b0-4569-91b0-2b7da64845fa,6754f67c-6f79-4967-9fee-33244ea87240.wxs.aliquot_ensemble_masked.maf,1,1
TCGA-26-5135tumor,Transcriptome Profiling,Gene Expression Quantification,bec610b2-9082-429d-8aef-6cbf3bb7a020,4a44bd40-1141-4524-a35f-f29ee37f6c63.rna_seq.augmented_star_gene_counts.tsv,1,1
TCGA-26-5136tumor,Copy Number Variation,Gene Level Copy Number,"39a145e0-b429-49b2-b0eb-d3721c22ccf8,dee05456-b185-44a0-9709-884070648057,6759f6bb-e0a6-4313-bde1-69ab590d526c","TCGA-GBM.28059e9b-2277-40b5-ba54-5366b7293ced.ascat3.gene_level_copy_number.v36.tsv,TCGA-GBM.28059e9b-2277-40b5-ba54-5366b7293ced.absolute_liftover.gene_level_copy_number.v36.tsv,TCGA-GBM.28059e9b-2277-40b5-ba54-5366b7293ced.gene_level_copy_number.v36.tsv",3,3
TCGA-26-5136tumor,DNA Methylation,Methylation Beta Value,91329f18-8c9d-41aa-8839-db509fce9ea1,789283ce-5e62-4652-81d1-806eab084d9f.methylation_array.sesame.level3betas.txt,1,1
TCGA-26-5136tumor,Simple Nucleotide Variation,Masked Somatic Mutation,c2cc4832-6263-490b-bb5a-43db4ef13eac,1879062d-e922-4f6a-a959-f839f9869909.wxs.aliquot_ensemble_masked.maf,1,1
TCGA-26-5136tumor,Transcriptome Profiling,Gene Expression Quantification,1b8cc228-a020-4418-be03-ad409d781728,aab4bee0-b7a4-4671-b7e3-e11f11abe0e7.rna_seq.augmented_star_gene_counts.tsv,1,1
TCGA-26-5139tumor,Copy Number Variation,Gene Level Copy Number,"c6df3419-853c-4dd5-92a1-b45b4ade8792,c54b9f56-5925-4792-8267-41914b53bda9,6d651be3-02f4-4dbb-818e-977d2055a315","TCGA-GBM.78f6c586-1ac2-48f3-a7b0-92d5fea00787.absolute_liftover.gene_level_copy_number.v36.tsv,TCGA-GBM.78f6c586-1ac2-48f3-a7b0-92d5fea00787.gene_level_copy_number.v36.tsv,TCGA-GBM.78f6c586-1ac2-48f3-a7b0-92d5fea00787.ascat3.gene_level_copy_number.v36.tsv",3,3
TCGA-26-5139tumor,DNA Methylation,Methylation Beta Value,222a1e15-cb21-428a-b4cf-07b87174bf29,4de8ab15-d49a-42b5-80ec-ab0267de8a3b.methylation_array.sesame.level3betas.txt,1,1
TCGA-26-5139tumor,Simple Nucleotide Variation,Masked Somatic Mutation,eb0a970c-3704-4a31-966c-f9a086ab1351,0a519407-6beb-4efe-8816-ccdcb0ce5341.wxs.aliquot_ensemble_masked.maf,1,1
TCGA-26-5139tumor,Transcriptome Profiling,Gene Expression Quantification,fb2874e9-62d9-4a8c-9d67-d36b0be0737d,d83433da-3354-4e58-94f6-52d56d296363.rna_seq.augmented_star_gene_counts.tsv,1,1
TCGA-26-6173tumor,Copy Number Variation,Gene Level Copy Number,"2df1734d-0e9c-4b02-ba8c-3a2b461175ee,404c42e8-3129-43ea-8de0-1dbb23bbd945,bce757ec-896a-497e-ad57-0b729a9738ac","TCGA-GBM.009e38eb-6d65-4dee-93a5-9d0ba10f66ba.gene_level_copy_number.v36.tsv,TCGA-GBM.009e38eb-6d65-4dee-93a5-9d0ba10f66ba.absolute_liftover.gene_level_copy_number.v36.tsv,TCGA-GBM.009e38eb-6d65-4dee-93a5-9d0ba10f66ba.ascat3.gene_level_copy_number.v36.tsv",3,3
TCGA-26-6173tumor,DNA Methylation,Methylation Beta Value,f1904adb-4f3e-4436-a293-832a4b041834,7a3f548c-1165-4187-b7a0-d904b871134d.methylation_array.sesame.level3betas.txt,1,1
TCGA-26-6173tumor,Simple Nucleotide Variation,Masked Somatic Mutation,ea9a935d-5d90-4ff9-ac1c-eec243a4aafa,77c300c0-9ecc-4813-ac1f-3b7294a1c8ff.wxs.aliquot_ensemble_masked.maf,1,1
TCGA-26-6174tumor,Copy Number Variation,Gene Level Copy Number,"c893815d-64dd-4f26-923b-346f4ee2dd0c,038d0c98-ffcb-48eb-9405-540defdad717,550bf937-f9e6-43b6-893a-9ed1632aaa83","TCGA-GBM.367ea1d2-7c6d-48a7-b5b2-4760431131b6.ascat3.gene_level_copy_number.v36.tsv,TCGA-GBM.367ea1d2-7c6d-48a7-b5b2-4760431131b6.gene_level_copy_number.v36.tsv,TCGA-GBM.367ea1d2-7c6d-48a7-b5b2-4760431131b6.absolute_liftover.gene_level_copy_number.v36.tsv",3,3
TCGA-26-6174tumor,DNA Methylation,Methylation Beta Value,800cf834-d932-4735-af0c-8536a9924155,d7250ff5-0018-4af3-8920-4059d802c266.methylation_array.sesame.level3betas.txt,1,1
TCGA-26-6174tumor,Simple Nucleotide Variation,Masked Somatic Mutation,b1e9ee87-fe9c-4e8c-8e45-3dbbb4b2e0d8,ff9edeaf-045d-4c5b-948d-27d4fdab65f3.wxs.aliquot_ensemble_masked.maf,1,1
TCGA-26-6174tumor,Transcriptome Profiling,miRNA Expression Quantification,1652c76c-58b1-4c55-80f3-d3a4180413da,45e34ab2-ab5f-43fa-96ba-56da0b826352.mirnaseq.mirnas.quantification.txt,1,1
TCGA-26-A7UXtumor,Copy Number Variation,Gene Level Copy Number,"67238315-a074-4ea8-be00-84867978a82c,a7566c50-ecfd-4c07-bbe5-58f60642140d,e3ae7222-97f6-4205-a45a-3bbafc62cebf","TCGA-GBM.76d0cc6e-eb93-41fb-a489-1cdeee8999e1.gene_level_copy_number.v36.tsv,TCGA-GBM.76d0cc6e-eb93-41fb-a489-1cdeee8999e1.absolute_liftover.gene_level_copy_number.v36.tsv,TCGA-GBM.76d0cc6e-eb93-41fb-a489-1cdeee8999e1.ascat3.gene_level_copy_number.v36.tsv",3,3
TCGA-26-A7UXtumor,DNA Methylation,Methylation Beta Value,e4b8a4b1-b105-49c3-bd00-b10bf2b555a9,c8d3e492-ac29-47c5-ae80-c38b15051c7a.methylation_array.sesame.level3betas.txt,1,1
TCGA-26-A7UXtumor,Simple Nucleotide Variation,Masked Somatic Mutation,a3d17660-244f-49f4-99fb-1510b99cb6b4,60b646a7-99fa-448f-8813-b876f9b928bd.wxs.aliquot_ensemble_masked.maf,1,1
TCGA-27-1830tumor,Copy Number Variation,Gene Level Copy Number,"ee17e1e3-bd11-4b8a-ba33-834df9bea32e,d93a04a4-6676-4888-b38c-8bebfc0f0a83,b3625dec-f27a-4f7d-a773-00f4ca5d8caa","TCGA-GBM.1fdd3b90-e0a0-4a16-81c8-1f923781fe65.ascat3.gene_level_copy_number.v36.tsv,TCGA-GBM.1fdd3b90-e0a0-4a16-81c8-1f923781fe65.gene_level_copy_number.v36.tsv,TCGA-GBM.1fdd3b90-e0a0-4a16-81c8-1f923781fe65.absolute_liftover.gene_level_copy_number.v36.tsv",3,3
TCGA-27-1830tumor,DNA Methylation,Methylation Beta Value,c6fa385e-6855-4be6-89a2-fbee6611a2ec,1fea0b6e-29c2-45e3-934a-0687153dbaa8.methylation_array.sesame.level3betas.txt,1,1
TCGA-27-1830tumor,Simple Nucleotide Variation,Masked Somatic Mutation,59cf743e-2e9d-4828-ba83-3bbf1e230962,68923a67-0869-45b3-802c-e7cf4abc6344.wxs.aliquot_ensemble_masked.maf,1,1
TCGA-27-1830tumor,Transcriptome Profiling,Gene Expression Quantification,56c0c169-5480-4d14-b0d7-bd4214d0e7cf,d088027b-e691-4962-bf1c-85abd24ac76c.rna_seq.augmented_star_gene_counts.tsv,1,1
TCGA-27-1831tumor,Copy Number Variation,Gene Level Copy Number,"d7458dee-3e27-42bb-87e0-03ce6558c8a0,5ec5f33d-8c3c-4b5b-b7b0-dce240b44b60,3f769869-bc25-4162-a9a5-de1335da0309","TCGA-GBM.7209ccb5-6e2d-4149-b7c5-2ab3b19af1e9.gene_level_copy_number.v36.tsv,TCGA-GBM.7209ccb5-6e2d-4149-b7c5-2ab3b19af1e9.absolute_liftover.gene_level_copy_number.v36.tsv,TCGA-GBM.7209ccb5-6e2d-4149-b7c5-2ab3b19af1e9.ascat3.gene_level_copy_number.v36.tsv",3,3
TCGA-27-1831tumor,DNA Methylation,Methylation Beta Value,b46cd75f-41d0-4ce3-ad91-e702662bfabf,e68ad148-ce9e-42d9-a094-e1cf9b73ba34.methylation_array.sesame.level3betas.txt,1,1
TCGA-27-1831tumor,Simple Nucleotide Variation,Masked Somatic Mutation,"fd58f0a1-0534-485c-8e8b-4dd02b591e46,75b37359-9796-4291-bfb0-5dcd60fabb7c","f3dd57f7-a2a2-48fc-b7d4-a54eb961ec99.wxs.aliquot_ensemble_masked.maf,d6fe421f-2268-4101-98d7-c9e16e8b033d.wxs.aliquot_ensemble_masked.maf",2,2
TCGA-27-1831tumor,Transcriptome Profiling,Gene Expression Quantification,72183176-d844-452e-8736-303686bac768,def5d534-0efd-450c-bde0-f69abbe48f7c.rna_seq.augmented_star_gene_counts.tsv,1,1
TCGA-27-1832tumor,Copy Number Variation,Gene Level Copy Number,"7a48b321-a5c7-4cac-94a8-db762cdfed72,55c2ff2a-cd7b-432f-8a6d-ec9c8ac0fbfe,e59c5c74-fba1-49bf-ab11-66b590ad7237","TCGA-GBM.910761b8-816c-4df1-a765-be2fb43f0c20.ascat3.gene_level_copy_number.v36.tsv,TCGA-GBM.910761b8-816c-4df1-a765-be2fb43f0c20.absolute_liftover.gene_level_copy_number.v36.tsv,TCGA-GBM.910761b8-816c-4df1-a765-be2fb43f0c20.gene_level_copy_number.v36.tsv",3,3
TCGA-27-1832tumor,DNA Methylation,Methylation Beta Value,6e248348-67be-4349-b796-4df7e419be08,3bad0876-b9c4-4172-9c46-fff00271a429.methylation_array.sesame.level3betas.txt,1,1
TCGA-27-1832tumor,Simple Nucleotide Variation,Masked Somatic Mutation,"eec60af6-0783-4ad2-99f4-8cbc0489871e,52d7f132-edd2-4592-81af-7c638a01b49b","eaa58b9b-38b9-485a-b0d5-337c9e4d7083.wxs.aliquot_ensemble_masked.maf,d4cbbc83-f242-418e-b8e0-421d96ca6cff.wxs.aliquot_ensemble_masked.maf",2,2
TCGA-27-1832tumor,Transcriptome Profiling,Gene Expression Quantification,9790bcec-796f-4ca9-ab62-b40b69d3a222,3dd357c6-9e04-4f73-ae88-18143988e383.rna_seq.augmented_star_gene_counts.tsv,1,1
TCGA-27-1833tumor,Copy Number Variation,Gene Level Copy Number,"f02dea67-f0f7-4dee-b8e1-2383402d3cb3,c4ceaa8a-7ec2-41a8-b96a-974c9e928112,0ca022f5-6cdc-4624-af44-f0fba07334cd","TCGA-GBM.a1d4923f-f7f2-4202-be60-9e0669722889.absolute_liftover.gene_level_copy_number.v36.tsv,TCGA-GBM.a1d4923f-f7f2-4202-be60-9e0669722889.gene_level_copy_number.v36.tsv,TCGA-GBM.a1d4923f-f7f2-4202-be60-9e0669722889.ascat3.gene_level_copy_number.v36.tsv",3,3
TCGA-27-1833tumor,DNA Methylation,Methylation Beta Value,9b96fb1c-53f8-4700-97db-1ae32c2eea47,0d7e27ed-443f-4803-9349-6acb53ccc344.methylation_array.sesame.level3betas.txt,1,1
TCGA-27-1833tumor,Simple Nucleotide Variation,Masked Somatic Mutation,"660ecea7-71bd-41af-9004-98a2a14785c6,56dd93b9-a8db-4b37-9a09-35a977fc6636","3a29f2cf-7817-4141-9592-6bc1789d43d5.wxs.aliquot_ensemble_masked.maf,7d9da8b5-d810-4fb7-8806-c5df72c49c77.wxs.aliquot_ensemble_masked.maf",2,2
TCGA-27-1834tumor,Copy Number Variation,Gene Level Copy Number,"88bc2c22-ba77-4d0a-879c-267bfa8b1d7e,906876ec-e07d-45fe-8b99-fcae39a2d1e4,fde098e9-c13f-4c15-8703-441a7300f933","TCGA-GBM.4dcaf772-4b94-4969-8901-7f549da850a2.gene_level_copy_number.v36.tsv,TCGA-GBM.4dcaf772-4b94-4969-8901-7f549da850a2.absolute_liftover.gene_level_copy_number.v36.tsv,TCGA-GBM.4dcaf772-4b94-4969-8901-7f549da850a2.ascat3.gene_level_copy_number.v36.tsv",3,3
TCGA-27-1834tumor,DNA Methylation,Methylation Beta Value,4bd92512-3ddb-40a5-ab08-9de111330a0f,e35c26c2-5fd1-4e68-9bb7-d5d586c16c76.methylation_array.sesame.level3betas.txt,1,1
TCGA-27-1834tumor,Simple Nucleotide Variation,Masked Somatic Mutation,"1e568cb0-e725-4d4b-9e11-e2c4aabe6ebe,0480797d-1ce6-46e4-8f27-b24c9597a052","c14f036c-0125-4941-a743-5582621c1fe9.wxs.aliquot_ensemble_masked.maf,8980a5ae-29b9-4850-ac1b-c918c0bb5dbe.wxs.aliquot_ensemble_masked.maf",2,2
TCGA-27-1834tumor,Transcriptome Profiling,Gene Expression Quantification,9ac00a37-7f08-4c9f-ab77-4019a05c5083,e08e8902-f526-449f-b645-d29b06d175dd.rna_seq.augmented_star_gene_counts.tsv,1,1
TCGA-27-1835tumor,Copy Number Variation,Gene Level Copy Number,"baea43fd-55b7-4258-9685-b64346c75f11,7e3b40a9-2711-4d7a-a4f7-a3eb02f7abb3,a148ac53-2016-45f9-9ddd-43a8411d8d08","TCGA-GBM.0e82ae49-96fe-443f-99b4-7c28e772e781.gene_level_copy_number.v36.tsv,TCGA-GBM.0e82ae49-96fe-443f-99b4-7c28e772e781.absolute_liftover.gene_level_copy_number.v36.tsv,TCGA-GBM.0e82ae49-96fe-443f-99b4-7c28e772e781.ascat3.gene_level_copy_number.v36.tsv",3,3
TCGA-27-1835tumor,DNA Methylation,Methylation Beta Value,729bbd4c-0c40-45fd-adeb-e9d5a73ecde2,7933d530-ffda-4b60-b8f7-7777dee107e1.methylation_array.sesame.level3betas.txt,1,1
TCGA-27-1835tumor,Simple Nucleotide Variation,Masked Somatic Mutation,66b08835-b79f-480b-a475-1f0d23d01217,382f1e40-c11b-4783-8e5b-869787a530e8.wxs.aliquot_ensemble_masked.maf,1,1
TCGA-27-1835tumor,Transcriptome Profiling,Gene Expression Quantification,3e599f68-2ba6-4fef-99aa-4b0bdf31e9bb,4ead1157-bb18-4e7c-9632-b13d869c5365.rna_seq.augmented_star_gene_counts.tsv,1,1
TCGA-27-1836tumor,Copy Number Variation,Gene Level Copy Number,"e2bb4aa4-cd37-4e49-b057-d3596710ee4b,67f60201-6775-4bec-96a3-0ec7c715fffe,8e0dc077-7829-4a29-9e4c-b4ffa65ea0ee","TCGA-GBM.b4de5522-d54e-49cd-a6e7-797df46ce2f3.absolute_liftover.gene_level_copy_number.v36.tsv,TCGA-GBM.b4de5522-d54e-49cd-a6e7-797df46ce2f3.gene_level_copy_number.v36.tsv,TCGA-GBM.b4de5522-d54e-49cd-a6e7-797df46ce2f3.ascat3.gene_level_copy_number.v36.tsv",3,3
TCGA-27-1836tumor,DNA Methylation,Methylation Beta Value,f4541be8-34b4-49a1-9c73-ae24aeb2ba50,a48c8651-0045-4bb7-a80e-f0811a7da16f.methylation_array.sesame.level3betas.txt,1,1
TCGA-27-1836tumor,Simple Nucleotide Variation,Masked Somatic Mutation,1b90129c-ac92-4f74-986b-6a1dc23c0c83,e3a827dc-6088-4153-b578-fe3571cfc1b7.wxs.aliquot_ensemble_masked.maf,1,1
TCGA-27-1837tumor,Copy Number Variation,Gene Level Copy Number,"969feed3-f832-4064-b393-d5a4e1add87f,1926cea7-7575-4465-904a-180a29b571e3,8cea657c-68e3-4556-a080-183d76f2eb5e","TCGA-GBM.8343488b-26e0-420f-a3a7-f14ad8071011.gene_level_copy_number.v36.tsv,TCGA-GBM.8343488b-26e0-420f-a3a7-f14ad8071011.absolute_liftover.gene_level_copy_number.v36.tsv,TCGA-GBM.8343488b-26e0-420f-a3a7-f14ad8071011.ascat3.gene_level_copy_number.v36.tsv",3,3
TCGA-27-1837tumor,DNA Methylation,Methylation Beta Value,fb478f60-4f1c-4280-bcf1-150bb149b11b,6abd70ff-6455-4c0b-8d34-53b946ef17e5.methylation_array.sesame.level3betas.txt,1,1
TCGA-27-1837tumor,Simple Nucleotide Variation,Masked Somatic Mutation,"cad1584c-d5d0-40ec-8825-8d5af56de233,a6bfa06b-e42f-4c1e-9e07-2b3a7f28905e","dcc35f9a-bed5-422b-8528-47aaa7b1402a.wxs.aliquot_ensemble_masked.maf,533c0618-caf7-4074-a982-3924283b2972.wxs.aliquot_ensemble_masked.maf",2,2
TCGA-27-1837tumor,Transcriptome Profiling,Gene Expression Quantification,3a3c6a53-219d-4048-a012-9e9a2594c72d,f3c4031d-9a46-4696-9821-eb3050fa98ce.rna_seq.augmented_star_gene_counts.tsv,1,1
TCGA-27-1838tumor,Copy Number Variation,Gene Level Copy Number,"40caeb45-e914-4db5-b4f2-458ab032c420,6968922c-bc04-4bfa-a422-e4be25bdfd9a,96dd8496-d6c8-46e8-a09b-111c22ff15d3","TCGA-GBM.772952af-478d-439b-973a-31821bcd2cf6.absolute_liftover.gene_level_copy_number.v36.tsv,TCGA-GBM.772952af-478d-439b-973a-31821bcd2cf6.gene_level_copy_number.v36.tsv,TCGA-GBM.772952af-478d-439b-973a-31821bcd2cf6.ascat3.gene_level_copy_number.v36.tsv",3,3
TCGA-27-1838tumor,DNA Methylation,Methylation Beta Value,873a3316-bb0d-4fd0-80c4-301998922a95,e00c91ed-9d43-4419-9004-6196ca99dd20.methylation_array.sesame.level3betas.txt,1,1
TCGA-27-1838tumor,Simple Nucleotide Variation,Masked Somatic Mutation,33485a89-8af0-43d6-b627-264ac90b9bb9,d522d4cd-533a-4ab0-8095-b7baae2a29a2.wxs.aliquot_ensemble_masked.maf,1,1
TCGA-27-2518tumor,Copy Number Variation,Gene Level Copy Number,"6a3928f0-19e5-4c7d-816c-c99f31d118f8,c0ae641d-e17a-48f3-a914-ea0b5d259d2a,84aaa7c8-7258-4c5c-8782-b13042c53c84","TCGA-GBM.385df857-e594-4d8a-8d15-dfa23aab9dd6.ascat3.gene_level_copy_number.v36.tsv,TCGA-GBM.385df857-e594-4d8a-8d15-dfa23aab9dd6.absolute_liftover.gene_level_copy_number.v36.tsv,TCGA-GBM.385df857-e594-4d8a-8d15-dfa23aab9dd6.gene_level_copy_number.v36.tsv",3,3
TCGA-27-2518tumor,DNA Methylation,Methylation Beta Value,7e283121-4a5c-4ec2-b6fc-2f30142f7417,8e9cdd46-4bb7-47f3-bb79-d369166e1c3d.methylation_array.sesame.level3betas.txt,1,1
TCGA-27-2518tumor,Simple Nucleotide Variation,Masked Somatic Mutation,21ae3762-ea7b-4b65-adc3-11f8f6406d83,4af3b068-319c-4373-b268-611cd779543c.wxs.aliquot_ensemble_masked.maf,1,1
TCGA-27-2519tumor,Copy Number Variation,Gene Level Copy Number,"80d4d116-e10a-4337-bd38-0c08c507c98b,59a9708e-5835-4c79-971d-3d1238a67726","TCGA-GBM.283d599c-0177-49b1-9479-af035ba69f8b.gene_level_copy_number.v36.tsv,TCGA-GBM.283d599c-0177-49b1-9479-af035ba69f8b.absolute_liftover.gene_level_copy_number.v36.tsv",2,2
TCGA-27-2519tumor,DNA Methylation,Methylation Beta Value,c86b751f-3725-49a8-a25b-4ed19c17278d,aad4cdb2-c7bf-4d93-935d-6fd5a9566290.methylation_array.sesame.level3betas.txt,1,1
TCGA-27-2519tumor,Simple Nucleotide Variation,Masked Somatic Mutation,"61f9881e-d373-48b0-b1bf-dada749fa2f8,ef4c96cc-d305-4629-b0da-61aac5772c0b","f3968e28-58a1-4b10-afea-50224b76eaac.wxs.aliquot_ensemble_masked.maf,0c928ffb-97dc-494a-a561-4767787c88c9.wxs.aliquot_ensemble_masked.maf",2,2
TCGA-27-2519tumor,Transcriptome Profiling,Gene Expression Quantification,3071ca0c-c031-4fe2-a534-e7de322bc4ae,bdd0d102-23f1-4b2d-9080-4eb1c933ddd7.rna_seq.augmented_star_gene_counts.tsv,1,1
TCGA-27-2521tumor,Copy Number Variation,Gene Level Copy Number,"40608875-fef4-46b6-98a8-887be760c298,045afb1a-7fc6-4769-bbb5-2b61cbb360ce,b32b07ec-5c18-4bc2-947b-96315e7555e4","TCGA-GBM.2e4a4365-36ca-4a8b-97cc-065b45104229.ascat3.gene_level_copy_number.v36.tsv,TCGA-GBM.2e4a4365-36ca-4a8b-97cc-065b45104229.gene_level_copy_number.v36.tsv,TCGA-GBM.2e4a4365-36ca-4a8b-97cc-065b45104229.absolute_liftover.gene_level_copy_number.v36.tsv",3,3
TCGA-27-2521tumor,DNA Methylation,Methylation Beta Value,0aaf79bd-905a-42a2-87fe-16bba8bb8ed0,1b8aee34-7605-49ff-94cf-3f6b4a90d7bc.methylation_array.sesame.level3betas.txt,1,1
TCGA-27-2521tumor,Simple Nucleotide Variation,Masked Somatic Mutation,"097a9469-48c7-477a-a769-cda7ff93271e,c119d8f6-4bc9-40b5-83c3-6558dc5fe50d","54c8d67b-b00e-4b7e-bdfd-2df730970784.wxs.aliquot_ensemble_masked.maf,f228fe68-6bfd-4b47-861f-cd7f42c2bfb1.wxs.aliquot_ensemble_masked.maf",2,2
TCGA-27-2521tumor,Transcriptome Profiling,Gene Expression Quantification,69531d59-6508-4074-a63a-27b047121681,03ddea6f-d377-4e2a-a59d-91d5c5b6e4ed.rna_seq.augmented_star_gene_counts.tsv,1,1
TCGA-27-2523tumor,Copy Number Variation,Gene Level Copy Number,"db15fcc2-abc8-4cd3-b9fd-37fbe3ea629b,8705d07c-5bd6-4f73-b085-f16005e75fda,afaceaec-7b66-4361-a8ae-528e8e9614b0","TCGA-GBM.fe104efe-985c-4926-b569-192823e67a53.ascat3.gene_level_copy_number.v36.tsv,TCGA-GBM.fe104efe-985c-4926-b569-192823e67a53.absolute_liftover.gene_level_copy_number.v36.tsv,TCGA-GBM.fe104efe-985c-4926-b569-192823e67a53.gene_level_copy_number.v36.tsv",3,3
TCGA-27-2523tumor,DNA Methylation,Methylation Beta Value,7f52af96-42fb-4182-a839-e6d594bb3d59,bf146a6b-f84c-487b-9a01-f42d0f74dc53.methylation_array.sesame.level3betas.txt,1,1
TCGA-27-2523tumor,Simple Nucleotide Variation,Masked Somatic Mutation,"95560c2c-9a9c-4cb4-9cdd-50fbd03f3265,d0d495a4-1503-45bc-a683-b9a296c7d3a3","652dc632-2c0f-40de-a07a-8092d4ffc8c5.wxs.aliquot_ensemble_masked.maf,9bcd1c73-f515-4747-89c9-7fcd8e60f502.wxs.aliquot_ensemble_masked.maf",2,2
TCGA-27-2523tumor,Transcriptome Profiling,Gene Expression Quantification,5d90192a-0271-4169-ba9d-e52cf081a5c3,c99203bc-27cb-4af5-983f-46d87525a034.rna_seq.augmented_star_gene_counts.tsv,1,1
TCGA-27-2524tumor,Copy Number Variation,Gene Level Copy Number,"137871b3-51b2-47f8-87d3-cf149f902315,476a8cca-2783-4394-a3c0-9aa7d041e576,6acdc000-f7c8-4962-9d6e-6f67dca423d1","TCGA-GBM.c70d7bf6-bd20-4767-a983-9a181b04b16d.ascat3.gene_level_copy_number.v36.tsv,TCGA-GBM.c70d7bf6-bd20-4767-a983-9a181b04b16d.absolute_liftover.gene_level_copy_number.v36.tsv,TCGA-GBM.c70d7bf6-bd20-4767-a983-9a181b04b16d.gene_level_copy_number.v36.tsv",3,3
TCGA-27-2524tumor,DNA Methylation,Methylation Beta Value,a87ae5b3-a007-488e-880f-f05577b6969b,ca84ccf3-7d17-4917-a1e4-7fc7e8bfe046.methylation_array.sesame.level3betas.txt,1,1
TCGA-27-2524tumor,Simple Nucleotide Variation,Masked Somatic Mutation,"a6324d34-baf0-456d-a40d-7f5504e0630d,8bc61d46-10ae-424a-9a1f-bcbb8f72a716","007af1ba-2f9e-4808-85dc-6628c1821e6e.wxs.aliquot_ensemble_masked.maf,96e4e1d5-2200-4c1a-a948-35281595d175.wxs.aliquot_ensemble_masked.maf",2,2
TCGA-27-2524tumor,Transcriptome Profiling,Gene Expression Quantification,6f1de6d4-722d-46de-a586-593224079064,336b678c-b044-4b16-aa80-82c9ab769326.rna_seq.augmented_star_gene_counts.tsv,1,1
TCGA-27-2526tumor,Copy Number Variation,Gene Level Copy Number,"c40d88b6-7f35-430c-a57d-4252fb13e249,89894bd5-d0aa-4cfb-99e0-9dc170889b4f,2b034783-e421-4324-b9d6-cfef0a734ae6","TCGA-GBM.abde6d94-e76d-43e0-b054-6bfddd815722.ascat3.gene_level_copy_number.v36.tsv,TCGA-GBM.abde6d94-e76d-43e0-b054-6bfddd815722.absolute_liftover.gene_level_copy_number.v36.tsv,TCGA-GBM.abde6d94-e76d-43e0-b054-6bfddd815722.gene_level_copy_number.v36.tsv",3,3
TCGA-27-2526tumor,DNA Methylation,Methylation Beta Value,658df258-b899-48e5-8c7f-fbdc34bcdecf,edfdabe5-7d6a-469a-98ab-697a8881b08e.methylation_array.sesame.level3betas.txt,1,1
TCGA-27-2526tumor,Simple Nucleotide Variation,Masked Somatic Mutation,"1edcb635-0ddc-4276-b043-50b45971240b,c5e59a22-4518-4085-8316-860c1cbe5f4c","1537dde2-b938-49ba-90a1-b2354d312028.wxs.aliquot_ensemble_masked.maf,d5639c31-34fc-4510-8e26-058fde05e10d.wxs.aliquot_ensemble_masked.maf",2,2
TCGA-27-2526tumor,Transcriptome Profiling,Gene Expression Quantification,d6a91466-993b-48f3-bbbf-aadd628e8e99,5ef77dbc-2112-4ab3-a669-b0f9b175f01c.rna_seq.augmented_star_gene_counts.tsv,1,1
TCGA-27-2527tumor,Copy Number Variation,Gene Level Copy Number,"303eef54-eac2-44d1-89fb-afa936ba0347,c34399c3-b23a-4fc0-8631-06361f825f1e,a5773a0c-c89b-4a2a-b845-fc3ad6d84912","TCGA-GBM.83107810-d7f6-4ff8-80fb-7d96edd86cd8.ascat3.gene_level_copy_number.v36.tsv,TCGA-GBM.83107810-d7f6-4ff8-80fb-7d96edd86cd8.gene_level_copy_number.v36.tsv,TCGA-GBM.83107810-d7f6-4ff8-80fb-7d96edd86cd8.absolute_liftover.gene_level_copy_number.v36.tsv",3,3
TCGA-27-2527tumor,DNA Methylation,Methylation Beta Value,8714eecb-c80b-4077-9ecb-011dd87ff9bf,152945b1-8069-40a0-89e7-ac880dcf1a8a.methylation_array.sesame.level3betas.txt,1,1
TCGA-27-2527tumor,Simple Nucleotide Variation,Masked Somatic Mutation,865ea30d-9fdb-4999-8007-d8e09e639d38,b708502c-5745-4572-9bbb-c7bb3073a170.wxs.aliquot_ensemble_masked.maf,1,1
TCGA-27-2528tumor,Copy Number Variation,Gene Level Copy Number,"07454f8f-47b6-45ed-9a71-bcf70bb48a92,12ce0237-ea6e-45f1-9cd8-88575673320d,0b2f23c2-4062-4e91-b90c-f745f8aab6bd","TCGA-GBM.21655f02-c537-4847-bb9c-f74e319af0d6.ascat3.gene_level_copy_number.v36.tsv,TCGA-GBM.21655f02-c537-4847-bb9c-f74e319af0d6.absolute_liftover.gene_level_copy_number.v36.tsv,TCGA-GBM.21655f02-c537-4847-bb9c-f74e319af0d6.gene_level_copy_number.v36.tsv",3,3
TCGA-27-2528tumor,DNA Methylation,Methylation Beta Value,fb8bae31-52d6-4103-8c55-62b4beee875b,6c8442da-2a36-4294-8730-0288028fc588.methylation_array.sesame.level3betas.txt,1,1
TCGA-27-2528tumor,Simple Nucleotide Variation,Masked Somatic Mutation,"de70eeab-850f-4cce-8695-9159b3cb29ca,4f118894-652d-4ba4-b109-60e741dffc8b","2d278908-6e5f-48d7-a93a-8eecc43b44b7.wxs.aliquot_ensemble_masked.maf,2b42152f-053d-4dae-a61d-715628d40a33.wxs.aliquot_ensemble_masked.maf",2,2
TCGA-27-2528tumor,Transcriptome Profiling,Gene Expression Quantification,5416b72f-7e75-4fab-a0e0-5396b5bf6cbe,39c60ad1-540a-4ad9-a735-b83f5d1c51f1.rna_seq.augmented_star_gene_counts.tsv,1,1
TCGA-28-1746tumor,Copy Number Variation,Gene Level Copy Number,"0f6b5fd3-67fd-48ea-9cce-ac56cbc76322,0ca656b1-5fb7-4080-a9a6-a4077feb5d84,a92ea0ff-7f81-4437-b73e-8a6d212f3dfc","TCGA-GBM.b31b8323-78cb-4111-8535-f910fca310c3.ascat3.gene_level_copy_number.v36.tsv,TCGA-GBM.b31b8323-78cb-4111-8535-f910fca310c3.gene_level_copy_number.v36.tsv,TCGA-GBM.b31b8323-78cb-4111-8535-f910fca310c3.absolute_liftover.gene_level_copy_number.v36.tsv",3,3
TCGA-28-1746tumor,DNA Methylation,Methylation Beta Value,5fef889d-82d2-4655-be0a-9b23e37568d4,6f1db8b9-e299-48a1-b1b9-001b8d4fe12d.methylation_array.sesame.level3betas.txt,1,1
TCGA-28-1746tumor,Simple Nucleotide Variation,Masked Somatic Mutation,0bc5b7e8-ccfc-4d56-ab3b-12c25ed87754,bd7a0405-bd5e-4a7b-bd4c-1ad278eaa8cd.wxs.aliquot_ensemble_masked.maf,1,1
TCGA-28-1747tumor,Copy Number Variation,Gene Level Copy Number,"9782b9f9-516f-4264-ab86-1d2ca20569f3,60bf7609-0107-41b0-a481-72bf4819d554,b3ae6356-f3f4-48a4-beff-1d31b7075b38","TCGA-GBM.7c10cc13-d1d4-445b-9d6c-e2ea021b3949.ascat3.gene_level_copy_number.v36.tsv,TCGA-GBM.7c10cc13-d1d4-445b-9d6c-e2ea021b3949.absolute_liftover.gene_level_copy_number.v36.tsv,TCGA-GBM.7c10cc13-d1d4-445b-9d6c-e2ea021b3949.gene_level_copy_number.v36.tsv",3,3
TCGA-28-1747tumor,DNA Methylation,Methylation Beta Value,593a9737-ebb5-4b5b-8a19-8f1d10a124b1,3ee544b8-184d-48f1-982c-592504a19b66.methylation_array.sesame.level3betas.txt,1,1
TCGA-28-1747tumor,Simple Nucleotide Variation,Masked Somatic Mutation,"aa29f2d7-b5fd-4c81-bdce-63df0c102c0c,c6f68649-ee2d-4400-9b02-ae02f705c73a","82efc722-e33e-4724-81d8-7c43600e44da.wxs.aliquot_ensemble_masked.maf,52a02fe9-b4dd-4989-ae83-4423760d8bfe.wxs.aliquot_ensemble_masked.maf",2,2
TCGA-28-1747tumor,Transcriptome Profiling,Gene Expression Quantification,20445437-9781-49d6-b55a-afafcc33c459,64c28835-3395-4328-887f-b2bf042c3d9a.rna_seq.augmented_star_gene_counts.tsv,1,1
TCGA-28-1749tumor,Copy Number Variation,Gene Level Copy Number,"82ede335-f8f4-4624-bec3-f28d443712d9,92acb1e2-5982-4811-9418-b562d7f0311a,74881bb3-0631-4036-848b-7715d4b71488","TCGA-GBM.22a60b3d-aa92-4e4a-9307-5abfe0e15bcf.gene_level_copy_number.v36.tsv,TCGA-GBM.22a60b3d-aa92-4e4a-9307-5abfe0e15bcf.ascat3.gene_level_copy_number.v36.tsv,TCGA-GBM.22a60b3d-aa92-4e4a-9307-5abfe0e15bcf.absolute_liftover.gene_level_copy_number.v36.tsv",3,3
TCGA-28-1749tumor,DNA Methylation,Methylation Beta Value,503bcb20-1aa0-47b7-88b7-7dea0c2576b6,591ceea0-4053-4683-ac11-ed0d725e1f65.methylation_array.sesame.level3betas.txt,1,1
TCGA-28-1749tumor,Simple Nucleotide Variation,Masked Somatic Mutation,1a93ab83-8ce8-4a84-97d2-b7e365fcc227,18526e7a-dc0f-4520-affa-fcf4c5178ca3.wxs.aliquot_ensemble_masked.maf,1,1
TCGA-28-1750tumor,Copy Number Variation,Gene Level Copy Number,"dbf40201-3ec6-4ef1-a47e-4711659e9f7a,e3007ac0-74cd-4188-af55-452508d0f771,8728da0d-5ce9-4ad5-8b99-0e80677b08da","TCGA-GBM.d851d39c-cee7-4c65-89b3-20d42e1648f0.ascat3.gene_level_copy_number.v36.tsv,TCGA-GBM.d851d39c-cee7-4c65-89b3-20d42e1648f0.gene_level_copy_number.v36.tsv,TCGA-GBM.d851d39c-cee7-4c65-89b3-20d42e1648f0.absolute_liftover.gene_level_copy_number.v36.tsv",3,3
TCGA-28-1750tumor,DNA Methylation,Methylation Beta Value,c4027c46-d26c-4575-8d19-8cc25473cb27,96047e3a-6f4b-41e7-a10a-cca831ad298a.methylation_array.sesame.level3betas.txt,1,1
TCGA-28-1750tumor,Simple Nucleotide Variation,Masked Somatic Mutation,07dd1a69-3283-4bd1-9ce6-c2709c80fd51,fea3d113-f41a-4d77-b6bc-323deacfcaa3.wxs.aliquot_ensemble_masked.maf,1,1
TCGA-28-1751tumor,Copy Number Variation,Gene Level Copy Number,"49bde4b7-95c9-4ff4-9a47-7fc88a45b62b,81d053f5-7d91-4258-9708-f3735c8df2a7,0531d4a4-c2aa-4adf-8627-2b1a1ede609e","TCGA-GBM.90dfa1c5-b13f-4fec-9860-74d5de4e4054.ascat3.gene_level_copy_number.v36.tsv,TCGA-GBM.90dfa1c5-b13f-4fec-9860-74d5de4e4054.gene_level_copy_number.v36.tsv,TCGA-GBM.90dfa1c5-b13f-4fec-9860-74d5de4e4054.absolute_liftover.gene_level_copy_number.v36.tsv",3,3
TCGA-28-1751tumor,DNA Methylation,Methylation Beta Value,242d0ccb-0c92-4e6c-b633-76a9ce58fecb,91720c9d-3bc4-4429-ae54-71e87bb7b971.methylation_array.sesame.level3betas.txt,1,1
TCGA-28-1751tumor,Simple Nucleotide Variation,Masked Somatic Mutation,0507efd4-0190-4a86-a47c-9c9b724505d5,5a51f505-77c0-47de-b9e5-1e2e62f4fc33.wxs.aliquot_ensemble_masked.maf,1,1
TCGA-28-1752tumor,Copy Number Variation,Gene Level Copy Number,"8c5e95c9-0f1b-47b9-bb40-148f9f41b3fe,d10daf21-8b81-402b-9e75-6c6b7cd2f718,a097e85e-4179-4dd2-b562-8e314d8d911f","TCGA-GBM.d1fb5921-a32f-4adc-b4f6-40739cfddbf7.absolute_liftover.gene_level_copy_number.v36.tsv,TCGA-GBM.d1fb5921-a32f-4adc-b4f6-40739cfddbf7.gene_level_copy_number.v36.tsv,TCGA-GBM.d1fb5921-a32f-4adc-b4f6-40739cfddbf7.ascat3.gene_level_copy_number.v36.tsv",3,3
TCGA-28-1752tumor,DNA Methylation,Methylation Beta Value,c971ebb6-12cc-47f4-8e70-c75b2ae2924c,62dfb7d8-3d8b-4ab5-ad88-f80f884ac502.methylation_array.sesame.level3betas.txt,1,1
TCGA-28-1752tumor,Simple Nucleotide Variation,Masked Somatic Mutation,3a155b4a-5656-4626-b84b-3840d60bc08c,8825138e-a499-4d47-a31d-e9a9236b9ce8.wxs.aliquot_ensemble_masked.maf,1,1
TCGA-28-1753tumor,Copy Number Variation,Gene Level Copy Number,"7aa836cd-3ef0-41d6-a36c-76c0c5b57103,f99093e8-2704-4366-8f30-429bfb2f769b,4549700c-8d0a-4ee1-93ed-1420a0364ad1","TCGA-GBM.0956c3e3-4e73-4e7f-8c13-2aa853785ea9.ascat3.gene_level_copy_number.v36.tsv,TCGA-GBM.0956c3e3-4e73-4e7f-8c13-2aa853785ea9.gene_level_copy_number.v36.tsv,TCGA-GBM.0956c3e3-4e73-4e7f-8c13-2aa853785ea9.absolute_liftover.gene_level_copy_number.v36.tsv",3,3
TCGA-28-1753tumor,DNA Methylation,Methylation Beta Value,a77ee025-5e5d-4dee-bddb-f94044550c6a,c6fad5e2-81d0-4396-a942-5588f7836d7e.methylation_array.sesame.level3betas.txt,1,1
TCGA-28-1753tumor,Simple Nucleotide Variation,Masked Somatic Mutation,615a2810-bb54-4bac-834e-4a07ed36e1bc,f6ddd668-98e6-43a4-a738-29ae46cce681.wxs.aliquot_ensemble_masked.maf,1,1
TCGA-28-1753tumor,Transcriptome Profiling,Gene Expression Quantification,41e3970d-06d0-442a-b41e-128b6e0e743c,7b78ffab-8b48-48fc-b17b-9ae63dac283f.rna_seq.augmented_star_gene_counts.tsv,1,1
TCGA-28-1755tumor,Copy Number Variation,Gene Level Copy Number,"b2344308-37ff-4c73-b586-ba215beeaed9,44965d04-310d-4c94-8560-1423a53d8d10,b3b90dda-8cca-4333-94a8-b80509f7df6a","TCGA-GBM.dd0094e7-5d22-430a-83c6-ceccf8a23b1c.gene_level_copy_number.v36.tsv,TCGA-GBM.dd0094e7-5d22-430a-83c6-ceccf8a23b1c.absolute_liftover.gene_level_copy_number.v36.tsv,TCGA-GBM.dd0094e7-5d22-430a-83c6-ceccf8a23b1c.ascat3.gene_level_copy_number.v36.tsv",3,3
TCGA-28-1755tumor,DNA Methylation,Methylation Beta Value,21945118-7980-4b7d-9a5c-38bf436579ec,e676253e-b12d-41bc-968f-71fce924da41.methylation_array.sesame.level3betas.txt,1,1
TCGA-28-1755tumor,Simple Nucleotide Variation,Masked Somatic Mutation,04acaaaf-3c93-4014-afcb-741e5252b563,46dbd757-15b3-49ed-8fdd-f5124b81295e.wxs.aliquot_ensemble_masked.maf,1,1
TCGA-28-1757tumor,Copy Number Variation,Gene Level Copy Number,"da84d7be-a4ea-469c-a653-d5ca838cb8ce,a5fba3c9-2c8b-48fc-bc57-ee786816a385,52eb8450-f5c5-454a-8fb3-447ffc234d6d","TCGA-GBM.4bd3a625-6624-47be-9bb7-22f87677c141.absolute_liftover.gene_level_copy_number.v36.tsv,TCGA-GBM.4bd3a625-6624-47be-9bb7-22f87677c141.gene_level_copy_number.v36.tsv,TCGA-GBM.4bd3a625-6624-47be-9bb7-22f87677c141.ascat3.gene_level_copy_number.v36.tsv",3,3
TCGA-28-1757tumor,DNA Methylation,Methylation Beta Value,e2909f39-005a-4fec-87b0-fc39296b364c,b9cebe21-a0e1-44a4-9364-652e85e7a3d1.methylation_array.sesame.level3betas.txt,1,1
TCGA-28-1757tumor,Simple Nucleotide Variation,Masked Somatic Mutation,4d84afad-3610-4dbf-935e-7e2af10887ae,2d94b3c8-ba74-40fa-96ec-14eee4fb4d28.wxs.aliquot_ensemble_masked.maf,1,1
TCGA-28-2501tumor,Copy Number Variation,Gene Level Copy Number,"c1dd5b64-fbeb-442a-b684-03fc56d9093b,0e365428-d1b1-4d1a-b4de-503d5e923a74,5fcfe88e-5bdc-40fa-89b3-2e3415a88f2b","TCGA-GBM.42eeadf9-e914-47f0-adf5-f261e42df086.ascat3.gene_level_copy_number.v36.tsv,TCGA-GBM.42eeadf9-e914-47f0-adf5-f261e42df086.absolute_liftover.gene_level_copy_number.v36.tsv,TCGA-GBM.42eeadf9-e914-47f0-adf5-f261e42df086.gene_level_copy_number.v36.tsv",3,3
TCGA-28-2501tumor,DNA Methylation,Methylation Beta Value,39fd4d66-399a-4767-80d0-6505d6ddcdf7,1c208c99-b68a-4ae3-a6c9-5c64f58bbd64.methylation_array.sesame.level3betas.txt,1,1
TCGA-28-2501tumor,Simple Nucleotide Variation,Masked Somatic Mutation,82413c0b-31b3-4a81-b470-ba7c7b1d5c53,8a640c53-08d1-4a5d-9ff2-7b60b9d4213a.wxs.aliquot_ensemble_masked.maf,1,1
TCGA-28-2502tumor,Copy Number Variation,Gene Level Copy Number,"b90c1426-ac33-4428-ad55-c352ce23de68,44d9ad43-9716-40a2-8c69-4e204dee632a,9dc2c834-305c-49d9-8318-898e475089a8","TCGA-GBM.0ef2f076-bed6-40f8-a5bf-cda972f6409d.absolute_liftover.gene_level_copy_number.v36.tsv,TCGA-GBM.0ef2f076-bed6-40f8-a5bf-cda972f6409d.ascat3.gene_level_copy_number.v36.tsv,TCGA-GBM.0ef2f076-bed6-40f8-a5bf-cda972f6409d.gene_level_copy_number.v36.tsv",3,3
TCGA-28-2502tumor,DNA Methylation,Methylation Beta Value,d41d31af-0115-4227-b914-b93b525c0f27,ec39b883-c004-4db1-a08c-17185b518818.methylation_array.sesame.level3betas.txt,1,1
TCGA-28-2502tumor,Simple Nucleotide Variation,Masked Somatic Mutation,"8e9c7c74-8713-4244-adfa-11f7f9054754,27aa82e2-0a8c-43c0-bc89-9f071cce278c","09db0a0a-1140-4f0a-9543-136a626e688c.wxs.aliquot_ensemble_masked.maf,64ddff72-37c7-45d2-b8f1-8c6bca7cf166.wxs.aliquot_ensemble_masked.maf",2,2
TCGA-28-2509tumor,Copy Number Variation,Gene Level Copy Number,"a03e04ea-8f73-467e-bee5-2ddbca3affed,f689033a-21fb-451b-8761-674383bff3bd,5b445c70-7fd4-4817-a0d5-29ea2f9316bf","TCGA-GBM.d9f83ed0-97a4-4dc8-93ce-637f1c6219e0.absolute_liftover.gene_level_copy_number.v36.tsv,TCGA-GBM.d9f83ed0-97a4-4dc8-93ce-637f1c6219e0.gene_level_copy_number.v36.tsv,TCGA-GBM.d9f83ed0-97a4-4dc8-93ce-637f1c6219e0.ascat3.gene_level_copy_number.v36.tsv",3,3
TCGA-28-2509tumor,DNA Methylation,Methylation Beta Value,a7e9f256-5fa8-4ef9-9875-d5e4a2b2446f,e0e9c5a0-1e0e-4b5d-b200-218da49426c4.methylation_array.sesame.level3betas.txt,1,1
TCGA-28-2509tumor,Simple Nucleotide Variation,Masked Somatic Mutation,"0493f571-b732-4f33-9c57-b9b5762e7da1,fa27a283-77da-4e5b-9d9a-91c53144172c","ac21aa37-79a1-4021-a20e-5ac69bb0b961.wxs.aliquot_ensemble_masked.maf,2694e246-85e8-4ee0-b8b7-c322fd855b84.wxs.aliquot_ensemble_masked.maf",2,2
TCGA-28-2509tumor,Transcriptome Profiling,Gene Expression Quantification,16b32013-0291-458e-b637-f73ccbaee84f,ee1a4754-896c-4f5d-bd4a-a7754f84abad.rna_seq.augmented_star_gene_counts.tsv,1,1
TCGA-28-2510tumor,Copy Number Variation,Gene Level Copy Number,"ab4fc3c8-1061-40ea-af93-d4705e3a9879,b9f32fb9-2c9a-49fc-9b14-7267e9d84b44,9c3dce40-f1f8-418f-976b-fdc14acb4759","TCGA-GBM.d76b9192-75e0-4882-a883-d69cad8e3e72.gene_level_copy_number.v36.tsv,TCGA-GBM.d76b9192-75e0-4882-a883-d69cad8e3e72.ascat3.gene_level_copy_number.v36.tsv,TCGA-GBM.d76b9192-75e0-4882-a883-d69cad8e3e72.absolute_liftover.gene_level_copy_number.v36.tsv",3,3
TCGA-28-2510tumor,DNA Methylation,Methylation Beta Value,07e0615e-4129-4130-a7dd-669be4457742,aa9cd003-ea5c-44ce-ac0f-08975ada62cc.methylation_array.sesame.level3betas.txt,1,1
TCGA-28-2510tumor,Simple Nucleotide Variation,Masked Somatic Mutation,ecda772b-48b7-49d8-92c1-6248a72f9454,07e0242f-839c-4aca-b4db-da36d2773bf1.wxs.aliquot_ensemble_masked.maf,1,1
TCGA-28-2510tumor,Transcriptome Profiling,Gene Expression Quantification,c5edc8d9-bae8-4841-802c-919dc0d4c055,9b1f39e2-a587-4fde-afd2-e0808a7766c1.rna_seq.augmented_star_gene_counts.tsv,1,1
TCGA-28-2513tumor,Copy Number Variation,Gene Level Copy Number,"59e4e086-c90d-4bba-99c1-60c6268739f3,4d0698ed-9332-47b8-9902-c3632d146c91,f8733c97-bbac-42d8-bd5f-06e3cfb312dc","TCGA-GBM.7d6936e7-0750-4265-962c-36bb3de652af.ascat3.gene_level_copy_number.v36.tsv,TCGA-GBM.7d6936e7-0750-4265-962c-36bb3de652af.absolute_liftover.gene_level_copy_number.v36.tsv,TCGA-GBM.7d6936e7-0750-4265-962c-36bb3de652af.gene_level_copy_number.v36.tsv",3,3
TCGA-28-2513tumor,DNA Methylation,Methylation Beta Value,347dfb97-6555-401f-b1df-2861fa67661d,dd780bf7-d0e2-499e-b663-8e2a9e3451e3.methylation_array.sesame.level3betas.txt,1,1
TCGA-28-2513tumor,Simple Nucleotide Variation,Masked Somatic Mutation,"bf9d54fb-5e3d-4d5e-b978-469a3d08ebf9,e4ff48bd-6763-4932-bd57-61c9f885765a","55e23755-6dfe-4c56-86bd-01615172a7d2.wxs.aliquot_ensemble_masked.maf,dcf505f8-8a82-4885-a66f-449052999f42.wxs.aliquot_ensemble_masked.maf",2,2
TCGA-28-2513tumor,Transcriptome Profiling,Gene Expression Quantification,2b542440-46c8-49b4-8657-a01e864b3f80,63af1588-387b-44a7-97ed-4f73559347c2.rna_seq.augmented_star_gene_counts.tsv,1,1
TCGA-28-2514tumor,Copy Number Variation,Gene Level Copy Number,"c7557839-8f0f-4763-8884-89dcc0664d30,9752f91b-774c-414a-9f1d-dd0bce991893,e19233f5-ada3-4da4-812a-ed996ec89baf","TCGA-GBM.28cd2973-b37c-468d-88d9-f1b8cf461ed6.ascat3.gene_level_copy_number.v36.tsv,TCGA-GBM.28cd2973-b37c-468d-88d9-f1b8cf461ed6.absolute_liftover.gene_level_copy_number.v36.tsv,TCGA-GBM.28cd2973-b37c-468d-88d9-f1b8cf461ed6.gene_level_copy_number.v36.tsv",3,3
TCGA-28-2514tumor,DNA Methylation,Methylation Beta Value,db4d92b0-b70e-4c57-ad61-d6df8e6f12f2,d5c350db-c556-425d-9799-a410325b3119.methylation_array.sesame.level3betas.txt,1,1
TCGA-28-2514tumor,Simple Nucleotide Variation,Masked Somatic Mutation,"c2ba3a0e-2743-4e83-be36-2350e30e62ff,b4df06fc-288f-4ba3-a17b-8f278bcff1f6","20faedeb-edd0-427c-8f6c-95b2c66d2818.wxs.aliquot_ensemble_masked.maf,f6ba96d8-8336-4caa-8909-e604e16fc14e.wxs.aliquot_ensemble_masked.maf",2,2
TCGA-28-2514tumor,Transcriptome Profiling,Gene Expression Quantification,7a7637d0-110f-4809-a79f-9eead03c762b,db0f3e8d-4a8e-48c7-8903-3dfba46d8401.rna_seq.augmented_star_gene_counts.tsv,1,1
TCGA-28-5204tumor,Copy Number Variation,Gene Level Copy Number,"9605d21e-754d-4383-94fb-6ae7e818bb0e,463e40ae-9bc5-4791-8cd8-004b9be0d327,b61d1a00-1591-4252-802f-e19229b2d850","TCGA-GBM.fac7db1b-ed4b-4fea-88f5-1bf67402622c.absolute_liftover.gene_level_copy_number.v36.tsv,TCGA-GBM.fac7db1b-ed4b-4fea-88f5-1bf67402622c.ascat3.gene_level_copy_number.v36.tsv,TCGA-GBM.fac7db1b-ed4b-4fea-88f5-1bf67402622c.gene_level_copy_number.v36.tsv",3,3
TCGA-28-5204tumor,DNA Methylation,Methylation Beta Value,063a67d9-b89c-4871-997b-eba528783d0d,33edb3fc-6573-4e7e-8a7e-277e5a7f58bb.methylation_array.sesame.level3betas.txt,1,1
TCGA-28-5204tumor,Simple Nucleotide Variation,Masked Somatic Mutation,cbffd96e-9ca7-4dea-be05-52fe81ada415,2be04985-fe5b-4d9d-ac2b-57c9e96aa6be.wxs.aliquot_ensemble_masked.maf,1,1
TCGA-28-5204tumor,Transcriptome Profiling,Gene Expression Quantification,5a2427b9-3e21-4ae3-bde7-06efcdf2bea3,b45c00da-6d61-4b10-befa-dc1123f955a9.rna_seq.augmented_star_gene_counts.tsv,1,1
TCGA-28-5208tumor,Copy Number Variation,Gene Level Copy Number,"1e566a20-10f9-4b59-b7b9-8f3e0b593440,3ccc8ae9-fe4b-4528-89e9-2cc6c7f05ecc,e5206aa3-0346-45b3-b788-d08861477791","TCGA-GBM.726e7157-ca54-4ae4-b85e-0b6fbf96ceb6.absolute_liftover.gene_level_copy_number.v36.tsv,TCGA-GBM.726e7157-ca54-4ae4-b85e-0b6fbf96ceb6.gene_level_copy_number.v36.tsv,TCGA-GBM.726e7157-ca54-4ae4-b85e-0b6fbf96ceb6.ascat3.gene_level_copy_number.v36.tsv",3,3
TCGA-28-5208tumor,DNA Methylation,Methylation Beta Value,cbc0c286-7548-4609-8211-e9301bd696f4,30ef2ff4-0d88-420e-a828-02a2f933176e.methylation_array.sesame.level3betas.txt,1,1
TCGA-28-5208tumor,Simple Nucleotide Variation,Masked Somatic Mutation,4ebacb5d-3778-4923-b871-b1ce7a849bdf,1bc4fe25-5368-486b-b3b2-c64f03a58d6d.wxs.aliquot_ensemble_masked.maf,1,1
TCGA-28-5208tumor,Transcriptome Profiling,Gene Expression Quantification,21b8a64f-800c-45bc-b7a4-a2e666330549,71390b5a-ecd0-475f-8582-8bfb47bb844c.rna_seq.augmented_star_gene_counts.tsv,1,1
TCGA-28-5208tumor,Transcriptome Profiling,miRNA Expression Quantification,f464c784-cb49-4266-9465-ddd7cd92560e,76e00da7-6bf5-4243-afb8-61a1d8b33fb7.mirnaseq.mirnas.quantification.txt,1,1
TCGA-28-5209tumor,Copy Number Variation,Gene Level Copy Number,"4f27a2d8-2b37-4616-9f1f-536cf7451b72,5a492497-6c6c-42db-8e49-24e7a9188e46,551701ab-302c-4770-b0a5-bca7be9cf1c9","TCGA-GBM.069effeb-0751-47d7-9b3a-554e9dcef494.ascat3.gene_level_copy_number.v36.tsv,TCGA-GBM.069effeb-0751-47d7-9b3a-554e9dcef494.absolute_liftover.gene_level_copy_number.v36.tsv,TCGA-GBM.069effeb-0751-47d7-9b3a-554e9dcef494.gene_level_copy_number.v36.tsv",3,3
TCGA-28-5209tumor,DNA Methylation,Methylation Beta Value,f419e7ae-06d6-47c3-8f31-86560caafda3,cc0aa5b5-187d-499c-89bb-3f76c4ad4181.methylation_array.sesame.level3betas.txt,1,1
TCGA-28-5209tumor,Simple Nucleotide Variation,Masked Somatic Mutation,f5ea864b-48c9-48f1-b05b-076377bc0b48,98209cc6-a517-47eb-a5e0-53dfbac9b6fe.wxs.aliquot_ensemble_masked.maf,1,1
TCGA-28-5209tumor,Transcriptome Profiling,Gene Expression Quantification,9c73dcae-262a-4473-a999-3ec148b733ed,79b783ac-103f-47a6-bc4b-8498a0be46ac.rna_seq.augmented_star_gene_counts.tsv,1,1
TCGA-28-5211tumor,Copy Number Variation,Gene Level Copy Number,"704be3ec-6b4c-4b62-ab5c-b4f948098dde,c9063277-f87f-4614-8936-4ad105ed2054,e671b54d-1227-437f-9269-f7ac54752f49","TCGA-GBM.d7952024-0ad2-4221-bfab-e9b32b2137dc.gene_level_copy_number.v36.tsv,TCGA-GBM.d7952024-0ad2-4221-bfab-e9b32b2137dc.absolute_liftover.gene_level_copy_number.v36.tsv,TCGA-GBM.d7952024-0ad2-4221-bfab-e9b32b2137dc.ascat3.gene_level_copy_number.v36.tsv",3,3
TCGA-28-5211tumor,DNA Methylation,Methylation Beta Value,c3875d34-fe74-4241-b67d-0797bb31a103,a126dc41-8dd0-4198-8d06-458e99e0f424.methylation_array.sesame.level3betas.txt,1,1
TCGA-28-5211tumor,Simple Nucleotide Variation,Masked Somatic Mutation,4c1a7bd3-c494-4c79-acc1-9bab05524d9c,d48389e4-d62d-40ab-b7de-9f24a15d1f8f.wxs.aliquot_ensemble_masked.maf,1,1
TCGA-28-5213tumor,Copy Number Variation,Gene Level Copy Number,"201c5c62-79ff-4bae-9106-54d98fb6eb4f,52c7227f-1bb4-4639-94ad-9b721d08be15,b6b83be5-60a3-4ddb-aa24-6e68cce09c8a","TCGA-GBM.8d66447c-2dc7-4156-aaeb-018edcc2adc3.ascat3.gene_level_copy_number.v36.tsv,TCGA-GBM.8d66447c-2dc7-4156-aaeb-018edcc2adc3.gene_level_copy_number.v36.tsv,TCGA-GBM.8d66447c-2dc7-4156-aaeb-018edcc2adc3.absolute_liftover.gene_level_copy_number.v36.tsv",3,3
TCGA-28-5213tumor,DNA Methylation,Methylation Beta Value,2d6e4afa-65f2-410e-9850-b371aea15695,e0839446-38fd-442e-9eae-2a8f14ca55a1.methylation_array.sesame.level3betas.txt,1,1
TCGA-28-5213tumor,Simple Nucleotide Variation,Masked Somatic Mutation,48fc7957-a80c-484e-a1af-f6ac751a870a,1cdbdb5d-22f8-429a-93cb-2ededc14fd68.wxs.aliquot_ensemble_masked.maf,1,1
TCGA-28-5213tumor,Transcriptome Profiling,Gene Expression Quantification,155e74da-ebd4-4f87-ac74-7bf9fd74644f,6b59c7e7-11f7-4326-a849-2e1a6bb9f3e7.rna_seq.augmented_star_gene_counts.tsv,1,1
TCGA-28-5214tumor,Copy Number Variation,Gene Level Copy Number,"0038124b-a518-40f5-92b7-524632eb6d8c,be1cf4b7-63e5-428e-b374-812481fdf285,dc6b3d49-d0bb-4505-bb16-c7ab62799321","TCGA-GBM.b0cb2c90-240e-430a-bd51-4338eb666b26.gene_level_copy_number.v36.tsv,TCGA-GBM.b0cb2c90-240e-430a-bd51-4338eb666b26.ascat3.gene_level_copy_number.v36.tsv,TCGA-GBM.b0cb2c90-240e-430a-bd51-4338eb666b26.absolute_liftover.gene_level_copy_number.v36.tsv",3,3
TCGA-28-5214tumor,DNA Methylation,Methylation Beta Value,cacd15af-075f-4d2f-997f-0710b78d7213,69073609-ccb9-4a39-859d-2f9d8dd3882f.methylation_array.sesame.level3betas.txt,1,1
TCGA-28-5214tumor,Simple Nucleotide Variation,Masked Somatic Mutation,d21805b6-f571-42e2-ada1-4bbb8d85a143,cfebbdbd-f68d-42f6-a747-6e94d999aa40.wxs.aliquot_ensemble_masked.maf,1,1
TCGA-28-5215tumor,Copy Number Variation,Gene Level Copy Number,"9dc7fd65-496b-43f3-ba45-7cd7dad36477,4aa48e98-b807-4d56-be4a-52997ea36110,d7a9da60-8a60-4b3f-a7d0-1365e02b6ecf","TCGA-GBM.bab3ca51-e202-4813-b848-a903c1fede97.ascat3.gene_level_copy_number.v36.tsv,TCGA-GBM.bab3ca51-e202-4813-b848-a903c1fede97.gene_level_copy_number.v36.tsv,TCGA-GBM.bab3ca51-e202-4813-b848-a903c1fede97.absolute_liftover.gene_level_copy_number.v36.tsv",3,3
TCGA-28-5215tumor,DNA Methylation,Methylation Beta Value,f8856a8c-b0af-499a-b4df-fa60a0c15979,7dfdceca-a534-4849-87d4-10200d369000.methylation_array.sesame.level3betas.txt,1,1
TCGA-28-5215tumor,Simple Nucleotide Variation,Masked Somatic Mutation,e5d8e2ad-ee3d-4a33-95ce-a6facf515968,a42e4a06-93c9-45f7-af9b-8f57b817314c.wxs.aliquot_ensemble_masked.maf,1,1
TCGA-28-5215tumor,Transcriptome Profiling,Gene Expression Quantification,006aabaf-a659-436d-baed-f59795f934cf,41bdf255-88ed-4346-9033-7813b2c97d84.rna_seq.augmented_star_gene_counts.tsv,1,1
TCGA-28-5216tumor,Copy Number Variation,Gene Level Copy Number,"b4e5e4ec-de14-43e7-9bd1-72b0a8dc2ad5,ec1a9fc3-1bac-4626-acb5-82add7df8725,afeb4f05-b281-4428-ad89-29b4427ac2d1","TCGA-GBM.6e5fa796-79e8-42a3-a5ee-7cd43885faa0.absolute_liftover.gene_level_copy_number.v36.tsv,TCGA-GBM.6e5fa796-79e8-42a3-a5ee-7cd43885faa0.ascat3.gene_level_copy_number.v36.tsv,TCGA-GBM.6e5fa796-79e8-42a3-a5ee-7cd43885faa0.gene_level_copy_number.v36.tsv",3,3
TCGA-28-5216tumor,DNA Methylation,Methylation Beta Value,566009b5-b368-4ee1-9a3d-12b30027b85a,293acc99-d23a-4b70-980d-27d4f7dcfdf4.methylation_array.sesame.level3betas.txt,1,1
TCGA-28-5216tumor,Simple Nucleotide Variation,Masked Somatic Mutation,ca16ba46-fd07-4438-991c-7dd08efec0e7,8e905276-6586-4913-bcfc-4becd8cac17f.wxs.aliquot_ensemble_masked.maf,1,1
TCGA-28-5216tumor,Transcriptome Profiling,Gene Expression Quantification,a586c240-b39c-4674-9276-1fa0a67503c5,7953f14d-563a-4c41-882e-cce3821547a3.rna_seq.augmented_star_gene_counts.tsv,1,1
TCGA-28-5218tumor,Copy Number Variation,Gene Level Copy Number,"3e46c98b-07ad-4d38-9310-597a3d53c700,2164ba87-7bd5-4db1-88a2-a6d82f852a6f,d47cb250-a34d-4aa4-bac0-8a0e01dd54d8","TCGA-GBM.e154e046-f2c8-4913-9b31-f6c7cecf06e3.gene_level_copy_number.v36.tsv,TCGA-GBM.e154e046-f2c8-4913-9b31-f6c7cecf06e3.absolute_liftover.gene_level_copy_number.v36.tsv,TCGA-GBM.e154e046-f2c8-4913-9b31-f6c7cecf06e3.ascat3.gene_level_copy_number.v36.tsv",3,3
TCGA-28-5218tumor,DNA Methylation,Methylation Beta Value,b30dc292-016b-41af-8129-9893f0117ae0,3fe3c906-a666-4c24-84df-15ff2b2e28b4.methylation_array.sesame.level3betas.txt,1,1
TCGA-28-5218tumor,Simple Nucleotide Variation,Masked Somatic Mutation,4000d8fa-3f11-4a3e-9eff-8a020db39ecf,1af0efcc-39f9-45d0-ade4-d390e2363a28.wxs.aliquot_ensemble_masked.maf,1,1
TCGA-28-5218tumor,Transcriptome Profiling,Gene Expression Quantification,39f91c2c-9527-4185-aa04-eb42e7fab7c1,13da7123-db39-4bab-9521-daef5d3030ae.rna_seq.augmented_star_gene_counts.tsv,1,1
TCGA-28-5219tumor,Copy Number Variation,Gene Level Copy Number,"001527b6-38fd-4461-b8b4-385b95252c74,19cacaf4-1e80-4d1a-b6a3-10572896912a,4f1f4cde-48ac-4f28-b0a4-ba5788443526","TCGA-GBM.7589a74c-cccb-4195-bfa4-a4ec46dde759.ascat3.gene_level_copy_number.v36.tsv,TCGA-GBM.7589a74c-cccb-4195-bfa4-a4ec46dde759.absolute_liftover.gene_level_copy_number.v36.tsv,TCGA-GBM.7589a74c-cccb-4195-bfa4-a4ec46dde759.gene_level_copy_number.v36.tsv",3,3
TCGA-28-5219tumor,DNA Methylation,Methylation Beta Value,1dd1dff1-9c52-4523-8d6b-9f0051c0ef75,0473ced5-ec50-4a15-8d6f-6ce62c2364ce.methylation_array.sesame.level3betas.txt,1,1
TCGA-28-5219tumor,Simple Nucleotide Variation,Masked Somatic Mutation,90d0cbc4-ce38-47ce-a99d-2f3021aee987,993f453f-4ec6-44bb-9390-c729d9fa63f4.wxs.aliquot_ensemble_masked.maf,1,1
TCGA-28-5220tumor,Copy Number Variation,Gene Level Copy Number,"52931ef7-ce74-4c7b-bae0-d8ec525128ba,5b301aed-3e7c-4495-9ae8-7aa7d8cc1b61,6ffc8461-ca67-4dd6-9b8c-c75847e4b13e","TCGA-GBM.400c497f-cd15-4573-90ca-565cfac725bb.ascat3.gene_level_copy_number.v36.tsv,TCGA-GBM.400c497f-cd15-4573-90ca-565cfac725bb.gene_level_copy_number.v36.tsv,TCGA-GBM.400c497f-cd15-4573-90ca-565cfac725bb.absolute_liftover.gene_level_copy_number.v36.tsv",3,3
TCGA-28-5220tumor,DNA Methylation,Methylation Beta Value,6e61e566-ce0d-4e8e-9b85-54f31231961f,df47e3fe-5cab-4d0e-8958-f5fd2bb9d2cf.methylation_array.sesame.level3betas.txt,1,1
TCGA-28-5220tumor,Simple Nucleotide Variation,Masked Somatic Mutation,1e9d3a4f-b9dd-4d02-94e5-d57ad695fed6,4efe72bc-0ad6-41ef-886e-7fe838f092cd.wxs.aliquot_ensemble_masked.maf,1,1
TCGA-28-5220tumor,Transcriptome Profiling,Gene Expression Quantification,d44fbbb6-168a-4454-aa47-7da08a8949b6,32291119-ef4e-4041-9949-dc88dfce459a.rna_seq.augmented_star_gene_counts.tsv,1,1
TCGA-28-6450tumor,Copy Number Variation,Gene Level Copy Number,"fdba3ce5-a8fc-4625-9d8f-c3c263a5c7d6,727295db-3228-4eb0-947b-cc2448c28816,87ec090c-dbef-4cdd-b3dd-52a0f754e9d1","TCGA-GBM.022234bf-b9c1-4bb7-8281-e11112239ae4.ascat3.gene_level_copy_number.v36.tsv,TCGA-GBM.022234bf-b9c1-4bb7-8281-e11112239ae4.gene_level_copy_number.v36.tsv,TCGA-GBM.022234bf-b9c1-4bb7-8281-e11112239ae4.absolute_liftover.gene_level_copy_number.v36.tsv",3,3
TCGA-28-6450tumor,DNA Methylation,Methylation Beta Value,cce041de-1783-4b4a-8b2d-a74f12cde8ef,f4fc375f-ba8c-4f72-bc61-352d63f4bd93.methylation_array.sesame.level3betas.txt,1,1
TCGA-28-6450tumor,Simple Nucleotide Variation,Masked Somatic Mutation,fa5c54fa-00e6-45e8-b53b-65e61f4720bd,951b1e71-b89b-4b59-8cb2-89721e09921f.wxs.aliquot_ensemble_masked.maf,1,1
TCGA-32-1970tumor,Copy Number Variation,Gene Level Copy Number,"3c203b3a-af0e-4a60-ad82-4292e682444d,a86e9576-402a-46fe-b1d3-65257abf5058,1ce9fe8f-ef0f-49e6-8bbe-b03741cc27ff","TCGA-GBM.835361d0-0117-4bd9-8f4f-c25957b7993a.gene_level_copy_number.v36.tsv,TCGA-GBM.835361d0-0117-4bd9-8f4f-c25957b7993a.ascat3.gene_level_copy_number.v36.tsv,TCGA-GBM.835361d0-0117-4bd9-8f4f-c25957b7993a.absolute_liftover.gene_level_copy_number.v36.tsv",3,3
TCGA-32-1970tumor,DNA Methylation,Methylation Beta Value,f2772e2f-b24c-4e03-bce5-ad694c13c150,90b5abf9-0f75-4c7d-aca7-9164a1aecb74.methylation_array.sesame.level3betas.txt,1,1
TCGA-32-1970tumor,Simple Nucleotide Variation,Masked Somatic Mutation,"38c3188d-6a13-404e-8c41-0f11ff3a8fe3,85d307c7-1f44-48f2-8905-208394d4eb88","678cf775-123d-4229-a7ac-44db20336bbb.wxs.aliquot_ensemble_masked.maf,80f639be-3085-412e-9181-ff237409b913.wxs.aliquot_ensemble_masked.maf",2,2
TCGA-32-1970tumor,Transcriptome Profiling,Gene Expression Quantification,69f7dc91-32d1-4359-850f-860aab36e433,0ce1eb02-a90c-484a-b861-c359562d3be1.rna_seq.augmented_star_gene_counts.tsv,1,1
TCGA-32-1976tumor,Copy Number Variation,Gene Level Copy Number,"9c01b108-c658-4c1c-a151-ef02b899e682,9d19b8e9-1417-422e-b1f6-6ac5c5743c74,2b3df484-5ce7-4ed8-92fb-feaeaefbe71d","TCGA-GBM.e6fbe6be-b3a7-4838-8552-2aee3cdc6e99.ascat3.gene_level_copy_number.v36.tsv,TCGA-GBM.e6fbe6be-b3a7-4838-8552-2aee3cdc6e99.absolute_liftover.gene_level_copy_number.v36.tsv,TCGA-GBM.e6fbe6be-b3a7-4838-8552-2aee3cdc6e99.gene_level_copy_number.v36.tsv",3,3
TCGA-32-1976tumor,DNA Methylation,Methylation Beta Value,f94ff659-6449-4f8a-96ed-22e125e17dea,43d11bf8-5fba-4dac-be15-15d973da51cc.methylation_array.sesame.level3betas.txt,1,1
TCGA-32-1976tumor,Simple Nucleotide Variation,Masked Somatic Mutation,a489e954-de4b-4be5-8805-2e81fb3f2652,dc58eec8-f202-4627-ba98-eb6de9f4eaf3.wxs.aliquot_ensemble_masked.maf,1,1
TCGA-32-1977tumor,Copy Number Variation,Gene Level Copy Number,"9a548151-03c9-4583-ac4b-3c775d21eb3e,e7533935-83b6-4d8f-b6be-72946dca95df,65bf1926-2b63-4bd4-be7f-4f7b2313ba36","TCGA-GBM.745c4098-600d-4d20-9202-3b9afa79f199.ascat3.gene_level_copy_number.v36.tsv,TCGA-GBM.745c4098-600d-4d20-9202-3b9afa79f199.gene_level_copy_number.v36.tsv,TCGA-GBM.745c4098-600d-4d20-9202-3b9afa79f199.absolute_liftover.gene_level_copy_number.v36.tsv",3,3
TCGA-32-1977tumor,DNA Methylation,Methylation Beta Value,6fec5e32-3b7e-4acd-bb09-1f10e0627cbe,57500859-7ecd-41e9-a04b-3f67c8cfac27.methylation_array.sesame.level3betas.txt,1,1
TCGA-32-1977tumor,Simple Nucleotide Variation,Masked Somatic Mutation,4de58545-568a-4f9b-ae77-c9a5b9bc6161,8923fe02-13ea-4999-b3a9-a78aa1ef2b56.wxs.aliquot_ensemble_masked.maf,1,1
TCGA-32-1979tumor,Copy Number Variation,Gene Level Copy Number,"0782fd24-2924-41ff-89d3-6556907c036b,254b9489-ca59-43a6-9853-30d25916cf2c,d93f5af1-082a-4d3b-9d3a-b2be4383494d","TCGA-GBM.3d70d429-6dac-4697-9331-e462fbf5d0bc.absolute_liftover.gene_level_copy_number.v36.tsv,TCGA-GBM.3d70d429-6dac-4697-9331-e462fbf5d0bc.gene_level_copy_number.v36.tsv,TCGA-GBM.3d70d429-6dac-4697-9331-e462fbf5d0bc.ascat3.gene_level_copy_number.v36.tsv",3,3
TCGA-32-1979tumor,DNA Methylation,Methylation Beta Value,23cd6336-781a-41d7-aa71-95cdce38b0b0,81f6713a-b8ad-4391-8935-b9675aa5e944.methylation_array.sesame.level3betas.txt,1,1
TCGA-32-1979tumor,Simple Nucleotide Variation,Masked Somatic Mutation,b29551e7-e05c-4a3b-b65d-2df3535bf0a4,cbf689a7-4cf1-4eac-8d7a-cef2cfe1808f.wxs.aliquot_ensemble_masked.maf,1,1
TCGA-32-1980tumor,Copy Number Variation,Gene Level Copy Number,"e5b8f3c9-78e5-4285-9294-ee61d517e874,2aa9cff6-ee60-44f4-84bd-2eded0d1553a,f4184dbb-e41e-4fec-a7cb-0e329c8163eb","TCGA-GBM.5a822b7f-89ba-42a5-9e7a-3bcd7ea0f9ef.ascat3.gene_level_copy_number.v36.tsv,TCGA-GBM.5a822b7f-89ba-42a5-9e7a-3bcd7ea0f9ef.gene_level_copy_number.v36.tsv,TCGA-GBM.5a822b7f-89ba-42a5-9e7a-3bcd7ea0f9ef.absolute_liftover.gene_level_copy_number.v36.tsv",3,3
TCGA-32-1980tumor,DNA Methylation,Methylation Beta Value,bc1f3de8-e566-4edc-ab9b-70cdb0de7802,09cb404b-1e46-4fc4-9fe7-39fefb4320ec.methylation_array.sesame.level3betas.txt,1,1
TCGA-32-1980tumor,Simple Nucleotide Variation,Masked Somatic Mutation,aff5eda3-29ea-41ad-9867-8f97b83593fa,538ae17a-0dac-4a9e-a939-2474040310c9.wxs.aliquot_ensemble_masked.maf,1,1
TCGA-32-1980tumor,Transcriptome Profiling,Gene Expression Quantification,6fa64d4a-8a11-4b3e-852c-bf916c82259f,e4bd9518-37b8-4d39-b717-7c750f311eba.rna_seq.augmented_star_gene_counts.tsv,1,1
TCGA-32-1982tumor,Copy Number Variation,Gene Level Copy Number,"2bfdba3d-dd95-4ceb-960f-ece28d837a4d,f654620d-fbae-4c21-949c-526a12c8c253,ef9ed9e8-65fd-4340-90e2-4edad8322444","TCGA-GBM.b3dc6b32-481a-4817-9b26-696e0b2e6c01.absolute_liftover.gene_level_copy_number.v36.tsv,TCGA-GBM.b3dc6b32-481a-4817-9b26-696e0b2e6c01.ascat3.gene_level_copy_number.v36.tsv,TCGA-GBM.b3dc6b32-481a-4817-9b26-696e0b2e6c01.gene_level_copy_number.v36.tsv",3,3
TCGA-32-1982tumor,DNA Methylation,Methylation Beta Value,020eb43b-9957-4641-91e8-69977727f3a2,33d9e25f-25a3-4c04-b11b-7b456095df41.methylation_array.sesame.level3betas.txt,1,1
TCGA-32-1982tumor,Simple Nucleotide Variation,Masked Somatic Mutation,"1be61e71-4eca-4251-84d1-b5eea0c61be0,e4073a90-f543-4905-a94a-1186af54ab91","f2aad44d-2fce-405d-a592-8f1697c625bb.wxs.aliquot_ensemble_masked.maf,ada864d1-82e2-46da-9db8-339aa1c830de.wxs.aliquot_ensemble_masked.maf",2,2
TCGA-32-1982tumor,Transcriptome Profiling,Gene Expression Quantification,6a94fd13-1867-4fc2-aa6d-c0ad48ac4390,e9c72888-0405-4c66-bcd5-bb56173bdcb2.rna_seq.augmented_star_gene_counts.tsv,1,1
TCGA-32-1986tumor,Copy Number Variation,Gene Level Copy Number,"0c2a80a8-cbf5-415a-883d-ea11c90640ae,5211ea75-a4d2-4c3a-aee1-de6413b427ba,11e90c08-c8c4-48b6-a758-52102e85233e","TCGA-GBM.cc082824-163d-4c1f-9327-049723244818.ascat3.gene_level_copy_number.v36.tsv,TCGA-GBM.cc082824-163d-4c1f-9327-049723244818.gene_level_copy_number.v36.tsv,TCGA-GBM.cc082824-163d-4c1f-9327-049723244818.absolute_liftover.gene_level_copy_number.v36.tsv",3,3
TCGA-32-1986tumor,DNA Methylation,Methylation Beta Value,4419dec2-5f79-436a-844e-73cd177eb49a,2034304b-bc4c-4542-935c-3eb6b0b4fba3.methylation_array.sesame.level3betas.txt,1,1
TCGA-32-1986tumor,Simple Nucleotide Variation,Masked Somatic Mutation,5dadaf79-98f2-45ed-a944-62df84b9ce8f,10ba1ef7-3c38-4d74-9d96-c0d0599ab16e.wxs.aliquot_ensemble_masked.maf,1,1
TCGA-32-1991tumor,Copy Number Variation,Gene Level Copy Number,"bc33f209-6bfc-44e9-89e7-5b501a77745c,89f12256-46ec-4218-a8c5-455873948bbb,0af729d0-0563-43ea-ba48-71489bdecf58","TCGA-GBM.840c2647-dda1-4398-a56e-b0ece6016ad1.gene_level_copy_number.v36.tsv,TCGA-GBM.840c2647-dda1-4398-a56e-b0ece6016ad1.absolute_liftover.gene_level_copy_number.v36.tsv,TCGA-GBM.840c2647-dda1-4398-a56e-b0ece6016ad1.ascat3.gene_level_copy_number.v36.tsv",3,3
TCGA-32-1991tumor,DNA Methylation,Methylation Beta Value,789a900a-a22e-4561-b6d5-d6b28b9028aa,fd10dedc-a5d7-4eb7-8864-c522ce24a058.methylation_array.sesame.level3betas.txt,1,1
TCGA-32-1991tumor,Simple Nucleotide Variation,Masked Somatic Mutation,10c42f7f-29aa-4e20-ba4a-b19d807ef40e,21b9f3ba-edcc-4640-9ddd-e8f60ec456f3.wxs.aliquot_ensemble_masked.maf,1,1
TCGA-32-2491tumor,Copy Number Variation,Gene Level Copy Number,"4f537eb8-3b22-4a8c-baca-33432b3b2fdf,c1f17404-e3aa-421b-901a-5d159c10bac6,fd217984-5a43-431c-876b-fccdbf719f66","TCGA-GBM.09a4b6c0-e0fb-4eda-a19f-62316d247f5f.ascat3.gene_level_copy_number.v36.tsv,TCGA-GBM.09a4b6c0-e0fb-4eda-a19f-62316d247f5f.gene_level_copy_number.v36.tsv,TCGA-GBM.09a4b6c0-e0fb-4eda-a19f-62316d247f5f.absolute_liftover.gene_level_copy_number.v36.tsv",3,3
TCGA-32-2491tumor,DNA Methylation,Methylation Beta Value,8d18fcb0-0de6-4867-a9b2-56936c662bcc,90b52216-b5bc-47bc-8b80-0c4da9c3070b.methylation_array.sesame.level3betas.txt,1,1
TCGA-32-2491tumor,Simple Nucleotide Variation,Masked Somatic Mutation,29ee4dcc-2384-4803-8b68-3d6c43721a72,9c0e5a26-431b-4de8-bf5d-2c3da58eb123.wxs.aliquot_ensemble_masked.maf,1,1
TCGA-32-2494tumor,Copy Number Variation,Gene Level Copy Number,"5036069f-ee24-4db4-b3a0-65e893f41e14,7a5ae23a-2f8f-41de-b43d-709800b04335,60e0bf7d-8c52-4f27-9989-c3b535e065db","TCGA-GBM.2d090751-6840-491c-9d3a-0a701ab8a540.ascat3.gene_level_copy_number.v36.tsv,TCGA-GBM.2d090751-6840-491c-9d3a-0a701ab8a540.gene_level_copy_number.v36.tsv,TCGA-GBM.2d090751-6840-491c-9d3a-0a701ab8a540.absolute_liftover.gene_level_copy_number.v36.tsv",3,3
TCGA-32-2494tumor,DNA Methylation,Methylation Beta Value,a94117de-73f6-4e36-a42c-ee14b64a68ad,a881fef9-9884-4439-90ea-bd73fe3a7a68.methylation_array.sesame.level3betas.txt,1,1
TCGA-32-2494tumor,Simple Nucleotide Variation,Masked Somatic Mutation,495ce163-b509-443b-b0f9-5c8881d7adcc,b4af4316-4453-40e9-8176-041950968adc.wxs.aliquot_ensemble_masked.maf,1,1
TCGA-32-2495tumor,Copy Number Variation,Gene Level Copy Number,"3d2b4f8f-5779-4545-91ee-67cb67106b0f,df4bcadc-c95a-4f8d-9889-ca4ad376916d,e0b4f81f-d31e-48a4-8cfe-24bdf178d291","TCGA-GBM.8cb365ea-15e2-4ae9-af56-e1125a13aa9b.ascat3.gene_level_copy_number.v36.tsv,TCGA-GBM.8cb365ea-15e2-4ae9-af56-e1125a13aa9b.absolute_liftover.gene_level_copy_number.v36.tsv,TCGA-GBM.8cb365ea-15e2-4ae9-af56-e1125a13aa9b.gene_level_copy_number.v36.tsv",3,3
TCGA-32-2495tumor,DNA Methylation,Methylation Beta Value,dff4f993-8dbd-41a0-bbf2-0ebb82fb7b76,2a55cc19-3fa9-4483-aab5-38d53ba73649.methylation_array.sesame.level3betas.txt,1,1
TCGA-32-2495tumor,Simple Nucleotide Variation,Masked Somatic Mutation,ca831040-5eef-4f3b-aef4-5f84f247cd6a,1f07cbd4-e922-4868-924f-9d7a90e25a14.wxs.aliquot_ensemble_masked.maf,1,1
TCGA-32-2615tumor,Copy Number Variation,Gene Level Copy Number,"3a0211bb-9f74-4a39-85e0-7d74d9abc899,c4b43db8-a22c-4d50-991a-e7d21ab23499,3a4f6704-d936-4fb5-bcc0-eab2fee4b5aa","TCGA-GBM.281a9a7f-46c3-4571-8096-2ec6c30bfd95.ascat3.gene_level_copy_number.v36.tsv,TCGA-GBM.281a9a7f-46c3-4571-8096-2ec6c30bfd95.gene_level_copy_number.v36.tsv,TCGA-GBM.281a9a7f-46c3-4571-8096-2ec6c30bfd95.absolute_liftover.gene_level_copy_number.v36.tsv",3,3
TCGA-32-2615tumor,DNA Methylation,Methylation Beta Value,4e7c57cc-1ba7-4b48-9745-35c698cfc322,3b13ab45-bb85-4839-aaed-1c29b31d99ff.methylation_array.sesame.level3betas.txt,1,1
TCGA-32-2615tumor,Simple Nucleotide Variation,Masked Somatic Mutation,23d5c028-39f9-4bb5-8c18-377439391823,a945715a-2885-45ce-95d9-cb584135bc32.wxs.aliquot_ensemble_masked.maf,1,1
TCGA-32-2615tumor,Transcriptome Profiling,Gene Expression Quantification,31050be4-da9b-4691-9a70-93d1dda4695a,936f451e-b761-47f8-9d3d-db4cdb1ec27b.rna_seq.augmented_star_gene_counts.tsv,1,1
TCGA-32-2616tumor,Copy Number Variation,Gene Level Copy Number,"ce5bb0ff-e59c-4616-86f0-b2bc62178c23,bb4303e6-e361-4a74-8cc6-550bc87b93bf,3a378ed5-a790-4507-849f-41cb3ae6ca2e","TCGA-GBM.8393e100-52dc-4a26-928f-176b4effac8e.gene_level_copy_number.v36.tsv,TCGA-GBM.8393e100-52dc-4a26-928f-176b4effac8e.absolute_liftover.gene_level_copy_number.v36.tsv,TCGA-GBM.8393e100-52dc-4a26-928f-176b4effac8e.ascat3.gene_level_copy_number.v36.tsv",3,3
TCGA-32-2616tumor,DNA Methylation,Methylation Beta Value,26ca0340-0dcd-44f3-a955-fad5f0b85552,abc32710-b9a6-4651-ab63-5594d7f54702.methylation_array.sesame.level3betas.txt,1,1
TCGA-32-2616tumor,Simple Nucleotide Variation,Masked Somatic Mutation,"cd21f58c-a710-48b5-b69b-788575d80a33,4f4c30a2-cc49-4993-b861-8a1c3c38020f","cea315c0-f8cb-4964-ba21-495860c70a90.wxs.aliquot_ensemble_masked.maf,fe3892db-076d-4223-b60e-5613e10bdd7e.wxs.aliquot_ensemble_masked.maf",2,2
TCGA-32-2616tumor,Transcriptome Profiling,Gene Expression Quantification,5ab9f2d4-e7da-4337-a0e0-24c3a79800c4,69faa26c-4763-411b-affb-5eee559b70e1.rna_seq.augmented_star_gene_counts.tsv,1,1
TCGA-32-2632tumor,Copy Number Variation,Gene Level Copy Number,"001e6a21-f681-4b02-9b6d-7c30b3025658,422cf267-27d9-464b-838c-a644924a9fb5,4453d3a5-6dcb-4f1f-87b0-0130c4a02715","TCGA-GBM.b9da9afd-281b-4bef-9b3a-c73d62b92a2b.absolute_liftover.gene_level_copy_number.v36.tsv,TCGA-GBM.b9da9afd-281b-4bef-9b3a-c73d62b92a2b.gene_level_copy_number.v36.tsv,TCGA-GBM.b9da9afd-281b-4bef-9b3a-c73d62b92a2b.ascat3.gene_level_copy_number.v36.tsv",3,3
TCGA-32-2632tumor,DNA Methylation,Methylation Beta Value,2437185b-c0f2-46a7-826a-4deab91ce75f,70631f26-0d47-46cf-8d73-1a5cb184cfac.methylation_array.sesame.level3betas.txt,1,1
TCGA-32-2632tumor,Simple Nucleotide Variation,Masked Somatic Mutation,"4bdd25b1-f5b8-4b6b-8acd-d44154ae44bf,5971903c-b88a-4848-bd4a-47ed0347e8a3","6882e93d-e5fc-4c7d-839c-69c06d3e2cc0.wxs.aliquot_ensemble_masked.maf,6a79847e-bccf-4b79-83f0-d17f78f6ef80.wxs.aliquot_ensemble_masked.maf",2,2
TCGA-32-2632tumor,Transcriptome Profiling,Gene Expression Quantification,744c9d5a-ea71-4888-b36b-c1a286715d7b,df47f95a-fb4a-4ea2-a929-c1d1971997a0.rna_seq.augmented_star_gene_counts.tsv,1,1
TCGA-32-2634tumor,Copy Number Variation,Gene Level Copy Number,"fb471f0f-3c17-4ddf-a780-89ba99eae8af,01526a76-b7ef-4e3b-bd09-f584536858df,89a63702-a673-4c5c-a0d6-a53e30525753","TCGA-GBM.715b6729-998b-4b77-bf3e-11ea23983f06.ascat3.gene_level_copy_number.v36.tsv,TCGA-GBM.715b6729-998b-4b77-bf3e-11ea23983f06.gene_level_copy_number.v36.tsv,TCGA-GBM.715b6729-998b-4b77-bf3e-11ea23983f06.absolute_liftover.gene_level_copy_number.v36.tsv",3,3
TCGA-32-2634tumor,DNA Methylation,Methylation Beta Value,fa3aa956-c1d3-4953-906d-3f65f22d2759,6c39317f-24a3-4f60-8dcd-0a7b6c4a790b.methylation_array.sesame.level3betas.txt,1,1
TCGA-32-2634tumor,Simple Nucleotide Variation,Masked Somatic Mutation,"b42cf2f6-b675-45e2-9f0a-5a9a0f836c92,b3d93020-5118-4a15-9f91-c6923819ecfb","f8460247-2bf9-4107-b1f4-d6048ec700b1.wxs.aliquot_ensemble_masked.maf,c1305e87-ff06-4f68-a7d4-6a20669e914a.wxs.aliquot_ensemble_masked.maf",2,2
TCGA-32-2634tumor,Transcriptome Profiling,Gene Expression Quantification,dfbc7136-f7f7-4c2f-93a1-c46b2247cce5,7a25193c-a87d-4929-b724-3d89553fa028.rna_seq.augmented_star_gene_counts.tsv,1,1
TCGA-32-2638tumor,Copy Number Variation,Gene Level Copy Number,"bcdb2f54-0b3e-4ed5-9233-9c73c6cfdcc2,fe8d7ff6-50d2-4475-923d-f508fabee1f5,69f6c4c6-9df5-4faa-93e6-6d13bc02e7e1","TCGA-GBM.57fffd68-6e65-4b10-bc61-265cbf31da22.ascat3.gene_level_copy_number.v36.tsv,TCGA-GBM.57fffd68-6e65-4b10-bc61-265cbf31da22.gene_level_copy_number.v36.tsv,TCGA-GBM.57fffd68-6e65-4b10-bc61-265cbf31da22.absolute_liftover.gene_level_copy_number.v36.tsv",3,3
TCGA-32-2638tumor,DNA Methylation,Methylation Beta Value,41cedb3d-e7e0-4cd8-8dcf-6b42bb65e1ee,750a1b77-31cd-4d4f-b1b7-593e5749428b.methylation_array.sesame.level3betas.txt,1,1
TCGA-32-2638tumor,Simple Nucleotide Variation,Masked Somatic Mutation,"6bdda52a-52a2-4147-bd6f-f7c86ede2a88,923df8d2-fcdb-4596-9132-f72b2ff913aa","8d2548fd-ee8b-409b-8efb-16334d62c1c7.wxs.aliquot_ensemble_masked.maf,e12479f8-f010-4c9e-b81e-bf461f82b25f.wxs.aliquot_ensemble_masked.maf",2,2
TCGA-32-2638tumor,Transcriptome Profiling,Gene Expression Quantification,e1f33468-f9c4-4b1a-8cd5-b2c77cc80dc9,5cafc8c0-a92c-407a-ad52-a2d9562c0bfa.rna_seq.augmented_star_gene_counts.tsv,1,1
TCGA-32-4208tumor,Copy Number Variation,Gene Level Copy Number,"533df5b7-ad6f-4531-a7d8-564d4e01c086,d459a4ac-d222-4b4f-9330-60feb9ca19b8,f27f30db-e0fa-45f6-aa68-f448fc716f0f","TCGA-GBM.553875c1-aea5-4766-801e-c3279f58cf11.absolute_liftover.gene_level_copy_number.v36.tsv,TCGA-GBM.553875c1-aea5-4766-801e-c3279f58cf11.ascat3.gene_level_copy_number.v36.tsv,TCGA-GBM.553875c1-aea5-4766-801e-c3279f58cf11.gene_level_copy_number.v36.tsv",3,3
TCGA-32-4208tumor,DNA Methylation,Methylation Beta Value,78a0c27a-c73a-49b4-b314-ab130833519d,59aac981-0387-4154-8570-d1647fd09851.methylation_array.sesame.level3betas.txt,1,1
TCGA-32-4208tumor,Simple Nucleotide Variation,Masked Somatic Mutation,cebdfb08-9319-42df-942f-bee38568fc06,e7b4623b-2833-47d5-afe7-e99e854e4870.wxs.aliquot_ensemble_masked.maf,1,1
TCGA-32-4209tumor,Copy Number Variation,Gene Level Copy Number,1f711c85-e607-41cc-adfb-b6ca26cd9710,TCGA-GBM.c9e50eda-f288-4539-81ec-65a0a1514f7d.ascat3.gene_level_copy_number.v36.tsv,1,1
TCGA-32-4209tumor,DNA Methylation,Methylation Beta Value,eb56feb7-c5df-439f-b550-46c90f24d06a,0815fe8b-761d-4cc2-bc77-6d0e04b3c744.methylation_array.sesame.level3betas.txt,1,1
TCGA-32-4209tumor,Simple Nucleotide Variation,Masked Somatic Mutation,7cbef184-20d5-4055-815d-78c5e20e9e32,5a641951-43d9-428c-9b7d-892b318474e1.wxs.aliquot_ensemble_masked.maf,1,1
TCGA-32-4209tumor,Transcriptome Profiling,miRNA Expression Quantification,51c74cba-496b-4349-a258-964826ce7727,a7f39608-4ff0-4dcd-8689-98aa55383403.mirnaseq.mirnas.quantification.txt,1,1
TCGA-32-4210tumor,Copy Number Variation,Gene Level Copy Number,78757c1e-e10a-4503-9e9c-e2694e47626f,TCGA-GBM.e8df6c9f-f66c-44ac-9549-7a9c489a8c62.absolute_liftover.gene_level_copy_number.v36.tsv,1,1
TCGA-32-4210tumor,DNA Methylation,Methylation Beta Value,5a126902-3ad2-4ea4-9818-db4978da11bd,dca7d0c8-aa29-4c08-bae0-909cf62d44dd.methylation_array.sesame.level3betas.txt,1,1
TCGA-32-4210tumor,Simple Nucleotide Variation,Masked Somatic Mutation,bed6e03a-d800-48d3-a1df-fb39f1c70aae,a4bfcf44-e579-465d-81f3-e6e915910220.wxs.aliquot_ensemble_masked.maf,1,1
TCGA-32-4211tumor,Copy Number Variation,Gene Level Copy Number,"3eb3fffb-2310-4680-ae1c-5da6f4437da7,32526a41-cc31-4314-bcca-28f1aeab47ae,1d4d1e65-3aa5-447a-a344-a74c892b9d41","TCGA-GBM.1a6f1433-fdfe-4c7e-b8c0-7ad4e781de45.absolute_liftover.gene_level_copy_number.v36.tsv,TCGA-GBM.1a6f1433-fdfe-4c7e-b8c0-7ad4e781de45.gene_level_copy_number.v36.tsv,TCGA-GBM.1a6f1433-fdfe-4c7e-b8c0-7ad4e781de45.ascat3.gene_level_copy_number.v36.tsv",3,3
TCGA-32-4211tumor,DNA Methylation,Methylation Beta Value,a3cc24a0-a8b3-44cf-8ce9-01e2913f0157,daac12bc-d6ad-4723-91f9-218ca830eaaf.methylation_array.sesame.level3betas.txt,1,1
TCGA-32-4211tumor,Simple Nucleotide Variation,Masked Somatic Mutation,e1990526-90a1-446a-adc8-c0f49db04bd7,c357ccc6-d115-481a-9e8d-4f3c2ba17d94.wxs.aliquot_ensemble_masked.maf,1,1
TCGA-32-4213tumor,Copy Number Variation,Gene Level Copy Number,"2ddd9ae3-c6c5-4b66-a761-4e6686dd41f5,446bc542-5146-4b4a-a83e-3b0ee996f31f,9f3b11a3-8f39-4565-8949-ca918925166e","TCGA-GBM.41ec4d92-2afa-4153-a8eb-05a2df5fe503.gene_level_copy_number.v36.tsv,TCGA-GBM.41ec4d92-2afa-4153-a8eb-05a2df5fe503.ascat3.gene_level_copy_number.v36.tsv,TCGA-GBM.41ec4d92-2afa-4153-a8eb-05a2df5fe503.absolute_liftover.gene_level_copy_number.v36.tsv",3,3
TCGA-32-4213tumor,DNA Methylation,Methylation Beta Value,61fdc0ee-31d6-4051-bc1c-64feaa2e4042,fbc63a44-89c8-411c-87c9-05fd4138647a.methylation_array.sesame.level3betas.txt,1,1
TCGA-32-4213tumor,Simple Nucleotide Variation,Masked Somatic Mutation,95811b8d-1aff-4820-a9a2-5c04fa566754,0bd0a1e8-69c9-4f98-aca8-99babc93d442.wxs.aliquot_ensemble_masked.maf,1,1
TCGA-32-4213tumor,Transcriptome Profiling,Gene Expression Quantification,7b5011b5-5816-4c25-ad72-31152b70b9a0,954911a5-d0a0-42bb-842c-1dbd9ee60c6c.rna_seq.augmented_star_gene_counts.tsv,1,1
TCGA-32-5222tumor,Copy Number Variation,Gene Level Copy Number,"55d7d766-4551-4a11-b9df-8d7b63f77431,951798e4-821a-44c8-a25f-78802e7f0c38,39c27b24-0e4c-41b7-8797-1b9b4f002291","TCGA-GBM.6807d99a-fd5e-49ff-9ced-70ce8d670d14.absolute_liftover.gene_level_copy_number.v36.tsv,TCGA-GBM.6807d99a-fd5e-49ff-9ced-70ce8d670d14.ascat3.gene_level_copy_number.v36.tsv,TCGA-GBM.6807d99a-fd5e-49ff-9ced-70ce8d670d14.gene_level_copy_number.v36.tsv",3,3
TCGA-32-5222tumor,DNA Methylation,Methylation Beta Value,9ac3dcf0-f163-4a05-9796-15ccaf87a161,c5343441-106b-4888-85f7-b08b97e1cc35.methylation_array.sesame.level3betas.txt,1,1
TCGA-32-5222tumor,Simple Nucleotide Variation,Masked Somatic Mutation,5a6289cb-5343-41ad-a992-05a5e3314a0a,3a08d135-53cd-44de-8012-f2a0d9ac68a5.wxs.aliquot_ensemble_masked.maf,1,1
TCGA-32-5222tumor,Transcriptome Profiling,Gene Expression Quantification,20db3a49-ca35-4562-bc96-7e98c381830f,1a61593f-909e-46f4-8cfa-9e23bc050033.rna_seq.augmented_star_gene_counts.tsv,1,1
TCGA-41-2571tumor,Copy Number Variation,Gene Level Copy Number,"ad466ca6-cbd1-4db0-914a-505e52ec16db,a0f3ec8e-7b3f-4d15-88f7-3567a32dc54d,ecce5ba5-f378-425f-a7c1-94c87b607222","TCGA-GBM.41b29781-79e5-446c-89d2-39c565d48402.gene_level_copy_number.v36.tsv,TCGA-GBM.41b29781-79e5-446c-89d2-39c565d48402.ascat3.gene_level_copy_number.v36.tsv,TCGA-GBM.41b29781-79e5-446c-89d2-39c565d48402.absolute_liftover.gene_level_copy_number.v36.tsv",3,3
TCGA-41-2571tumor,DNA Methylation,Methylation Beta Value,bc56dde4-87a4-4249-acf8-2f237cd99906,a17c84ce-f10d-445b-8c78-c87bfb072218.methylation_array.sesame.level3betas.txt,1,1
TCGA-41-2571tumor,Simple Nucleotide Variation,Masked Somatic Mutation,"178c6e9c-d5d9-42fb-b91a-ac6f83acafaa,6b46c429-8a24-4156-ba12-66d592b83c97","f38fd65b-4d7b-4ecc-9957-459470d33a79.wxs.aliquot_ensemble_masked.maf,ce963d1d-e793-4f33-8adf-a39869d12632.wxs.aliquot_ensemble_masked.maf",2,2
TCGA-41-2571tumor,Transcriptome Profiling,Gene Expression Quantification,f982722f-ae1d-4b7a-b445-0646517acb0f,5b1cc683-d363-4cb8-b9b2-050c3c541858.rna_seq.augmented_star_gene_counts.tsv,1,1
TCGA-41-2572tumor,Copy Number Variation,Gene Level Copy Number,"a88dfbcb-885f-464d-b9df-8900119e8817,8213210d-f834-441e-b22d-dd2a98911bab,4173703f-9730-46db-b55a-eb7c91a6f88f","TCGA-GBM.369bd9e1-189d-4745-9d18-bba6fa5529c2.gene_level_copy_number.v36.tsv,TCGA-GBM.369bd9e1-189d-4745-9d18-bba6fa5529c2.ascat3.gene_level_copy_number.v36.tsv,TCGA-GBM.369bd9e1-189d-4745-9d18-bba6fa5529c2.absolute_liftover.gene_level_copy_number.v36.tsv",3,3
TCGA-41-2572tumor,DNA Methylation,Methylation Beta Value,bd9731ce-60bd-46bc-9aa7-ac60a606af93,b168a49a-4b88-4bc7-b98e-60561536030f.methylation_array.sesame.level3betas.txt,1,1
TCGA-41-2572tumor,Simple Nucleotide Variation,Masked Somatic Mutation,ba3d4162-e515-4791-8370-ddadef99e1bf,dcd954e1-9cbc-409a-aec8-059a45a866bb.wxs.aliquot_ensemble_masked.maf,1,1
TCGA-41-2572tumor,Transcriptome Profiling,Gene Expression Quantification,f9fd3da8-5a2d-4f4d-a91c-4ab3f8666a97,f2d885c3-e234-4584-a071-98ccbb871553.rna_seq.augmented_star_gene_counts.tsv,1,1
TCGA-41-2573tumor,Copy Number Variation,Gene Level Copy Number,"10af3e18-cd22-4c27-8944-3f1500dade8a,407762ab-8f9a-44b4-9757-c0cc986fa2df,3839a7b8-ef1c-4e65-9bc6-815b84d1ea4f","TCGA-GBM.653f25b8-b69c-4842-8a5f-44a9d7942afa.absolute_liftover.gene_level_copy_number.v36.tsv,TCGA-GBM.653f25b8-b69c-4842-8a5f-44a9d7942afa.ascat3.gene_level_copy_number.v36.tsv,TCGA-GBM.653f25b8-b69c-4842-8a5f-44a9d7942afa.gene_level_copy_number.v36.tsv",3,3
TCGA-41-2573tumor,DNA Methylation,Methylation Beta Value,06bc0080-213c-44fa-bf56-653560d60296,89e3b7c2-6c19-4c01-b72e-314271fc15c5.methylation_array.sesame.level3betas.txt,1,1
TCGA-41-2573tumor,Simple Nucleotide Variation,Masked Somatic Mutation,"26c6704d-5e59-466d-b324-b4bc239794a8,06328477-271c-466a-8f9b-ca227b31ce1b","6f6952d2-d8cd-49d3-b6c8-56e1642af6a0.wxs.aliquot_ensemble_masked.maf,478d2cb4-bb02-4514-a8ec-b64e0de01aaf.wxs.aliquot_ensemble_masked.maf",2,2
TCGA-41-2575tumor,Copy Number Variation,Gene Level Copy Number,"e3303694-ad91-4325-aaca-504f13db6f63,411cfc00-53ed-4ee9-9288-e339335ef865","TCGA-GBM.6294564c-d0e3-4274-a160-2d81096980f7.absolute_liftover.gene_level_copy_number.v36.tsv,TCGA-GBM.6294564c-d0e3-4274-a160-2d81096980f7.gene_level_copy_number.v36.tsv",2,2
TCGA-41-2575tumor,DNA Methylation,Methylation Beta Value,334cfef3-5349-4561-b3ef-3be6bc1de24b,dd95b734-705d-4333-85ff-b09b60b7c297.methylation_array.sesame.level3betas.txt,1,1
TCGA-41-2575tumor,Simple Nucleotide Variation,Masked Somatic Mutation,"322b687e-d4fa-4487-b59e-463c87d336f4,9d535616-d2a2-443a-bc0f-e496a23e387f","f5ed4d0e-dd93-4225-995b-72912ea8ebdb.wxs.aliquot_ensemble_masked.maf,44097934-ee93-43f3-8fbe-6c26c5df27d6.wxs.aliquot_ensemble_masked.maf",2,2
TCGA-41-3392tumor,Copy Number Variation,Gene Level Copy Number,"f88de14a-4a79-4986-8374-6a5ba2f351a7,7ce04d9e-5d17-4016-b6e5-f1c347294e16,e7c884eb-1e1c-4de6-87d8-bbbc997136c2","TCGA-GBM.e06b14d1-630d-4a78-a44e-77c673f475f4.absolute_liftover.gene_level_copy_number.v36.tsv,TCGA-GBM.e06b14d1-630d-4a78-a44e-77c673f475f4.gene_level_copy_number.v36.tsv,TCGA-GBM.e06b14d1-630d-4a78-a44e-77c673f475f4.ascat3.gene_level_copy_number.v36.tsv",3,3
TCGA-41-3392tumor,DNA Methylation,Methylation Beta Value,9c3268e3-41e7-4549-8683-da7efa7f173e,f9e10b85-70ee-4411-b126-a98e3bbd10ca.methylation_array.sesame.level3betas.txt,1,1
TCGA-41-3392tumor,Simple Nucleotide Variation,Masked Somatic Mutation,"c99ec1f7-f635-4de5-8abc-8d7a790f6944,55a52a05-a004-49d1-8518-f93777499ea1","369cd3db-918b-4cb1-9727-a273540c45d2.wxs.aliquot_ensemble_masked.maf,556f0e03-803d-42bb-9767-ac5db974666c.wxs.aliquot_ensemble_masked.maf",2,2
TCGA-41-3393tumor,Copy Number Variation,Gene Level Copy Number,"8c9955bf-10d1-4ecd-9751-f3dd081cfbd1,48acc353-1490-4f92-afba-72619ba069fb,ed8e7d4e-409c-45b1-b31a-f91018c24d77","TCGA-GBM.1db553ca-f693-4f6c-9caf-29709a65f3c6.ascat3.gene_level_copy_number.v36.tsv,TCGA-GBM.1db553ca-f693-4f6c-9caf-29709a65f3c6.absolute_liftover.gene_level_copy_number.v36.tsv,TCGA-GBM.1db553ca-f693-4f6c-9caf-29709a65f3c6.gene_level_copy_number.v36.tsv",3,3
TCGA-41-3393tumor,DNA Methylation,Methylation Beta Value,3ff0e1cf-e5b4-490a-b6dc-ae8183ce4802,d6d80441-ccf4-4468-9c4c-ac3931023e21.methylation_array.sesame.level3betas.txt,1,1
TCGA-41-3393tumor,Simple Nucleotide Variation,Masked Somatic Mutation,388b3879-6f72-43e3-b4a5-19309808fbe4,e15cc281-464b-4306-bf0f-df2e7b325898.wxs.aliquot_ensemble_masked.maf,1,1
TCGA-41-3915tumor,Copy Number Variation,Gene Level Copy Number,"a280ed2e-ae96-4d9b-8f01-781e5a023171,d608f38d-0ef0-43ac-86cd-090504576ac9,2255a7f5-c23b-4693-9289-3f39fb084ac4","TCGA-GBM.ed02a29d-d035-462c-8f75-dd24ffadee4a.gene_level_copy_number.v36.tsv,TCGA-GBM.ed02a29d-d035-462c-8f75-dd24ffadee4a.ascat3.gene_level_copy_number.v36.tsv,TCGA-GBM.ed02a29d-d035-462c-8f75-dd24ffadee4a.absolute_liftover.gene_level_copy_number.v36.tsv",3,3
TCGA-41-3915tumor,DNA Methylation,Methylation Beta Value,c23dd3b7-cbfe-45a8-8f90-d46187147d23,64290030-6f1c-406b-a4c9-f3d461ac1149.methylation_array.sesame.level3betas.txt,1,1
TCGA-41-3915tumor,Simple Nucleotide Variation,Masked Somatic Mutation,b918ab6e-cfec-40e8-af6e-fdaabfe04148,e8e9bffb-5d56-4056-a06a-37267226a621.wxs.aliquot_ensemble_masked.maf,1,1
TCGA-41-3915tumor,Transcriptome Profiling,Gene Expression Quantification,617be06c-8001-41ab-be2c-2a4050fe6ccc,ff14b89f-5e47-49f2-9499-8d5224f067dc.rna_seq.augmented_star_gene_counts.tsv,1,1
TCGA-41-4097tumor,Copy Number Variation,Gene Level Copy Number,"eef40221-6a1e-4c8e-9278-05b2bfc84ea1,97708cc1-b199-475c-a856-d5c43a77e971","TCGA-GBM.279a6213-344f-4871-85b0-913b99c11dd7.absolute_liftover.gene_level_copy_number.v36.tsv,TCGA-GBM.279a6213-344f-4871-85b0-913b99c11dd7.gene_level_copy_number.v36.tsv",2,2
TCGA-41-4097tumor,DNA Methylation,Methylation Beta Value,88b02c32-064b-45ab-96d9-ae6807123afd,38f574d5-c3f3-4ec7-af0f-bfc91a7827f9.methylation_array.sesame.level3betas.txt,1,1
TCGA-41-4097tumor,Simple Nucleotide Variation,Masked Somatic Mutation,33952b8e-74d7-483c-b84b-4b71a9cc586c,b18fa80c-de7e-41ac-a3a6-bcf4a8131a9b.wxs.aliquot_ensemble_masked.maf,1,1
TCGA-41-4097tumor,Transcriptome Profiling,Gene Expression Quantification,3449e073-b0f2-4498-b9db-18e8593ef580,2e33127c-779d-4f05-bbae-7893b9d27364.rna_seq.augmented_star_gene_counts.tsv,1,1
TCGA-41-5651tumor,Copy Number Variation,Gene Level Copy Number,"ee543a8e-4e54-465f-b525-ad8ce9ebbd84,7e6521d5-9a58-4384-9263-143a57baab9c,9b3030c1-4f81-48ff-a209-40a89b9a1bc2","TCGA-GBM.b9cd5fe3-945f-4e3d-93da-841155fc189b.absolute_liftover.gene_level_copy_number.v36.tsv,TCGA-GBM.b9cd5fe3-945f-4e3d-93da-841155fc189b.ascat3.gene_level_copy_number.v36.tsv,TCGA-GBM.b9cd5fe3-945f-4e3d-93da-841155fc189b.gene_level_copy_number.v36.tsv",3,3
TCGA-41-5651tumor,DNA Methylation,Methylation Beta Value,2a58be4d-665f-4e54-b1cf-17589302ff0f,6caf9626-5fd2-4421-bba7-62683ffb0f30.methylation_array.sesame.level3betas.txt,1,1
TCGA-41-5651tumor,Simple Nucleotide Variation,Masked Somatic Mutation,d57980e1-b5f5-4dcc-80f8-dcf44e4a8662,7685d73e-9149-4426-9d2a-d1984023589a.wxs.aliquot_ensemble_masked.maf,1,1
TCGA-41-5651tumor,Transcriptome Profiling,Gene Expression Quantification,570657de-da5c-4b5a-9b85-7753729722b6,d620997f-b99e-4e20-a20d-d5b67ba3ce4b.rna_seq.augmented_star_gene_counts.tsv,1,1
TCGA-41-6646tumor,Copy Number Variation,Gene Level Copy Number,"9bb47268-f7aa-4ba3-934b-4b1706a49511,26e3e410-a882-4d17-b951-c3a52d224b57,f5befda4-51f8-4b0e-b8b6-1feae18dd688,4da13a56-a3d7-40fa-881b-03cc77478c1d","db5feef6-7c44-4f68-815c-f6b340293329.wgs.ASCAT.gene_level.copy_number_variation.tsv,TCGA-GBM.90f37309-8d54-44c9-af69-9b1d221e6ac1.gene_level_copy_number.v36.tsv,TCGA-GBM.90f37309-8d54-44c9-af69-9b1d221e6ac1.absolute_liftover.gene_level_copy_number.v36.tsv,TCGA-GBM.90f37309-8d54-44c9-af69-9b1d221e6ac1.ascat3.gene_level_copy_number.v36.tsv",4,4
TCGA-41-6646tumor,DNA Methylation,Methylation Beta Value,ab02ee9c-5e7d-4100-bc90-beaa7cb1400e,8932f41f-1fe2-46de-a29a-5f2284f2d55c.methylation_array.sesame.level3betas.txt,1,1
TCGA-41-6646tumor,Simple Nucleotide Variation,Masked Somatic Mutation,e59d3c7c-5d95-4cd1-96c5-071f5cbb3c30,06e38797-21c2-42cb-ad0d-4f70f88445d6.wxs.aliquot_ensemble_masked.maf,1,1
TCGA-4W-AA9Rtumor,Copy Number Variation,Gene Level Copy Number,"19709639-2025-48e9-8fd9-881b4ccfe193,689ceb2e-df40-4b8c-8fda-5631fead1434,ec623dba-76c4-44c0-a412-0bc96bf9f050","TCGA-GBM.cad06f36-0651-4c07-9df9-2df2e5c02fab.ascat3.gene_level_copy_number.v36.tsv,TCGA-GBM.cad06f36-0651-4c07-9df9-2df2e5c02fab.gene_level_copy_number.v36.tsv,TCGA-GBM.cad06f36-0651-4c07-9df9-2df2e5c02fab.absolute_liftover.gene_level_copy_number.v36.tsv",3,3
TCGA-4W-AA9Rtumor,DNA Methylation,Methylation Beta Value,03dbacaa-57cb-436e-b093-8f0d2dc33b27,ebe5be32-1178-4191-89e3-28d19652e889.methylation_array.sesame.level3betas.txt,1,1
TCGA-4W-AA9Rtumor,Simple Nucleotide Variation,Masked Somatic Mutation,470d22dd-b96f-451c-942c-0d873f5ecbcf,f8d6d190-e1df-4c5f-8852-6bae71bb7edd.wxs.aliquot_ensemble_masked.maf,1,1
TCGA-4W-AA9Stumor,Copy Number Variation,Gene Level Copy Number,"3a5e1adb-2508-4b96-ba06-abdddf668245,88666973-905a-46ae-a031-379f8b6c0322,a9347653-3a68-4115-bccf-90bee5518c14,8f9df230-6714-4a5a-b51e-e13a0aefe505","4febd1f9-6c9d-4bec-961b-811d51358fe0.wgs.ASCAT.gene_level.copy_number_variation.tsv,TCGA-GBM.a0d6cc4f-1d5f-44be-a4d2-3bf4f9b3468e.gene_level_copy_number.v36.tsv,TCGA-GBM.a0d6cc4f-1d5f-44be-a4d2-3bf4f9b3468e.ascat3.gene_level_copy_number.v36.tsv,TCGA-GBM.a0d6cc4f-1d5f-44be-a4d2-3bf4f9b3468e.absolute_liftover.gene_level_copy_number.v36.tsv",4,4
TCGA-4W-AA9Stumor,DNA Methylation,Methylation Beta Value,eabdfa9b-bc86-427c-b8b5-fad2b0395247,d1adf0b9-8c6e-4533-a606-c982e74f0128.methylation_array.sesame.level3betas.txt,1,1
TCGA-4W-AA9Stumor,Simple Nucleotide Variation,Masked Somatic Mutation,00326327-8da5-4226-a894-2e4e1d5acd45,2562547c-7d88-45e1-8ff4-d23faff4669d.wxs.aliquot_ensemble_masked.maf,1,1
TCGA-4W-AA9Ttumor,Copy Number Variation,Gene Level Copy Number,"c175ed61-582e-482a-a242-fb748b4380e4,1455ce79-5ade-45e2-871b-ee4131d0a498,84c11652-3eb9-4a34-98a2-c3a25d35adcd,ceebf38a-69fe-4662-be82-6cd5ac405ea0","TCGA-GBM.aaa98492-252d-4bff-b017-1c13ead4398a.absolute_liftover.gene_level_copy_number.v36.tsv,TCGA-GBM.aaa98492-252d-4bff-b017-1c13ead4398a.ascat3.gene_level_copy_number.v36.tsv,TCGA-GBM.aaa98492-252d-4bff-b017-1c13ead4398a.gene_level_copy_number.v36.tsv,80d02dca-d226-4d64-ae11-30d2c3c92edb.wgs.ASCAT.gene_level.copy_number_variation.tsv",4,4
TCGA-4W-AA9Ttumor,DNA Methylation,Methylation Beta Value,c811858e-deba-4d0b-a5aa-2a6212a3e8a3,b8cc83fb-486d-4356-a183-f3ed5febe774.methylation_array.sesame.level3betas.txt,1,1
TCGA-4W-AA9Ttumor,Simple Nucleotide Variation,Masked Somatic Mutation,70bc66e7-bb86-4c9c-93ad-e8c3b91477e3,efa8499c-420f-4130-8db9-5ac3145158fc.wxs.aliquot_ensemble_masked.maf,1,1
TCGA-74-6573tumor,Copy Number Variation,Gene Level Copy Number,"7383b708-0303-42be-ae9b-6132837eb26b,67767ac2-c758-4991-b32b-bcd0f7d3d48a,04b0e65b-14e5-480b-b8c6-3eedc968ebe4","TCGA-GBM.ed949be4-ca6d-46a1-a1f6-7234982f15b3.ascat3.gene_level_copy_number.v36.tsv,TCGA-GBM.ed949be4-ca6d-46a1-a1f6-7234982f15b3.gene_level_copy_number.v36.tsv,TCGA-GBM.ed949be4-ca6d-46a1-a1f6-7234982f15b3.absolute_liftover.gene_level_copy_number.v36.tsv",3,3
TCGA-74-6573tumor,DNA Methylation,Methylation Beta Value,74c4508f-40e6-4798-8974-e4e916abd97c,44b19c6c-8ea4-4e67-83e1-9a10ea9fe804.methylation_array.sesame.level3betas.txt,1,1
TCGA-74-6573tumor,Simple Nucleotide Variation,Masked Somatic Mutation,531e9f35-4b1d-43b3-abbf-9f055996a733,ecae3b1e-a413-435d-a58b-c911cf0350d3.wxs.aliquot_ensemble_masked.maf,1,1
TCGA-74-6575tumor,Copy Number Variation,Gene Level Copy Number,"a1dc5ba1-6fac-48db-b038-b7e2ff38ef2c,90865459-b98d-42f9-b3c1-bb4923bbbfcf,02655030-0537-473d-8e7a-eeaccb67acbd","TCGA-GBM.b75346aa-294d-4035-81bc-6c23b6ebca44.absolute_liftover.gene_level_copy_number.v36.tsv,TCGA-GBM.b75346aa-294d-4035-81bc-6c23b6ebca44.gene_level_copy_number.v36.tsv,TCGA-GBM.b75346aa-294d-4035-81bc-6c23b6ebca44.ascat3.gene_level_copy_number.v36.tsv",3,3
TCGA-74-6575tumor,DNA Methylation,Methylation Beta Value,97de777c-a26d-42e2-93d1-d2e241f49d31,6a9582e3-30a7-4444-8782-ec54003abd1a.methylation_array.sesame.level3betas.txt,1,1
TCGA-74-6575tumor,Simple Nucleotide Variation,Masked Somatic Mutation,35d63751-7306-4f81-83ff-2d5c37d6ee12,15aaa2cd-8767-4cd4-8ce8-c61040bb02f9.wxs.aliquot_ensemble_masked.maf,1,1
TCGA-74-6577tumor,Copy Number Variation,Gene Level Copy Number,"bf6dab8d-6f12-4121-af21-9846cf864e6c,683b4f27-32fa-4267-b165-51737e54708d,4918cbb9-8fe0-4cd9-9a69-acdc518021d0","TCGA-GBM.d58ab845-b726-4eb6-b6e3-bb8fc62df323.gene_level_copy_number.v36.tsv,TCGA-GBM.d58ab845-b726-4eb6-b6e3-bb8fc62df323.absolute_liftover.gene_level_copy_number.v36.tsv,TCGA-GBM.d58ab845-b726-4eb6-b6e3-bb8fc62df323.ascat3.gene_level_copy_number.v36.tsv",3,3
TCGA-74-6577tumor,DNA Methylation,Methylation Beta Value,2bb987ea-c05c-4bbe-8dfc-680a5a9f4cf2,ac979beb-b2c3-4c6d-9532-6aaf4909c898.methylation_array.sesame.level3betas.txt,1,1
TCGA-74-6577tumor,Simple Nucleotide Variation,Masked Somatic Mutation,f201f479-0995-4a24-9fa3-c771d3ff57b6,0009beaa-eafe-4c63-826d-16a81d3602a3.wxs.aliquot_ensemble_masked.maf,1,1
TCGA-74-6578tumor,Copy Number Variation,Gene Level Copy Number,"4d4f7a31-7fd2-437e-9b54-edbae94df35b,59da4835-04c4-4272-916e-ae7016894da2,9100280e-71c1-4ccd-b8d1-e16c49471b79","TCGA-GBM.01b12283-0542-4f7a-af17-56b1761d9dba.gene_level_copy_number.v36.tsv,TCGA-GBM.01b12283-0542-4f7a-af17-56b1761d9dba.ascat3.gene_level_copy_number.v36.tsv,TCGA-GBM.01b12283-0542-4f7a-af17-56b1761d9dba.absolute_liftover.gene_level_copy_number.v36.tsv",3,3
TCGA-74-6578tumor,DNA Methylation,Methylation Beta Value,edc35632-780a-40bb-acb4-09ab82acad6d,626f89a3-3d72-4c1b-b222-0af5d53b88b3.methylation_array.sesame.level3betas.txt,1,1
TCGA-74-6578tumor,Simple Nucleotide Variation,Masked Somatic Mutation,5466be78-b711-4c31-b2ca-913ffe75fbf2,1a9b13bc-d23a-436f-8da9-e2895ed88187.wxs.aliquot_ensemble_masked.maf,1,1
TCGA-74-6581tumor,Copy Number Variation,Gene Level Copy Number,"12d3f089-e9e7-4618-ac0e-e659c2588f7a,994c7e7d-c120-4d32-b001-b4e2bc091484,60fdf29e-08ac-4b4f-af1f-3bcdd6d388e8","TCGA-GBM.99dac323-d8d6-4bc7-b490-dc6987df14d0.gene_level_copy_number.v36.tsv,TCGA-GBM.99dac323-d8d6-4bc7-b490-dc6987df14d0.absolute_liftover.gene_level_copy_number.v36.tsv,TCGA-GBM.99dac323-d8d6-4bc7-b490-dc6987df14d0.ascat3.gene_level_copy_number.v36.tsv",3,3
TCGA-74-6581tumor,DNA Methylation,Methylation Beta Value,f51e650e-b18d-4525-83c3-d0178a278f54,d290a8d9-02f8-4d1f-a696-79385c713e8f.methylation_array.sesame.level3betas.txt,1,1
TCGA-74-6581tumor,Simple Nucleotide Variation,Masked Somatic Mutation,eb746c48-50c7-47cf-a977-fb09ecb95dd1,b8e06d91-627c-4d04-8c03-e34ab5fde518.wxs.aliquot_ensemble_masked.maf,1,1
TCGA-74-6584tumor,Copy Number Variation,Gene Level Copy Number,"be08c8df-8fb7-423a-b04e-c3e130052242,294003c0-215d-4ee5-be0f-38e10051240b,95da6879-d8ab-4ddc-90b8-5abd01beff8e","TCGA-GBM.4611efa8-e6fd-4dc2-a737-0b15f1304e86.gene_level_copy_number.v36.tsv,TCGA-GBM.4611efa8-e6fd-4dc2-a737-0b15f1304e86.ascat3.gene_level_copy_number.v36.tsv,TCGA-GBM.4611efa8-e6fd-4dc2-a737-0b15f1304e86.absolute_liftover.gene_level_copy_number.v36.tsv",3,3
TCGA-74-6584tumor,DNA Methylation,Methylation Beta Value,47ccd291-0d2a-4d90-80f1-781307aed41f,75aff01c-470a-4ea9-a7dc-271da5009e07.methylation_array.sesame.level3betas.txt,1,1
TCGA-74-6584tumor,Simple Nucleotide Variation,Masked Somatic Mutation,bcba526f-1416-4f49-8a3e-bd04af0c49f9,5e34f498-b0ff-4252-9b70-9e5da1b72cc6.wxs.aliquot_ensemble_masked.maf,1,1
TCGA-76-4925tumor,Copy Number Variation,Gene Level Copy Number,"c2147d08-82ac-4c44-ab13-3e43a7941380,17f6d0bf-2d4c-4d92-a95e-c0432b5072c9,29c74eb9-e1e8-4231-bf1e-dacabf490622","TCGA-GBM.f318398b-5e1e-4ae5-8d9f-e4560d9aa6d5.gene_level_copy_number.v36.tsv,TCGA-GBM.f318398b-5e1e-4ae5-8d9f-e4560d9aa6d5.absolute_liftover.gene_level_copy_number.v36.tsv,TCGA-GBM.f318398b-5e1e-4ae5-8d9f-e4560d9aa6d5.ascat3.gene_level_copy_number.v36.tsv",3,3
TCGA-76-4925tumor,DNA Methylation,Methylation Beta Value,2de55ab3-852b-41ce-8a58-c9d239035cb4,858e64bc-196d-4575-9fa8-b1a70f0011d4.methylation_array.sesame.level3betas.txt,1,1
TCGA-76-4925tumor,Simple Nucleotide Variation,Masked Somatic Mutation,ffa4c2fc-7937-4a47-a622-e88e90683055,61d80f19-83a9-4dec-af2b-82b2c8b53fd3.wxs.aliquot_ensemble_masked.maf,1,1
TCGA-76-4925tumor,Transcriptome Profiling,Gene Expression Quantification,bc8a7421-4529-42de-a66c-f815138fe015,e36091c6-d62c-4997-bb9f-7192b73f12ed.rna_seq.augmented_star_gene_counts.tsv,1,1
TCGA-76-4926tumor,Copy Number Variation,Gene Level Copy Number,"f1f65a4f-4883-4184-8705-b067709584da,f4af61ce-7582-4c9f-88b6-9a8b77183559,6db2ff51-9dc4-4294-a53c-2696ff02f3ff","TCGA-GBM.1a67c896-a819-4662-a297-959dcfc40b05.ascat3.gene_level_copy_number.v36.tsv,TCGA-GBM.1a67c896-a819-4662-a297-959dcfc40b05.absolute_liftover.gene_level_copy_number.v36.tsv,TCGA-GBM.1a67c896-a819-4662-a297-959dcfc40b05.gene_level_copy_number.v36.tsv",3,3
TCGA-76-4926tumor,DNA Methylation,Methylation Beta Value,abbfcb45-92ce-4502-a145-cff5dd8bdd12,20cf2d85-72c8-458f-95ec-c4084936e849.methylation_array.sesame.level3betas.txt,1,1
TCGA-76-4926tumor,Simple Nucleotide Variation,Masked Somatic Mutation,8755916d-6481-4ca2-a5f4-5c542c7e5c93,4e57c6f8-a1ed-4f4f-9c43-5d31e60275a2.wxs.aliquot_ensemble_masked.maf,1,1
TCGA-76-4926tumor,Transcriptome Profiling,Gene Expression Quantification,b4abde15-98d3-4e78-9170-6c372de5c0f3,a0cfa49e-93dd-48c9-8a9a-c3dfdb081ae4.rna_seq.augmented_star_gene_counts.tsv,1,1
TCGA-76-4928tumor,Copy Number Variation,Gene Level Copy Number,"8b007657-c8e0-44d6-ac03-1ceeea9dc7aa,9e0c38e8-bc05-46c2-9a13-99b6f0d6f59e,97523aea-272f-4b35-b7ac-eba0fd6b7c87","TCGA-GBM.401d7831-84ec-4907-bd2e-655dbdf1c8e0.absolute_liftover.gene_level_copy_number.v36.tsv,TCGA-GBM.401d7831-84ec-4907-bd2e-655dbdf1c8e0.ascat3.gene_level_copy_number.v36.tsv,TCGA-GBM.401d7831-84ec-4907-bd2e-655dbdf1c8e0.gene_level_copy_number.v36.tsv",3,3
TCGA-76-4928tumor,DNA Methylation,Methylation Beta Value,fdee3ab0-ad69-47d2-8b65-22a1a4e1b849,5cf01ba2-4385-426b-ba70-5cb6869ee782.methylation_array.sesame.level3betas.txt,1,1
TCGA-76-4928tumor,Simple Nucleotide Variation,Masked Somatic Mutation,8116383b-2bdc-43d8-ab24-e31790988e47,c5d89ae0-ab84-426e-9359-1189db290ef3.wxs.aliquot_ensemble_masked.maf,1,1
TCGA-76-4928tumor,Transcriptome Profiling,Gene Expression Quantification,3bd5dd10-0de9-495a-a94a-c57ecd63c097,1069403e-ef6a-43d4-b62d-3249e5a8e034.rna_seq.augmented_star_gene_counts.tsv,1,1
TCGA-76-4929tumor,Copy Number Variation,Gene Level Copy Number,89969f5f-c859-4d1d-82d2-5fc344aa8681,TCGA-GBM.c21c449d-0415-4830-b6ae-fa3ba2a96923.absolute_liftover.gene_level_copy_number.v36.tsv,1,1
TCGA-76-4929tumor,DNA Methylation,Methylation Beta Value,c9fd4808-f320-4341-8b4e-e26c6528b1ed,7c3722c4-09e6-46f2-99f4-024266ed4844.methylation_array.sesame.level3betas.txt,1,1
TCGA-76-4929tumor,Simple Nucleotide Variation,Masked Somatic Mutation,da144c59-a31d-454f-9285-4f0cf3ed9ab6,a7509dfe-0abb-4aea-81c9-931e3f89656f.wxs.aliquot_ensemble_masked.maf,1,1
TCGA-76-4929tumor,Transcriptome Profiling,Gene Expression Quantification,b4881576-f6a5-4ed0-a4a4-227f4bb73d7c,ff86d680-8a35-4f19-a850-eca08dfd3d48.rna_seq.augmented_star_gene_counts.tsv,1,1
TCGA-76-4931tumor,Copy Number Variation,Gene Level Copy Number,"f45378f5-5051-4bcb-a22a-848c2da16a1a,5d39bfba-b57d-4ea8-b141-70926a2b7f5a,8a5c5a14-e085-4c18-8b5e-6aef6bbdf2d8","TCGA-GBM.92739053-61df-4134-abcc-fafc7a4aebd9.gene_level_copy_number.v36.tsv,TCGA-GBM.92739053-61df-4134-abcc-fafc7a4aebd9.ascat3.gene_level_copy_number.v36.tsv,TCGA-GBM.92739053-61df-4134-abcc-fafc7a4aebd9.absolute_liftover.gene_level_copy_number.v36.tsv",3,3
TCGA-76-4931tumor,DNA Methylation,Methylation Beta Value,83ca5e2e-cca9-4089-a68d-2049061dc961,61da217e-f98b-43b2-aa5e-d8329fc5b671.methylation_array.sesame.level3betas.txt,1,1
TCGA-76-4931tumor,Simple Nucleotide Variation,Masked Somatic Mutation,41ef6378-0647-4574-a255-600e7355e402,dc555163-c195-4507-9eeb-f2cc3f9a6ad6.wxs.aliquot_ensemble_masked.maf,1,1
TCGA-76-4931tumor,Transcriptome Profiling,Gene Expression Quantification,81ddd54e-ce35-4a15-ba5c-a58b5cac12ff,5b56daff-2531-46b1-a277-86b88b878c61.rna_seq.augmented_star_gene_counts.tsv,1,1
TCGA-76-4934tumor,Copy Number Variation,Gene Level Copy Number,"f8bd23f1-a219-426b-af56-b151b0a80f61,61c9d955-7aee-4982-83ad-12cebdd349cd,818a7094-fa56-4c9c-b467-d3ae1ccaa197","TCGA-GBM.79ddbf95-7743-4e6c-8ce7-eb896328f32a.absolute_liftover.gene_level_copy_number.v36.tsv,TCGA-GBM.79ddbf95-7743-4e6c-8ce7-eb896328f32a.ascat3.gene_level_copy_number.v36.tsv,TCGA-GBM.79ddbf95-7743-4e6c-8ce7-eb896328f32a.gene_level_copy_number.v36.tsv",3,3
TCGA-76-4934tumor,DNA Methylation,Methylation Beta Value,f91f2ac2-9e50-40e6-855c-39a3e5f9b93e,fdf9aeee-f886-42af-a9d0-dffb5f3383ae.methylation_array.sesame.level3betas.txt,1,1
TCGA-76-4934tumor,Simple Nucleotide Variation,Masked Somatic Mutation,62738274-1ebe-463d-806f-f472c4d08293,54fe7f9d-58e6-4142-a068-8028d83b3e00.wxs.aliquot_ensemble_masked.maf,1,1
TCGA-76-4935tumor,Copy Number Variation,Gene Level Copy Number,"ed1e9a4c-7e9a-43bf-9656-6d0085a872a0,d41a5696-b136-4907-b564-0743118e5739,0dd5b174-e6d7-4aae-b770-7239f5087a2e","TCGA-GBM.f170b6b4-4094-46d4-ae6f-568ffdf061f7.ascat3.gene_level_copy_number.v36.tsv,TCGA-GBM.f170b6b4-4094-46d4-ae6f-568ffdf061f7.absolute_liftover.gene_level_copy_number.v36.tsv,TCGA-GBM.f170b6b4-4094-46d4-ae6f-568ffdf061f7.gene_level_copy_number.v36.tsv",3,3
TCGA-76-4935tumor,DNA Methylation,Methylation Beta Value,0c52f1ee-d715-4a88-92f9-68e9d69b5451,934f5e6a-5c3e-4438-aeb0-eb3c0bf9a6ae.methylation_array.sesame.level3betas.txt,1,1
TCGA-76-4935tumor,Simple Nucleotide Variation,Masked Somatic Mutation,cda09677-0dcf-4b94-8187-a1d5da6edd7b,d1683650-d0ce-4ee8-917c-400ac3644323.wxs.aliquot_ensemble_masked.maf,1,1
TCGA-76-6191tumor,Copy Number Variation,Gene Level Copy Number,"61b12fd4-eaa6-4328-a01b-af9ec1825cbb,a9e6bc67-58a6-4ee7-babb-cc1869bbefef,a3dc7e6f-2b9e-4387-9704-ce37aefd4d2b","TCGA-GBM.bdd64a75-d579-4e08-9543-afd2620309f9.ascat3.gene_level_copy_number.v36.tsv,TCGA-GBM.bdd64a75-d579-4e08-9543-afd2620309f9.absolute_liftover.gene_level_copy_number.v36.tsv,TCGA-GBM.bdd64a75-d579-4e08-9543-afd2620309f9.gene_level_copy_number.v36.tsv",3,3
TCGA-76-6191tumor,DNA Methylation,Methylation Beta Value,21ea9e78-f853-44e0-b859-add735d407d5,05a58db0-dede-4344-8c5e-05d2df70b509.methylation_array.sesame.level3betas.txt,1,1
TCGA-76-6191tumor,Simple Nucleotide Variation,Masked Somatic Mutation,c6fafca8-a2ca-4e8e-9257-68bbda4232dc,f4e0b20e-8e06-4098-a815-25059787ef55.wxs.aliquot_ensemble_masked.maf,1,1
TCGA-76-6192tumor,Copy Number Variation,Gene Level Copy Number,"104ecfab-02ab-4703-a021-333aac563747,dc4bbca7-7bbe-475d-8058-fd87cc816a42,26ca0e3e-eac1-4abc-b925-3294bd471e0b","TCGA-GBM.bd2ee5f4-8667-475b-91ab-ad2d262877bc.absolute_liftover.gene_level_copy_number.v36.tsv,TCGA-GBM.bd2ee5f4-8667-475b-91ab-ad2d262877bc.ascat3.gene_level_copy_number.v36.tsv,TCGA-GBM.bd2ee5f4-8667-475b-91ab-ad2d262877bc.gene_level_copy_number.v36.tsv",3,3
TCGA-76-6192tumor,DNA Methylation,Methylation Beta Value,93927728-9390-43b1-acc2-36a722edd2f2,2a26fe88-7d2d-406e-b771-041bc179d8d6.methylation_array.sesame.level3betas.txt,1,1
TCGA-76-6192tumor,Simple Nucleotide Variation,Masked Somatic Mutation,fa361fc3-4377-4193-aad0-3690d3e6d8eb,d5dc066f-d33d-495f-815c-2da864bf2d82.wxs.aliquot_ensemble_masked.maf,1,1
TCGA-76-6193tumor,Copy Number Variation,Gene Level Copy Number,"1e0e569e-de23-4e31-9cef-2c463ad689d3,81a95bef-a1ce-4bea-8874-2493ff33ee38,aa3820ce-a8bc-4867-8f14-3c0c79f4b157","TCGA-GBM.70a0137e-de68-436e-a5cc-ee7b8abe8622.absolute_liftover.gene_level_copy_number.v36.tsv,TCGA-GBM.70a0137e-de68-436e-a5cc-ee7b8abe8622.ascat3.gene_level_copy_number.v36.tsv,TCGA-GBM.70a0137e-de68-436e-a5cc-ee7b8abe8622.gene_level_copy_number.v36.tsv",3,3
TCGA-76-6193tumor,DNA Methylation,Methylation Beta Value,0b169e96-3693-48a5-afe7-6ceb8202b9e0,eee1a3b3-af90-4f05-a26d-b8a1bce531f0.methylation_array.sesame.level3betas.txt,1,1
TCGA-76-6193tumor,Simple Nucleotide Variation,Masked Somatic Mutation,17a8ed39-c0a6-4d80-a860-e129421a0f07,c0b87a33-e1ae-417b-bc3e-e682ac8af9f3.wxs.aliquot_ensemble_masked.maf,1,1
TCGA-76-6280tumor,Copy Number Variation,Gene Level Copy Number,"09937e72-3c65-4b0f-b98b-70b0fe64f135,3933b0fb-aae0-4b33-92ec-5dc850e6066a,a693b35a-57a9-4362-adfe-216037ebbb94","TCGA-GBM.64cc4c4d-01d2-4fde-8f6f-16c368073b85.ascat3.gene_level_copy_number.v36.tsv,TCGA-GBM.64cc4c4d-01d2-4fde-8f6f-16c368073b85.gene_level_copy_number.v36.tsv,TCGA-GBM.64cc4c4d-01d2-4fde-8f6f-16c368073b85.absolute_liftover.gene_level_copy_number.v36.tsv",3,3
TCGA-76-6280tumor,DNA Methylation,Methylation Beta Value,d46b4e03-7d43-4164-a513-4c7eed35346b,6b5c3cc5-1f11-444c-8b03-ad15e312fef7.methylation_array.sesame.level3betas.txt,1,1
TCGA-76-6280tumor,Simple Nucleotide Variation,Masked Somatic Mutation,f4bdefab-e3fd-4b5d-be2e-051c4f648673,2ae882d7-d9da-4a19-833d-b5673a8a6046.wxs.aliquot_ensemble_masked.maf,1,1
TCGA-76-6282tumor,Copy Number Variation,Gene Level Copy Number,"c7c731bb-c611-431d-a9ca-94f6f70c661f,8d37b939-1923-4a57-855e-7c99d55415cf,6a2b1cbb-4798-482f-9f24-754b4232a767","TCGA-GBM.f74b2999-a3b5-4b69-98c9-731e2bfb7c1f.absolute_liftover.gene_level_copy_number.v36.tsv,TCGA-GBM.f74b2999-a3b5-4b69-98c9-731e2bfb7c1f.gene_level_copy_number.v36.tsv,TCGA-GBM.f74b2999-a3b5-4b69-98c9-731e2bfb7c1f.ascat3.gene_level_copy_number.v36.tsv",3,3
TCGA-76-6282tumor,DNA Methylation,Methylation Beta Value,584647d9-4e4e-454f-bf7d-93095d328d49,92d30dc0-ec99-4a9f-94f7-9984f45025a9.methylation_array.sesame.level3betas.txt,1,1
TCGA-76-6282tumor,Simple Nucleotide Variation,Masked Somatic Mutation,73fe0425-d669-4f44-b1f5-7724049331d5,db319a66-90f5-4611-9b25-9e3db86496d0.wxs.aliquot_ensemble_masked.maf,1,1
TCGA-76-6283tumor,Copy Number Variation,Gene Level Copy Number,"5c93f85b-da1e-474f-9021-041e26e33c3e,c9c7e2e9-9c91-463f-abfa-4f3774258bd9,fb180c56-eaa9-4027-90ec-d358afbcfea0","TCGA-GBM.f5afce1e-b658-4cb4-9b6c-3b3d4d4fb0d0.ascat3.gene_level_copy_number.v36.tsv,TCGA-GBM.f5afce1e-b658-4cb4-9b6c-3b3d4d4fb0d0.absolute_liftover.gene_level_copy_number.v36.tsv,TCGA-GBM.f5afce1e-b658-4cb4-9b6c-3b3d4d4fb0d0.gene_level_copy_number.v36.tsv",3,3
TCGA-76-6283tumor,DNA Methylation,Methylation Beta Value,827d6053-0c90-40e6-b14d-3955401d6da5,9042d24e-dfd0-43d8-b9e1-0b0f6df7f51f.methylation_array.sesame.level3betas.txt,1,1
TCGA-76-6283tumor,Simple Nucleotide Variation,Masked Somatic Mutation,0632d63a-1b51-434a-a074-a500e46c1859,339f6015-d033-43cf-b0b3-780b3161a940.wxs.aliquot_ensemble_masked.maf,1,1
TCGA-76-6285tumor,Copy Number Variation,Gene Level Copy Number,"33b48655-3bd5-4906-9709-cc1f9d62840b,007f0587-9ec8-45b5-8ac3-b92548f081a3,2ee4e549-4f10-4c3a-821c-1589dfce7b5a","TCGA-GBM.8c384b5f-71b4-444e-a1f3-04b02ac26b40.gene_level_copy_number.v36.tsv,TCGA-GBM.8c384b5f-71b4-444e-a1f3-04b02ac26b40.ascat3.gene_level_copy_number.v36.tsv,TCGA-GBM.8c384b5f-71b4-444e-a1f3-04b02ac26b40.absolute_liftover.gene_level_copy_number.v36.tsv",3,3
TCGA-76-6285tumor,DNA Methylation,Methylation Beta Value,4d07d66a-894b-4a79-8ad0-8b130f2c4a3b,fd1009dc-9b57-490d-9d38-f10710c45d22.methylation_array.sesame.level3betas.txt,1,1
TCGA-76-6285tumor,Simple Nucleotide Variation,Masked Somatic Mutation,e3ab8a16-2459-4e96-9053-943ed49bc494,b2d0c87d-123d-4c14-9d79-ad94e5928e45.wxs.aliquot_ensemble_masked.maf,1,1
TCGA-76-6286tumor,Copy Number Variation,Gene Level Copy Number,"2d625d14-1819-4556-9d9a-d8da760125ff,f44aa5b6-4a82-4959-b447-cc7e1aa05078,a4529ebd-1dd6-4ac2-859b-efa1e77b163b","TCGA-GBM.a385a32a-6994-4c8e-947e-fd6122504192.gene_level_copy_number.v36.tsv,TCGA-GBM.a385a32a-6994-4c8e-947e-fd6122504192.ascat3.gene_level_copy_number.v36.tsv,TCGA-GBM.a385a32a-6994-4c8e-947e-fd6122504192.absolute_liftover.gene_level_copy_number.v36.tsv",3,3
TCGA-76-6286tumor,DNA Methylation,Methylation Beta Value,799a3550-e2df-4b48-8f5c-0ef0ecaad2fa,d29d0636-9c13-4402-be55-a1ef725bcbaf.methylation_array.sesame.level3betas.txt,1,1
TCGA-76-6286tumor,Simple Nucleotide Variation,Masked Somatic Mutation,c18b9858-b318-4a68-bf8d-b517b1c0c40f,73bfbe6a-80dd-4864-a824-6d3ff9604b57.wxs.aliquot_ensemble_masked.maf,1,1
TCGA-76-6656tumor,Copy Number Variation,Gene Level Copy Number,"d9aad7a1-3f56-4258-9bba-9c91fcf80994,f4f65e9b-68e0-4e71-bc4b-9b30b781892a,bd7c5080-1daa-4866-aef1-ddee0b294baf,af7411da-3825-4dab-9fff-b986524fbc5f","TCGA-GBM.fa640f89-a553-4ee4-bc44-17936f2c9978.ascat3.gene_level_copy_number.v36.tsv,0d520d64-b276-4c40-8044-f3f7a08f378c.wgs.ASCAT.gene_level.copy_number_variation.tsv,TCGA-GBM.fa640f89-a553-4ee4-bc44-17936f2c9978.gene_level_copy_number.v36.tsv,TCGA-GBM.fa640f89-a553-4ee4-bc44-17936f2c9978.absolute_liftover.gene_level_copy_number.v36.tsv",4,4
TCGA-76-6656tumor,DNA Methylation,Methylation Beta Value,945ad549-b831-4365-beff-3883d7dbe5cf,e2336b05-ab9d-4328-95ad-6e0714ffde09.methylation_array.sesame.level3betas.txt,1,1
TCGA-76-6656tumor,Simple Nucleotide Variation,Masked Somatic Mutation,c1be172c-a97d-4ca0-b355-fd7dce713853,f29460fa-07ab-4633-802c-94f2afb71d7c.wxs.aliquot_ensemble_masked.maf,1,1
TCGA-76-6657tumor,Copy Number Variation,Gene Level Copy Number,"292f2874-5d33-499d-ac0b-e5842259c547,a589e782-0917-4cce-8306-265e31472555,ce4427e3-d818-47f0-8234-928a6f17a3c5","TCGA-GBM.128e1bd0-f961-4270-806a-e23f5f3d4fb2.ascat3.gene_level_copy_number.v36.tsv,TCGA-GBM.128e1bd0-f961-4270-806a-e23f5f3d4fb2.absolute_liftover.gene_level_copy_number.v36.tsv,TCGA-GBM.128e1bd0-f961-4270-806a-e23f5f3d4fb2.gene_level_copy_number.v36.tsv",3,3
TCGA-76-6657tumor,DNA Methylation,Methylation Beta Value,6cf0c0b0-6665-4fac-a99d-636b01a2eecc,27064c2c-9300-4910-8264-49980b5273fb.methylation_array.sesame.level3betas.txt,1,1
TCGA-76-6657tumor,Simple Nucleotide Variation,Masked Somatic Mutation,d2eece18-dbed-49d3-b855-f7201e716e2f,3de73bea-9c6f-4974-b7dc-f3148ea00945.wxs.aliquot_ensemble_masked.maf,1,1
TCGA-76-6660tumor,Copy Number Variation,Gene Level Copy Number,"090d69de-e2be-472f-8e3e-b06ba225d599,e578cb10-da0f-4a7a-a528-670bf5e98a22,1376bd18-3964-430b-bf14-40152819e042","TCGA-GBM.89a031d0-bdfb-4623-815d-100208070aad.absolute_liftover.gene_level_copy_number.v36.tsv,TCGA-GBM.89a031d0-bdfb-4623-815d-100208070aad.ascat3.gene_level_copy_number.v36.tsv,TCGA-GBM.89a031d0-bdfb-4623-815d-100208070aad.gene_level_copy_number.v36.tsv",3,3
TCGA-76-6660tumor,DNA Methylation,Methylation Beta Value,71b42c40-6b14-4cd8-a61a-01594b33a530,ef365a22-638b-41bc-98dd-1cc533bb74c0.methylation_array.sesame.level3betas.txt,1,1
TCGA-76-6660tumor,Simple Nucleotide Variation,Masked Somatic Mutation,78333a0f-2bd0-4d4f-b726-2dfa75fcc9de,45368f1a-16e6-4097-b05e-f98a8667bccd.wxs.aliquot_ensemble_masked.maf,1,1
TCGA-76-6661tumor,Copy Number Variation,Gene Level Copy Number,"bdd770b4-2ba8-4932-8288-d1777a935b40,c126ca7c-4b3b-4f4a-9bee-5af38156e06b,bf807e52-af60-4284-824a-caa2940852e6","TCGA-GBM.05ef3b4d-636b-4b2d-a2c6-e0f2e386046c.gene_level_copy_number.v36.tsv,TCGA-GBM.05ef3b4d-636b-4b2d-a2c6-e0f2e386046c.ascat3.gene_level_copy_number.v36.tsv,TCGA-GBM.05ef3b4d-636b-4b2d-a2c6-e0f2e386046c.absolute_liftover.gene_level_copy_number.v36.tsv",3,3
TCGA-76-6661tumor,DNA Methylation,Methylation Beta Value,d62cd257-ed8c-4d33-8c1e-7f02e9f781e1,d7b66492-a52a-4a9a-82f6-ae3a32ca03e7.methylation_array.sesame.level3betas.txt,1,1
TCGA-76-6661tumor,Simple Nucleotide Variation,Masked Somatic Mutation,a9c9f82a-92d3-4efb-a5ef-e5527e4bb9ed,a8d958e6-fbf9-41ef-8933-fdf71db19a0b.wxs.aliquot_ensemble_masked.maf,1,1
TCGA-76-6662tumor,Copy Number Variation,Gene Level Copy Number,"8821da10-3a40-4c53-be23-dfbec20645da,0a65e978-2e1e-4ced-865a-0a442eb8785e,1aa41290-9b76-4e28-b786-d84aeb97249c","TCGA-GBM.ace571a4-d5a4-4fac-a922-eff114d5a3cd.ascat3.gene_level_copy_number.v36.tsv,TCGA-GBM.ace571a4-d5a4-4fac-a922-eff114d5a3cd.absolute_liftover.gene_level_copy_number.v36.tsv,TCGA-GBM.ace571a4-d5a4-4fac-a922-eff114d5a3cd.gene_level_copy_number.v36.tsv",3,3
TCGA-76-6662tumor,DNA Methylation,Methylation Beta Value,46051e4a-2f93-453e-bd82-e5198de4d778,6aa3b9fc-a0c9-4ad1-93fb-da8505901837.methylation_array.sesame.level3betas.txt,1,1
TCGA-76-6662tumor,Simple Nucleotide Variation,Masked Somatic Mutation,4b3337f8-7d53-455e-afe3-5a0f6378150d,3a39a333-74a9-4a9f-8334-b1913ba70b36.wxs.aliquot_ensemble_masked.maf,1,1
TCGA-76-6663tumor,Copy Number Variation,Gene Level Copy Number,"892970d2-d282-470e-baab-0e47d4e7d634,c3f0e3a5-c973-49c5-a51e-e7cdabe69fd1,fd25a0fb-621d-4625-9957-2fc9f67337eb","TCGA-GBM.a7321b76-8882-4d6e-9e6a-76fd3b79a889.ascat3.gene_level_copy_number.v36.tsv,TCGA-GBM.a7321b76-8882-4d6e-9e6a-76fd3b79a889.absolute_liftover.gene_level_copy_number.v36.tsv,TCGA-GBM.a7321b76-8882-4d6e-9e6a-76fd3b79a889.gene_level_copy_number.v36.tsv",3,3
TCGA-76-6663tumor,DNA Methylation,Methylation Beta Value,2c949dde-87de-4823-af2e-744961ede74d,e6eff422-b906-48d0-94c6-6b7ddb157f58.methylation_array.sesame.level3betas.txt,1,1
TCGA-76-6663tumor,Simple Nucleotide Variation,Masked Somatic Mutation,56cd0c03-cc81-402f-b725-034f0906e116,6c40e0af-33d3-4dfc-ab0a-1cad8e9d17ce.wxs.aliquot_ensemble_masked.maf,1,1
TCGA-76-6664tumor,Copy Number Variation,Gene Level Copy Number,"d62146dc-7290-4010-9d73-1709b54a011f,c410c0b8-7325-444c-babd-a84d1760162a,46aff005-e8cd-423c-a720-84a0d678ec11","TCGA-GBM.128b8520-d080-4276-8abd-03ccbc7eba6f.gene_level_copy_number.v36.tsv,TCGA-GBM.128b8520-d080-4276-8abd-03ccbc7eba6f.ascat3.gene_level_copy_number.v36.tsv,TCGA-GBM.128b8520-d080-4276-8abd-03ccbc7eba6f.absolute_liftover.gene_level_copy_number.v36.tsv",3,3
TCGA-76-6664tumor,DNA Methylation,Methylation Beta Value,3fdd192d-eb32-49e8-b605-7cdccb6ecef1,8bc41e3e-6500-4d3c-9775-6101f572deb6.methylation_array.sesame.level3betas.txt,1,1
TCGA-76-6664tumor,Simple Nucleotide Variation,Masked Somatic Mutation,bffc3787-ea5a-4648-b9a3-2c073e0a9f86,937e5e43-c1be-4bab-bcf6-73c40f183fe2.wxs.aliquot_ensemble_masked.maf,1,1
TCGA-81-5910tumor,Copy Number Variation,Gene Level Copy Number,"d558a4c5-a34c-4751-bb2b-69e131b658d5,c3955ab8-9fde-42ef-86c6-67d405205b6d,85cd71f2-2124-4578-94d5-46d8191a3f16,888c4273-97c7-4c4b-83c7-71003a895c67","e0bf05d6-01b7-4d6a-aaeb-77c93845089d.wgs.ASCAT.gene_level.copy_number_variation.tsv,TCGA-GBM.ed2bace6-5098-4af0-84f6-b4996a4b4c04.absolute_liftover.gene_level_copy_number.v36.tsv,TCGA-GBM.ed2bace6-5098-4af0-84f6-b4996a4b4c04.ascat3.gene_level_copy_number.v36.tsv,TCGA-GBM.ed2bace6-5098-4af0-84f6-b4996a4b4c04.gene_level_copy_number.v36.tsv",4,4
TCGA-81-5910tumor,DNA Methylation,Methylation Beta Value,04bd2a8f-f81c-457a-abb8-efaf4b0c5ef6,4930e09e-5349-4289-b0f7-d72684b13c9c.methylation_array.sesame.level3betas.txt,1,1
TCGA-81-5910tumor,Simple Nucleotide Variation,Masked Somatic Mutation,a3c600d0-a324-45de-bdba-02f441515da6,f9e8dd1b-4515-4097-b354-6715711c91ca.wxs.aliquot_ensemble_masked.maf,1,1
TCGA-81-5911tumor,Copy Number Variation,Gene Level Copy Number,"132952f3-53b8-4280-bf24-6e73c6d47881,e204a81a-4783-4966-bfdb-ec69a4918af7,8034a3a6-128b-430b-8079-6a4379b12d4e","TCGA-GBM.1e1c183a-5af0-450a-9d99-aab351a6afd9.ascat3.gene_level_copy_number.v36.tsv,TCGA-GBM.1e1c183a-5af0-450a-9d99-aab351a6afd9.gene_level_copy_number.v36.tsv,TCGA-GBM.1e1c183a-5af0-450a-9d99-aab351a6afd9.absolute_liftover.gene_level_copy_number.v36.tsv",3,3
TCGA-81-5911tumor,DNA Methylation,Methylation Beta Value,47db29d7-434e-41db-b4f0-37598aa53e30,e0e63fe1-008f-4b4d-a1bd-141ab33d1565.methylation_array.sesame.level3betas.txt,1,1
TCGA-81-5911tumor,Simple Nucleotide Variation,Masked Somatic Mutation,f6fc7704-fe43-4d46-ab9e-7d80c5ecad67,98a081f8-dde1-4b00-92df-d6c6c43332cf.wxs.aliquot_ensemble_masked.maf,1,1
TCGA-87-5896tumor,Copy Number Variation,Gene Level Copy Number,"1072b354-33d8-41f3-a0e4-006851ed390a,6c7eb4e5-0c29-42bc-92a9-fbf1a910e15c,502e8c62-c472-4715-9c49-6ca32e6643f8","TCGA-GBM.15cd2fb6-5bd1-4568-9541-19fca72c313c.gene_level_copy_number.v36.tsv,TCGA-GBM.15cd2fb6-5bd1-4568-9541-19fca72c313c.ascat3.gene_level_copy_number.v36.tsv,TCGA-GBM.15cd2fb6-5bd1-4568-9541-19fca72c313c.absolute_liftover.gene_level_copy_number.v36.tsv",3,3
TCGA-87-5896tumor,DNA Methylation,Methylation Beta Value,b6907c8c-c8ce-45ef-9688-2ce922208536,3d95092d-77d3-4704-9d6b-25e774e28713.methylation_array.sesame.level3betas.txt,1,1
TCGA-87-5896tumor,Simple Nucleotide Variation,Masked Somatic Mutation,e70abc35-c771-4c74-b5b2-c4cbd54928ef,3b134e28-303c-4560-b772-3833cf8d8073.wxs.aliquot_ensemble_masked.maf,1,1
TCGA-OX-A56Rtumor,Copy Number Variation,Gene Level Copy Number,"add0a99d-0094-4ed6-8ef0-e821a22d2a08,c100a2f3-748d-42bf-9008-aa8a0a1d83b6,37403639-c8d4-4ae8-b012-4f4233b4fc26,5790d8e5-4822-4c53-b44c-00c62888674b","TCGA-GBM.1b3b1603-0fe2-40b1-97f9-9962cb394193.gene_level_copy_number.v36.tsv,TCGA-GBM.1b3b1603-0fe2-40b1-97f9-9962cb394193.ascat3.gene_level_copy_number.v36.tsv,TCGA-GBM.1b3b1603-0fe2-40b1-97f9-9962cb394193.absolute_liftover.gene_level_copy_number.v36.tsv,2f293b0b-8b0b-4c57-81ff-17eb714b072f.wgs.ASCAT.gene_level.copy_number_variation.tsv",4,4
TCGA-OX-A56Rtumor,DNA Methylation,Methylation Beta Value,28f2b01c-6ef9-4f72-9b00-d24ab600adaa,5531476b-01a6-4b83-9b24-42869f2c09c6.methylation_array.sesame.level3betas.txt,1,1
TCGA-OX-A56Rtumor,Simple Nucleotide Variation,Masked Somatic Mutation,01ca413a-63ae-4017-935c-a58195e73eea,ade00a5e-8703-4acb-a7bc-467deaedff0e.wxs.aliquot_ensemble_masked.maf,1,1
TCGA-RR-A6KAtumor,Copy Number Variation,Gene Level Copy Number,"6920d78d-054e-4e8d-b09e-2f3472f9a61c,f67fc7e2-e9bf-4b74-bb40-178918e59f5f,d85dd3f9-a7ea-4aae-a4fd-d34352ed869f","TCGA-GBM.3460c792-2270-4c96-8bf6-777604da7157.absolute_liftover.gene_level_copy_number.v36.tsv,TCGA-GBM.3460c792-2270-4c96-8bf6-777604da7157.gene_level_copy_number.v36.tsv,TCGA-GBM.3460c792-2270-4c96-8bf6-777604da7157.ascat3.gene_level_copy_number.v36.tsv",3,3
TCGA-RR-A6KAtumor,DNA Methylation,Methylation Beta Value,cae99127-bb25-46ee-beaa-4121109eba67,defddc29-a251-403e-8f28-2ca93dd013aa.methylation_array.sesame.level3betas.txt,1,1
TCGA-RR-A6KAtumor,Simple Nucleotide Variation,Masked Somatic Mutation,81829065-6f06-4493-902a-8bd716d764b0,6a8a256f-d96f-46a2-8b48-8619e1c0d7aa.wxs.aliquot_ensemble_masked.maf,1,1
TCGA-RR-A6KBtumor,Copy Number Variation,Gene Level Copy Number,"21d5830e-0ce8-496e-8b5a-a4152b5548df,6ecf79b7-ee1e-4ca5-bc25-043d64443529,025e7edf-192c-40f9-9fd4-ef43112eaafe,711cd9ea-76f7-465f-b038-18bc98d693a7","TCGA-GBM.6e7ccc72-b072-40f2-82da-8c99f9159f1e.gene_level_copy_number.v36.tsv,9415a3a6-b93a-4ffb-8f72-b6d272e5782b.wgs.ASCAT.gene_level.copy_number_variation.tsv,TCGA-GBM.6e7ccc72-b072-40f2-82da-8c99f9159f1e.ascat3.gene_level_copy_number.v36.tsv,TCGA-GBM.6e7ccc72-b072-40f2-82da-8c99f9159f1e.absolute_liftover.gene_level_copy_number.v36.tsv",4,4
TCGA-RR-A6KBtumor,DNA Methylation,Methylation Beta Value,04b84298-e9b7-4b68-9e78-861575cfa9c6,6b0ffce2-6c6e-4bc5-bb9c-2f4e4ad9f15c.methylation_array.sesame.level3betas.txt,1,1
TCGA-RR-A6KBtumor,Simple Nucleotide Variation,Masked Somatic Mutation,c24e2723-b3c7-4240-a19c-2c50b62c9a91,fb16e9b2-2445-4931-abd0-a04054d3a392.wxs.aliquot_ensemble_masked.maf,1,1
TCGA-RR-A6KCtumor,Copy Number Variation,Gene Level Copy Number,"663cdef3-f395-4f35-af61-5f98fb0f3f41,5808431a-4d85-4ab1-a974-a4fbc2d897b5,5dbc3d1e-7536-40c3-a2cc-58cf9f9dd608","TCGA-GBM.458cae14-357c-4147-810d-9bd1179430a9.ascat3.gene_level_copy_number.v36.tsv,TCGA-GBM.458cae14-357c-4147-810d-9bd1179430a9.gene_level_copy_number.v36.tsv,TCGA-GBM.458cae14-357c-4147-810d-9bd1179430a9.absolute_liftover.gene_level_copy_number.v36.tsv",3,3
TCGA-RR-A6KCtumor,DNA Methylation,Methylation Beta Value,75198f75-cc0d-4d60-aefe-0367ba606142,83af5d5c-beb6-452b-8f0e-b98b332656b1.methylation_array.sesame.level3betas.txt,1,1
TCGA-RR-A6KCtumor,Simple Nucleotide Variation,Masked Somatic Mutation,f8d68fb9-a686-4af0-8d70-2087458e4596,046a4b80-1b58-4b34-b70f-70574ca4ebf4.wxs.aliquot_ensemble_masked.maf,1,1
