Case ID,Data Category,Data Type,file_ids,file_names,num_file_id,num_files
TCGA-02-0003normal,Copy Number Variation,Gene Level Copy Number,"405a3ba7-0d4f-481b-8d65-ed6b23d79d7d,41bcf003-e456-4e9f-a57f-8862f60ef61d","TCGA-GBM.b3c11228-4473-4d24-be7c-2472f44562a0.ascat3.gene_level_copy_number.v36.tsv,TCGA-GBM.b3c11228-4473-4d24-be7c-2472f44562a0.gene_level_copy_number.v36.tsv",2,2
TCGA-02-0003normal,Simple Nucleotide Variation,Masked Somatic Mutation,6fd169e5-a79b-405f-8c4e-b20a03d8a4a9,149ce67d-c03d-471f-9524-41bf5288c239.wxs.aliquot_ensemble_masked.maf,1,1
TCGA-02-0033normal,Copy Number Variation,Gene Level Copy Number,"4e084d73-5976-428a-bcc3-46f81c97d45b,25a2ab41-ae7f-47e5-91d6-00da213e43bb","TCGA-GBM.4f30c598-8b39-49df-a5ae-1d07f6818c4a.ascat3.gene_level_copy_number.v36.tsv,TCGA-GBM.4f30c598-8b39-49df-a5ae-1d07f6818c4a.gene_level_copy_number.v36.tsv",2,2
TCGA-02-0033normal,Simple Nucleotide Variation,Masked Somatic Mutation,a84008d1-f3b6-43f3-b60a-52c13c6bc4bb,04da0baa-6e34-4d1a-98e2-847d1c4a4bb8.wxs.aliquot_ensemble_masked.maf,1,1
TCGA-02-0047normal,Copy Number Variation,Gene Level Copy Number,"0cc0bfc4-4168-4690-8892-f02362dce48b,328ea458-9a39-4c35-9ee5-406c5b8a07ed","TCGA-GBM.9eaedc0c-dcb8-4140-a150-0e32d4b50cfe.ascat3.gene_level_copy_number.v36.tsv,TCGA-GBM.9eaedc0c-dcb8-4140-a150-0e32d4b50cfe.gene_level_copy_number.v36.tsv",2,2
TCGA-02-0047normal,Simple Nucleotide Variation,Masked Somatic Mutation,9bfc590f-8fd6-4a9c-88e0-081d7fafef44,c802335e-281f-4c11-8588-29dc04bf3527.wxs.aliquot_ensemble_masked.maf,1,1
TCGA-02-0055normal,Copy Number Variation,Gene Level Copy Number,"e6872096-d69f-42a6-b218-54446486079d,2ec90cd0-f97b-4400-bbee-4c2195a664f1","TCGA-GBM.3632db23-8431-4291-97f1-ed8f399dc3e7.gene_level_copy_number.v36.tsv,TCGA-GBM.3632db23-8431-4291-97f1-ed8f399dc3e7.ascat3.gene_level_copy_number.v36.tsv",2,2
TCGA-02-0055normal,Simple Nucleotide Variation,Masked Somatic Mutation,d768978e-7ff1-4324-89ef-f39018a3cfae,e1d1044b-db2b-464c-988f-5cb83e6b7ff3.wxs.aliquot_ensemble_masked.maf,1,1
TCGA-02-2466normal,Copy Number Variation,Gene Level Copy Number,"4eec66e5-a45d-43d0-8d8c-82ed8cd5e075,ca1ee4eb-84be-4ce3-b365-5f31e25e0cb6","TCGA-GBM.e5d8bb0e-a65e-4497-8b01-2c4b1799d8a1.ascat3.gene_level_copy_number.v36.tsv,TCGA-GBM.e5d8bb0e-a65e-4497-8b01-2c4b1799d8a1.gene_level_copy_number.v36.tsv",2,2
TCGA-02-2466normal,Simple Nucleotide Variation,Masked Somatic Mutation,2c443cf0-f68e-475c-b068-468b8373ec05,5f18c1ca-c48e-45f9-bdd3-2e4a6a20ef07.wxs.aliquot_ensemble_masked.maf,1,1
TCGA-02-2470normal,Copy Number Variation,Gene Level Copy Number,"0f686ab3-7184-4286-840d-a3bda949dad8,9a686968-2e67-49a4-850b-e823bbeea674","TCGA-GBM.97e9e20e-47b0-4300-8b86-ff736bfff466.gene_level_copy_number.v36.tsv,TCGA-GBM.97e9e20e-47b0-4300-8b86-ff736bfff466.ascat3.gene_level_copy_number.v36.tsv",2,2
TCGA-02-2470normal,Simple Nucleotide Variation,Masked Somatic Mutation,"39bc8e0a-7e9d-4d5e-b0cc-3c3a5d3cba6d,a1b4de36-90e2-45b4-b4b7-7df6cce21def","cddd8169-648d-4a7d-af2f-ad2a893b0f1d.wxs.aliquot_ensemble_masked.maf,49f1e85c-bf64-427e-9ddb-cc1b405745e1.wxs.aliquot_ensemble_masked.maf",2,2
TCGA-02-2483normal,Copy Number Variation,Gene Level Copy Number,"40cdfb68-eafb-4aa5-8c29-1011fe1a761b,9b905c97-69a8-4600-bbed-d596f8ca08b2","TCGA-GBM.e617c7e5-3903-4716-85c6-f51fdb81786b.ascat3.gene_level_copy_number.v36.tsv,TCGA-GBM.e617c7e5-3903-4716-85c6-f51fdb81786b.gene_level_copy_number.v36.tsv",2,2
TCGA-02-2483normal,Simple Nucleotide Variation,Masked Somatic Mutation,7682e0ce-e404-4c3e-acd2-126d5c7f57e9,c9d5be77-a14a-45ac-ac76-ac7e74e07c0c.wxs.aliquot_ensemble_masked.maf,1,1
TCGA-02-2485normal,Copy Number Variation,Gene Level Copy Number,"b9152974-da68-4125-af45-38dc27830265,b58a4d5f-0531-40cc-9754-69e4cac51e1c","TCGA-GBM.311a1dd5-a907-44c1-902b-3fc64c3f1a81.gene_level_copy_number.v36.tsv,TCGA-GBM.311a1dd5-a907-44c1-902b-3fc64c3f1a81.ascat3.gene_level_copy_number.v36.tsv",2,2
TCGA-02-2485normal,Simple Nucleotide Variation,Masked Somatic Mutation,"67fe3e80-70c3-4452-a3d7-0851e010ed9e,6f560343-1ad3-4e32-a581-a6871b6fa612","8c1abd20-3357-4046-8f6f-93be3d8adb45.wxs.aliquot_ensemble_masked.maf,881e986e-bb7f-44a3-8b93-9c709f51c8cb.wxs.aliquot_ensemble_masked.maf",2,2
TCGA-02-2486normal,Copy Number Variation,Gene Level Copy Number,"b6acdd41-08b4-42f1-b3e0-dc599ceff5bd,f9e3a7f6-2241-4d33-8afe-3f27d5cb646d","TCGA-GBM.74715f2b-fabc-4b3a-9819-aae6dcde8d3c.gene_level_copy_number.v36.tsv,TCGA-GBM.74715f2b-fabc-4b3a-9819-aae6dcde8d3c.ascat3.gene_level_copy_number.v36.tsv",2,2
TCGA-02-2486normal,Simple Nucleotide Variation,Masked Somatic Mutation,"6687e812-0842-4985-aaec-25be8f0582f4,523e6728-6954-4f10-9ca3-2beb93a00eaa","28ce041c-ecad-4ddc-8fd5-0de51da142f6.wxs.aliquot_ensemble_masked.maf,f6fdd908-5766-405d-a125-7cbf2eae47fa.wxs.aliquot_ensemble_masked.maf",2,2
TCGA-06-0119normal,Copy Number Variation,Gene Level Copy Number,"8ded2263-b5cd-4f3e-afa9-d957c38be5d6,1ea287b8-e227-45ca-98ab-68667dc8e3a4","TCGA-GBM.1cfc8eff-42b0-48a3-8f96-907651dcbe31.ascat3.gene_level_copy_number.v36.tsv,TCGA-GBM.1cfc8eff-42b0-48a3-8f96-907651dcbe31.gene_level_copy_number.v36.tsv",2,2
TCGA-06-0119normal,Simple Nucleotide Variation,Masked Somatic Mutation,712ed64e-c763-4741-8fdc-a0b0f5c542fe,7dff16bc-b2cf-4b74-83b2-d89c442c28c8.wxs.aliquot_ensemble_masked.maf,1,1
TCGA-06-0122normal,Copy Number Variation,Gene Level Copy Number,"16925388-88a8-44f9-a2b7-274411329be6,3b1903a9-d7c8-4e50-afc4-2fbb857d2952,c0571e37-2454-4932-92f2-35de8ecb2b59","TCGA-GBM.0674a285-6af2-4476-b50f-92a437b052b9.gene_level_copy_number.v36.tsv,TCGA-GBM.0674a285-6af2-4476-b50f-92a437b052b9.ascat3.gene_level_copy_number.v36.tsv,TCGA-GBM.d86d6d98-3a78-42bc-83e8-976f954e9c46.gene_level_copy_number.v36.tsv",3,3
TCGA-06-0122normal,Simple Nucleotide Variation,Masked Somatic Mutation,1b66b4e6-95bd-43f7-a45d-84e0b2a1e8a0,dfa08419-6553-4536-91b2-786a6f6266c6.wxs.aliquot_ensemble_masked.maf,1,1
TCGA-06-0124normal,Copy Number Variation,Gene Level Copy Number,"869d7c24-acf5-4314-b3c4-1b32a4bba85c,86573015-22a6-482d-97b0-dc07f961651e,d2943746-3e1c-4917-8e15-f204de157379","TCGA-GBM.5402f832-b7d3-4a86-9626-2a0fcf5b173f.gene_level_copy_number.v36.tsv,TCGA-GBM.1320140b-2dfe-42f6-b369-0a5725bd6492.ascat3.gene_level_copy_number.v36.tsv,TCGA-GBM.1320140b-2dfe-42f6-b369-0a5725bd6492.gene_level_copy_number.v36.tsv",3,3
TCGA-06-0124normal,Simple Nucleotide Variation,Masked Somatic Mutation,f4840a9e-4c0d-4aff-9d39-7e646868ef4f,b0945cae-8fc7-47ea-9b5e-d219efdbaf08.wxs.aliquot_ensemble_masked.maf,1,1
TCGA-06-0125normal,Copy Number Variation,Gene Level Copy Number,"bee8825c-a3f3-4021-9286-860fde4b0178,2ca04ceb-c00c-44b2-b8e8-5eec78189f5f,67c7ee56-4a78-4200-9a7c-a665923d95a7,f1db63ea-4daa-486b-bdfc-f66da4ed2b5f","TCGA-GBM.7478d4b4-ad47-4a36-b607-0ff7414a0eee.gene_level_copy_number.v36.tsv,TCGA-GBM.83ce717f-a6ed-43af-82b1-417df9aba12c.gene_level_copy_number.v36.tsv,TCGA-GBM.7478d4b4-ad47-4a36-b607-0ff7414a0eee.ascat3.gene_level_copy_number.v36.tsv,TCGA-GBM.54393a0b-8fcd-4100-b0df-f05d00797884.gene_level_copy_number.v36.tsv",4,4
TCGA-06-0125normal,Simple Nucleotide Variation,Masked Somatic Mutation,"94b019d9-8165-4c00-a5db-8cbc5f8bd4d2,b55319e9-2dd7-4ef4-803f-6e2651cc5299","54ac8e1e-3c09-4882-8a3e-43807599064f.wxs.aliquot_ensemble_masked.maf,55f1e904-718d-4ad3-aef3-e73f2fa1c3f4.wxs.aliquot_ensemble_masked.maf",2,2
TCGA-06-0126normal,Copy Number Variation,Gene Level Copy Number,"833f542a-09cd-48ce-be5f-d35f616b13a8,0026698a-1fa7-4fa9-9898-2e54590cc25a,b1aa1339-4dda-49e7-baef-d5db9ac3fa5a","TCGA-GBM.25517328-4dae-4530-b829-8bb4a924e28a.ascat3.gene_level_copy_number.v36.tsv,TCGA-GBM.25517328-4dae-4530-b829-8bb4a924e28a.gene_level_copy_number.v36.tsv,TCGA-GBM.35d655d5-ef75-4b13-a90f-ddf0df7d4f38.gene_level_copy_number.v36.tsv",3,3
TCGA-06-0126normal,Simple Nucleotide Variation,Masked Somatic Mutation,444e14e0-a6fd-494e-bbcd-22dc1c676158,a5db12b9-5a42-49c3-82f0-ef4f8f3bf5a8.wxs.aliquot_ensemble_masked.maf,1,1
TCGA-06-0128normal,Copy Number Variation,Gene Level Copy Number,"01155f35-eef1-47a4-baf5-82764d094fd6,3835627e-fcbb-4e40-b4b5-44afc82ac773,3bef823e-dbc2-4ab9-a15e-f957f7b5c3dd","TCGA-GBM.16bf7fbd-6fdb-4056-a809-cf11341eef59.ascat3.gene_level_copy_number.v36.tsv,TCGA-GBM.e2c988a5-4d1f-425b-88a7-103d4413424e.gene_level_copy_number.v36.tsv,TCGA-GBM.16bf7fbd-6fdb-4056-a809-cf11341eef59.gene_level_copy_number.v36.tsv",3,3
TCGA-06-0128normal,Simple Nucleotide Variation,Masked Somatic Mutation,884d91e4-587c-404b-8464-5ff48cf943ec,4471b40f-cb1e-4abe-be3d-d59340ff3fed.wxs.aliquot_ensemble_masked.maf,1,1
TCGA-06-0129normal,Copy Number Variation,Gene Level Copy Number,"9b4d7cb2-e41b-4808-82d4-84617d47acae,bc64fb8b-9f3c-4560-9300-bb62379c1401,91207ed8-e3c3-4aaf-9f2c-5afd7027dea7","TCGA-GBM.b211db7a-e9e4-44d5-a225-82dbcd049bcd.gene_level_copy_number.v36.tsv,TCGA-GBM.b211db7a-e9e4-44d5-a225-82dbcd049bcd.ascat3.gene_level_copy_number.v36.tsv,TCGA-GBM.15bd4300-4dbe-4c75-af7d-1eb8a46b3303.gene_level_copy_number.v36.tsv",3,3
TCGA-06-0129normal,Simple Nucleotide Variation,Masked Somatic Mutation,1b777c6b-074a-4d01-bd19-7dfe0b41a7c0,e965abed-b614-45b1-82fd-d965b61ebba3.wxs.aliquot_ensemble_masked.maf,1,1
TCGA-06-0130normal,Copy Number Variation,Gene Level Copy Number,"4af0bf75-57bf-4cb8-b8fe-ce620c1c6e2b,2e55a854-69c8-4407-9786-5b02abce4c74,c20531c0-b0c8-4a7e-8c66-362219408263","TCGA-GBM.0c84111c-b25f-477c-9fb5-7f6057fe5223.gene_level_copy_number.v36.tsv,TCGA-GBM.d9fc7b42-ce16-431d-9f68-3abb664e618d.ascat3.gene_level_copy_number.v36.tsv,TCGA-GBM.d9fc7b42-ce16-431d-9f68-3abb664e618d.gene_level_copy_number.v36.tsv",3,3
TCGA-06-0130normal,Simple Nucleotide Variation,Masked Somatic Mutation,966b6c18-c83e-4400-8b65-a6025b6dbbaa,2e4fc4e1-5544-4d41-9bc3-e3beb402fb08.wxs.aliquot_ensemble_masked.maf,1,1
TCGA-06-0132normal,Copy Number Variation,Gene Level Copy Number,"b935ce77-a479-41bd-8bde-758dd286f355,b58c61e4-f03c-497a-b3e2-5cdcf92cfef2","TCGA-GBM.28887e9e-0f53-4240-a1d8-93bab59cfc4a.ascat3.gene_level_copy_number.v36.tsv,TCGA-GBM.28887e9e-0f53-4240-a1d8-93bab59cfc4a.gene_level_copy_number.v36.tsv",2,2
TCGA-06-0132normal,Simple Nucleotide Variation,Masked Somatic Mutation,3f70a963-4852-4ee0-87e4-71046603b63d,f7ee9e65-3450-4121-858c-9c2901f20603.wxs.aliquot_ensemble_masked.maf,1,1
TCGA-06-0137normal,Copy Number Variation,Gene Level Copy Number,"89d82817-cc99-400f-87a2-5c5c4f960db1,cc2d40dd-4e59-45bf-980a-ca136178228e","TCGA-GBM.9343e7e1-7a8b-4cd5-99fb-b911f4551fe9.ascat3.gene_level_copy_number.v36.tsv,TCGA-GBM.9343e7e1-7a8b-4cd5-99fb-b911f4551fe9.gene_level_copy_number.v36.tsv",2,2
TCGA-06-0137normal,Simple Nucleotide Variation,Masked Somatic Mutation,768ad713-cad3-4fbf-84b6-41974aabb872,85e9d806-e394-44b5-afe9-93f7d17d17f5.wxs.aliquot_ensemble_masked.maf,1,1
TCGA-06-0139normal,Copy Number Variation,Gene Level Copy Number,"eaee494a-61ef-4e66-b536-2a4f5f310c5d,674afbf8-ae8e-4122-bed2-2aba2013c588,68a85efd-dcef-479d-b375-9c960b90ca0d","TCGA-GBM.316e5195-96c1-48f6-a636-7798826fa2a3.gene_level_copy_number.v36.tsv,TCGA-GBM.fc46080d-2fa4-4f55-bc39-7af26b974ed1.gene_level_copy_number.v36.tsv,TCGA-GBM.316e5195-96c1-48f6-a636-7798826fa2a3.ascat3.gene_level_copy_number.v36.tsv",3,3
TCGA-06-0139normal,Simple Nucleotide Variation,Masked Somatic Mutation,10b81151-18ef-4fb8-bc25-712e8b2943ad,3f8fa2dc-a7d1-41fa-9588-95d4b41c00dc.wxs.aliquot_ensemble_masked.maf,1,1
TCGA-06-0140normal,Copy Number Variation,Gene Level Copy Number,"dcdeca40-7e04-4882-aea3-4b7d9919f433,0b133c4e-b37b-4fa1-86dd-a0d97641c4e7","TCGA-GBM.4283ad91-7301-43e4-9584-1267539caae0.gene_level_copy_number.v36.tsv,TCGA-GBM.4283ad91-7301-43e4-9584-1267539caae0.ascat3.gene_level_copy_number.v36.tsv",2,2
TCGA-06-0140normal,Simple Nucleotide Variation,Masked Somatic Mutation,c47801c6-baf7-47ef-91eb-7ed3e0c45ccb,75f54224-753e-440f-b652-bb08354ff72a.wxs.aliquot_ensemble_masked.maf,1,1
TCGA-06-0141normal,Copy Number Variation,Gene Level Copy Number,"2a6cb130-fa24-4357-852f-5d2339db9751,2ebc3254-7667-4540-a29f-7e66e06fa2a0,ce5a0687-c430-4d5c-84d3-b713242a18dd","TCGA-GBM.7b781ddf-c48a-44c4-a002-ac409688e47e.gene_level_copy_number.v36.tsv,TCGA-GBM.80b46518-c8c5-4428-a7b3-2a678339f9fb.ascat3.gene_level_copy_number.v36.tsv,TCGA-GBM.80b46518-c8c5-4428-a7b3-2a678339f9fb.gene_level_copy_number.v36.tsv",3,3
TCGA-06-0141normal,Simple Nucleotide Variation,Masked Somatic Mutation,300bbdde-ec44-4e36-90f3-af22a109e3f5,b399ab78-cc6b-425d-9827-ea405d72c61b.wxs.aliquot_ensemble_masked.maf,1,1
TCGA-06-0145normal,Copy Number Variation,Gene Level Copy Number,"ff82c8fa-24c0-4349-b5d2-7a1af33e1147,5ec930a6-32a4-40f2-9d81-27e7f1d81747","TCGA-GBM.bf1bd21e-1d51-4abd-9257-6194fe2d60c0.gene_level_copy_number.v36.tsv,TCGA-GBM.bf1bd21e-1d51-4abd-9257-6194fe2d60c0.ascat3.gene_level_copy_number.v36.tsv",2,2
TCGA-06-0145normal,Simple Nucleotide Variation,Masked Somatic Mutation,"54904499-a62d-4501-a4ea-044340a35284,d82fdd83-9bbf-4624-80d9-2776b3c46432","c0a198bf-acf9-4e0f-9114-617c4acd5a9b.wxs.aliquot_ensemble_masked.maf,f3bbe30d-a21b-4fd3-9260-1580124a22e7.wxs.aliquot_ensemble_masked.maf",2,2
TCGA-06-0151normal,Copy Number Variation,Gene Level Copy Number,"c93dd591-3b4d-4214-a3dd-33d099bb21e2,1be89f91-80b7-4596-b6ae-40949f66740b","TCGA-GBM.2017771d-0784-4fdf-b379-eb200a9f8734.gene_level_copy_number.v36.tsv,TCGA-GBM.2017771d-0784-4fdf-b379-eb200a9f8734.ascat3.gene_level_copy_number.v36.tsv",2,2
TCGA-06-0151normal,Simple Nucleotide Variation,Masked Somatic Mutation,ede4ff1e-dca1-4683-bd65-dcfe3cc5ef77,967604f3-1ba8-4483-a581-328c1746f4ab.wxs.aliquot_ensemble_masked.maf,1,1
TCGA-06-0152normal,Copy Number Variation,Gene Level Copy Number,"60ace7ff-c287-419d-a890-87d59a88111b,18b7f810-85f1-4887-9270-d7da714db41e,af8c9b34-cd53-4882-8333-5605bc1f9007","TCGA-GBM.4bec56ce-7b7c-4d38-9e60-52abf9b56ea7.ascat3.gene_level_copy_number.v36.tsv,TCGA-GBM.093c6b60-c128-4153-98dc-34519cdd784a.gene_level_copy_number.v36.tsv,TCGA-GBM.4bec56ce-7b7c-4d38-9e60-52abf9b56ea7.gene_level_copy_number.v36.tsv",3,3
TCGA-06-0152normal,Simple Nucleotide Variation,Masked Somatic Mutation,"c3c62150-6ee9-4ebd-b86b-9acce8d00999,1c129614-48ae-4bb6-904e-0ac64b39ea4a,c6f474a2-2efd-4097-aaa8-86cf9becf5c4","033b6245-08a0-4316-9597-88a5083f602c.wxs.aliquot_ensemble_masked.maf,30adffcb-5dfc-4e2c-8032-cb2ef4a583cb.wxs.aliquot_ensemble_masked.maf,7a4f05cb-0f7a-405f-8bbf-e86e01b5e9a0.wxs.aliquot_ensemble_masked.maf",3,3
TCGA-06-0154normal,Copy Number Variation,Gene Level Copy Number,"90a86bb5-9abd-4ec8-ae58-d0e8f6479bb1,d1aa3e89-04e2-44f3-a43b-e35435da0fe1,b8c58324-1c57-4e02-8737-973a30650c8f","TCGA-GBM.3337e4b0-0bb5-4a5c-95cb-3565a1a21227.gene_level_copy_number.v36.tsv,TCGA-GBM.d7d01652-8dbe-426f-9d4d-d06fd1374aef.ascat3.gene_level_copy_number.v36.tsv,TCGA-GBM.d7d01652-8dbe-426f-9d4d-d06fd1374aef.gene_level_copy_number.v36.tsv",3,3
TCGA-06-0154normal,Simple Nucleotide Variation,Masked Somatic Mutation,a49f969a-d956-42fb-b61e-299f64000dbb,424c6de0-1f3a-410e-90e1-386f3622ee48.wxs.aliquot_ensemble_masked.maf,1,1
TCGA-06-0155normal,Copy Number Variation,Gene Level Copy Number,"6abd21bf-5199-420f-80fd-fd317dfba644,f502f8dd-eaaa-40bd-a478-9eaae37425c6","TCGA-GBM.7f46f89d-ba31-4338-92a1-a3f92720a99f.ascat3.gene_level_copy_number.v36.tsv,TCGA-GBM.7f46f89d-ba31-4338-92a1-a3f92720a99f.gene_level_copy_number.v36.tsv",2,2
TCGA-06-0155normal,Simple Nucleotide Variation,Masked Somatic Mutation,bf03b827-8f2e-4e3b-a8e9-c39c549ae2a7,875e0b56-4274-4ce8-b792-ff4289b9f191.wxs.aliquot_ensemble_masked.maf,1,1
TCGA-06-0157normal,Copy Number Variation,Gene Level Copy Number,"d7d4125c-d7cb-4fce-ac86-b758f8e4aefc,3488654c-ee32-484b-b7d6-aa6ac6255d99","TCGA-GBM.d6b84a8d-fc45-40a8-97e2-0ed74eb77b01.gene_level_copy_number.v36.tsv,TCGA-GBM.d6b84a8d-fc45-40a8-97e2-0ed74eb77b01.ascat3.gene_level_copy_number.v36.tsv",2,2
TCGA-06-0157normal,Simple Nucleotide Variation,Masked Somatic Mutation,2242451e-9382-43ad-916d-1ed9690e4130,4048e8ff-3346-424d-b094-12a7471a8b52.wxs.aliquot_ensemble_masked.maf,1,1
TCGA-06-0158normal,Copy Number Variation,Gene Level Copy Number,"3dd2c1e6-5b79-48d0-9e5b-becfb740c106,0ff2efa9-7a03-45a7-8049-c1e8a5a47ff7","TCGA-GBM.0fc145ab-da64-4ea3-af67-63f84a7f5359.gene_level_copy_number.v36.tsv,TCGA-GBM.0fc145ab-da64-4ea3-af67-63f84a7f5359.ascat3.gene_level_copy_number.v36.tsv",2,2
TCGA-06-0158normal,Simple Nucleotide Variation,Masked Somatic Mutation,b77d6cc4-83b0-4292-9e17-3b93be126eed,401a5237-39f0-4dd2-9c7f-f9c7e0e24aea.wxs.aliquot_ensemble_masked.maf,1,1
TCGA-06-0165normal,Copy Number Variation,Gene Level Copy Number,"97cd9141-0e75-4fe4-a260-254a62d71f5a,a83ae53d-dd5c-47cd-a704-40dd8103c06b","TCGA-GBM.f6c4d539-181a-4e55-9eac-50167df41c6d.gene_level_copy_number.v36.tsv,TCGA-GBM.f6c4d539-181a-4e55-9eac-50167df41c6d.ascat3.gene_level_copy_number.v36.tsv",2,2
TCGA-06-0165normal,Simple Nucleotide Variation,Masked Somatic Mutation,91ee23aa-0f1d-4acd-95cc-2961a90701f1,2c0702e4-dcf3-46ed-845c-bed397c884a3.wxs.aliquot_ensemble_masked.maf,1,1
TCGA-06-0166normal,Copy Number Variation,Gene Level Copy Number,"55c55a43-9c21-4d94-8207-dba0b66947c5,a7c29e95-54ea-46dc-b2a9-88e08eb1384f,dc94bf38-8e3b-4f86-93e4-883d04a63113","TCGA-GBM.07bfa45c-e66e-4deb-aedd-007278b4c7f4.gene_level_copy_number.v36.tsv,TCGA-GBM.4e64d6ef-5e48-48fc-9f2a-8c3b578dc348.gene_level_copy_number.v36.tsv,TCGA-GBM.4e64d6ef-5e48-48fc-9f2a-8c3b578dc348.ascat3.gene_level_copy_number.v36.tsv",3,3
TCGA-06-0166normal,Simple Nucleotide Variation,Masked Somatic Mutation,26511721-713f-4f7d-bcf2-0045a2d6f5a2,16f6070a-09f2-41e7-bbc6-5afc01d47148.wxs.aliquot_ensemble_masked.maf,1,1
TCGA-06-0167normal,Copy Number Variation,Gene Level Copy Number,"2b3b912d-075c-4c41-912f-b55e176a3be7,bad7b88a-b991-484e-8117-df1306fa4d37","TCGA-GBM.4a91d2b3-7ab6-4dde-ad54-08d70c42ae17.gene_level_copy_number.v36.tsv,TCGA-GBM.4a91d2b3-7ab6-4dde-ad54-08d70c42ae17.ascat3.gene_level_copy_number.v36.tsv",2,2
TCGA-06-0167normal,Simple Nucleotide Variation,Masked Somatic Mutation,a92636e4-2e07-42a9-b5c8-446786549326,ab1464fd-2365-40a6-9960-c51e053e48ad.wxs.aliquot_ensemble_masked.maf,1,1
TCGA-06-0168normal,Copy Number Variation,Gene Level Copy Number,"e919437f-8716-4bda-8bd0-7594602c1105,468858a5-5589-4707-a9f4-0846d390bdf5,a61829c4-3f77-462d-9bc3-6ad428cec3b4","TCGA-GBM.e0dee952-25e8-4977-a318-86d53acc23db.gene_level_copy_number.v36.tsv,TCGA-GBM.b5b0cc2c-72fb-480e-b674-335412275759.ascat3.gene_level_copy_number.v36.tsv,TCGA-GBM.b5b0cc2c-72fb-480e-b674-335412275759.gene_level_copy_number.v36.tsv",3,3
TCGA-06-0168normal,Simple Nucleotide Variation,Masked Somatic Mutation,de358404-0967-4b3c-a13f-4e7ce52395c9,8c1af879-60b5-47ca-a3d2-06fe27e20b56.wxs.aliquot_ensemble_masked.maf,1,1
TCGA-06-0169normal,Copy Number Variation,Gene Level Copy Number,"393a83f2-585f-4e3c-aa73-03a6b8ebda55,04e39836-5351-4fa7-8d47-a3bc70016ea4","TCGA-GBM.078e4ee9-05ec-4da5-b510-449bed8be62c.gene_level_copy_number.v36.tsv,TCGA-GBM.078e4ee9-05ec-4da5-b510-449bed8be62c.ascat3.gene_level_copy_number.v36.tsv",2,2
TCGA-06-0169normal,Simple Nucleotide Variation,Masked Somatic Mutation,549673a1-ffd5-4018-8c3d-1da6cada340e,5ecbb35e-c136-402f-a808-1e2b4386f66c.wxs.aliquot_ensemble_masked.maf,1,1
TCGA-06-0171normal,Copy Number Variation,Gene Level Copy Number,"cf2c215b-c7d6-4483-a41d-215a5f0e4be3,98623c1e-921f-4af4-a093-3fd3380877ab,7b6e60d8-9a99-4ebc-90b0-da87ec15a3c6","TCGA-GBM.3f799bb6-98ea-42dd-b2c4-612185f1cda7.gene_level_copy_number.v36.tsv,TCGA-GBM.3f799bb6-98ea-42dd-b2c4-612185f1cda7.ascat3.gene_level_copy_number.v36.tsv,TCGA-GBM.6c437c25-69bc-42ca-a070-bafdd5b27089.gene_level_copy_number.v36.tsv",3,3
TCGA-06-0171normal,Simple Nucleotide Variation,Masked Somatic Mutation,"af29cb03-921e-40ff-a81b-55f0a0d25ac5,550e98a3-df48-47a7-8e28-d652ba87f796","39d853e5-70b5-4266-93c0-94c9ce73a68e.wxs.aliquot_ensemble_masked.maf,ca020c97-964e-4839-95e8-9a482ddea495.wxs.aliquot_ensemble_masked.maf",2,2
TCGA-06-0173normal,Copy Number Variation,Gene Level Copy Number,"4df9cbb9-70dc-414b-89f1-5e1adeff5f7f,66988a94-8285-4d5e-9df7-2a3199f57f76","TCGA-GBM.1082e494-5cf0-4988-8430-9874a332fe6f.gene_level_copy_number.v36.tsv,TCGA-GBM.1082e494-5cf0-4988-8430-9874a332fe6f.ascat3.gene_level_copy_number.v36.tsv",2,2
TCGA-06-0173normal,Simple Nucleotide Variation,Masked Somatic Mutation,14df9543-c061-4b33-aa2e-280cce4fe511,9a67eddc-6bf5-44c7-b38a-b9a34acb0ee4.wxs.aliquot_ensemble_masked.maf,1,1
TCGA-06-0174normal,Copy Number Variation,Gene Level Copy Number,"93461b96-28dc-4301-9e44-c4ddced11e7d,644299fb-de40-45ca-bcc5-0e40c5f32d46","TCGA-GBM.e56f8684-9fcf-4a36-b508-920be32d8d6b.ascat3.gene_level_copy_number.v36.tsv,TCGA-GBM.e56f8684-9fcf-4a36-b508-920be32d8d6b.gene_level_copy_number.v36.tsv",2,2
TCGA-06-0174normal,Simple Nucleotide Variation,Masked Somatic Mutation,4b53a053-6f6f-4af2-a1ef-24f78cf00bd6,78ebc82e-72cd-4c52-87b8-908e35406689.wxs.aliquot_ensemble_masked.maf,1,1
TCGA-06-0178normal,Copy Number Variation,Gene Level Copy Number,c6d3183c-244c-4174-88e2-dfb2ed7aded2,TCGA-GBM.91553ae1-e549-4e28-9da2-ad0e48e15a31.gene_level_copy_number.v36.tsv,1,1
TCGA-06-0178normal,Simple Nucleotide Variation,Masked Somatic Mutation,27cb5a57-51a6-4bbc-9ef7-166cf2c7e60e,e314e2b2-7e15-48b3-99a5-476b955cfffa.wxs.aliquot_ensemble_masked.maf,1,1
TCGA-06-0184normal,Copy Number Variation,Gene Level Copy Number,"63a6923b-115d-4708-a11a-294a86cc9136,e1103989-8c6c-48ce-b70a-7c55fcd8e8c3","TCGA-GBM.762f368f-acfb-4cdc-bde3-bd4fdd8e0cc7.gene_level_copy_number.v36.tsv,TCGA-GBM.762f368f-acfb-4cdc-bde3-bd4fdd8e0cc7.ascat3.gene_level_copy_number.v36.tsv",2,2
TCGA-06-0184normal,Simple Nucleotide Variation,Masked Somatic Mutation,aabb9bae-83c0-4076-948f-ff5f4631af58,8e665149-e2b4-4ef1-a336-b7062787e704.wxs.aliquot_ensemble_masked.maf,1,1
TCGA-06-0185normal,Copy Number Variation,Gene Level Copy Number,"9eeb214b-7a0c-4c8c-8cab-27aed6a7eb6f,4dfa100a-3e09-40d1-b49d-b2972060dd0b","TCGA-GBM.61931348-d700-4779-81e7-d78d3354bd57.gene_level_copy_number.v36.tsv,TCGA-GBM.61931348-d700-4779-81e7-d78d3354bd57.ascat3.gene_level_copy_number.v36.tsv",2,2
TCGA-06-0185normal,Simple Nucleotide Variation,Masked Somatic Mutation,"3264085f-1be7-4919-bfb2-e41ef256286c,43253774-95e8-4967-983e-6c6500ea219b","74c8bae2-0cad-42c9-bc24-0f5591d45256.wxs.aliquot_ensemble_masked.maf,528ad629-2a3b-4576-a44f-3924ac1891b6.wxs.aliquot_ensemble_masked.maf",2,2
TCGA-06-0187normal,Copy Number Variation,Gene Level Copy Number,"f1898e5a-0bd0-486c-b5a0-4aed9cf14bae,598f949f-8f06-4b83-a23a-6f5fe29cfca6","TCGA-GBM.861111af-24f9-4780-a4ff-fe1568f8c0b8.ascat3.gene_level_copy_number.v36.tsv,TCGA-GBM.861111af-24f9-4780-a4ff-fe1568f8c0b8.gene_level_copy_number.v36.tsv",2,2
TCGA-06-0187normal,Simple Nucleotide Variation,Masked Somatic Mutation,9371b8de-e9b6-4392-b1dd-bc85a5881cb5,a84b6cac-6354-4348-a1f1-fbef306c109c.wxs.aliquot_ensemble_masked.maf,1,1
TCGA-06-0188normal,Copy Number Variation,Gene Level Copy Number,"722c1fbb-69ec-44c4-8c13-547378990c4a,066047c4-c715-4ce2-814a-e25508357c02","TCGA-GBM.ccfa11ea-8a7d-45de-8bae-4005aa4201b0.gene_level_copy_number.v36.tsv,TCGA-GBM.ccfa11ea-8a7d-45de-8bae-4005aa4201b0.ascat3.gene_level_copy_number.v36.tsv",2,2
TCGA-06-0188normal,Simple Nucleotide Variation,Masked Somatic Mutation,"a079e690-4318-4b3e-bf51-7c1d55700dbc,cd827e34-1dc9-4b86-bd2e-6b437db18cdf","5f6f79ac-52fc-45a1-8b8a-da24a18e6e92.wxs.aliquot_ensemble_masked.maf,dd38645a-bec0-4074-bf4c-76ee92336680.wxs.aliquot_ensemble_masked.maf",2,2
TCGA-06-0189normal,Copy Number Variation,Gene Level Copy Number,"15f14e3e-1614-43b5-90ac-316b1bfff9e5,55f91bcc-50ca-4b2a-822d-8120b4eb737f","TCGA-GBM.e7285b0a-d2ea-4ce4-85ca-63abd89e68f0.gene_level_copy_number.v36.tsv,TCGA-GBM.e7285b0a-d2ea-4ce4-85ca-63abd89e68f0.ascat3.gene_level_copy_number.v36.tsv",2,2
TCGA-06-0189normal,Simple Nucleotide Variation,Masked Somatic Mutation,f14d1676-cfce-4c9f-ac3d-c2f9ee305777,d45c1673-81bf-44d3-abfa-d4b74c407a37.wxs.aliquot_ensemble_masked.maf,1,1
TCGA-06-0190normal,Copy Number Variation,Gene Level Copy Number,"e7a16747-6a75-4265-93a9-ef4ddcdb0e25,441841f6-5181-4dab-a704-cf21a0335214,252d074a-ab64-4534-ae01-a93a8b5471c1","TCGA-GBM.1efb5a9c-0988-4e5a-a190-8aa374bade81.gene_level_copy_number.v36.tsv,TCGA-GBM.0b9cb5bd-4252-485c-bd8a-22067d5b5f6a.gene_level_copy_number.v36.tsv,TCGA-GBM.1efb5a9c-0988-4e5a-a190-8aa374bade81.ascat3.gene_level_copy_number.v36.tsv",3,3
TCGA-06-0190normal,Simple Nucleotide Variation,Masked Somatic Mutation,"3dffde20-6af0-47b0-9ff1-dbe52d973174,a5686190-7ff9-421e-abf6-e30c45d38535","a6840004-7510-4282-980d-b7caf95b8c4a.wxs.aliquot_ensemble_masked.maf,f57c8030-3637-443a-9079-97b1758b28d5.wxs.aliquot_ensemble_masked.maf",2,2
TCGA-06-0192normal,Copy Number Variation,Gene Level Copy Number,"563e4b17-bcee-4830-9364-320b65e2642c,93d39f8d-df71-4524-a831-e5e7af707496","TCGA-GBM.dd3ddbb2-2e57-4748-a8c1-fa14c6d89d89.gene_level_copy_number.v36.tsv,TCGA-GBM.dd3ddbb2-2e57-4748-a8c1-fa14c6d89d89.ascat3.gene_level_copy_number.v36.tsv",2,2
TCGA-06-0192normal,Simple Nucleotide Variation,Masked Somatic Mutation,7bb0a596-b16d-4456-8777-5644b9945708,1b1830c8-ab28-48c2-84c9-4ad86495d77d.wxs.aliquot_ensemble_masked.maf,1,1
TCGA-06-0195normal,Copy Number Variation,Gene Level Copy Number,"34cf1186-7ba7-4a40-ac76-c6398e31ef05,a08922d5-8cfc-49e4-bca6-55030856ea49","TCGA-GBM.754043ad-b938-41fc-9a65-4ddf855672f2.gene_level_copy_number.v36.tsv,TCGA-GBM.754043ad-b938-41fc-9a65-4ddf855672f2.ascat3.gene_level_copy_number.v36.tsv",2,2
TCGA-06-0195normal,Simple Nucleotide Variation,Masked Somatic Mutation,c1791fc4-2217-4b61-b9db-9a5881646512,c50d4d2e-d3a5-47bd-a3a6-0bc014eeb588.wxs.aliquot_ensemble_masked.maf,1,1
TCGA-06-0209normal,Copy Number Variation,Gene Level Copy Number,"671c65df-da74-4ac8-9fba-a0e345b48e0c,7ff8c1ab-0f31-4541-8bf3-c19ef6e0b528","TCGA-GBM.b6135ba2-af1f-4da4-aa55-577f1c9f8da4.gene_level_copy_number.v36.tsv,TCGA-GBM.b6135ba2-af1f-4da4-aa55-577f1c9f8da4.ascat3.gene_level_copy_number.v36.tsv",2,2
TCGA-06-0209normal,Simple Nucleotide Variation,Masked Somatic Mutation,d85839ef-a9ff-48f1-b5db-6df4bdff9aa0,9e26e899-c103-4bc2-801e-87ecb8db45ed.wxs.aliquot_ensemble_masked.maf,1,1
TCGA-06-0210normal,Copy Number Variation,Gene Level Copy Number,"518e9892-19dc-4884-be84-e59f18604741,a492121f-3bae-416e-9c99-c8342c50c3be,ae19a70d-181a-48cd-bcc6-0e03851a5e5b,640ada78-2fe8-46ba-aab3-1338cfb09545","TCGA-GBM.9f501dd0-fcc8-403d-b675-1712f1d2bf4e.gene_level_copy_number.v36.tsv,TCGA-GBM.c9d200e4-3f65-4474-b4ba-d1b1d7d1bd43.gene_level_copy_number.v36.tsv,TCGA-GBM.9f501dd0-fcc8-403d-b675-1712f1d2bf4e.ascat3.gene_level_copy_number.v36.tsv,TCGA-GBM.60342871-d60e-4bfa-9f1c-0615095b3462.gene_level_copy_number.v36.tsv",4,4
TCGA-06-0210normal,Simple Nucleotide Variation,Masked Somatic Mutation,"3e46c7ee-20a0-4555-8a69-efa59d673b72,19b1ff0f-51f4-4719-9a05-532424ed9dcf","565f8dbb-2755-4ee1-a44e-6d661b37d405.wxs.aliquot_ensemble_masked.maf,53e6252e-0f66-454b-8094-f232ccf3b940.wxs.aliquot_ensemble_masked.maf",2,2
TCGA-06-0211normal,Copy Number Variation,Gene Level Copy Number,"fa88cb03-b103-480b-af77-80966c894276,0dc53951-aa18-498d-afe8-0dbe070fa6d8,90ea5c51-523c-478b-8fad-341ce20eb5a4,3efc9349-bf69-48c5-9477-e37b07497440","TCGA-GBM.fe44e9e9-11ca-4b4f-8dc7-1106ff7a6f53.gene_level_copy_number.v36.tsv,TCGA-GBM.fe44e9e9-11ca-4b4f-8dc7-1106ff7a6f53.ascat3.gene_level_copy_number.v36.tsv,TCGA-GBM.0c198e87-1f65-402a-bac6-b9b52c5bbd6d.gene_level_copy_number.v36.tsv,TCGA-GBM.cbe94b15-e88b-4a09-973e-2b3d7fa58471.gene_level_copy_number.v36.tsv",4,4
TCGA-06-0211normal,Simple Nucleotide Variation,Masked Somatic Mutation,"aa3557b6-96ee-4e78-8c8d-e1a7d81df44a,14824f7a-b8c6-4f81-9bd9-8068e4e1314d","6cbd00d5-5f3e-4922-a2e4-850711066838.wxs.aliquot_ensemble_masked.maf,5e54a8a3-56ea-4dcf-aa4b-049a7cfd3fba.wxs.aliquot_ensemble_masked.maf",2,2
TCGA-06-0213normal,Copy Number Variation,Gene Level Copy Number,"36a07ab1-8bd0-4465-b070-1e61f62e54a5,acbf60cb-75d6-4298-aedf-b2b3d758ee7d","TCGA-GBM.12817a6f-8ad6-487c-a289-6879c949614f.ascat3.gene_level_copy_number.v36.tsv,TCGA-GBM.12817a6f-8ad6-487c-a289-6879c949614f.gene_level_copy_number.v36.tsv",2,2
TCGA-06-0213normal,Simple Nucleotide Variation,Masked Somatic Mutation,27339583-7def-4e33-a49e-f1fb4708f427,4462da8e-d43a-492b-b9e8-557d4f5fe33c.wxs.aliquot_ensemble_masked.maf,1,1
TCGA-06-0214normal,Copy Number Variation,Gene Level Copy Number,"950a19f3-7184-468c-b26e-369b17344a8b,71636e3e-f486-4691-bb32-fe07095ad405","TCGA-GBM.fafa1029-07fe-45f5-a750-0f2c73858020.gene_level_copy_number.v36.tsv,TCGA-GBM.fafa1029-07fe-45f5-a750-0f2c73858020.ascat3.gene_level_copy_number.v36.tsv",2,2
TCGA-06-0214normal,Simple Nucleotide Variation,Masked Somatic Mutation,c6e42df2-7ffd-46ce-955b-afe46a4f3d02,eaeee353-7cdb-4efb-b741-3239a4e8bd35.wxs.aliquot_ensemble_masked.maf,1,1
TCGA-06-0216normal,Copy Number Variation,Gene Level Copy Number,"43e9ab44-8972-42bb-ac03-cec09c95368c,615d1bb0-c411-4bcf-b122-eefe7a9df3fa,41562074-b5f1-4e76-a377-3aefa25f41ba","TCGA-GBM.2d571c14-98ed-4317-8d73-652bc90355f6.gene_level_copy_number.v36.tsv,TCGA-GBM.2ced273f-845f-4722-8ad6-9aa4fbe6fd22.gene_level_copy_number.v36.tsv,TCGA-GBM.2ced273f-845f-4722-8ad6-9aa4fbe6fd22.ascat3.gene_level_copy_number.v36.tsv",3,3
TCGA-06-0216normal,Simple Nucleotide Variation,Masked Somatic Mutation,d10addf6-d7d0-479a-98c4-0f832fd8f3ab,0f3d5a27-0863-4f48-9d40-30d4290dccba.wxs.aliquot_ensemble_masked.maf,1,1
TCGA-06-0219normal,Copy Number Variation,Gene Level Copy Number,"ba3af097-8fff-47a3-a33e-3236ccaca324,28784a75-3275-4f65-b812-2f33e2e2eed1","TCGA-GBM.25427032-ec79-49e1-833b-0f83409a257f.ascat3.gene_level_copy_number.v36.tsv,TCGA-GBM.25427032-ec79-49e1-833b-0f83409a257f.gene_level_copy_number.v36.tsv",2,2
TCGA-06-0219normal,Simple Nucleotide Variation,Masked Somatic Mutation,f5f3be64-9d6f-46f4-8bcc-fbf79828d223,a1239b29-e4b5-41c3-972f-8faccdf76962.wxs.aliquot_ensemble_masked.maf,1,1
TCGA-06-0221normal,Copy Number Variation,Gene Level Copy Number,"a280ebdb-9ab3-40da-8a92-ccbf226adcd9,226db61d-ff0f-4849-afb8-b6d7070567e2,4c166313-03c7-4710-b6dc-9eb67dbb44cd","TCGA-GBM.2d9aba03-27b7-423c-bdba-b49a443ad2d5.ascat3.gene_level_copy_number.v36.tsv,TCGA-GBM.51bd8ec3-b7a6-4375-a7b0-24d40eb7b141.gene_level_copy_number.v36.tsv,TCGA-GBM.2d9aba03-27b7-423c-bdba-b49a443ad2d5.gene_level_copy_number.v36.tsv",3,3
TCGA-06-0221normal,Simple Nucleotide Variation,Masked Somatic Mutation,"7cff630c-060e-4542-b25e-a0308c0a7ac3,4cc566d5-6edd-4b05-a283-96ba8aebaaf9","a86c8eb7-0b17-44fb-91cc-62082cc77317.wxs.aliquot_ensemble_masked.maf,0ff1d3fb-3960-498b-a10b-439b5c92065a.wxs.aliquot_ensemble_masked.maf",2,2
TCGA-06-0237normal,Copy Number Variation,Gene Level Copy Number,"c592e589-c88b-4933-8832-918ea311ee85,95394ceb-fa40-4cd3-8c79-ff5a7b5e46aa","TCGA-GBM.44406a05-5dac-4ac8-95d0-e8ab122de9b1.ascat3.gene_level_copy_number.v36.tsv,TCGA-GBM.44406a05-5dac-4ac8-95d0-e8ab122de9b1.gene_level_copy_number.v36.tsv",2,2
TCGA-06-0237normal,Simple Nucleotide Variation,Masked Somatic Mutation,e42ccfda-6013-4890-ad94-5c838fb8d211,5a56a437-6b79-4ae8-a5c2-a8eaf8fb6df2.wxs.aliquot_ensemble_masked.maf,1,1
TCGA-06-0238normal,Copy Number Variation,Gene Level Copy Number,"8e987037-6a45-49b2-a1e2-92b4cd0ee6d9,86f3a525-147f-484b-bb4b-5c9b76f1673f","TCGA-GBM.7d4e57d3-9137-4cd3-94ed-e38292849e54.ascat3.gene_level_copy_number.v36.tsv,TCGA-GBM.7d4e57d3-9137-4cd3-94ed-e38292849e54.gene_level_copy_number.v36.tsv",2,2
TCGA-06-0238normal,Simple Nucleotide Variation,Masked Somatic Mutation,c10d784f-5c6d-49c2-ac73-fdc65efbcdb3,694a1727-5352-4975-bc43-4e6f1ca67c2f.wxs.aliquot_ensemble_masked.maf,1,1
TCGA-06-0240normal,Copy Number Variation,Gene Level Copy Number,"1d3c45b8-79c8-4044-9299-fa071bfece7e,56deacf1-60af-40da-8c89-0ef1491e8329","TCGA-GBM.c346254a-fa27-4b93-9b7a-5afc99c75c44.gene_level_copy_number.v36.tsv,TCGA-GBM.c346254a-fa27-4b93-9b7a-5afc99c75c44.ascat3.gene_level_copy_number.v36.tsv",2,2
TCGA-06-0240normal,Simple Nucleotide Variation,Masked Somatic Mutation,1854ea18-b3b5-4142-8161-e89c1e1f0e7d,8eef2f13-dfca-40eb-818d-7e9d9b90194e.wxs.aliquot_ensemble_masked.maf,1,1
TCGA-06-0241normal,Copy Number Variation,Gene Level Copy Number,"175fb4b8-ce04-4969-81bd-ff02807029f7,1a4da8eb-0d45-44ea-8b1e-43f722d6088d","TCGA-GBM.22cb49e7-e2cc-46bb-9586-1f704f8937dc.gene_level_copy_number.v36.tsv,TCGA-GBM.22cb49e7-e2cc-46bb-9586-1f704f8937dc.ascat3.gene_level_copy_number.v36.tsv",2,2
TCGA-06-0241normal,Simple Nucleotide Variation,Masked Somatic Mutation,85395525-14b6-44aa-998d-9f2cbc0797bf,325fc94a-5dbc-40bc-8326-a3211b06f3eb.wxs.aliquot_ensemble_masked.maf,1,1
TCGA-06-0644normal,Copy Number Variation,Gene Level Copy Number,"8a1c78af-aa57-494f-ba1c-27748f649cf8,7216304e-1d22-4ef0-899e-791a72815622","TCGA-GBM.6eda9441-2fda-4587-aa64-0d265f7980f3.ascat3.gene_level_copy_number.v36.tsv,TCGA-GBM.6eda9441-2fda-4587-aa64-0d265f7980f3.gene_level_copy_number.v36.tsv",2,2
TCGA-06-0644normal,Simple Nucleotide Variation,Masked Somatic Mutation,ba239c50-70bd-47fc-9390-fd41c803a5ca,efc254e5-8aa6-4e1c-9f97-9f8602e47709.wxs.aliquot_ensemble_masked.maf,1,1
TCGA-06-0645normal,Copy Number Variation,Gene Level Copy Number,"84ecd100-baf6-4f76-abb3-f86ebce81d6c,d57dd61a-6992-426e-99f8-cabd83ed61c5","TCGA-GBM.f2d37a75-5be6-4af2-9496-2e0cf1208372.ascat3.gene_level_copy_number.v36.tsv,TCGA-GBM.f2d37a75-5be6-4af2-9496-2e0cf1208372.gene_level_copy_number.v36.tsv",2,2
TCGA-06-0645normal,Simple Nucleotide Variation,Masked Somatic Mutation,a9e9f0cd-4bcf-4f78-b4bb-88ec6174295b,fe949df6-3959-478b-8701-158c1c9be519.wxs.aliquot_ensemble_masked.maf,1,1
TCGA-06-0646normal,Copy Number Variation,Gene Level Copy Number,"3ad65538-687f-45ca-b1d3-479997852d9b,d428e708-03d3-443d-a1f6-4c7be6fc3d6d","TCGA-GBM.d3917a27-f132-4830-b277-52666d797169.ascat3.gene_level_copy_number.v36.tsv,TCGA-GBM.d3917a27-f132-4830-b277-52666d797169.gene_level_copy_number.v36.tsv",2,2
TCGA-06-0646normal,Simple Nucleotide Variation,Masked Somatic Mutation,bc444bb7-6254-4a11-9fc0-0b4324020927,c53c79a0-aba9-421b-812d-aeeed15ea445.wxs.aliquot_ensemble_masked.maf,1,1
TCGA-06-0648normal,Copy Number Variation,Gene Level Copy Number,"dfc926f5-7bec-4fb5-9884-61de9aaa6bf7,de835eab-92ca-47d6-873a-0ba1ebaa2cfd","TCGA-GBM.118d5604-532e-462c-a5a2-73f09b60a8d3.gene_level_copy_number.v36.tsv,TCGA-GBM.118d5604-532e-462c-a5a2-73f09b60a8d3.ascat3.gene_level_copy_number.v36.tsv",2,2
TCGA-06-0648normal,Simple Nucleotide Variation,Masked Somatic Mutation,"379d8213-27fa-47d5-a361-c88ea3249220,6a15ce9c-18d5-479f-b0d7-ad313c68741f","ebe00ed2-55ab-4ff4-ad0b-1b2cbf0c5252.wxs.aliquot_ensemble_masked.maf,a89ed8a7-df65-40e5-961c-e59b8d144054.wxs.aliquot_ensemble_masked.maf",2,2
TCGA-06-0649normal,Copy Number Variation,Gene Level Copy Number,"4d6c6d50-9647-4461-b869-3e05694728c0,d09b5dd4-727c-44fe-8688-a4128950283e","TCGA-GBM.66f79983-11db-441d-81df-300abe86815e.ascat3.gene_level_copy_number.v36.tsv,TCGA-GBM.66f79983-11db-441d-81df-300abe86815e.gene_level_copy_number.v36.tsv",2,2
TCGA-06-0649normal,Simple Nucleotide Variation,Masked Somatic Mutation,"cbd4aa41-f366-4093-b6e4-28aea63e83c7,e7c6957d-567c-41e0-a3a2-7d852eabad76","df916a6f-0928-4eca-a9fc-90fb5cb50b44.wxs.aliquot_ensemble_masked.maf,5da4592d-39ae-4138-9896-1fb86c06de24.wxs.aliquot_ensemble_masked.maf",2,2
TCGA-06-0650normal,Copy Number Variation,Gene Level Copy Number,"e1e019b1-8667-44ad-ba8c-b13c58fddeff,3b1fda59-7596-465a-b407-668ac0718c9c","TCGA-GBM.2dbe2127-6557-4872-8c8a-d88d2fad9ad8.ascat3.gene_level_copy_number.v36.tsv,TCGA-GBM.2dbe2127-6557-4872-8c8a-d88d2fad9ad8.gene_level_copy_number.v36.tsv",2,2
TCGA-06-0650normal,Simple Nucleotide Variation,Masked Somatic Mutation,76aba3c0-a81a-4f85-abe9-e02484fdf857,d582bfee-abb6-400c-94ee-1a50b23879b9.wxs.aliquot_ensemble_masked.maf,1,1
TCGA-06-0686normal,Copy Number Variation,Gene Level Copy Number,"fb0c2703-e6e8-4952-a4cb-2c87b359da72,d7b786ec-70f2-4227-b91b-43113cf27e7e","TCGA-GBM.721d99cf-3581-4aab-9e18-90d8ce1a9f2e.ascat3.gene_level_copy_number.v36.tsv,TCGA-GBM.721d99cf-3581-4aab-9e18-90d8ce1a9f2e.gene_level_copy_number.v36.tsv",2,2
TCGA-06-0686normal,Simple Nucleotide Variation,Masked Somatic Mutation,"ba398aa0-52ca-43c4-8ea8-d3774333ef30,300211d2-44ab-4a79-a26f-95f05bf4c1a4","54e523b5-4bb4-434f-84f4-dce4932b793a.wxs.aliquot_ensemble_masked.maf,76f79550-6fb0-4c14-994b-83b59fd94a39.wxs.aliquot_ensemble_masked.maf",2,2
TCGA-06-0743normal,Copy Number Variation,Gene Level Copy Number,"746d5710-e6d9-4db0-8639-89ad3a36a384,cbe596e4-5d6b-4a93-bb52-086518fbbe54","TCGA-GBM.a98b56fc-4d6c-434c-a57b-3d9d2f140851.ascat3.gene_level_copy_number.v36.tsv,TCGA-GBM.a98b56fc-4d6c-434c-a57b-3d9d2f140851.gene_level_copy_number.v36.tsv",2,2
TCGA-06-0743normal,Simple Nucleotide Variation,Masked Somatic Mutation,381258bf-7787-44fa-ae9c-a764e625d768,ad18002f-4246-4d34-b740-b78ddfc2621d.wxs.aliquot_ensemble_masked.maf,1,1
TCGA-06-0744normal,Copy Number Variation,Gene Level Copy Number,"7fb93a0e-aa89-4af7-899c-3b8e365c3f23,8a7cfb01-a1b5-4de8-8d7b-87b0b3895fc3","TCGA-GBM.5fa7db3a-3f55-4a9a-be6e-107849d34fbd.gene_level_copy_number.v36.tsv,TCGA-GBM.5fa7db3a-3f55-4a9a-be6e-107849d34fbd.ascat3.gene_level_copy_number.v36.tsv",2,2
TCGA-06-0744normal,Simple Nucleotide Variation,Masked Somatic Mutation,"b2effc6a-808e-4ed2-8b2d-f768167f24c6,26a5a0b2-cf81-404b-a266-3fcff784336e","9649d137-7ced-4854-99f1-987aacb7596d.wxs.aliquot_ensemble_masked.maf,e954b455-865e-4fb8-9541-1febef61ccd6.wxs.aliquot_ensemble_masked.maf",2,2
TCGA-06-0745normal,Copy Number Variation,Gene Level Copy Number,"ba2f4e31-ddfb-40a4-a2e9-6724837b2816,1d657f7a-57c1-482d-9643-b169c6a54cdb","TCGA-GBM.adbdc0d3-ea14-4715-ab1b-ee59b14efdad.gene_level_copy_number.v36.tsv,TCGA-GBM.adbdc0d3-ea14-4715-ab1b-ee59b14efdad.ascat3.gene_level_copy_number.v36.tsv",2,2
TCGA-06-0745normal,Simple Nucleotide Variation,Masked Somatic Mutation,"5658815c-0a91-42cd-9b3e-b88765db50ed,a06e4fa4-9887-4a0c-acab-99b0aa63794e","13ed09ea-81c3-4cdb-a1fd-965cdca8c6a2.wxs.aliquot_ensemble_masked.maf,fc2d6698-a719-4757-b4c7-ace26ce6fbb3.wxs.aliquot_ensemble_masked.maf",2,2
TCGA-06-0747normal,Copy Number Variation,Gene Level Copy Number,"9b1d3d36-4e09-4338-b346-5d65df133f79,7a0906cc-c79e-4bba-a99a-5780eaf51662","TCGA-GBM.ef0ff50b-1b7d-4229-bca5-089808491f3b.ascat3.gene_level_copy_number.v36.tsv,TCGA-GBM.ef0ff50b-1b7d-4229-bca5-089808491f3b.gene_level_copy_number.v36.tsv",2,2
TCGA-06-0747normal,Simple Nucleotide Variation,Masked Somatic Mutation,"8ba65fea-e5aa-4560-ab7d-d86d25c699fe,3dfcf466-38aa-4c8f-beae-e4eba6cfa4ca","34b329f7-b353-4646-9468-8c045a18e840.wxs.aliquot_ensemble_masked.maf,39394d69-f54d-4f55-8a39-241186d17ff8.wxs.aliquot_ensemble_masked.maf",2,2
TCGA-06-0749normal,Copy Number Variation,Gene Level Copy Number,"95e64a2e-5470-4834-b517-d31492e29339,ccb2139a-104a-4490-9270-c3d2ec2775a8","TCGA-GBM.7a3f9c72-8181-4366-a35d-e52100c414d2.gene_level_copy_number.v36.tsv,TCGA-GBM.7a3f9c72-8181-4366-a35d-e52100c414d2.ascat3.gene_level_copy_number.v36.tsv",2,2
TCGA-06-0749normal,Simple Nucleotide Variation,Masked Somatic Mutation,"e4b23974-99df-4788-bdc3-947dab6b1e19,fd467ad2-3e0e-4ba6-8f52-dccd210ef0f2","42609f45-611a-49ae-85ea-5784ff813e84.wxs.aliquot_ensemble_masked.maf,64d56f67-a022-4e5d-8cfb-19b7cdd7b4dc.wxs.aliquot_ensemble_masked.maf",2,2
TCGA-06-0750normal,Copy Number Variation,Gene Level Copy Number,"5b197187-726a-4a37-8634-e93f8e59c6c6,1630aca1-121a-4372-aa22-30562e93a823","TCGA-GBM.12af3bc3-8621-4b5f-b684-7ca24dc92c61.ascat3.gene_level_copy_number.v36.tsv,TCGA-GBM.12af3bc3-8621-4b5f-b684-7ca24dc92c61.gene_level_copy_number.v36.tsv",2,2
TCGA-06-0750normal,Simple Nucleotide Variation,Masked Somatic Mutation,fe25ecca-4ea3-4aa8-a573-6eade92b5b45,35e51960-83bf-4367-9e8b-21456ae5bb75.wxs.aliquot_ensemble_masked.maf,1,1
TCGA-06-0875normal,Copy Number Variation,Gene Level Copy Number,"79856cb5-9734-461b-bd1d-46982c347f03,2cd716e5-30a0-4436-93b5-96ae5f38cdf2","TCGA-GBM.a82a098a-b2b7-42e5-85ea-fae69ed349b5.gene_level_copy_number.v36.tsv,TCGA-GBM.a82a098a-b2b7-42e5-85ea-fae69ed349b5.ascat3.gene_level_copy_number.v36.tsv",2,2
TCGA-06-0875normal,Simple Nucleotide Variation,Masked Somatic Mutation,"bcf0f482-a35f-45da-be4b-e3773c11c106,1eb430a9-c5ba-43f4-86fa-ff4db1241c85","e3524e49-fcab-492c-a2d5-f7d9d504e25d.wxs.aliquot_ensemble_masked.maf,a000ddde-b333-49d5-91da-0a593dbb57b3.wxs.aliquot_ensemble_masked.maf",2,2
TCGA-06-0876normal,Copy Number Variation,Gene Level Copy Number,"4c0a6aa6-05db-48cd-b738-5adbf9184ecd,ec9d4fa9-7d0a-498a-aa11-a14b24932850","TCGA-GBM.65f3c12a-268a-44a6-8899-3c0a0e67a334.ascat3.gene_level_copy_number.v36.tsv,TCGA-GBM.65f3c12a-268a-44a6-8899-3c0a0e67a334.gene_level_copy_number.v36.tsv",2,2
TCGA-06-0876normal,Simple Nucleotide Variation,Masked Somatic Mutation,"9bcd45ef-9e0f-45ac-af5f-2fdfd4227503,0e160d5a-1896-4bc3-89be-02550078b262","17f6bf94-50ad-4df6-a6c9-17f614440abf.wxs.aliquot_ensemble_masked.maf,7c99dbf5-43a9-4854-83db-fef826e524a0.wxs.aliquot_ensemble_masked.maf",2,2
TCGA-06-0877normal,Copy Number Variation,Gene Level Copy Number,"53cfc46a-b665-4e2f-9b57-f0e7311dae1f,801ccf1e-51c2-427f-9621-88befce09bbe","TCGA-GBM.3bcc850a-56b2-4c8b-8edf-4cb69b79d9a3.gene_level_copy_number.v36.tsv,TCGA-GBM.3bcc850a-56b2-4c8b-8edf-4cb69b79d9a3.ascat3.gene_level_copy_number.v36.tsv",2,2
TCGA-06-0877normal,Simple Nucleotide Variation,Masked Somatic Mutation,"e8b1e3e0-25ce-4403-a7db-dff72f6a0edb,421c309b-8906-4896-9d3c-6fc4aca2cdb6","08090c9b-b719-4dfe-ba0e-b110adbdf61f.wxs.aliquot_ensemble_masked.maf,ad31f4ed-9711-4b14-8972-61b6748477ed.wxs.aliquot_ensemble_masked.maf",2,2
TCGA-06-0878normal,Copy Number Variation,Gene Level Copy Number,"adee9475-e53e-4464-8103-0b6de39a0ee9,5b98e0a9-62a2-4fad-9119-91db46668bde","TCGA-GBM.6a9cf7e0-e9fb-470f-bad6-88787eb27a85.ascat3.gene_level_copy_number.v36.tsv,TCGA-GBM.6a9cf7e0-e9fb-470f-bad6-88787eb27a85.gene_level_copy_number.v36.tsv",2,2
TCGA-06-0878normal,Simple Nucleotide Variation,Masked Somatic Mutation,"52120fe0-d881-4d57-a0d0-904792697462,47fdbeba-e2db-4645-96fc-a344e8b45f60","e81efce4-de1d-4185-a547-00736ec3b8b1.wxs.aliquot_ensemble_masked.maf,10e760f4-da6f-489f-a4aa-5ce3d0bb86a0.wxs.aliquot_ensemble_masked.maf",2,2
TCGA-06-0879normal,Copy Number Variation,Gene Level Copy Number,"92c38798-0047-4a73-9ed9-014060a02988,2c2ad7f2-af9a-42e1-b3a0-b165a47864c0","TCGA-GBM.cbb55613-7289-462c-ad2b-dd2a7b75fd60.ascat3.gene_level_copy_number.v36.tsv,TCGA-GBM.cbb55613-7289-462c-ad2b-dd2a7b75fd60.gene_level_copy_number.v36.tsv",2,2
TCGA-06-0879normal,Simple Nucleotide Variation,Masked Somatic Mutation,"4c74c4aa-bae0-47e8-afc8-7fce4b2ed72b,f2d1c09e-d1f2-4b33-818e-834176663a19","d5f63fb7-7a76-4c0a-87e7-1b8940465a8b.wxs.aliquot_ensemble_masked.maf,85abb305-6fae-451b-9b83-2e982e7da67e.wxs.aliquot_ensemble_masked.maf",2,2
TCGA-06-0881normal,Copy Number Variation,Gene Level Copy Number,"979c8c0b-3611-45c0-b121-018cdd7b2fbc,7f416316-f3cd-4f65-906b-35f454a190cc","TCGA-GBM.e5aeff06-8802-467f-b683-f6fb126a07dd.gene_level_copy_number.v36.tsv,TCGA-GBM.e5aeff06-8802-467f-b683-f6fb126a07dd.ascat3.gene_level_copy_number.v36.tsv",2,2
TCGA-06-0881normal,Simple Nucleotide Variation,Masked Somatic Mutation,"a5d28348-c7cc-4e1c-a7bf-962c328d3d77,00c046a5-b243-4f40-b107-bcd1c07d0918","f0ca7cc8-bccf-4414-9426-a7eb9d6d4dbf.wxs.aliquot_ensemble_masked.maf,6a802887-3108-4770-b657-28f87cd4b991.wxs.aliquot_ensemble_masked.maf",2,2
TCGA-06-0882normal,Copy Number Variation,Gene Level Copy Number,"9de12437-a1c8-4a62-9fdc-991f312b29e7,a4686d39-0785-4657-9fb9-79dab55d9fdc","TCGA-GBM.d53d5213-810f-4e8a-935c-2b77f90730ba.gene_level_copy_number.v36.tsv,TCGA-GBM.d53d5213-810f-4e8a-935c-2b77f90730ba.ascat3.gene_level_copy_number.v36.tsv",2,2
TCGA-06-0882normal,Simple Nucleotide Variation,Masked Somatic Mutation,"443c35d7-e199-49d8-b2f7-2e0e4fc2eb9a,a8b91887-6067-409a-a9c3-f40d84f7a1fb","a46052f7-a926-4c4a-ab3a-200a3a89d21c.wxs.aliquot_ensemble_masked.maf,52843d0a-e9a8-4fdb-a5e2-7c7f69ec5195.wxs.aliquot_ensemble_masked.maf",2,2
TCGA-06-0939normal,Copy Number Variation,Gene Level Copy Number,"add60058-30a6-4eef-8d09-4c285ce2a732,47a225f6-ba09-447e-a1b4-fffc18aac118","TCGA-GBM.f3cae357-fc8f-4fe1-a816-6ac26da60192.gene_level_copy_number.v36.tsv,TCGA-GBM.f3cae357-fc8f-4fe1-a816-6ac26da60192.ascat3.gene_level_copy_number.v36.tsv",2,2
TCGA-06-0939normal,Simple Nucleotide Variation,Masked Somatic Mutation,8336c6af-ead1-487d-b435-a03c975da54e,fe710170-c3b0-4d8e-b68d-f1443e603e98.wxs.aliquot_ensemble_masked.maf,1,1
TCGA-06-1084normal,Copy Number Variation,Gene Level Copy Number,"4bf65925-130b-45d2-a9f1-a10281a322e1,481ebbc8-8a29-4869-9511-0629c3192eca","TCGA-GBM.220d0cfb-5e15-4ecc-9dc3-362c5eef9ebf.ascat3.gene_level_copy_number.v36.tsv,TCGA-GBM.220d0cfb-5e15-4ecc-9dc3-362c5eef9ebf.gene_level_copy_number.v36.tsv",2,2
TCGA-06-1084normal,Simple Nucleotide Variation,Masked Somatic Mutation,c096fc52-ada4-4592-9407-773816340d21,d3e693ab-bfa1-47d3-a016-6607bbcf09d5.wxs.aliquot_ensemble_masked.maf,1,1
TCGA-06-1087normal,Copy Number Variation,Gene Level Copy Number,"f5065f49-5a43-4d2c-8d8d-aa92671c2dc5,8fbf3231-499b-4268-91ea-c0d0768a09f8","TCGA-GBM.c4d21b39-7d27-4f00-8ed7-367f7da0bb38.ascat3.gene_level_copy_number.v36.tsv,TCGA-GBM.c4d21b39-7d27-4f00-8ed7-367f7da0bb38.gene_level_copy_number.v36.tsv",2,2
TCGA-06-1087normal,Simple Nucleotide Variation,Masked Somatic Mutation,7ecedf92-8532-410c-b656-f92a90551c14,7e8b88d5-9b0b-4904-8c1b-1fa269d495b7.wxs.aliquot_ensemble_masked.maf,1,1
TCGA-06-1800normal,Copy Number Variation,Gene Level Copy Number,"b994fc40-447e-410c-bbb9-54fab1d82363,9347499c-b9ba-4b06-8328-f126577bf6c4","TCGA-GBM.0ea9b8c4-7a1a-405d-8336-54b6ee09e68d.gene_level_copy_number.v36.tsv,TCGA-GBM.0ea9b8c4-7a1a-405d-8336-54b6ee09e68d.ascat3.gene_level_copy_number.v36.tsv",2,2
TCGA-06-1800normal,Simple Nucleotide Variation,Masked Somatic Mutation,c21dda6d-51c2-46d7-89f5-016bd8a9d674,853a2bfd-70df-4103-9e05-1ff087c135fc.wxs.aliquot_ensemble_masked.maf,1,1
TCGA-06-1804normal,Copy Number Variation,Gene Level Copy Number,"29ec2a43-6a0d-4077-a4a6-196000a4ed49,4d037d9b-2f28-4d62-9058-70924ec4dc72","TCGA-GBM.6eee5622-5684-43b5-9a59-022be01bbf1a.gene_level_copy_number.v36.tsv,TCGA-GBM.6eee5622-5684-43b5-9a59-022be01bbf1a.ascat3.gene_level_copy_number.v36.tsv",2,2
TCGA-06-1804normal,Simple Nucleotide Variation,Masked Somatic Mutation,3a922b8a-c15a-4623-814a-e54ede09339c,1762f3fa-9cab-427b-b36c-82364dd883c9.wxs.aliquot_ensemble_masked.maf,1,1
TCGA-06-1806normal,Copy Number Variation,Gene Level Copy Number,"29ffaf35-68bc-4de7-862e-738852d5ba5d,78476a5b-322c-4d9c-8ae4-e22dbb3b47e3","TCGA-GBM.961b1c12-53ee-4d7e-bea9-4c89098baa76.gene_level_copy_number.v36.tsv,TCGA-GBM.961b1c12-53ee-4d7e-bea9-4c89098baa76.ascat3.gene_level_copy_number.v36.tsv",2,2
TCGA-06-1806normal,Simple Nucleotide Variation,Masked Somatic Mutation,6e407da3-12c4-4fe6-80cc-d213a72088cb,bba494db-8cf5-4506-8c65-a3bd27e42138.wxs.aliquot_ensemble_masked.maf,1,1
TCGA-06-2557normal,Copy Number Variation,Gene Level Copy Number,"b66f8d41-e279-4177-b7bc-11380c3eddb1,0ef8933b-a2f1-49bf-aaa0-32b71593e306","TCGA-GBM.2bf941cc-b9ef-4f50-9c89-971b0d70b4ea.ascat3.gene_level_copy_number.v36.tsv,TCGA-GBM.2bf941cc-b9ef-4f50-9c89-971b0d70b4ea.gene_level_copy_number.v36.tsv",2,2
TCGA-06-2557normal,Simple Nucleotide Variation,Masked Somatic Mutation,885ab22d-4674-4647-a31d-9501d23d5828,da769343-ce1e-4cbb-9d43-23a0a9666f47.wxs.aliquot_ensemble_masked.maf,1,1
TCGA-06-2558normal,Copy Number Variation,Gene Level Copy Number,"4c7b5c47-f07b-40a0-92fd-9838d36d8762,a1d22624-1b37-4b67-a36a-00c0c193ae64","TCGA-GBM.d1169f3a-8cc0-4cb1-95e7-dbfc6fb20847.ascat3.gene_level_copy_number.v36.tsv,TCGA-GBM.d1169f3a-8cc0-4cb1-95e7-dbfc6fb20847.gene_level_copy_number.v36.tsv",2,2
TCGA-06-2558normal,Simple Nucleotide Variation,Masked Somatic Mutation,"ecb7a505-fa82-41a8-ad31-2b30537152db,bd9365e1-55cb-455e-a23b-7cbabb9e1e52","f4e6467f-c61e-4fb0-bf86-32a34ab3bab8.wxs.aliquot_ensemble_masked.maf,ecdbc1eb-3bf5-4a4e-81ee-b50a9264ea11.wxs.aliquot_ensemble_masked.maf",2,2
TCGA-06-2559normal,Copy Number Variation,Gene Level Copy Number,3bc412c9-b0e8-4075-ba1d-a553e7d4690e,TCGA-GBM.65148ff3-8e73-4ff2-8d64-10a272f84972.gene_level_copy_number.v36.tsv,1,1
TCGA-06-2559normal,Simple Nucleotide Variation,Masked Somatic Mutation,"dc8ff953-cc9f-4971-adcd-4836e8d492bc,4fb5d2c0-4c3b-4f6b-ace9-6fb918623a8e","4de091e4-63a6-4848-b80f-827ab6e5b4d2.wxs.aliquot_ensemble_masked.maf,05f43051-2927-4c29-8070-3a0ec9e47213.wxs.aliquot_ensemble_masked.maf",2,2
TCGA-06-2561normal,Copy Number Variation,Gene Level Copy Number,"1fe96d6e-7d34-477e-aef4-7b74a1b821cd,9956be45-ac1a-4e41-a27d-b4c1f750556d","TCGA-GBM.b5c4a773-58f3-40b3-bb09-0a5dfa5560e2.gene_level_copy_number.v36.tsv,TCGA-GBM.b5c4a773-58f3-40b3-bb09-0a5dfa5560e2.ascat3.gene_level_copy_number.v36.tsv",2,2
TCGA-06-2561normal,Simple Nucleotide Variation,Masked Somatic Mutation,"704eff30-2fa2-4e1d-a547-30558683e9b0,d75c53b6-1182-4c14-ac35-218c79eb71b2","52ed8b19-ffdf-4c7a-8baf-499e1eb6fcf8.wxs.aliquot_ensemble_masked.maf,89983652-1ef2-41cb-977b-65043c9c9132.wxs.aliquot_ensemble_masked.maf",2,2
TCGA-06-2562normal,Copy Number Variation,Gene Level Copy Number,"a801c620-4b1f-4355-a309-807753189dcd,c8ea1f19-477a-432c-a20a-3bd7a439c1e8","TCGA-GBM.a0408d6d-fb26-43be-a196-9203e38eb20e.ascat3.gene_level_copy_number.v36.tsv,TCGA-GBM.a0408d6d-fb26-43be-a196-9203e38eb20e.gene_level_copy_number.v36.tsv",2,2
TCGA-06-2562normal,Simple Nucleotide Variation,Masked Somatic Mutation,"9ef716e0-da13-4464-b552-86067534f62d,ad7776f0-f4c1-4275-abc8-02fb19ff6df6","552f9d7e-e45a-4b8d-981c-d77b42ce630b.wxs.aliquot_ensemble_masked.maf,50445038-cfa2-48a1-8358-d30982bb8ac6.wxs.aliquot_ensemble_masked.maf",2,2
TCGA-06-2563normal,Copy Number Variation,Gene Level Copy Number,"76e5571a-360a-4a8a-b39f-ba99cf1df397,057e3658-3667-4b4c-9e4c-3f152d9d8162","TCGA-GBM.6577d73b-6226-4480-aa89-8f55237c84d1.gene_level_copy_number.v36.tsv,TCGA-GBM.6577d73b-6226-4480-aa89-8f55237c84d1.ascat3.gene_level_copy_number.v36.tsv",2,2
TCGA-06-2563normal,Simple Nucleotide Variation,Masked Somatic Mutation,"cf4c4b30-5a6e-4a6c-9a20-70c44a1b54a4,3b7c651c-4c61-4e55-a2ec-9750b2b8b3ad","f5dc1e69-7912-4785-9aee-5fbe47c2c54c.wxs.aliquot_ensemble_masked.maf,a000a829-d866-446d-bb53-e4094ecac7a1.wxs.aliquot_ensemble_masked.maf",2,2
TCGA-06-2564normal,Copy Number Variation,Gene Level Copy Number,"e88bb65c-1855-4b27-82d9-7da19e89f74e,c9b1f493-1e61-4f2a-9383-e409803f159e","TCGA-GBM.3b78317d-82d8-4350-9a12-6b75ee15f4ef.gene_level_copy_number.v36.tsv,TCGA-GBM.3b78317d-82d8-4350-9a12-6b75ee15f4ef.ascat3.gene_level_copy_number.v36.tsv",2,2
TCGA-06-2564normal,Simple Nucleotide Variation,Masked Somatic Mutation,8620a956-df26-43be-a00a-be75192167b6,bbfacc6d-897c-4dd0-a406-4b30219585a2.wxs.aliquot_ensemble_masked.maf,1,1
TCGA-06-2565normal,Copy Number Variation,Gene Level Copy Number,"a940fb51-b4e1-451f-96e2-d8c7853bf6b6,334082ec-8860-4a5e-9df8-abfa7ac936ff","TCGA-GBM.3f8c61b8-2706-484b-8cc0-a5ece050b8f9.gene_level_copy_number.v36.tsv,TCGA-GBM.3f8c61b8-2706-484b-8cc0-a5ece050b8f9.ascat3.gene_level_copy_number.v36.tsv",2,2
TCGA-06-2565normal,Simple Nucleotide Variation,Masked Somatic Mutation,004897bf-5189-4d09-baa3-d45cdde4985a,d630a395-239a-44cf-bf40-040ed142bbaa.wxs.aliquot_ensemble_masked.maf,1,1
TCGA-06-2567normal,Copy Number Variation,Gene Level Copy Number,"a8f28879-d2d5-4533-9048-d9bee15f8d35,d0716525-4072-47d2-9d0c-5db0c3b3e0cb","TCGA-GBM.63eb9a48-14dd-45be-818e-e88ecd813ebd.gene_level_copy_number.v36.tsv,TCGA-GBM.63eb9a48-14dd-45be-818e-e88ecd813ebd.ascat3.gene_level_copy_number.v36.tsv",2,2
TCGA-06-2567normal,Simple Nucleotide Variation,Masked Somatic Mutation,"2a055c39-d774-46eb-8377-8ebc4d53632c,330520f8-dc9f-43d5-aad1-4268d9aad144","e2ebf499-6ac9-42a3-b2ed-a9fd337b71bf.wxs.aliquot_ensemble_masked.maf,2358d33c-38d7-421d-b8de-ba077d73003a.wxs.aliquot_ensemble_masked.maf",2,2
TCGA-06-2569normal,Copy Number Variation,Gene Level Copy Number,"6124428e-080b-4f0f-913e-fa07867e1d60,a47a6050-6015-4e6c-a1f8-d14aeab9043a","TCGA-GBM.560c402b-06d1-4740-bb16-23dc8d18c9a7.ascat3.gene_level_copy_number.v36.tsv,TCGA-GBM.560c402b-06d1-4740-bb16-23dc8d18c9a7.gene_level_copy_number.v36.tsv",2,2
TCGA-06-2569normal,Simple Nucleotide Variation,Masked Somatic Mutation,"03dfb83a-f803-4380-8681-b3ebc2ffee29,f760d0c4-e490-4c96-aa4f-9b217b2646c8","2b124cc5-eee4-4364-bb85-ac30d9ad9272.wxs.aliquot_ensemble_masked.maf,2082f886-c8ce-4b50-a962-c316db74ff1d.wxs.aliquot_ensemble_masked.maf",2,2
TCGA-06-2570normal,Copy Number Variation,Gene Level Copy Number,"d3363a6e-38f2-4a99-86c1-4ed523aecc27,d6e5d5f8-b643-4d70-ae5c-034e7245de31","TCGA-GBM.bd6c7cd6-9415-4f77-925a-941ddc602cde.gene_level_copy_number.v36.tsv,TCGA-GBM.bd6c7cd6-9415-4f77-925a-941ddc602cde.ascat3.gene_level_copy_number.v36.tsv",2,2
TCGA-06-2570normal,Simple Nucleotide Variation,Masked Somatic Mutation,0c978002-6e44-491b-beaf-f1b87e6c2c1b,d58e28b2-7018-496a-b8f8-97446e57d25d.wxs.aliquot_ensemble_masked.maf,1,1
TCGA-06-5408normal,Copy Number Variation,Gene Level Copy Number,"d19d1797-d43d-4342-b8c7-0eaa69893c9d,6b9dde10-87d5-467c-87f1-e7b399614231","TCGA-GBM.8a43212c-31a9-4a22-b81e-2e75e7f60f37.ascat3.gene_level_copy_number.v36.tsv,TCGA-GBM.8a43212c-31a9-4a22-b81e-2e75e7f60f37.gene_level_copy_number.v36.tsv",2,2
TCGA-06-5408normal,Simple Nucleotide Variation,Masked Somatic Mutation,b25dc783-1dac-420f-b90c-5845e2e3996f,c9113c48-4abd-443d-b154-0035b935a806.wxs.aliquot_ensemble_masked.maf,1,1
TCGA-06-5410normal,Copy Number Variation,Gene Level Copy Number,"510e7534-0f5d-462e-9635-85c6056ebc00,3aedaede-ea23-4086-93b8-de98560f3ac3","TCGA-GBM.f0581e07-c541-406c-b797-cc73e3e429d5.gene_level_copy_number.v36.tsv,TCGA-GBM.f0581e07-c541-406c-b797-cc73e3e429d5.ascat3.gene_level_copy_number.v36.tsv",2,2
TCGA-06-5410normal,Simple Nucleotide Variation,Masked Somatic Mutation,490001eb-233e-4f34-a1a9-85c7f1d2c5b0,677eb0e0-4801-4635-9893-5c4a96ac809b.wxs.aliquot_ensemble_masked.maf,1,1
TCGA-06-5411normal,Copy Number Variation,Gene Level Copy Number,"6035a4b0-127d-4dc4-a2b3-2ee14bbbf810,6292ff3f-4656-4c2e-976f-969f9cbbfd6f","TCGA-GBM.808d2195-34fb-4e65-ae63-3a6b3e65a088.gene_level_copy_number.v36.tsv,TCGA-GBM.808d2195-34fb-4e65-ae63-3a6b3e65a088.ascat3.gene_level_copy_number.v36.tsv",2,2
TCGA-06-5411normal,Simple Nucleotide Variation,Masked Somatic Mutation,63fbb9a5-d153-48d0-8be9-60db3c39e595,15e81798-49f4-4c67-9821-cb06d43ff28e.wxs.aliquot_ensemble_masked.maf,1,1
TCGA-06-5412normal,Copy Number Variation,Gene Level Copy Number,"9bb4dc20-c2d6-4e9a-869e-c6e08cf91bb3,615c76b2-31b0-4cb0-8a4f-d4748359d469","TCGA-GBM.7efb32a5-7517-47c7-914a-a46808be470c.gene_level_copy_number.v36.tsv,TCGA-GBM.7efb32a5-7517-47c7-914a-a46808be470c.ascat3.gene_level_copy_number.v36.tsv",2,2
TCGA-06-5412normal,Simple Nucleotide Variation,Masked Somatic Mutation,c231c1a3-e5e8-4aed-93db-edeb2d563aa3,b65946e4-f4a8-4c8a-b6d3-a78775d2d1a6.wxs.aliquot_ensemble_masked.maf,1,1
TCGA-06-5413normal,Copy Number Variation,Gene Level Copy Number,"6053a535-c579-44e1-a0df-314c9de52017,bc6c1da5-4ee7-4fe1-8c94-b3cc0ae37be9","TCGA-GBM.4a311734-e044-43f1-911d-5d81e793f51d.gene_level_copy_number.v36.tsv,TCGA-GBM.4a311734-e044-43f1-911d-5d81e793f51d.ascat3.gene_level_copy_number.v36.tsv",2,2
TCGA-06-5413normal,Simple Nucleotide Variation,Masked Somatic Mutation,ac6480bd-d570-45a4-8592-fee769363dd6,1374012e-dc3e-4940-a436-93f00388a4f4.wxs.aliquot_ensemble_masked.maf,1,1
TCGA-06-5414normal,Copy Number Variation,Gene Level Copy Number,"5958d7d8-1045-4163-bb1a-99a9e3aea131,515bb2ee-c7cb-478f-bc4e-5db103470730","TCGA-GBM.83eaadd0-3930-4d94-a451-70cff204222c.gene_level_copy_number.v36.tsv,TCGA-GBM.83eaadd0-3930-4d94-a451-70cff204222c.ascat3.gene_level_copy_number.v36.tsv",2,2
TCGA-06-5414normal,Simple Nucleotide Variation,Masked Somatic Mutation,0c36c15e-7a32-4d95-ae89-c35f4392a7d5,3e930349-840b-4beb-b57f-24bfcde13405.wxs.aliquot_ensemble_masked.maf,1,1
TCGA-06-5415normal,Copy Number Variation,Gene Level Copy Number,"a7544266-2ba5-429a-a149-3443a3936d37,4d236428-a3c0-429b-bd51-9180e4f7be71","TCGA-GBM.3258d8a2-37fe-4912-8a43-f54606932a54.ascat3.gene_level_copy_number.v36.tsv,TCGA-GBM.3258d8a2-37fe-4912-8a43-f54606932a54.gene_level_copy_number.v36.tsv",2,2
TCGA-06-5415normal,Simple Nucleotide Variation,Masked Somatic Mutation,14df70c2-824d-4767-8494-6675039f582c,bb038157-4c50-47ec-b88a-856a94a76f44.wxs.aliquot_ensemble_masked.maf,1,1
TCGA-06-5416normal,Copy Number Variation,Gene Level Copy Number,e9a82328-9240-4856-b884-2d1ea0d0802c,TCGA-GBM.9f969372-0fe2-49ab-97c3-df422e3e6b8e.gene_level_copy_number.v36.tsv,1,1
TCGA-06-5416normal,Simple Nucleotide Variation,Masked Somatic Mutation,99c228a0-02df-46f2-a095-68e72e53b159,005aa6b2-3697-44da-9e3b-9a7aec76825b.wxs.aliquot_ensemble_masked.maf,1,1
TCGA-06-5418normal,Copy Number Variation,Gene Level Copy Number,"89c2ce1f-f9aa-4e1b-aefc-94579950818a,a6a9fe88-1676-482a-ba28-d44b46bd2a95","TCGA-GBM.d91f2a16-5d5b-484b-b856-104f69cf1c14.ascat3.gene_level_copy_number.v36.tsv,TCGA-GBM.d91f2a16-5d5b-484b-b856-104f69cf1c14.gene_level_copy_number.v36.tsv",2,2
TCGA-06-5418normal,Simple Nucleotide Variation,Masked Somatic Mutation,f40cccd7-de14-4295-86b7-aa8a318b0bbd,63225325-ab95-4e07-a2d7-9a03918a302c.wxs.aliquot_ensemble_masked.maf,1,1
TCGA-06-5856normal,Copy Number Variation,Gene Level Copy Number,"bc731a90-c6ee-4ec2-a4cd-a12025bee473,81c3f23c-5e46-49e6-9bba-407d036bde21","TCGA-GBM.9b33fb06-ec26-4b0b-b393-8013a3efe0d7.ascat3.gene_level_copy_number.v36.tsv,TCGA-GBM.9b33fb06-ec26-4b0b-b393-8013a3efe0d7.gene_level_copy_number.v36.tsv",2,2
TCGA-06-5856normal,Simple Nucleotide Variation,Masked Somatic Mutation,77386e4e-8e68-4074-b043-3f083522e990,bdd7855a-c371-41e6-a609-df0a2429ad94.wxs.aliquot_ensemble_masked.maf,1,1
TCGA-06-5858normal,Copy Number Variation,Gene Level Copy Number,"4e87bf94-e82e-43a4-9d05-d144773f88dd,461e7e22-60da-499b-b4fe-c2f100bb9b0b","TCGA-GBM.6998e64a-2339-471b-b3dc-c726c86afc32.gene_level_copy_number.v36.tsv,TCGA-GBM.6998e64a-2339-471b-b3dc-c726c86afc32.ascat3.gene_level_copy_number.v36.tsv",2,2
TCGA-06-5858normal,Simple Nucleotide Variation,Masked Somatic Mutation,a7280605-858e-4595-82db-e7508d9a8f57,780904e4-194a-49b7-bdfc-3ab991768af9.wxs.aliquot_ensemble_masked.maf,1,1
TCGA-06-5859normal,Copy Number Variation,Gene Level Copy Number,"027e8e66-95a6-423d-bb17-a9400871cb94,daed37d2-8a13-43a6-a362-2b360df6916c","TCGA-GBM.8ef48641-8380-4e27-8128-16366228cf07.ascat3.gene_level_copy_number.v36.tsv,TCGA-GBM.8ef48641-8380-4e27-8128-16366228cf07.gene_level_copy_number.v36.tsv",2,2
TCGA-06-5859normal,Simple Nucleotide Variation,Masked Somatic Mutation,06dd167b-3334-453e-a63f-dcd0f2c2e22a,537fd586-8e22-4980-a94a-c72912bba108.wxs.aliquot_ensemble_masked.maf,1,1
TCGA-06-6388normal,Copy Number Variation,Gene Level Copy Number,"d3f6cd22-c619-46b0-98c9-d0afdecc115a,b30c9531-5f6d-4d20-b1fb-8f62d41eb187","TCGA-GBM.8d35170d-047a-453a-a424-ad35c8feed7a.gene_level_copy_number.v36.tsv,TCGA-GBM.8d35170d-047a-453a-a424-ad35c8feed7a.ascat3.gene_level_copy_number.v36.tsv",2,2
TCGA-06-6388normal,Simple Nucleotide Variation,Masked Somatic Mutation,7a94d2da-c8fd-483a-a1d3-4887eee51f40,0a00b5bc-7d64-4eda-a1a4-751c0ff0c80f.wxs.aliquot_ensemble_masked.maf,1,1
TCGA-06-6389normal,Copy Number Variation,Gene Level Copy Number,"313f861d-40cd-434c-abd0-900771261b86,76a74047-b74f-4201-8f1c-d100631a138a","TCGA-GBM.94e68e9e-34a1-48ba-b8f3-36b962508f15.gene_level_copy_number.v36.tsv,TCGA-GBM.94e68e9e-34a1-48ba-b8f3-36b962508f15.ascat3.gene_level_copy_number.v36.tsv",2,2
TCGA-06-6389normal,Simple Nucleotide Variation,Masked Somatic Mutation,aaa65ead-b512-4aab-b69a-64c904603c96,6d2cb4a2-ead1-4e99-9e9f-5f47a41cf8d0.wxs.aliquot_ensemble_masked.maf,1,1
TCGA-06-6390normal,Copy Number Variation,Gene Level Copy Number,0d903f13-27f7-42db-a136-73d183491c58,TCGA-GBM.006c80c2-0273-42ab-8849-60700f462efc.gene_level_copy_number.v36.tsv,1,1
TCGA-06-6390normal,Simple Nucleotide Variation,Masked Somatic Mutation,d9530104-a89a-48ea-8e46-7d3b8fe40a12,12fb7f02-ce1a-45ad-8f5d-a732ab066033.wxs.aliquot_ensemble_masked.maf,1,1
TCGA-06-6391normal,Copy Number Variation,Gene Level Copy Number,"7dc37edd-d31b-4a44-bcdf-17d0ddb7f506,5d41a39e-a11a-4418-a242-ab6eb6cc8405","TCGA-GBM.a7da5da7-e522-420c-bda5-d323582d50bf.ascat3.gene_level_copy_number.v36.tsv,TCGA-GBM.a7da5da7-e522-420c-bda5-d323582d50bf.gene_level_copy_number.v36.tsv",2,2
TCGA-06-6391normal,Simple Nucleotide Variation,Masked Somatic Mutation,bf84ce29-6631-43bc-979b-426350d89d95,a29198ce-53af-40cd-ae47-3033c8786c5b.wxs.aliquot_ensemble_masked.maf,1,1
TCGA-06-6693normal,Copy Number Variation,Gene Level Copy Number,"dec895d5-a86c-4304-b9cd-c68f3b4c1390,12b49303-e3b0-4eed-b4ed-b0775166f0b9","TCGA-GBM.120f4228-974c-469b-b3a3-4ee552ad55c1.ascat3.gene_level_copy_number.v36.tsv,TCGA-GBM.120f4228-974c-469b-b3a3-4ee552ad55c1.gene_level_copy_number.v36.tsv",2,2
TCGA-06-6693normal,Simple Nucleotide Variation,Masked Somatic Mutation,b376b8c8-e62a-48e6-b943-090e3610c14a,d40780f4-e1bd-46a5-ba6d-785d608db001.wxs.aliquot_ensemble_masked.maf,1,1
TCGA-06-6694normal,Copy Number Variation,Gene Level Copy Number,"a71baed4-8dd0-408a-970c-2f89c08dffc6,fa10b619-2512-4198-a256-8b2332dba994","TCGA-GBM.82dc7459-ca8d-46cd-acbc-db869e310b42.ascat3.gene_level_copy_number.v36.tsv,TCGA-GBM.82dc7459-ca8d-46cd-acbc-db869e310b42.gene_level_copy_number.v36.tsv",2,2
TCGA-06-6694normal,Simple Nucleotide Variation,Masked Somatic Mutation,6727a27f-b9fd-4c23-848c-23acd50c9724,cc4380fa-db4c-4c49-9de9-dfeacdbea97b.wxs.aliquot_ensemble_masked.maf,1,1
TCGA-06-6695normal,Copy Number Variation,Gene Level Copy Number,"fa03146e-2154-49a9-8ddd-7e7e64b2e1f0,0b2d1a57-dbab-438d-a4d4-97670bc78d1b","TCGA-GBM.7ec6b61d-88c1-4453-816b-99c754a9559c.gene_level_copy_number.v36.tsv,TCGA-GBM.7ec6b61d-88c1-4453-816b-99c754a9559c.ascat3.gene_level_copy_number.v36.tsv",2,2
TCGA-06-6695normal,Simple Nucleotide Variation,Masked Somatic Mutation,7087c9cf-3f02-4823-b7fe-f40e5ae84cad,f92233b1-2987-4ab2-b5f9-b180abfbd02c.wxs.aliquot_ensemble_masked.maf,1,1
TCGA-06-6697normal,Copy Number Variation,Gene Level Copy Number,"252db717-3188-4797-9db4-feb333f15ebd,b3944123-c03e-4964-9bb6-94c155ac663f","TCGA-GBM.2c8a0e1e-bfd9-473f-acfd-8e72f82c87cb.ascat3.gene_level_copy_number.v36.tsv,TCGA-GBM.2c8a0e1e-bfd9-473f-acfd-8e72f82c87cb.gene_level_copy_number.v36.tsv",2,2
TCGA-06-6697normal,Simple Nucleotide Variation,Masked Somatic Mutation,0d8a690c-503b-4db2-9c6d-129a12001917,11f40b02-24b1-4548-98c7-32d19172d7a4.wxs.aliquot_ensemble_masked.maf,1,1
TCGA-06-6698normal,Copy Number Variation,Gene Level Copy Number,"626b95e5-7626-490c-8c59-137d3dfb41e5,12cd01e8-736b-490f-9c56-9c9ef40f1b91","TCGA-GBM.852ee8bd-f348-4a5f-8f3d-ae1410259e96.ascat3.gene_level_copy_number.v36.tsv,TCGA-GBM.852ee8bd-f348-4a5f-8f3d-ae1410259e96.gene_level_copy_number.v36.tsv",2,2
TCGA-06-6698normal,Simple Nucleotide Variation,Masked Somatic Mutation,690a5936-5f30-48b6-b9c9-6e192aa414d7,aa084e77-150b-43eb-b71e-bce4e16970c3.wxs.aliquot_ensemble_masked.maf,1,1
TCGA-06-6699normal,Copy Number Variation,Gene Level Copy Number,"1e5a9a94-1883-4b03-8308-306fc6105865,7bce51a0-5e23-4b1c-8917-68c2373effc5","TCGA-GBM.845ecc1e-d7f6-444d-88b7-5eef9930fe89.gene_level_copy_number.v36.tsv,TCGA-GBM.845ecc1e-d7f6-444d-88b7-5eef9930fe89.ascat3.gene_level_copy_number.v36.tsv",2,2
TCGA-06-6699normal,Simple Nucleotide Variation,Masked Somatic Mutation,808c2c8e-3355-4738-8904-d8b83be771cb,6bad1338-89ac-406d-837d-2fde1514bde5.wxs.aliquot_ensemble_masked.maf,1,1
TCGA-06-6700normal,Copy Number Variation,Gene Level Copy Number,"1bb15bd1-3b86-4235-a9fe-afa188f3217c,72a52446-e1f9-4716-8f40-c51009206847","TCGA-GBM.95a4bb76-7d13-4494-bba1-5f020638ab97.ascat3.gene_level_copy_number.v36.tsv,TCGA-GBM.95a4bb76-7d13-4494-bba1-5f020638ab97.gene_level_copy_number.v36.tsv",2,2
TCGA-06-6700normal,Simple Nucleotide Variation,Masked Somatic Mutation,dc8ee3a4-493b-482b-84a1-7ca4d592a4c7,5164e8bf-589f-40fa-a34e-bc4b80af9ee8.wxs.aliquot_ensemble_masked.maf,1,1
TCGA-06-6701normal,Copy Number Variation,Gene Level Copy Number,"c86b10ae-c4e5-4290-a99d-b93fb5b4e793,9ccd6821-954a-4f18-9106-d854fed8a090","TCGA-GBM.ad58bf02-4ecf-4c48-8453-ff02c1da5428.gene_level_copy_number.v36.tsv,TCGA-GBM.ad58bf02-4ecf-4c48-8453-ff02c1da5428.ascat3.gene_level_copy_number.v36.tsv",2,2
TCGA-06-6701normal,Simple Nucleotide Variation,Masked Somatic Mutation,8dc78176-3091-4ff9-84df-437a0197b342,6f07e8fb-6e38-442e-9334-1723d1010cc1.wxs.aliquot_ensemble_masked.maf,1,1
TCGA-06-A5U0normal,Copy Number Variation,Gene Level Copy Number,"8151b4c7-9b12-4a23-b6c4-97dd439f30b5,291221c8-4a1e-431e-ac71-c767370a328a,f13f3b9d-61a4-4bc8-85e2-a72a4b679ccd","18e52244-aa71-40d3-aff6-e1511eda5182.wgs.ASCAT.gene_level.copy_number_variation.tsv,TCGA-GBM.de4ba7b7-3d8b-4d4f-8551-19667b80e65d.gene_level_copy_number.v36.tsv,TCGA-GBM.de4ba7b7-3d8b-4d4f-8551-19667b80e65d.ascat3.gene_level_copy_number.v36.tsv",3,3
TCGA-06-A5U0normal,Simple Nucleotide Variation,Masked Somatic Mutation,1ab603d6-2f35-40c1-97db-6203398dfcda,3fc253c9-b0f6-4daa-adfd-3ffcadc31663.wxs.aliquot_ensemble_masked.maf,1,1
TCGA-06-A5U1normal,Copy Number Variation,Gene Level Copy Number,"b1460b7c-45d9-417e-9dc1-fe21610632f7,a6966776-62a2-47da-8a66-42082bdfe70a","TCGA-GBM.7e29d71a-059d-466d-9299-049013151936.ascat3.gene_level_copy_number.v36.tsv,TCGA-GBM.7e29d71a-059d-466d-9299-049013151936.gene_level_copy_number.v36.tsv",2,2
TCGA-06-A5U1normal,Simple Nucleotide Variation,Masked Somatic Mutation,1a007aab-6c65-4cbc-8ffb-9385e91a4e78,cf3c4984-1429-4b37-9c47-8d8b9b9833fa.wxs.aliquot_ensemble_masked.maf,1,1
TCGA-06-A6S0normal,Copy Number Variation,Gene Level Copy Number,"fe9b1782-8135-43bf-a987-8c02e6a3fefb,0f563426-6266-442f-9f70-803afd1e7675,924f8013-9f0f-41f5-8bd5-7304d1504b44","572a7e09-ee01-4014-8235-8d72869dccd3.wgs.ASCAT.gene_level.copy_number_variation.tsv,TCGA-GBM.bda45f39-9056-4566-9e57-014729dee067.ascat3.gene_level_copy_number.v36.tsv,TCGA-GBM.bda45f39-9056-4566-9e57-014729dee067.gene_level_copy_number.v36.tsv",3,3
TCGA-06-A6S0normal,Simple Nucleotide Variation,Masked Somatic Mutation,0d260c80-8a19-4d48-8ee1-6a4fb233d3bf,8725ba77-fa5e-4341-96e6-b50e95c238b6.wxs.aliquot_ensemble_masked.maf,1,1
TCGA-06-A6S1normal,Copy Number Variation,Gene Level Copy Number,"85954558-cf17-4d00-b42e-b256921bf799,07e1d08f-56f6-4156-b695-3e0ce7d017c8,50a3a064-81eb-4c08-a97d-4c1dc1fc6989","3a6d4aa9-73b9-41ad-bfea-6e9da971bc60.wgs.ASCAT.gene_level.copy_number_variation.tsv,TCGA-GBM.45fb5ee9-255f-44f8-a710-1fa817292437.gene_level_copy_number.v36.tsv,TCGA-GBM.45fb5ee9-255f-44f8-a710-1fa817292437.ascat3.gene_level_copy_number.v36.tsv",3,3
TCGA-06-A6S1normal,Simple Nucleotide Variation,Masked Somatic Mutation,ac305450-994f-47e3-9196-341b3e8f21f3,78c8365a-94d2-4101-96fa-beb6a6fd44d9.wxs.aliquot_ensemble_masked.maf,1,1
TCGA-06-A7TKnormal,Copy Number Variation,Gene Level Copy Number,"06f692f0-ca04-42c6-91d9-909484823e37,d7709b02-47ae-4bdd-9bff-c0d2962632f7,c9171f49-f7d0-4b72-ad78-bc02ba3ae844","TCGA-GBM.e5e96553-a283-4ed0-b2ba-f7d1e366cd21.ascat3.gene_level_copy_number.v36.tsv,TCGA-GBM.e5e96553-a283-4ed0-b2ba-f7d1e366cd21.gene_level_copy_number.v36.tsv,43a32828-ab7b-4f89-a469-ca4425cf2f0d.wgs.ASCAT.gene_level.copy_number_variation.tsv",3,3
TCGA-06-A7TKnormal,Simple Nucleotide Variation,Masked Somatic Mutation,beef6d8f-5519-4002-9159-b17977a383e6,4890e0af-0189-4ec4-aaf0-cf302fe1776f.wxs.aliquot_ensemble_masked.maf,1,1
TCGA-06-A7TLnormal,Copy Number Variation,Gene Level Copy Number,"f34e4374-caf2-4322-b9e1-6d87b6262273,9b8d9a6b-f76d-476d-af84-58ccf885d12b,d500d631-4630-4593-ac56-99e597a52ce9","64a8c15b-4e5c-46e5-9a0c-ec088679b385.wgs.ASCAT.gene_level.copy_number_variation.tsv,TCGA-GBM.a8684221-6b51-4221-a122-2ebcc553bbe3.ascat3.gene_level_copy_number.v36.tsv,TCGA-GBM.a8684221-6b51-4221-a122-2ebcc553bbe3.gene_level_copy_number.v36.tsv",3,3
TCGA-06-A7TLnormal,Simple Nucleotide Variation,Masked Somatic Mutation,00a6589b-6c02-4b41-b363-fb5e7151675b,ab07fdf2-e02f-4e37-a0d6-0c42813c3a92.wxs.aliquot_ensemble_masked.maf,1,1
TCGA-08-0386normal,Copy Number Variation,Gene Level Copy Number,"76380d9b-ec54-45a7-829a-90d40c6a185f,371e62b3-f743-418e-b196-b5aecaed5220","TCGA-GBM.6236fcb5-2ecf-436c-9014-666a327ec5dc.ascat3.gene_level_copy_number.v36.tsv,TCGA-GBM.6236fcb5-2ecf-436c-9014-666a327ec5dc.gene_level_copy_number.v36.tsv",2,2
TCGA-08-0386normal,Simple Nucleotide Variation,Masked Somatic Mutation,687c664e-9f6c-42e3-98c3-12d9010675bd,9d96351e-1c5c-45a5-b89e-7e4a24d9f4a6.wxs.aliquot_ensemble_masked.maf,1,1
TCGA-12-0615normal,Copy Number Variation,Gene Level Copy Number,"6b24a880-36eb-4f73-8039-ebfc411b185d,8c0e9b36-525e-4a3a-b352-396f00c9f9a9","TCGA-GBM.c01e3e46-ab76-4194-9244-f1108580bfb1.ascat3.gene_level_copy_number.v36.tsv,TCGA-GBM.c01e3e46-ab76-4194-9244-f1108580bfb1.gene_level_copy_number.v36.tsv",2,2
TCGA-12-0615normal,Simple Nucleotide Variation,Masked Somatic Mutation,3b3fe35e-dca3-4690-bb70-e26e15bf4b42,74a73709-c7a7-4bed-8cb6-473bf5b33dd3.wxs.aliquot_ensemble_masked.maf,1,1
TCGA-12-0616normal,Copy Number Variation,Gene Level Copy Number,"f6526656-616f-4c27-9c3e-a81e7017a647,525c180c-6eb3-4b62-b491-363a2f22924f","TCGA-GBM.c515d71e-b01b-425c-b305-a285e75acdd1.ascat3.gene_level_copy_number.v36.tsv,TCGA-GBM.c515d71e-b01b-425c-b305-a285e75acdd1.gene_level_copy_number.v36.tsv",2,2
TCGA-12-0616normal,Simple Nucleotide Variation,Masked Somatic Mutation,646aef9e-a618-43e7-8b1e-277cda66efac,d0d2a386-804a-4080-a911-fc642c19b5e9.wxs.aliquot_ensemble_masked.maf,1,1
TCGA-12-0618normal,Copy Number Variation,Gene Level Copy Number,"89f57250-9605-4cbb-b064-dce7c3164617,9f419384-f9cf-4a5f-b76f-6f82d9f4a55d","TCGA-GBM.7257b8e3-63ec-4c3c-9b18-ffcdab69f590.ascat3.gene_level_copy_number.v36.tsv,TCGA-GBM.7257b8e3-63ec-4c3c-9b18-ffcdab69f590.gene_level_copy_number.v36.tsv",2,2
TCGA-12-0618normal,Simple Nucleotide Variation,Masked Somatic Mutation,13977324-1ded-4b06-8b6f-5605742d8d8d,1f93d367-b004-47de-884c-b093cc01b0b0.wxs.aliquot_ensemble_masked.maf,1,1
TCGA-12-0619normal,Copy Number Variation,Gene Level Copy Number,"cc15fb7a-184e-4345-b167-60cb72cc2e49,30cc06cc-ea7c-4d2c-80f8-1917d8786397","TCGA-GBM.f441d306-880e-4de6-9b83-6286307192f8.gene_level_copy_number.v36.tsv,TCGA-GBM.f441d306-880e-4de6-9b83-6286307192f8.ascat3.gene_level_copy_number.v36.tsv",2,2
TCGA-12-0619normal,Simple Nucleotide Variation,Masked Somatic Mutation,bd9988c2-3c4a-4601-89c8-2f4202663841,78e2ebfe-df9e-41f4-9daf-c9a60a14711b.wxs.aliquot_ensemble_masked.maf,1,1
TCGA-12-0656normal,Copy Number Variation,Gene Level Copy Number,"6b59cb84-da47-4e8e-8e0a-f65e963e5227,b69dee5e-857f-45c3-9749-4805729a7012","TCGA-GBM.1f03c64c-39a7-44cc-9374-2bf4b27be96c.ascat3.gene_level_copy_number.v36.tsv,TCGA-GBM.1f03c64c-39a7-44cc-9374-2bf4b27be96c.gene_level_copy_number.v36.tsv",2,2
TCGA-12-0656normal,Simple Nucleotide Variation,Masked Somatic Mutation,3b47c841-0c15-4866-9c88-7935b4768f29,66edd7da-0972-4580-a7c3-a002dde74a8d.wxs.aliquot_ensemble_masked.maf,1,1
TCGA-12-0657normal,Copy Number Variation,Gene Level Copy Number,"0a7f8d00-8936-4d16-b6c7-8b4f474f3614,6b27aece-b420-41d9-92f1-bc92727952d8","TCGA-GBM.a5270db8-cbd1-4a0c-8095-6830caa83c69.gene_level_copy_number.v36.tsv,TCGA-GBM.a5270db8-cbd1-4a0c-8095-6830caa83c69.ascat3.gene_level_copy_number.v36.tsv",2,2
TCGA-12-0657normal,Simple Nucleotide Variation,Masked Somatic Mutation,b730dd94-2a2d-4fef-9bf7-d3ee4b5c2003,fa573ece-2492-496a-9364-665cb2090774.wxs.aliquot_ensemble_masked.maf,1,1
TCGA-12-0662normal,Copy Number Variation,Gene Level Copy Number,"5e3bf4c6-5fcf-4d4e-9628-1630c02c048c,44a1a009-adc4-4309-81a7-43f0ce609a5a","TCGA-GBM.815c45fc-890c-4371-af08-64b91337cb0d.ascat3.gene_level_copy_number.v36.tsv,TCGA-GBM.815c45fc-890c-4371-af08-64b91337cb0d.gene_level_copy_number.v36.tsv",2,2
TCGA-12-0662normal,Simple Nucleotide Variation,Masked Somatic Mutation,6169a6ba-4f56-427e-845b-b3ced5ae150d,a5ec3704-fb9d-48fb-9ba0-22e502771174.wxs.aliquot_ensemble_masked.maf,1,1
TCGA-12-0670normal,Copy Number Variation,Gene Level Copy Number,"0f7822b9-b604-47d0-83cc-cdab4e5022c3,dae6e75d-df4b-46ed-8962-52f69f309df5","TCGA-GBM.ca05c33d-4e8c-4d30-bec8-257ba0b34386.ascat3.gene_level_copy_number.v36.tsv,TCGA-GBM.ca05c33d-4e8c-4d30-bec8-257ba0b34386.gene_level_copy_number.v36.tsv",2,2
TCGA-12-0670normal,Simple Nucleotide Variation,Masked Somatic Mutation,b4896a6c-3156-4948-bed8-68df6efb4120,73947d23-db66-41cd-9c98-9335e8a94b96.wxs.aliquot_ensemble_masked.maf,1,1
TCGA-12-0688normal,Copy Number Variation,Gene Level Copy Number,"e8c7c8ab-480d-4434-82d7-ac6dd6b43d07,6c9177da-5182-4030-9de6-7d16659fec3d","TCGA-GBM.6b22a1d2-a43d-4a4d-8ee8-2778bd775ca0.gene_level_copy_number.v36.tsv,TCGA-GBM.6b22a1d2-a43d-4a4d-8ee8-2778bd775ca0.ascat3.gene_level_copy_number.v36.tsv",2,2
TCGA-12-0688normal,Simple Nucleotide Variation,Masked Somatic Mutation,010427c5-94f5-4ba9-a77b-a480823733bd,93c90f82-4ce3-4191-91dd-6a67261a253b.wxs.aliquot_ensemble_masked.maf,1,1
TCGA-12-0691normal,Copy Number Variation,Gene Level Copy Number,"0c9450c0-8161-4368-9852-6be11d51392f,1e209a1e-ae66-4dd4-b74c-b11e558c3c26","TCGA-GBM.188e4640-6c14-4730-b4b6-3c15fd1e9dbe.ascat3.gene_level_copy_number.v36.tsv,TCGA-GBM.188e4640-6c14-4730-b4b6-3c15fd1e9dbe.gene_level_copy_number.v36.tsv",2,2
TCGA-12-0691normal,Simple Nucleotide Variation,Masked Somatic Mutation,3a9008c6-a4f6-4893-9c12-3d798a1a0d27,2ea013e4-7629-43c3-ae0c-51f4416280ab.wxs.aliquot_ensemble_masked.maf,1,1
TCGA-12-0692normal,Copy Number Variation,Gene Level Copy Number,"8e5ea90f-7c85-4b96-99b8-efa9b2f3245c,22c39686-2d75-4dd3-9815-cb1dfacf88f6","TCGA-GBM.f5245bc0-1b48-4b19-879e-69971f8b0745.gene_level_copy_number.v36.tsv,TCGA-GBM.f5245bc0-1b48-4b19-879e-69971f8b0745.ascat3.gene_level_copy_number.v36.tsv",2,2
TCGA-12-0692normal,Simple Nucleotide Variation,Masked Somatic Mutation,"f2c2e294-b401-44dc-8e4a-cb5294320a02,cbb82ca3-8ba5-4d07-b99f-218ab36ac16f","727bb55b-9f33-443c-94d7-f11494ff6f76.wxs.aliquot_ensemble_masked.maf,9095a8e7-7abf-40a0-9608-ffe2d80c532d.wxs.aliquot_ensemble_masked.maf",2,2
TCGA-12-0707normal,Copy Number Variation,Gene Level Copy Number,"33f98153-142f-42da-a30d-aac7366061c8,a8075b00-8c58-4b86-988c-01e2cb21bd7e","TCGA-GBM.d4c482c1-cd23-41c2-8899-79ea1085b30f.gene_level_copy_number.v36.tsv,TCGA-GBM.d4c482c1-cd23-41c2-8899-79ea1085b30f.ascat3.gene_level_copy_number.v36.tsv",2,2
TCGA-12-0707normal,Simple Nucleotide Variation,Masked Somatic Mutation,c70b1e23-66db-46d3-9c94-33cf2acfbb5c,37d8ed32-ecbc-4c13-badb-75643f6ddf21.wxs.aliquot_ensemble_masked.maf,1,1
TCGA-12-0773normal,Copy Number Variation,Gene Level Copy Number,"09e60c94-1864-417b-b0e4-d4ec8a024b96,3f8e0705-de3b-419a-a258-47df1312d3ce","TCGA-GBM.23d84686-9d9e-497f-8822-e56bd5a6dbec.ascat3.gene_level_copy_number.v36.tsv,TCGA-GBM.23d84686-9d9e-497f-8822-e56bd5a6dbec.gene_level_copy_number.v36.tsv",2,2
TCGA-12-0773normal,Simple Nucleotide Variation,Masked Somatic Mutation,22c8a8fd-ea19-4021-abd0-892391e3c70d,f9021a1b-0383-424f-bb7d-07ca4e4cdc00.wxs.aliquot_ensemble_masked.maf,1,1
TCGA-12-0775normal,Copy Number Variation,Gene Level Copy Number,"3f0adf5d-9573-4f25-9046-4374332b13c2,f69dc2bb-0f87-4ef2-ac4a-1da906e7c167","TCGA-GBM.8cb37e28-e22d-4617-9beb-0e269efdaf93.gene_level_copy_number.v36.tsv,TCGA-GBM.8cb37e28-e22d-4617-9beb-0e269efdaf93.ascat3.gene_level_copy_number.v36.tsv",2,2
TCGA-12-0775normal,Simple Nucleotide Variation,Masked Somatic Mutation,ad893105-43cd-4ae8-bf96-4597e2eb1922,65a8c7e5-a159-410a-91f6-77568bb47908.wxs.aliquot_ensemble_masked.maf,1,1
TCGA-12-0818normal,Copy Number Variation,Gene Level Copy Number,"b2201229-7db9-4fd1-b8e7-0431bdfb1b49,b88b3d10-8c82-41e1-bd1f-00068d84c0fd","TCGA-GBM.7f4d3e93-865b-40a9-8120-5656aa0178b7.ascat3.gene_level_copy_number.v36.tsv,TCGA-GBM.7f4d3e93-865b-40a9-8120-5656aa0178b7.gene_level_copy_number.v36.tsv",2,2
TCGA-12-0818normal,Simple Nucleotide Variation,Masked Somatic Mutation,6b5d4411-63ed-42dd-95fa-cd55b7c168ce,bf329ad3-d09d-4bd3-b41b-e8a653e510b2.wxs.aliquot_ensemble_masked.maf,1,1
TCGA-12-0819normal,Copy Number Variation,Gene Level Copy Number,"424ea002-3b28-485c-b48a-8f28c86c3ed9,dc26d5fb-4995-4039-a1f0-54f87cefe76b","TCGA-GBM.55fc731c-c423-4a77-b69d-20c8497f35e5.gene_level_copy_number.v36.tsv,TCGA-GBM.55fc731c-c423-4a77-b69d-20c8497f35e5.ascat3.gene_level_copy_number.v36.tsv",2,2
TCGA-12-0819normal,Simple Nucleotide Variation,Masked Somatic Mutation,e78edf3e-3748-4417-8c9e-2c8d7764a38d,3cff3561-ba10-4d18-92d8-5d2b4536782a.wxs.aliquot_ensemble_masked.maf,1,1
TCGA-12-0820normal,Copy Number Variation,Gene Level Copy Number,"629909df-5a23-4b59-884d-9c3a25af0ae9,7ada0ee6-3c36-4e83-bf0c-1c0e4e99e437","TCGA-GBM.1f02a490-07c9-40d5-b261-755c4ac756c7.ascat3.gene_level_copy_number.v36.tsv,TCGA-GBM.1f02a490-07c9-40d5-b261-755c4ac756c7.gene_level_copy_number.v36.tsv",2,2
TCGA-12-0820normal,Simple Nucleotide Variation,Masked Somatic Mutation,60ba3a2b-e2b1-4fd2-9511-fba63245639f,6333c93b-5919-490e-ba88-05392036c506.wxs.aliquot_ensemble_masked.maf,1,1
TCGA-12-0821normal,Copy Number Variation,Gene Level Copy Number,"6d64f3e3-7d1d-4085-9144-11494370dce5,5a6fa280-b513-4659-a95d-476c3fe3cace","TCGA-GBM.8474511c-0ea0-4e5d-b292-5d731825e978.ascat3.gene_level_copy_number.v36.tsv,TCGA-GBM.8474511c-0ea0-4e5d-b292-5d731825e978.gene_level_copy_number.v36.tsv",2,2
TCGA-12-0821normal,Simple Nucleotide Variation,Masked Somatic Mutation,"c504b477-f051-43ed-bb74-5cd185caefb3,3aff228f-7ce7-42bc-a0a8-bb1e6279d16f","5478ba68-d772-4e3f-95fd-4021b6ce8547.wxs.aliquot_ensemble_masked.maf,21245dd3-31e8-4f4c-adc7-00d13e122de0.wxs.aliquot_ensemble_masked.maf",2,2
TCGA-12-0826normal,Copy Number Variation,Gene Level Copy Number,"05a6f06a-6454-4c28-9843-a2891d9dff53,6747cb94-d122-4ea5-9947-49f99d3b7b40","TCGA-GBM.c29ad7ad-4b25-4a4c-bb65-0b4eeb502e50.gene_level_copy_number.v36.tsv,TCGA-GBM.c29ad7ad-4b25-4a4c-bb65-0b4eeb502e50.ascat3.gene_level_copy_number.v36.tsv",2,2
TCGA-12-0826normal,Simple Nucleotide Variation,Masked Somatic Mutation,dcbb3ad7-7f0f-4b89-bbbf-b7ab6ae0243a,fca099d8-460e-481a-87dd-5c01036ac7be.wxs.aliquot_ensemble_masked.maf,1,1
TCGA-12-0829normal,Copy Number Variation,Gene Level Copy Number,"8ea7d330-be47-4ef8-b4af-09cd625ff210,7f1cc4c1-f3cc-4626-9d90-3193d2a542de","TCGA-GBM.f7953d53-7430-45d2-8266-802f134526c8.gene_level_copy_number.v36.tsv,TCGA-GBM.f7953d53-7430-45d2-8266-802f134526c8.ascat3.gene_level_copy_number.v36.tsv",2,2
TCGA-12-0829normal,Simple Nucleotide Variation,Masked Somatic Mutation,fbcb4dfc-b83d-4752-befc-f39e0cec02ba,9d975a43-9d0d-4bca-b7cc-cce26f0be66d.wxs.aliquot_ensemble_masked.maf,1,1
TCGA-12-1088normal,Copy Number Variation,Gene Level Copy Number,"4a69a2fd-3f04-462c-80dc-3097efa8eb35,e8624805-dd33-45eb-87f4-bcddf0b77b43","TCGA-GBM.fb9128d8-6dfe-4905-a36b-c027e4e55773.ascat3.gene_level_copy_number.v36.tsv,TCGA-GBM.fb9128d8-6dfe-4905-a36b-c027e4e55773.gene_level_copy_number.v36.tsv",2,2
TCGA-12-1088normal,Simple Nucleotide Variation,Masked Somatic Mutation,5287d32b-dccd-4e98-8bd8-cfb2db0e1149,c4f9482c-c3cc-4a18-b27b-6b12705c38d1.wxs.aliquot_ensemble_masked.maf,1,1
TCGA-12-1089normal,Copy Number Variation,Gene Level Copy Number,"eed8f002-459a-4af3-9626-52a7aa383a7f,cde7aca5-35ed-4477-aa2c-5ecc8fc6ef81","TCGA-GBM.2086fb06-6173-4bcf-8451-a75a3a6e1757.ascat3.gene_level_copy_number.v36.tsv,TCGA-GBM.2086fb06-6173-4bcf-8451-a75a3a6e1757.gene_level_copy_number.v36.tsv",2,2
TCGA-12-1089normal,Simple Nucleotide Variation,Masked Somatic Mutation,5aaa6f2e-d192-4b5d-afb4-e60bfa0c64e8,73059fef-6a01-4914-9ab4-20779723eaf1.wxs.aliquot_ensemble_masked.maf,1,1
TCGA-12-1092normal,Copy Number Variation,Gene Level Copy Number,"ba2d4721-55c6-49ae-9ee7-e703d1d0ce28,9af491a2-5b00-4874-a283-66b50cea470b","TCGA-GBM.221e1e30-d221-4c56-8816-737c1572607a.ascat3.gene_level_copy_number.v36.tsv,TCGA-GBM.221e1e30-d221-4c56-8816-737c1572607a.gene_level_copy_number.v36.tsv",2,2
TCGA-12-1092normal,Simple Nucleotide Variation,Masked Somatic Mutation,6751daba-2b0f-418a-b1eb-58fd9330369e,7bf47e52-431a-4313-9247-454ecd6394de.wxs.aliquot_ensemble_masked.maf,1,1
TCGA-12-1093normal,Copy Number Variation,Gene Level Copy Number,"b00ea3ef-c16e-4a9b-9c90-5a7050f9acef,e07fba55-885c-4642-9ef7-910f8275a30f","TCGA-GBM.8f743fb8-0050-40cb-b1f8-6e277fc123ea.ascat3.gene_level_copy_number.v36.tsv,TCGA-GBM.8f743fb8-0050-40cb-b1f8-6e277fc123ea.gene_level_copy_number.v36.tsv",2,2
TCGA-12-1093normal,Simple Nucleotide Variation,Masked Somatic Mutation,f05dd6d7-ba10-407e-81dd-59ab5f36346a,05b211f4-8a96-4ea4-9924-fa3c9cde0c46.wxs.aliquot_ensemble_masked.maf,1,1
TCGA-12-1597normal,Copy Number Variation,Gene Level Copy Number,aed5d720-b466-43a4-ab3e-a46488542038,TCGA-GBM.8e002c1f-5d5c-47f4-8c33-681cd2c2d3c7.ascat3.gene_level_copy_number.v36.tsv,1,1
TCGA-12-1597normal,Simple Nucleotide Variation,Masked Somatic Mutation,"63a8bde0-97ff-4baa-8cc5-96a3ee8d913a,5f2ab765-06a8-4071-abdd-43955592a655","b591e489-c6f7-467c-a2ec-ee6e7b51d065.wxs.aliquot_ensemble_masked.maf,5a8c7b81-563b-4efc-96d3-722138330e38.wxs.aliquot_ensemble_masked.maf",2,2
TCGA-12-1598normal,Copy Number Variation,Gene Level Copy Number,"0a235260-2076-402e-89dc-b8b3b16cf0b4,30586843-a296-4cec-be07-8fcd26b5193d","TCGA-GBM.d5bdc0ab-63d5-4f3e-9321-62de45850674.ascat3.gene_level_copy_number.v36.tsv,TCGA-GBM.d5bdc0ab-63d5-4f3e-9321-62de45850674.gene_level_copy_number.v36.tsv",2,2
TCGA-12-1598normal,Simple Nucleotide Variation,Masked Somatic Mutation,b586a5f4-47f0-4583-b725-4076fde0efc9,4d00e425-a7b6-43ee-a9a0-685c43d60b50.wxs.aliquot_ensemble_masked.maf,1,1
TCGA-12-1599normal,Copy Number Variation,Gene Level Copy Number,"ec412573-11a0-491d-93f0-c85dba9bdf57,86c38c91-329a-422c-9bb9-53164be46475","TCGA-GBM.6dceba04-6d32-4f9d-910e-de46ac9d0443.ascat3.gene_level_copy_number.v36.tsv,TCGA-GBM.6dceba04-6d32-4f9d-910e-de46ac9d0443.gene_level_copy_number.v36.tsv",2,2
TCGA-12-1599normal,Simple Nucleotide Variation,Masked Somatic Mutation,1efae7be-1c7a-40ea-a620-e7d2851b35ce,83bf3d3f-bca8-4a00-857c-5d1c647de431.wxs.aliquot_ensemble_masked.maf,1,1
TCGA-12-1600normal,Copy Number Variation,Gene Level Copy Number,"b2de13be-98b0-4c47-ae77-7423b4517451,70e398bd-20ec-4b85-8149-d2b93b2fec3f","TCGA-GBM.ae80de24-cb66-4c58-a4ed-9f3ce857ead6.gene_level_copy_number.v36.tsv,TCGA-GBM.ae80de24-cb66-4c58-a4ed-9f3ce857ead6.ascat3.gene_level_copy_number.v36.tsv",2,2
TCGA-12-1600normal,Simple Nucleotide Variation,Masked Somatic Mutation,16a12858-dcc6-4b9d-86c8-08118dc6171d,c20579df-b808-4a24-8f27-5738bb970b90.wxs.aliquot_ensemble_masked.maf,1,1
TCGA-12-1602normal,Copy Number Variation,Gene Level Copy Number,"13a3cf27-1001-4529-bd66-b2bc99d473fb,a020c5b1-92a5-48b4-94ca-d1911ff20ee4","TCGA-GBM.f6c0e273-e820-402b-93bb-00e80e63f680.ascat3.gene_level_copy_number.v36.tsv,TCGA-GBM.f6c0e273-e820-402b-93bb-00e80e63f680.gene_level_copy_number.v36.tsv",2,2
TCGA-12-1602normal,Simple Nucleotide Variation,Masked Somatic Mutation,f79f3ad9-df99-4a9f-b928-6e0243c9b8b9,9af5ea6a-68c6-4b2e-873c-47f94d9cd90d.wxs.aliquot_ensemble_masked.maf,1,1
TCGA-12-3644normal,Copy Number Variation,Gene Level Copy Number,"80ba7d85-14b6-4cec-b104-4cae717cb723,f3dba6c6-c18a-4607-9653-790bb4202cc5","TCGA-GBM.184c7422-4fd8-42b2-bcbc-edb667204537.ascat3.gene_level_copy_number.v36.tsv,TCGA-GBM.184c7422-4fd8-42b2-bcbc-edb667204537.gene_level_copy_number.v36.tsv",2,2
TCGA-12-3644normal,Simple Nucleotide Variation,Masked Somatic Mutation,574b1c64-de0a-43f8-82fa-50722ef99c7e,3abcd9ae-f22d-4af1-829c-9193cb2ce9ed.wxs.aliquot_ensemble_masked.maf,1,1
TCGA-12-3646normal,Copy Number Variation,Gene Level Copy Number,"3c8ad3d3-4626-4108-8030-c3d4b81d1bf6,187f465f-aa90-46f3-9124-e3521d7e8172","TCGA-GBM.95ae8b8f-d6d6-4b8c-860b-b15390eeef7c.gene_level_copy_number.v36.tsv,TCGA-GBM.95ae8b8f-d6d6-4b8c-860b-b15390eeef7c.ascat3.gene_level_copy_number.v36.tsv",2,2
TCGA-12-3646normal,Simple Nucleotide Variation,Masked Somatic Mutation,b0fed6aa-f40e-4092-a061-a8697dbb40db,894bc34c-e381-4347-941e-d02019e2190e.wxs.aliquot_ensemble_masked.maf,1,1
TCGA-12-3648normal,Copy Number Variation,Gene Level Copy Number,"981dada1-6f2e-4a99-b3de-7eedf7a738bc,2a137efd-8291-4205-8d71-83734803292e","TCGA-GBM.02f60d1c-17ae-450c-b40f-fe8d6c4b80ed.ascat3.gene_level_copy_number.v36.tsv,TCGA-GBM.02f60d1c-17ae-450c-b40f-fe8d6c4b80ed.gene_level_copy_number.v36.tsv",2,2
TCGA-12-3648normal,Simple Nucleotide Variation,Masked Somatic Mutation,82414dc1-c28d-40da-9cdb-71f6c19a5044,76259991-18f8-43ab-9b28-e3cd9e7bb611.wxs.aliquot_ensemble_masked.maf,1,1
TCGA-12-3649normal,Copy Number Variation,Gene Level Copy Number,"55905667-c0f3-4293-a03c-eff05c000df1,3fa5255a-b619-424e-8132-2bd2027017e0","TCGA-GBM.add2ee19-efef-4eb1-83b7-fe58d8c6da28.ascat3.gene_level_copy_number.v36.tsv,TCGA-GBM.add2ee19-efef-4eb1-83b7-fe58d8c6da28.gene_level_copy_number.v36.tsv",2,2
TCGA-12-3649normal,Simple Nucleotide Variation,Masked Somatic Mutation,"863745a2-1fe2-47b6-bba7-63eaf68b66ce,97b8d9ce-1c3f-4086-a2e2-87e9fc94777c","b1ff27b0-dd0c-4895-a270-5a6ff8c97a15.wxs.aliquot_ensemble_masked.maf,57125be8-d8ed-4ce6-80a8-eee4bf5757d2.wxs.aliquot_ensemble_masked.maf",2,2
TCGA-12-3650normal,Copy Number Variation,Gene Level Copy Number,"c85025af-1bd9-442e-91b5-503c26ad522e,0ae8a87f-9dd8-4239-94db-639d5786a5e0","TCGA-GBM.1e8760a7-f7f6-40d2-9224-a96fd53b61cb.gene_level_copy_number.v36.tsv,TCGA-GBM.1e8760a7-f7f6-40d2-9224-a96fd53b61cb.ascat3.gene_level_copy_number.v36.tsv",2,2
TCGA-12-3650normal,Simple Nucleotide Variation,Masked Somatic Mutation,"009b4458-4158-41ef-816f-ed7e4eecba48,cb1975ee-20dc-4492-b04d-ab1c1c36a66d","c8f2037d-e514-44ca-b4a0-9b13f563e32a.wxs.aliquot_ensemble_masked.maf,5317a703-afd6-43c1-a969-97e874bb435a.wxs.aliquot_ensemble_masked.maf",2,2
TCGA-12-3651normal,Copy Number Variation,Gene Level Copy Number,d07388d3-fb1e-4ad4-90aa-a40e9340b71f,TCGA-GBM.8f33585e-292f-437a-9d09-ebd5ee8f2bf5.gene_level_copy_number.v36.tsv,1,1
TCGA-12-3651normal,Simple Nucleotide Variation,Masked Somatic Mutation,ae44838b-6db1-421d-b7b4-aee7a7933985,7a8d927d-1d71-43c3-a73e-62f3e50f08d7.wxs.aliquot_ensemble_masked.maf,1,1
TCGA-12-3652normal,Copy Number Variation,Gene Level Copy Number,"a83b66ec-d828-43be-be6b-d33c036a93d7,0878ee3e-c01b-4ac3-928b-72a61b31ccf3","TCGA-GBM.4effb555-088c-400e-a752-e0b49f2be412.gene_level_copy_number.v36.tsv,TCGA-GBM.4effb555-088c-400e-a752-e0b49f2be412.ascat3.gene_level_copy_number.v36.tsv",2,2
TCGA-12-3652normal,Simple Nucleotide Variation,Masked Somatic Mutation,"4d9c992e-858c-4635-9bfd-6c8cfa499e87,dab48baf-bd1f-46e6-9cce-c11f986fd629","99628e19-e8a4-4cb0-a9bb-b4e1ace8faf9.wxs.aliquot_ensemble_masked.maf,cbb80b0f-3386-46b6-9a2c-a98f886d0184.wxs.aliquot_ensemble_masked.maf",2,2
TCGA-12-3653normal,Copy Number Variation,Gene Level Copy Number,"cbaca097-8a9a-46c0-a1a1-e04078490674,80d831ab-e52d-4db0-91ce-ccd30dd78b78","TCGA-GBM.42848351-936a-485b-a9ee-3a5552919bb7.ascat3.gene_level_copy_number.v36.tsv,TCGA-GBM.42848351-936a-485b-a9ee-3a5552919bb7.gene_level_copy_number.v36.tsv",2,2
TCGA-12-3653normal,Simple Nucleotide Variation,Masked Somatic Mutation,"1b5d8814-b944-4f6a-8258-1c6a4c49ba10,b0e8e380-5777-4f65-89ff-fd91e58a6cdf","8d500956-2213-4dbd-8503-5bf74cc1458f.wxs.aliquot_ensemble_masked.maf,c7b839d6-1da7-4304-ac35-35665292823b.wxs.aliquot_ensemble_masked.maf",2,2
TCGA-12-5295normal,Copy Number Variation,Gene Level Copy Number,"f2ac7d40-4829-4510-a413-f83354274218,12dfb64c-9c0a-48ec-aec4-1f1e7b5a4f4f","TCGA-GBM.9b8450f7-6bc5-429d-ab07-359ca36b9679.gene_level_copy_number.v36.tsv,TCGA-GBM.9b8450f7-6bc5-429d-ab07-359ca36b9679.ascat3.gene_level_copy_number.v36.tsv",2,2
TCGA-12-5295normal,Simple Nucleotide Variation,Masked Somatic Mutation,d1957b91-5a12-45d4-b9d4-b42384255d7e,1c7afc40-9536-4a56-b6fe-82da35e2b995.wxs.aliquot_ensemble_masked.maf,1,1
TCGA-12-5299normal,Copy Number Variation,Gene Level Copy Number,38c6f3ff-8b82-4620-a219-edaaf0314f03,TCGA-GBM.1446e12a-d1e1-45bb-b175-168e0a3dc3be.gene_level_copy_number.v36.tsv,1,1
TCGA-12-5299normal,Simple Nucleotide Variation,Masked Somatic Mutation,35275073-7f36-49eb-876d-8fcf581378d7,a7bd3be0-f0eb-4027-b855-11d261e1393e.wxs.aliquot_ensemble_masked.maf,1,1
TCGA-12-5301normal,Copy Number Variation,Gene Level Copy Number,"f363e1b1-445b-495c-8df3-aba68fec8d26,9f26a2b6-956f-457e-a787-5d7e21f093d6","TCGA-GBM.5febf809-c209-460c-9ac0-79bb1dab0b35.ascat3.gene_level_copy_number.v36.tsv,TCGA-GBM.5febf809-c209-460c-9ac0-79bb1dab0b35.gene_level_copy_number.v36.tsv",2,2
TCGA-12-5301normal,Simple Nucleotide Variation,Masked Somatic Mutation,93cc0e41-08c7-4bd9-a910-3fafb9deadf8,64122701-eac5-4dba-90fb-921512a3f99a.wxs.aliquot_ensemble_masked.maf,1,1
TCGA-14-0736normal,Copy Number Variation,Gene Level Copy Number,"e86f17e5-e04a-4789-bc57-10eaea5e21a1,b061785d-15f2-4060-92f9-27bac91a1ed8,01a8e35c-6126-4720-ae0f-5c923d70fe16","TCGA-GBM.c4461728-d337-44be-8c24-e71283ec573a.gene_level_copy_number.v36.tsv,TCGA-GBM.47c84fd6-9daf-448b-9adc-94fa4bb3b9ac.gene_level_copy_number.v36.tsv,TCGA-GBM.47c84fd6-9daf-448b-9adc-94fa4bb3b9ac.ascat3.gene_level_copy_number.v36.tsv",3,3
TCGA-14-0736normal,Simple Nucleotide Variation,Masked Somatic Mutation,"9e447a67-1599-4a0d-9311-cb9651f15bdd,910c26fb-e184-4cce-b956-061e3ceeec92","05ed149e-a92d-4ed8-a7d6-3b43d6164c14.wxs.aliquot_ensemble_masked.maf,cbdbef06-eb57-41d4-bae0-42c2979a812f.wxs.aliquot_ensemble_masked.maf",2,2
TCGA-14-0740normal,Copy Number Variation,Gene Level Copy Number,"fcd7b272-cfe0-4a10-a57c-fd49e593e01c,ebe464c5-683d-4569-adc4-90b967832456","TCGA-GBM.623fa1f7-059e-4b8a-ba63-5b55b0086bed.ascat3.gene_level_copy_number.v36.tsv,TCGA-GBM.623fa1f7-059e-4b8a-ba63-5b55b0086bed.gene_level_copy_number.v36.tsv",2,2
TCGA-14-0740normal,Simple Nucleotide Variation,Masked Somatic Mutation,6e454eca-1765-45b7-be47-89ed656717ee,8d8f8405-f330-494f-b74e-1d0e20106269.wxs.aliquot_ensemble_masked.maf,1,1
TCGA-14-0781normal,Copy Number Variation,Gene Level Copy Number,"10484d3e-584e-4a71-9f24-b995f8e3d44f,a72f1cd1-0fdc-4f1f-9d75-a9c4c8ae00e9","TCGA-GBM.961755fa-0fe9-429b-8f4e-9ebe004641f0.ascat3.gene_level_copy_number.v36.tsv,TCGA-GBM.961755fa-0fe9-429b-8f4e-9ebe004641f0.gene_level_copy_number.v36.tsv",2,2
TCGA-14-0781normal,Simple Nucleotide Variation,Masked Somatic Mutation,cf45355c-a557-4f8b-8fdd-dadc157d4bb9,734f8554-50e9-466c-880b-ee2aa83931b2.wxs.aliquot_ensemble_masked.maf,1,1
TCGA-14-0786normal,Copy Number Variation,Gene Level Copy Number,"09efc53f-41ad-4c74-91d9-887a95230a3d,ac54aa6d-a305-4327-b1e1-04b2c25e45e7","TCGA-GBM.54bf4a63-a2e2-42f6-a150-6d2436c64327.gene_level_copy_number.v36.tsv,TCGA-GBM.54bf4a63-a2e2-42f6-a150-6d2436c64327.ascat3.gene_level_copy_number.v36.tsv",2,2
TCGA-14-0786normal,Simple Nucleotide Variation,Masked Somatic Mutation,2df12676-9f01-4c6f-ab71-bc0361ded3f9,907be98d-dcf1-4394-8c27-22d465c09f61.wxs.aliquot_ensemble_masked.maf,1,1
TCGA-14-0787normal,Copy Number Variation,Gene Level Copy Number,"98a69c2e-4a1c-4f93-9cf4-4bdb04eb03f9,e59ea65f-2a31-4a57-a1c7-c1561bbb9cb0","TCGA-GBM.31b6c9de-d36e-4d50-9d46-d9535f07213b.ascat3.gene_level_copy_number.v36.tsv,TCGA-GBM.31b6c9de-d36e-4d50-9d46-d9535f07213b.gene_level_copy_number.v36.tsv",2,2
TCGA-14-0787normal,Simple Nucleotide Variation,Masked Somatic Mutation,b39c8875-5612-4ef5-9f9b-c78a72b01ea6,667c51b9-3e9d-4e68-b273-95fdfa2e4ea1.wxs.aliquot_ensemble_masked.maf,1,1
TCGA-14-0789normal,Copy Number Variation,Gene Level Copy Number,"ae79711f-b289-4dad-91ed-32d9a10a57be,b5f1bb67-6719-4e52-890d-19bc0018361a","TCGA-GBM.1dc3044b-2d7c-4a31-be19-afdf96f4d0b1.ascat3.gene_level_copy_number.v36.tsv,TCGA-GBM.1dc3044b-2d7c-4a31-be19-afdf96f4d0b1.gene_level_copy_number.v36.tsv",2,2
TCGA-14-0789normal,Simple Nucleotide Variation,Masked Somatic Mutation,"7296556a-d904-4a9f-a863-040e36379fb1,3276f8ba-625d-44a2-9342-3ae895c1c80b","97f1ebaf-e1be-4c38-a4ed-0a6a1de62bb1.wxs.aliquot_ensemble_masked.maf,f2b9f9e9-ad81-4f6f-addd-0c2cac96af71.wxs.aliquot_ensemble_masked.maf",2,2
TCGA-14-0790normal,Copy Number Variation,Gene Level Copy Number,"12189206-370d-400d-b381-b8d0abc7800e,fca69baa-0194-46a7-9581-45e54ae8f81d","TCGA-GBM.ae76f159-7adb-4f4e-b7fe-72975ada0e30.ascat3.gene_level_copy_number.v36.tsv,TCGA-GBM.ae76f159-7adb-4f4e-b7fe-72975ada0e30.gene_level_copy_number.v36.tsv",2,2
TCGA-14-0790normal,Simple Nucleotide Variation,Masked Somatic Mutation,"ac9bf788-25ee-4d1c-902a-3d00a8e61cfb,91c1b5cc-a131-417e-bfe3-8b29e7b63c0d","5d12f7ef-5d7e-4fc9-bcd4-f68d219792bb.wxs.aliquot_ensemble_masked.maf,e0000a6b-f736-4d86-8c4e-76b5aa172ff2.wxs.aliquot_ensemble_masked.maf",2,2
TCGA-14-0812normal,Copy Number Variation,Gene Level Copy Number,"56b80da6-0ff7-4582-9084-2e0976bb2284,abc81c72-e16d-4019-90cd-81404a5d7d49","TCGA-GBM.e7ceb967-44a5-4ab3-8f64-8bf2aa89316e.gene_level_copy_number.v36.tsv,TCGA-GBM.e7ceb967-44a5-4ab3-8f64-8bf2aa89316e.ascat3.gene_level_copy_number.v36.tsv",2,2
TCGA-14-0812normal,Simple Nucleotide Variation,Masked Somatic Mutation,f53f587f-42f0-4d8b-8a4e-05247ca98f43,56f490bd-1cfd-4bdb-a96d-58063627ff22.wxs.aliquot_ensemble_masked.maf,1,1
TCGA-14-0813normal,Copy Number Variation,Gene Level Copy Number,"5db3d4fd-75a4-48a8-bf19-e86d46892e58,e952c425-c074-45c6-ba6a-26a00a69cc63","TCGA-GBM.3defdf44-c94e-4621-a294-d2683d0bbc8d.ascat3.gene_level_copy_number.v36.tsv,TCGA-GBM.3defdf44-c94e-4621-a294-d2683d0bbc8d.gene_level_copy_number.v36.tsv",2,2
TCGA-14-0813normal,Simple Nucleotide Variation,Masked Somatic Mutation,146b341d-06f3-41b4-90c5-aece9556c240,7436f4d4-eeca-4c93-967a-868dcabe77ab.wxs.aliquot_ensemble_masked.maf,1,1
TCGA-14-0817normal,Copy Number Variation,Gene Level Copy Number,"d051c4d1-c709-4fd1-a366-e75c7fb687ff,55865ce5-0bbd-416c-95b6-f36e96ee6f31","TCGA-GBM.618bed6a-3851-46a5-8149-ed0d6fb603ab.gene_level_copy_number.v36.tsv,TCGA-GBM.618bed6a-3851-46a5-8149-ed0d6fb603ab.ascat3.gene_level_copy_number.v36.tsv",2,2
TCGA-14-0817normal,Simple Nucleotide Variation,Masked Somatic Mutation,d6d7c809-48fa-45a0-970b-eae2a4d91d5c,b6f30831-3756-4b90-88bd-1ad00ac71b19.wxs.aliquot_ensemble_masked.maf,1,1
TCGA-14-0862normal,Copy Number Variation,Gene Level Copy Number,"7196cedb-428c-4a68-a405-6db6ae716774,169b002f-2404-419f-bd88-a4d4e44be3d0","TCGA-GBM.978efd5c-10ea-4155-a2e5-b696f3e723d7.gene_level_copy_number.v36.tsv,TCGA-GBM.978efd5c-10ea-4155-a2e5-b696f3e723d7.ascat3.gene_level_copy_number.v36.tsv",2,2
TCGA-14-0862normal,Simple Nucleotide Variation,Masked Somatic Mutation,4b1abb13-ebed-4ced-9ccb-b967a30136f9,173715dc-0eae-47d0-9da0-37f5285466db.wxs.aliquot_ensemble_masked.maf,1,1
TCGA-14-0865normal,Copy Number Variation,Gene Level Copy Number,"12951700-fd87-4f10-9667-c1eef14f9490,f8ada93d-76d0-40f0-90f9-20b6ba93b848","TCGA-GBM.d2e61704-1ffa-4906-8b3c-b819942ad062.gene_level_copy_number.v36.tsv,TCGA-GBM.d2e61704-1ffa-4906-8b3c-b819942ad062.ascat3.gene_level_copy_number.v36.tsv",2,2
TCGA-14-0865normal,Simple Nucleotide Variation,Masked Somatic Mutation,25ae6f57-797a-4fdd-a293-dc0efa1db330,3c1fb9b7-847e-4c33-98b4-8b48b3d1fb4d.wxs.aliquot_ensemble_masked.maf,1,1
TCGA-14-1034normal,Copy Number Variation,Gene Level Copy Number,"8dad92da-555f-4307-b125-dcf4f920d68e,a9c05cc0-fafa-464b-a5e4-3a700b86b83c,2ee83e0e-f929-4300-a1d3-ee2eecd7c573","TCGA-GBM.627c485c-59d9-4b5d-b459-c0fb0520cc54.ascat3.gene_level_copy_number.v36.tsv,TCGA-GBM.c8dac754-252f-4c41-8228-37d8fb1e0d12.gene_level_copy_number.v36.tsv,TCGA-GBM.627c485c-59d9-4b5d-b459-c0fb0520cc54.gene_level_copy_number.v36.tsv",3,3
TCGA-14-1034normal,Simple Nucleotide Variation,Masked Somatic Mutation,"a3d7ea4e-dd44-449a-a766-217f6fd215f3,ff5c8b99-45a0-4ef4-b7a4-e35726bef117","84e9de46-0d84-4ef9-a9dd-8dfacbc92adf.wxs.aliquot_ensemble_masked.maf,95a157f8-b846-42aa-9e3f-0a6b120b9587.wxs.aliquot_ensemble_masked.maf",2,2
TCGA-14-1037normal,Copy Number Variation,Gene Level Copy Number,"b5b4fb3f-002e-403a-bbaf-c6a117d85075,fb04fbc2-8677-4538-b3c5-0b2bde327414","TCGA-GBM.6034ae91-9eb6-4012-bd50-7be7b9cd7970.ascat3.gene_level_copy_number.v36.tsv,TCGA-GBM.6034ae91-9eb6-4012-bd50-7be7b9cd7970.gene_level_copy_number.v36.tsv",2,2
TCGA-14-1037normal,Simple Nucleotide Variation,Masked Somatic Mutation,fcdfa3d7-efac-4f18-88cc-45a11267278c,203da0ce-c577-41bb-a823-547318ab7360.wxs.aliquot_ensemble_masked.maf,1,1
TCGA-14-1043normal,Copy Number Variation,Gene Level Copy Number,"0cb47e78-9a2a-478c-8b64-053c80eceb5f,39409cd2-422a-49e0-9fc7-9295fa834513","TCGA-GBM.6f204157-42f8-4c28-afa9-64f137e52911.ascat3.gene_level_copy_number.v36.tsv,TCGA-GBM.6f204157-42f8-4c28-afa9-64f137e52911.gene_level_copy_number.v36.tsv",2,2
TCGA-14-1043normal,Simple Nucleotide Variation,Masked Somatic Mutation,ef04461d-ec6b-45f4-af97-311f5a0f782e,58aef770-086c-4d46-a4d8-3ee9e928a283.wxs.aliquot_ensemble_masked.maf,1,1
TCGA-14-1395normal,Copy Number Variation,Gene Level Copy Number,"84ec904d-42f8-4364-bf06-3936594960c9,7cb6f26e-b901-412d-b273-0d678227bf64","TCGA-GBM.f056d557-3a72-40ca-9e2b-608562d7e3c0.ascat3.gene_level_copy_number.v36.tsv,TCGA-GBM.f056d557-3a72-40ca-9e2b-608562d7e3c0.gene_level_copy_number.v36.tsv",2,2
TCGA-14-1395normal,Simple Nucleotide Variation,Masked Somatic Mutation,7f1428fe-002e-4394-b60e-9af1049fa583,cf0789d7-b445-4814-8fba-f6d7a7dcdd1e.wxs.aliquot_ensemble_masked.maf,1,1
TCGA-14-1396normal,Copy Number Variation,Gene Level Copy Number,"44884551-bc09-43e2-a18b-78ca28d39b96,32c71541-d1b5-44ef-be47-2b460b2053c7","TCGA-GBM.58e84901-afdb-4aeb-b8ec-8bfd5de1590f.gene_level_copy_number.v36.tsv,TCGA-GBM.58e84901-afdb-4aeb-b8ec-8bfd5de1590f.ascat3.gene_level_copy_number.v36.tsv",2,2
TCGA-14-1396normal,Simple Nucleotide Variation,Masked Somatic Mutation,b6ccb27d-4af1-42f9-a2ea-d5fdf8127830,28710c63-13af-46c3-b4a1-23e47e1c37fe.wxs.aliquot_ensemble_masked.maf,1,1
TCGA-14-1450normal,Copy Number Variation,Gene Level Copy Number,"280576c2-734d-41aa-9b8e-47d0542534f3,5e04193b-1ae2-4b7f-ae58-828eaf380286","TCGA-GBM.3cd4b714-b81c-41dc-8ccd-01bc3828807d.ascat3.gene_level_copy_number.v36.tsv,TCGA-GBM.3cd4b714-b81c-41dc-8ccd-01bc3828807d.gene_level_copy_number.v36.tsv",2,2
TCGA-14-1450normal,Simple Nucleotide Variation,Masked Somatic Mutation,d643a472-6934-4272-9bd0-6bd0c3160477,c16ce59b-0cad-4aba-81f3-a67d2a9cb3ba.wxs.aliquot_ensemble_masked.maf,1,1
TCGA-14-1451normal,Copy Number Variation,Gene Level Copy Number,"606a15ce-a21e-4467-bfff-3cadaf20d97e,1a0c69ab-954d-4a68-aeb4-a0fbd9ebc1c5","TCGA-GBM.edb8039d-ddab-4129-809e-645176f12a91.gene_level_copy_number.v36.tsv,TCGA-GBM.edb8039d-ddab-4129-809e-645176f12a91.ascat3.gene_level_copy_number.v36.tsv",2,2
TCGA-14-1451normal,Simple Nucleotide Variation,Masked Somatic Mutation,36ad595b-6ee6-4ee4-b4fe-17dac6149f7a,c090bf76-bd98-496d-a06b-8bdad9611b78.wxs.aliquot_ensemble_masked.maf,1,1
TCGA-14-1453normal,Copy Number Variation,Gene Level Copy Number,"70bf79dc-c87c-488b-82aa-5a319eb2aa06,967dd5a2-998c-4fba-a84a-d8d1cb5c4975","TCGA-GBM.4a2ba6c8-cef1-4153-8676-d3e721f318bd.ascat3.gene_level_copy_number.v36.tsv,TCGA-GBM.4a2ba6c8-cef1-4153-8676-d3e721f318bd.gene_level_copy_number.v36.tsv",2,2
TCGA-14-1453normal,Simple Nucleotide Variation,Masked Somatic Mutation,c1d0ab2d-3330-4816-a710-be6d38d43be5,88b079b4-c109-4a55-a463-a28afbb5d414.wxs.aliquot_ensemble_masked.maf,1,1
TCGA-14-1455normal,Copy Number Variation,Gene Level Copy Number,"9e074217-9ab9-48ec-9404-66c99eea0efb,2212fa48-1177-485f-954c-fc09b5d3b3de","TCGA-GBM.2b801c28-dc3c-4b68-b7ad-dde320b100fd.gene_level_copy_number.v36.tsv,TCGA-GBM.2b801c28-dc3c-4b68-b7ad-dde320b100fd.ascat3.gene_level_copy_number.v36.tsv",2,2
TCGA-14-1455normal,Simple Nucleotide Variation,Masked Somatic Mutation,26f70d72-362e-451f-a363-20aa0180af66,a6611936-3cc8-48f4-a4ef-b2445c5363f0.wxs.aliquot_ensemble_masked.maf,1,1
TCGA-14-1456normal,Copy Number Variation,Gene Level Copy Number,"831ced01-2bd8-4cac-8b29-952a002d0fd9,957a8803-c166-4269-ab1a-6b6433e4ff8c","TCGA-GBM.6a200663-9d58-46eb-924c-1c6f4122e26d.gene_level_copy_number.v36.tsv,TCGA-GBM.6a200663-9d58-46eb-924c-1c6f4122e26d.ascat3.gene_level_copy_number.v36.tsv",2,2
TCGA-14-1456normal,Simple Nucleotide Variation,Masked Somatic Mutation,029fde2a-49ec-4047-9289-1a699b687b08,8ff1e555-31f5-48ac-afc6-a4f7bdb5ea56.wxs.aliquot_ensemble_masked.maf,1,1
TCGA-14-1795normal,Copy Number Variation,Gene Level Copy Number,"8691258f-13ae-483a-84d1-193179b7fae8,717a4b83-8d40-4687-ade6-2454d0929291","TCGA-GBM.a5536e80-6a52-4326-be30-f68cb59aa8ce.gene_level_copy_number.v36.tsv,TCGA-GBM.a5536e80-6a52-4326-be30-f68cb59aa8ce.ascat3.gene_level_copy_number.v36.tsv",2,2
TCGA-14-1795normal,Simple Nucleotide Variation,Masked Somatic Mutation,a5401e43-fa8c-4765-88a1-c5bd0dc20b37,74968bc7-2363-4b36-b208-e0852b2ac7b3.wxs.aliquot_ensemble_masked.maf,1,1
TCGA-14-1821normal,Copy Number Variation,Gene Level Copy Number,"964d4f3c-42d0-4cc1-9ad5-5f00cb1640c7,d29d5c13-946d-4fdb-9de4-e8199299e508","TCGA-GBM.b8e5b650-1fb2-41e5-8c33-cd3789b546ed.ascat3.gene_level_copy_number.v36.tsv,TCGA-GBM.b8e5b650-1fb2-41e5-8c33-cd3789b546ed.gene_level_copy_number.v36.tsv",2,2
TCGA-14-1821normal,Simple Nucleotide Variation,Masked Somatic Mutation,cf243734-2c6a-4d55-9b84-5700cd205e6d,1b33a430-7ced-464c-802e-8b8755dcb87c.wxs.aliquot_ensemble_masked.maf,1,1
TCGA-14-1823normal,Copy Number Variation,Gene Level Copy Number,"28c76fa3-6a86-43cb-84bb-85dfbb819454,9376bdbe-38eb-4470-af52-058b6a61c371","TCGA-GBM.89e39087-186c-4197-9e19-64ade4e6c685.ascat3.gene_level_copy_number.v36.tsv,TCGA-GBM.89e39087-186c-4197-9e19-64ade4e6c685.gene_level_copy_number.v36.tsv",2,2
TCGA-14-1823normal,Simple Nucleotide Variation,Masked Somatic Mutation,"83cba63a-ed43-434e-ab3e-7731d5485415,c1bed8e7-37a4-497c-9aee-4a37d51fb492","cbec852b-81ec-4479-a33e-60303c3ab719.wxs.aliquot_ensemble_masked.maf,496d39e7-ba1c-4b38-aede-882364ff730d.wxs.aliquot_ensemble_masked.maf",2,2
TCGA-14-1825normal,Copy Number Variation,Gene Level Copy Number,"73218a3a-504d-4054-bb54-bf496e5a5e86,b7bee7c0-1323-4265-b9ca-7da653a49c35","TCGA-GBM.14b91d5a-9e90-425e-b9a2-c0f5a512dc08.gene_level_copy_number.v36.tsv,TCGA-GBM.14b91d5a-9e90-425e-b9a2-c0f5a512dc08.ascat3.gene_level_copy_number.v36.tsv",2,2
TCGA-14-1825normal,Simple Nucleotide Variation,Masked Somatic Mutation,"60be0185-e60d-4d88-b7d5-e1ba22ef928a,92bcfa52-461e-4f8e-803f-bf914b5bfbd0","1df70f6a-ce8f-4a99-9966-51bfba1a845d.wxs.aliquot_ensemble_masked.maf,4e26ee25-6784-41de-a23f-3e598b17bd24.wxs.aliquot_ensemble_masked.maf",2,2
TCGA-14-1827normal,Copy Number Variation,Gene Level Copy Number,"2870997c-9d41-4566-8f83-35e678a3061d,2ca6af2e-95d7-4bc2-9669-cf8e9c146656","TCGA-GBM.88cb9656-e750-416e-ace4-3ccd8f82df59.gene_level_copy_number.v36.tsv,TCGA-GBM.88cb9656-e750-416e-ace4-3ccd8f82df59.ascat3.gene_level_copy_number.v36.tsv",2,2
TCGA-14-1827normal,Simple Nucleotide Variation,Masked Somatic Mutation,bf7c0694-20b7-473d-b28f-0940878a3af7,d81b70a6-a103-4301-95f2-423be83b54e1.wxs.aliquot_ensemble_masked.maf,1,1
TCGA-14-1829normal,Copy Number Variation,Gene Level Copy Number,"6508e93a-9996-4643-95af-e76751aee2eb,176e05ad-fe97-4bdf-9b2a-b68accafed78","TCGA-GBM.da7bdbf2-3496-4b0d-acc2-857a71625a56.gene_level_copy_number.v36.tsv,TCGA-GBM.da7bdbf2-3496-4b0d-acc2-857a71625a56.ascat3.gene_level_copy_number.v36.tsv",2,2
TCGA-14-1829normal,Simple Nucleotide Variation,Masked Somatic Mutation,"e8820161-b06d-4cdc-8622-c3a7fcab6449,2e2bc46b-82c5-449d-bffc-241bd9899ed5","f6650e63-e294-49bb-9fe3-7ce5fb67c02b.wxs.aliquot_ensemble_masked.maf,bf70308f-c84e-407e-ac11-24e35d80db8c.wxs.aliquot_ensemble_masked.maf",2,2
TCGA-14-2554normal,Copy Number Variation,Gene Level Copy Number,"0f4fcec9-58d2-4551-a5e8-41f34d4c4391,165fd25f-23e9-4159-a728-090f99cec6d0","TCGA-GBM.541815c8-c9e3-44b9-9f70-3b2a1e137033.gene_level_copy_number.v36.tsv,TCGA-GBM.541815c8-c9e3-44b9-9f70-3b2a1e137033.ascat3.gene_level_copy_number.v36.tsv",2,2
TCGA-14-2554normal,Simple Nucleotide Variation,Masked Somatic Mutation,"8669f0e9-fdaf-49d8-ae2f-7970c9b3bf77,3ee7bf22-d609-484f-a270-435e7a910cea","4dc3eefe-f3e0-4d83-88db-9f56df1ff7df.wxs.aliquot_ensemble_masked.maf,aa743f49-ee74-4eb2-ad58-d4e525520224.wxs.aliquot_ensemble_masked.maf",2,2
TCGA-14-3476normal,Copy Number Variation,Gene Level Copy Number,8cdde20d-8ad1-4572-a03e-cabdc3a2bc4f,TCGA-GBM.8fcb6cc0-ab33-4e69-88df-c3cae742c6ba.ascat3.gene_level_copy_number.v36.tsv,1,1
TCGA-14-3476normal,Simple Nucleotide Variation,Masked Somatic Mutation,5c54653d-200f-43c1-bdf9-44cdc687ab57,4c99527e-ebfc-4626-9ffa-633fa4196dbf.wxs.aliquot_ensemble_masked.maf,1,1
TCGA-14-3477normal,Copy Number Variation,Gene Level Copy Number,"644edfa1-56ec-42d7-9732-5ab9d5363f00,72535e51-04ac-4f77-b1ea-722acbe6a81b","TCGA-GBM.668c25ce-be82-4a0e-9735-0d6ee8fd3248.gene_level_copy_number.v36.tsv,TCGA-GBM.668c25ce-be82-4a0e-9735-0d6ee8fd3248.ascat3.gene_level_copy_number.v36.tsv",2,2
TCGA-14-3477normal,Simple Nucleotide Variation,Masked Somatic Mutation,548fcdcc-9713-4fc5-b91c-19971426cb12,478a8608-334e-4d9d-a3c3-fb138214fdbb.wxs.aliquot_ensemble_masked.maf,1,1
TCGA-14-4157normal,Copy Number Variation,Gene Level Copy Number,"831eb683-821b-46ea-a806-1ec494ef46e5,69ab8b44-63b5-4e68-bbaf-aa43b9b883bc","TCGA-GBM.b3a4c3ef-9959-4bc5-ba4b-9272b1c9d40c.gene_level_copy_number.v36.tsv,TCGA-GBM.b3a4c3ef-9959-4bc5-ba4b-9272b1c9d40c.ascat3.gene_level_copy_number.v36.tsv",2,2
TCGA-14-4157normal,Simple Nucleotide Variation,Masked Somatic Mutation,487c7329-c5ca-4921-954a-5347082144b4,08243a6d-9f72-475f-acd7-1d9c268cc648.wxs.aliquot_ensemble_masked.maf,1,1
TCGA-15-0742normal,Copy Number Variation,Gene Level Copy Number,"958a5e24-2a5c-4fcc-a6ca-70ab1bc95671,227405fa-cb75-4a6c-b3d4-4602679bebe3","TCGA-GBM.24b08267-c9a1-476d-a423-c25f18512ae8.gene_level_copy_number.v36.tsv,TCGA-GBM.24b08267-c9a1-476d-a423-c25f18512ae8.ascat3.gene_level_copy_number.v36.tsv",2,2
TCGA-15-0742normal,Simple Nucleotide Variation,Masked Somatic Mutation,"1cf9d9a0-15c4-4809-adc8-d99a470cd01c,927c2f24-7d49-4532-9e3a-82319af8b926","db2037b2-db0b-4a01-a09f-4a80755615d4.wxs.aliquot_ensemble_masked.maf,97d478cc-28cf-4777-93e0-7a0cb1a5599c.wxs.aliquot_ensemble_masked.maf",2,2
TCGA-15-1446normal,Copy Number Variation,Gene Level Copy Number,"ac45611b-a286-4004-aab5-730abaca2ad7,469788cd-a419-452e-b36a-8cbefcd84829","TCGA-GBM.bebc20c2-a50b-4e90-9fcd-8f1d6df75727.ascat3.gene_level_copy_number.v36.tsv,TCGA-GBM.bebc20c2-a50b-4e90-9fcd-8f1d6df75727.gene_level_copy_number.v36.tsv",2,2
TCGA-15-1446normal,Simple Nucleotide Variation,Masked Somatic Mutation,b423aa19-49ba-435c-9e91-339069c75ed2,b461643b-8b32-409d-b9ed-2cda5f996f3f.wxs.aliquot_ensemble_masked.maf,1,1
TCGA-16-0846normal,Copy Number Variation,Gene Level Copy Number,"6a6ff5d8-9b7a-4d26-89fd-19d2bbd4a79b,87b74712-a89f-4c62-9f5f-30f428c28be6","TCGA-GBM.8851bf6a-af6f-4491-8c33-f606dc3ef91c.ascat3.gene_level_copy_number.v36.tsv,TCGA-GBM.8851bf6a-af6f-4491-8c33-f606dc3ef91c.gene_level_copy_number.v36.tsv",2,2
TCGA-16-0846normal,Simple Nucleotide Variation,Masked Somatic Mutation,"a9e4beea-4851-43dd-bbba-58139b6bc034,0ddb96f5-835f-4653-be32-7272a248e00a","6ab5e5e3-0bb8-4ad0-b050-82794af054aa.wxs.aliquot_ensemble_masked.maf,dd38bc6b-723a-4368-afec-8070ee863432.wxs.aliquot_ensemble_masked.maf",2,2
TCGA-16-0848normal,Copy Number Variation,Gene Level Copy Number,"286d77d5-ef03-42d1-b90e-fc82052164f6,477cbb3c-4512-4e2b-abb7-c8b4980a87c9","TCGA-GBM.79aae24b-9e90-4c78-afc9-d3e485cba11e.gene_level_copy_number.v36.tsv,TCGA-GBM.79aae24b-9e90-4c78-afc9-d3e485cba11e.ascat3.gene_level_copy_number.v36.tsv",2,2
TCGA-16-0848normal,Simple Nucleotide Variation,Masked Somatic Mutation,"5d0799f7-43b6-4321-93bd-313fde9f010f,192041a9-6ff6-4e10-94c8-12a31849a790","85c66fa1-9f67-41ac-84c0-704080197413.wxs.aliquot_ensemble_masked.maf,ea7fd4f3-a4df-4513-94c5-e54367a75dc4.wxs.aliquot_ensemble_masked.maf",2,2
TCGA-16-0849normal,Copy Number Variation,Gene Level Copy Number,"a7576844-d32c-4bc3-ac84-a330f93a3109,6e5a1219-dbb8-4287-bc34-d1b19692f573","TCGA-GBM.ee9a24bf-6f87-41b1-900f-131bef67b977.ascat3.gene_level_copy_number.v36.tsv,TCGA-GBM.ee9a24bf-6f87-41b1-900f-131bef67b977.gene_level_copy_number.v36.tsv",2,2
TCGA-16-0849normal,Simple Nucleotide Variation,Masked Somatic Mutation,5442f31d-8273-4f6c-aa47-72b5b0cbb198,2e973347-8997-4031-9686-a4a3601f96f6.wxs.aliquot_ensemble_masked.maf,1,1
TCGA-16-0850normal,Copy Number Variation,Gene Level Copy Number,"7e939f7c-da53-4c8e-8bf5-e5289b9099f4,c4e1a362-710d-489a-8247-aebf33c65ab1","TCGA-GBM.a3b3ef40-aced-4679-a468-17c4a2e16500.ascat3.gene_level_copy_number.v36.tsv,TCGA-GBM.a3b3ef40-aced-4679-a468-17c4a2e16500.gene_level_copy_number.v36.tsv",2,2
TCGA-16-0850normal,Simple Nucleotide Variation,Masked Somatic Mutation,d8510831-55df-4406-864f-7c9b5281fea8,3c266af3-0e61-4cd3-943e-241a73869c41.wxs.aliquot_ensemble_masked.maf,1,1
TCGA-16-0861normal,Copy Number Variation,Gene Level Copy Number,"42317bab-064c-4863-a2d0-4934bf9f1cc8,71ee0216-121a-451c-b0fc-12e5e9280daf","TCGA-GBM.2b773bf3-0849-4f54-a443-b8bb2f3b3bd0.gene_level_copy_number.v36.tsv,TCGA-GBM.2b773bf3-0849-4f54-a443-b8bb2f3b3bd0.ascat3.gene_level_copy_number.v36.tsv",2,2
TCGA-16-0861normal,Simple Nucleotide Variation,Masked Somatic Mutation,"830157d1-4b29-4766-ae58-9a4de26e3eff,3ba7d3a9-8984-4c85-8d76-a6ded3a78223","f6efe148-56d8-4fdd-b577-7ed0e1a52318.wxs.aliquot_ensemble_masked.maf,bff1c316-b080-4ee6-bafb-95d3e6a51e8c.wxs.aliquot_ensemble_masked.maf",2,2
TCGA-16-1045normal,Copy Number Variation,Gene Level Copy Number,"7b61d1da-3587-44da-aef2-9f052db5e9e6,9e5170e0-dd88-4536-8ab9-a429dd081aa0","TCGA-GBM.fdb187e0-222a-4aba-be6c-f719a63ede52.gene_level_copy_number.v36.tsv,TCGA-GBM.fdb187e0-222a-4aba-be6c-f719a63ede52.ascat3.gene_level_copy_number.v36.tsv",2,2
TCGA-16-1045normal,Simple Nucleotide Variation,Masked Somatic Mutation,"637c1b5f-db7e-4784-a469-2482a2466874,a46c5c7b-7c96-47b0-bfd9-a5a30cd99ee6","4f73788d-be0e-4777-ad12-3005188ebcea.wxs.aliquot_ensemble_masked.maf,4199ef27-f06b-4e1e-ac68-cbddc1424939.wxs.aliquot_ensemble_masked.maf",2,2
TCGA-16-1048normal,Copy Number Variation,Gene Level Copy Number,"b7c982b6-4296-475e-95e6-265b42877fe5,d3ba7e14-8fbb-4fb6-9968-289584d54e61","TCGA-GBM.d5053d9f-5ff5-4682-8df7-95284eea011a.gene_level_copy_number.v36.tsv,TCGA-GBM.d5053d9f-5ff5-4682-8df7-95284eea011a.ascat3.gene_level_copy_number.v36.tsv",2,2
TCGA-16-1048normal,Simple Nucleotide Variation,Masked Somatic Mutation,d336cd05-a1a9-4d61-af68-a8ac23bb63a9,1c88306a-8eab-47ad-9342-4f501627a414.wxs.aliquot_ensemble_masked.maf,1,1
TCGA-16-1460normal,Copy Number Variation,Gene Level Copy Number,"6a57ace8-1781-4ff4-ae18-6321328bac62,ce3a2f63-73ac-42a0-9090-3ae9a2dbd78e","TCGA-GBM.eea8353e-9af6-4a97-90b1-1769342ae509.gene_level_copy_number.v36.tsv,TCGA-GBM.eea8353e-9af6-4a97-90b1-1769342ae509.ascat3.gene_level_copy_number.v36.tsv",2,2
TCGA-16-1460normal,Simple Nucleotide Variation,Masked Somatic Mutation,147d062c-734c-4c7e-aa89-44881e425946,ed7db004-fa9a-4f64-8c94-8538d692eef3.wxs.aliquot_ensemble_masked.maf,1,1
TCGA-19-0957normal,Copy Number Variation,Gene Level Copy Number,"3adec9b6-f4a3-4865-ba87-647d8f9ebe39,7c060176-8126-4868-84f8-5ce5684cc237,b2b8903c-8201-453b-a489-dd15b3a150fa","TCGA-GBM.c3819352-5915-487c-89c2-7b943d8436a2.gene_level_copy_number.v36.tsv,TCGA-GBM.6ef0a6b6-1472-4471-8c3e-0e5596a9158c.ascat3.gene_level_copy_number.v36.tsv,TCGA-GBM.6ef0a6b6-1472-4471-8c3e-0e5596a9158c.gene_level_copy_number.v36.tsv",3,3
TCGA-19-0957normal,Simple Nucleotide Variation,Masked Somatic Mutation,"d3b13f3b-c426-4c7b-874d-5f1508e9ddd9,8de11478-834a-42f0-ab0b-090d06b12b8d","5081b73a-9827-4b0c-848c-873ae9bc6890.wxs.aliquot_ensemble_masked.maf,fb44dc1a-18d0-4726-9a6c-5392f757acb3.wxs.aliquot_ensemble_masked.maf",2,2
TCGA-19-1385normal,Copy Number Variation,Gene Level Copy Number,"1227059a-8354-4817-8a55-07ecf41c2e57,16ce86de-cd21-43a6-b60c-305be2fd7f54","TCGA-GBM.6e34f350-12ff-4d89-b6d4-82ef94a760c9.gene_level_copy_number.v36.tsv,TCGA-GBM.6e34f350-12ff-4d89-b6d4-82ef94a760c9.ascat3.gene_level_copy_number.v36.tsv",2,2
TCGA-19-1385normal,Simple Nucleotide Variation,Masked Somatic Mutation,97a040ad-48f0-4579-b812-47e08f0bfb5f,1aedce8a-f0c9-4a67-beff-b29bad296eb8.wxs.aliquot_ensemble_masked.maf,1,1
TCGA-19-1386normal,Copy Number Variation,Gene Level Copy Number,"2d3238ed-1fb5-43f5-bdbb-5859c4d03b6e,b79fda43-2d79-4703-86a1-a33dfbff921d","TCGA-GBM.91663734-5f5b-426b-99c3-2f12d4167e96.gene_level_copy_number.v36.tsv,TCGA-GBM.91663734-5f5b-426b-99c3-2f12d4167e96.ascat3.gene_level_copy_number.v36.tsv",2,2
TCGA-19-1386normal,Simple Nucleotide Variation,Masked Somatic Mutation,e11848f3-ddcd-49df-a69e-2d0f65afb805,72729842-720b-44a4-9ebc-395165601d67.wxs.aliquot_ensemble_masked.maf,1,1
TCGA-19-1387normal,Copy Number Variation,Gene Level Copy Number,"add668cc-1d7a-49ba-8edd-5a905eb86d6a,e18be326-11de-43bd-933f-f48be16a966f","TCGA-GBM.a70ea172-304b-45ef-9653-4b37324a91d6.gene_level_copy_number.v36.tsv,TCGA-GBM.a70ea172-304b-45ef-9653-4b37324a91d6.ascat3.gene_level_copy_number.v36.tsv",2,2
TCGA-19-1387normal,Simple Nucleotide Variation,Masked Somatic Mutation,db364504-f4c0-43d5-bd7f-059bdfb9fe95,3ee853e4-e5f9-4116-8b9d-5633e21dce97.wxs.aliquot_ensemble_masked.maf,1,1
TCGA-19-1389normal,Copy Number Variation,Gene Level Copy Number,"f23c999d-eaf1-4aac-82fa-702b418e80d4,2b74fa83-af37-45a6-86df-0ee28e3c8383,b581b695-050a-4912-8e96-b736563883fd","TCGA-GBM.e0aee51e-d8b2-44f1-a19d-a12bfb5ff0c4.gene_level_copy_number.v36.tsv,TCGA-GBM.22389f61-9d76-4228-b053-0ceb94b1d2da.ascat3.gene_level_copy_number.v36.tsv,TCGA-GBM.22389f61-9d76-4228-b053-0ceb94b1d2da.gene_level_copy_number.v36.tsv",3,3
TCGA-19-1389normal,Simple Nucleotide Variation,Masked Somatic Mutation,71fc7244-33c9-4e24-b9f7-cb5a68449298,8588571e-3d80-41e1-a712-b2e90b7aa491.wxs.aliquot_ensemble_masked.maf,1,1
TCGA-19-1390normal,Copy Number Variation,Gene Level Copy Number,"46890067-ab87-4459-9f97-e6a5035a6d65,afa754af-69a2-4770-8b74-d1d5dcf52a2d","TCGA-GBM.0438a25c-ddd7-4d84-8c33-b29def47e687.ascat3.gene_level_copy_number.v36.tsv,TCGA-GBM.0438a25c-ddd7-4d84-8c33-b29def47e687.gene_level_copy_number.v36.tsv",2,2
TCGA-19-1390normal,Simple Nucleotide Variation,Masked Somatic Mutation,"70102d73-26b4-4978-92e1-9dc84b20e115,e26969fe-c820-43c4-8059-9127218fcce0","51327b11-a53a-4385-b9b3-ab68a6b0f3d4.wxs.aliquot_ensemble_masked.maf,433885a8-f947-48f1-a694-d1508a773dc2.wxs.aliquot_ensemble_masked.maf",2,2
TCGA-19-1786normal,Copy Number Variation,Gene Level Copy Number,"3adaba13-a77d-4d75-abfe-c064f42e6fbe,9633fbda-4538-47d4-bdbc-7ae091b02a1c","TCGA-GBM.f6c93e6a-c6d7-42dd-8295-3d3959bc3d9f.gene_level_copy_number.v36.tsv,TCGA-GBM.f6c93e6a-c6d7-42dd-8295-3d3959bc3d9f.ascat3.gene_level_copy_number.v36.tsv",2,2
TCGA-19-1786normal,Simple Nucleotide Variation,Masked Somatic Mutation,6168b1f3-8ebc-464d-af0c-01e85c82c96b,e44173c6-63c9-407e-ac31-e6960af7ee52.wxs.aliquot_ensemble_masked.maf,1,1
TCGA-19-1787normal,Copy Number Variation,Gene Level Copy Number,"fe2b4ccc-d444-4b55-b911-1be8367efa29,0a1f0ce3-5c34-49df-8e80-70e89b783883","TCGA-GBM.1aea6dc4-7d0e-40c8-bc22-4640f8593873.ascat3.gene_level_copy_number.v36.tsv,TCGA-GBM.1aea6dc4-7d0e-40c8-bc22-4640f8593873.gene_level_copy_number.v36.tsv",2,2
TCGA-19-1787normal,Simple Nucleotide Variation,Masked Somatic Mutation,"d387d308-e492-48d4-b5cc-090713697338,210ed92f-448c-4b67-942d-c9c41d7ced06","5acb6ac8-fae8-45c7-890c-61371610570c.wxs.aliquot_ensemble_masked.maf,4240a236-7f1a-42b7-b74d-ea523e7de149.wxs.aliquot_ensemble_masked.maf",2,2
TCGA-19-1788normal,Copy Number Variation,Gene Level Copy Number,ca3afd4d-27e5-4576-aaee-bb41ba23c0d7,TCGA-GBM.870e9bd2-c4d6-45b8-9cb8-125cdacf61d0.ascat3.gene_level_copy_number.v36.tsv,1,1
TCGA-19-1788normal,Simple Nucleotide Variation,Masked Somatic Mutation,7b732dc5-7957-4828-968d-028f80b8adfd,8f9f11a5-2fc4-49f6-a72b-a37e67de1473.wxs.aliquot_ensemble_masked.maf,1,1
TCGA-19-1789normal,Copy Number Variation,Gene Level Copy Number,"474e96e2-db4a-4342-9f3e-2e8f954a31f8,488c60b4-a453-4763-8b25-358d6ef0d203","TCGA-GBM.fa682451-264d-4c71-bce4-b26e318bd1d5.ascat3.gene_level_copy_number.v36.tsv,TCGA-GBM.fa682451-264d-4c71-bce4-b26e318bd1d5.gene_level_copy_number.v36.tsv",2,2
TCGA-19-1789normal,Simple Nucleotide Variation,Masked Somatic Mutation,45ba29c4-93cb-4a31-9994-956f0e209f7c,3490d99f-2ffb-49b9-bffa-f1bbfdbdc199.wxs.aliquot_ensemble_masked.maf,1,1
TCGA-19-1790normal,Copy Number Variation,Gene Level Copy Number,e8f7886b-d94a-4e9e-b581-412e9b18e00f,TCGA-GBM.e8676c22-f544-41c3-9075-8c8c9a791db7.ascat3.gene_level_copy_number.v36.tsv,1,1
TCGA-19-1790normal,Simple Nucleotide Variation,Masked Somatic Mutation,321d0b53-2d86-489f-b3c5-445850aa12f8,c2e278bd-56fd-449b-aef8-bf4ec7dac685.wxs.aliquot_ensemble_masked.maf,1,1
TCGA-19-1791normal,Copy Number Variation,Gene Level Copy Number,"8b3ac076-fe1d-4195-a6cf-7dfe8c3bb636,b6f66849-2ea5-4868-ba0d-9aee77c6b37c","TCGA-GBM.1f1cb063-0de7-456a-884b-c3fc5c284aa5.ascat3.gene_level_copy_number.v36.tsv,TCGA-GBM.1f1cb063-0de7-456a-884b-c3fc5c284aa5.gene_level_copy_number.v36.tsv",2,2
TCGA-19-1791normal,Simple Nucleotide Variation,Masked Somatic Mutation,c6d99347-e742-4b55-9ee9-9659e6de4445,b8798bea-3b18-4bf1-9262-7e5c0029660f.wxs.aliquot_ensemble_masked.maf,1,1
TCGA-19-2620normal,Copy Number Variation,Gene Level Copy Number,"3ee3bf69-baa3-42b8-a3a7-43a9e6717f76,0d6f7eb7-d498-47a9-810b-65a61936d050","TCGA-GBM.b2eafa4b-c966-4113-b200-2363219e7080.gene_level_copy_number.v36.tsv,TCGA-GBM.b2eafa4b-c966-4113-b200-2363219e7080.ascat3.gene_level_copy_number.v36.tsv",2,2
TCGA-19-2620normal,Simple Nucleotide Variation,Masked Somatic Mutation,"aa35bff0-d512-4012-91b7-1757d531c654,7abc238e-2980-4638-98be-11df3ea12736","d921e21d-eaf0-4c41-b9c3-c99f9d22a081.wxs.aliquot_ensemble_masked.maf,2f0de2e1-6c31-411e-93b9-aa279ed7bdb6.wxs.aliquot_ensemble_masked.maf",2,2
TCGA-19-2621normal,Copy Number Variation,Gene Level Copy Number,5618b7bb-7e7d-462e-bb89-84375a96aa5a,TCGA-GBM.7a41f453-a4d0-42fa-8ef0-7ee7710db34f.gene_level_copy_number.v36.tsv,1,1
TCGA-19-2621normal,Simple Nucleotide Variation,Masked Somatic Mutation,db1fbb5b-b437-40de-b0a8-acfe3e05ea84,6566ac57-9632-40d4-b65e-b13b757c7eca.wxs.aliquot_ensemble_masked.maf,1,1
TCGA-19-2623normal,Copy Number Variation,Gene Level Copy Number,"51228c02-e5c9-46c7-b273-6895eb4155b6,2347c2ad-f6be-4437-81c0-abbe5d08daed","TCGA-GBM.37424964-0ef8-44c2-b282-78afa22b52d2.ascat3.gene_level_copy_number.v36.tsv,TCGA-GBM.37424964-0ef8-44c2-b282-78afa22b52d2.gene_level_copy_number.v36.tsv",2,2
TCGA-19-2623normal,Simple Nucleotide Variation,Masked Somatic Mutation,8a3d3c86-da43-4101-baf2-b7ee2c52a471,9dd1dc71-59f0-486e-aebd-4581ba954d15.wxs.aliquot_ensemble_masked.maf,1,1
TCGA-19-2624normal,Copy Number Variation,Gene Level Copy Number,"0296b6ed-0346-4b68-becd-9eb768f6ae10,3a518e56-7f35-4d3d-ba86-3119de319233","TCGA-GBM.dfb04e43-26eb-43b8-ad51-b4ab596c781a.gene_level_copy_number.v36.tsv,TCGA-GBM.dfb04e43-26eb-43b8-ad51-b4ab596c781a.ascat3.gene_level_copy_number.v36.tsv",2,2
TCGA-19-2624normal,Simple Nucleotide Variation,Masked Somatic Mutation,"0240d7a1-a06c-4647-879f-1441b64b4dd3,b49b766f-5865-4715-a1e2-c513f9e45c81","2cab19f2-b19e-424b-97a5-de2025f6972c.wxs.aliquot_ensemble_masked.maf,e562c2ae-04fc-4dbb-b151-7f4e61aea75d.wxs.aliquot_ensemble_masked.maf",2,2
TCGA-19-2625normal,Copy Number Variation,Gene Level Copy Number,"9a34d09d-66cd-423e-9dba-905754d28e1e,65cf8b82-884b-4348-aebd-9a0ba270fa70","TCGA-GBM.e56a807a-9587-429c-895c-a6fd2d336755.gene_level_copy_number.v36.tsv,TCGA-GBM.e56a807a-9587-429c-895c-a6fd2d336755.ascat3.gene_level_copy_number.v36.tsv",2,2
TCGA-19-2625normal,Simple Nucleotide Variation,Masked Somatic Mutation,"74551f2b-cd10-4434-816f-49ab375e930e,5ce1ed90-035b-4289-a7e2-e23b7ec571d5","38b53bad-c6bb-4b20-9804-08d5daa9dde0.wxs.aliquot_ensemble_masked.maf,196801dc-cb4f-458e-9fa7-80028cf2180b.wxs.aliquot_ensemble_masked.maf",2,2
TCGA-19-2629normal,Copy Number Variation,Gene Level Copy Number,"b2cf59d1-af72-44ec-8663-af78ccc23200,034a8f3c-db60-4b07-978e-40c14c23d75e","TCGA-GBM.be7de787-8e1f-4b99-876f-75be0823fe47.ascat3.gene_level_copy_number.v36.tsv,TCGA-GBM.be7de787-8e1f-4b99-876f-75be0823fe47.gene_level_copy_number.v36.tsv",2,2
TCGA-19-2629normal,Simple Nucleotide Variation,Masked Somatic Mutation,"12ebb080-e96e-4145-a1c6-91df8bf6cb45,d94721a7-f052-4faa-9011-df22db6e9996","291a0b37-7272-41b8-b861-db88fdb9d283.wxs.aliquot_ensemble_masked.maf,729f922b-f6b0-4e70-aa48-e24e02095002.wxs.aliquot_ensemble_masked.maf",2,2
TCGA-19-2631normal,Copy Number Variation,Gene Level Copy Number,"c310a89e-f16d-4a79-b18c-f9a7e9e30db8,bd750826-32c4-40f5-82ab-2be3a84cf6a7","TCGA-GBM.06401308-f6d0-4dd2-b5f0-f4443f8f94a9.ascat3.gene_level_copy_number.v36.tsv,TCGA-GBM.06401308-f6d0-4dd2-b5f0-f4443f8f94a9.gene_level_copy_number.v36.tsv",2,2
TCGA-19-2631normal,Simple Nucleotide Variation,Masked Somatic Mutation,80d1a4e0-d6be-4289-b174-76e56bcb1950,3aa467a6-b21c-4722-8fd7-5f926a5ab20a.wxs.aliquot_ensemble_masked.maf,1,1
TCGA-19-4065normal,Copy Number Variation,Gene Level Copy Number,"5ff275c2-be5f-4271-b3fc-6e71b2242927,b8ee6f10-35ef-43ec-a40a-888620d51f32,2f3f3d06-7926-4ad4-a879-e75cafd9ee86","TCGA-GBM.21f3b385-c9b2-4acf-9215-b6f93afeae17.ascat3.gene_level_copy_number.v36.tsv,TCGA-GBM.49134e8f-ff8b-49e3-b24f-b4ba0d63fe8f.gene_level_copy_number.v36.tsv,TCGA-GBM.21f3b385-c9b2-4acf-9215-b6f93afeae17.gene_level_copy_number.v36.tsv",3,3
TCGA-19-4065normal,Simple Nucleotide Variation,Masked Somatic Mutation,"a53c752a-f6b8-4e0c-993f-732b9128bf50,78271628-3f5a-4b99-a1e4-ccfd1fbdc2f8","097d139f-b9bb-4ae1-a50f-1749c573efa7.wxs.aliquot_ensemble_masked.maf,fd8c0cd8-e93f-4bb3-b128-c02a9c908cf4.wxs.aliquot_ensemble_masked.maf",2,2
TCGA-19-4068normal,Copy Number Variation,Gene Level Copy Number,dc2608d4-6ad1-4213-b709-233c2b28dc41,TCGA-GBM.d11ceabf-3e4e-46c1-9ddc-42703feaea38.ascat3.gene_level_copy_number.v36.tsv,1,1
TCGA-19-4068normal,Simple Nucleotide Variation,Masked Somatic Mutation,b4591111-97c2-4606-9c99-e928ec4728a3,2361b02b-e34e-4fbf-98a9-2d52f11fa557.wxs.aliquot_ensemble_masked.maf,1,1
TCGA-19-5947normal,Copy Number Variation,Gene Level Copy Number,"d813daed-55f3-4351-81f8-e680b7d98dd5,06d53383-fc64-44a6-966f-d91a5e3e62d5","TCGA-GBM.db5d0681-1425-4da1-8fe4-c112a2802231.gene_level_copy_number.v36.tsv,TCGA-GBM.db5d0681-1425-4da1-8fe4-c112a2802231.ascat3.gene_level_copy_number.v36.tsv",2,2
TCGA-19-5947normal,Simple Nucleotide Variation,Masked Somatic Mutation,fe362363-09b0-419f-847b-9d14f412e4d4,6d367dca-c398-48f5-a0b5-2bd7cdee1497.wxs.aliquot_ensemble_masked.maf,1,1
TCGA-19-5950normal,Copy Number Variation,Gene Level Copy Number,"b08b1311-b9e5-438f-a869-964adfe6ba1d,7eefbb8b-2b3e-431d-9b54-9dd814859b86","TCGA-GBM.3cf203fa-ff07-4ac2-b760-bf292076ee66.gene_level_copy_number.v36.tsv,TCGA-GBM.3cf203fa-ff07-4ac2-b760-bf292076ee66.ascat3.gene_level_copy_number.v36.tsv",2,2
TCGA-19-5950normal,Simple Nucleotide Variation,Masked Somatic Mutation,4dae418b-0691-429a-9f78-56b52c812c2e,05c679a8-1472-48ed-83d9-88986e2ab27b.wxs.aliquot_ensemble_masked.maf,1,1
TCGA-19-5951normal,Copy Number Variation,Gene Level Copy Number,"c68e3700-ceb8-4b49-9a67-774c7aa1a17c,2301c3ae-4dfd-4e94-83ad-defeb7259ef7","TCGA-GBM.7a8d847e-f724-4408-8021-0c4aa0dbcf43.ascat3.gene_level_copy_number.v36.tsv,TCGA-GBM.7a8d847e-f724-4408-8021-0c4aa0dbcf43.gene_level_copy_number.v36.tsv",2,2
TCGA-19-5951normal,Simple Nucleotide Variation,Masked Somatic Mutation,fca0a4d1-d666-415e-9aed-315be5b0f5da,9dc1aa55-2223-4078-9a44-cad67fb47151.wxs.aliquot_ensemble_masked.maf,1,1
TCGA-19-5953normal,Copy Number Variation,Gene Level Copy Number,"f49cbdb6-5182-48c4-9591-2aa06ff54e5e,743c521d-57f0-4c4f-945f-2ee3592f2f3b","TCGA-GBM.da5b2a01-2fa5-47ef-b418-b5fde0234d0d.ascat3.gene_level_copy_number.v36.tsv,TCGA-GBM.da5b2a01-2fa5-47ef-b418-b5fde0234d0d.gene_level_copy_number.v36.tsv",2,2
TCGA-19-5953normal,Simple Nucleotide Variation,Masked Somatic Mutation,a3ea7a9f-7859-47bd-8288-04d5915ced86,3b797fb3-104a-4e02-bb7e-7e47361b6044.wxs.aliquot_ensemble_masked.maf,1,1
TCGA-19-5954normal,Copy Number Variation,Gene Level Copy Number,"521de755-37b5-4a61-8724-63b0c309d340,16e45c42-716a-4ab2-af2c-d8a343d1be3d","TCGA-GBM.68999b3c-ce1e-448b-95bb-60983d54adee.gene_level_copy_number.v36.tsv,TCGA-GBM.68999b3c-ce1e-448b-95bb-60983d54adee.ascat3.gene_level_copy_number.v36.tsv",2,2
TCGA-19-5954normal,Simple Nucleotide Variation,Masked Somatic Mutation,d1c7b272-3f64-42d1-9bab-02d590a8796b,43431479-a3be-4726-ab30-82b2f8be2fff.wxs.aliquot_ensemble_masked.maf,1,1
TCGA-19-5955normal,Copy Number Variation,Gene Level Copy Number,"45102d31-e756-4c57-8b3b-4c16ea461981,59bea319-8d7f-43b6-b574-11c0699c445a","TCGA-GBM.242cf433-aba1-40c7-b161-da67dba85d0c.gene_level_copy_number.v36.tsv,TCGA-GBM.242cf433-aba1-40c7-b161-da67dba85d0c.ascat3.gene_level_copy_number.v36.tsv",2,2
TCGA-19-5955normal,Simple Nucleotide Variation,Masked Somatic Mutation,f77ec1a9-fce2-45c4-99d1-2229e945b414,8e212437-4e48-4a9e-8ef4-3a9b6c2ca80f.wxs.aliquot_ensemble_masked.maf,1,1
TCGA-19-5956normal,Copy Number Variation,Gene Level Copy Number,"a79e5657-161f-4b6b-a80f-34009fcffbd0,f7098973-71df-4cf0-979b-04fd00baec8c","TCGA-GBM.8132d73a-df52-40e7-a0ac-185caa223699.gene_level_copy_number.v36.tsv,TCGA-GBM.8132d73a-df52-40e7-a0ac-185caa223699.ascat3.gene_level_copy_number.v36.tsv",2,2
TCGA-19-5956normal,Simple Nucleotide Variation,Masked Somatic Mutation,1a873714-42c9-4cc4-88a7-6016f4cfa0e2,9c862c5d-c494-4633-af8f-43bc115af017.wxs.aliquot_ensemble_masked.maf,1,1
TCGA-19-5958normal,Copy Number Variation,Gene Level Copy Number,"3fffae10-cd06-476d-8932-0d6007501a9d,63bc41e4-bac2-442e-b5da-c5102ef0ed95","TCGA-GBM.6502a04f-ecfa-4e38-b3fe-4dd1550520c2.gene_level_copy_number.v36.tsv,TCGA-GBM.6502a04f-ecfa-4e38-b3fe-4dd1550520c2.ascat3.gene_level_copy_number.v36.tsv",2,2
TCGA-19-5958normal,Simple Nucleotide Variation,Masked Somatic Mutation,ee83bb3f-daf1-4a97-8e85-3987848ed0a1,e6ed72da-bc19-490a-8795-a73d256b564a.wxs.aliquot_ensemble_masked.maf,1,1
TCGA-19-5959normal,Copy Number Variation,Gene Level Copy Number,"529f6977-e625-4d07-bd9f-76227a488bf4,0b947bfa-ef9d-4d27-bc87-f4010d78ff58","TCGA-GBM.f2086e38-fb73-4e87-b599-c723709632e7.gene_level_copy_number.v36.tsv,TCGA-GBM.f2086e38-fb73-4e87-b599-c723709632e7.ascat3.gene_level_copy_number.v36.tsv",2,2
TCGA-19-5959normal,Simple Nucleotide Variation,Masked Somatic Mutation,9d651d40-d8f4-453d-b69d-6d7acaef57d3,9eb5c816-675d-48ee-a0b8-aa68c626c065.wxs.aliquot_ensemble_masked.maf,1,1
TCGA-19-5960normal,Copy Number Variation,Gene Level Copy Number,"36e78d2f-efea-49cb-8588-0941e0a04974,cf44cf67-fb23-404d-ae10-da77db944a99","TCGA-GBM.80c6b7db-263e-4f80-8d19-a9441db7b312.gene_level_copy_number.v36.tsv,TCGA-GBM.80c6b7db-263e-4f80-8d19-a9441db7b312.ascat3.gene_level_copy_number.v36.tsv",2,2
TCGA-19-5960normal,Simple Nucleotide Variation,Masked Somatic Mutation,1560add0-ce57-46e5-b923-6622904f5b39,e87372f0-84a2-4f98-93ef-3ed71fdd26e8.wxs.aliquot_ensemble_masked.maf,1,1
TCGA-19-A60Inormal,Copy Number Variation,Gene Level Copy Number,"7f3e88eb-f35d-406e-bd9a-d072e1c71da7,f6c6b1a9-9125-45a4-bdab-ac2fa0eba975","TCGA-GBM.7cdf71c2-270c-44ed-aa5e-aa0be43bb0e9.gene_level_copy_number.v36.tsv,TCGA-GBM.7cdf71c2-270c-44ed-aa5e-aa0be43bb0e9.ascat3.gene_level_copy_number.v36.tsv",2,2
TCGA-19-A60Inormal,Simple Nucleotide Variation,Masked Somatic Mutation,8e323af2-20b1-4fcb-b5df-313d504a0f57,29da3a0b-c832-4c72-927c-d3ffb6cf1ba9.wxs.aliquot_ensemble_masked.maf,1,1
TCGA-19-A6J4normal,Copy Number Variation,Gene Level Copy Number,"f16128ef-5c84-4d37-912c-b1273a402b1f,6cbdfc45-bfbf-46d7-9f85-5243589ee202","TCGA-GBM.db1135ba-8f72-42e4-964c-70a951c8e398.gene_level_copy_number.v36.tsv,TCGA-GBM.db1135ba-8f72-42e4-964c-70a951c8e398.ascat3.gene_level_copy_number.v36.tsv",2,2
TCGA-19-A6J4normal,Simple Nucleotide Variation,Masked Somatic Mutation,c74b245d-010c-4ce7-8506-0e821c2408f8,37bf410f-18e7-44fc-8cfa-b56c6542490b.wxs.aliquot_ensemble_masked.maf,1,1
TCGA-19-A6J5normal,Copy Number Variation,Gene Level Copy Number,"f31026c2-b286-4cb9-8e18-461f84e824c8,33414831-d402-43f7-9f65-a83830dc108e","TCGA-GBM.cedbe7d9-e27d-4550-9d8f-69b6d0a6e6b4.ascat3.gene_level_copy_number.v36.tsv,TCGA-GBM.cedbe7d9-e27d-4550-9d8f-69b6d0a6e6b4.gene_level_copy_number.v36.tsv",2,2
TCGA-19-A6J5normal,Simple Nucleotide Variation,Masked Somatic Mutation,4bc11add-ec18-4fc3-a77c-7a380e63d12f,5e654b54-6761-48d1-af32-e9618055f53c.wxs.aliquot_ensemble_masked.maf,1,1
TCGA-26-1439normal,Copy Number Variation,Gene Level Copy Number,caf4a1cc-a03b-4bdf-85d2-0f0008b1f916,TCGA-GBM.f7f9ac85-0278-41bb-b2ea-2de2e0c90557.gene_level_copy_number.v36.tsv,1,1
TCGA-26-1439normal,Simple Nucleotide Variation,Masked Somatic Mutation,db06dd9b-c160-4fb4-8640-e4d2f57f39c2,b3d1cdd6-66d7-4029-bb9b-856b1deb5177.wxs.aliquot_ensemble_masked.maf,1,1
TCGA-26-1442normal,Copy Number Variation,Gene Level Copy Number,"352df716-c08b-40ae-9700-0453716dc23f,b56dc0c1-2b9d-479a-aa01-6ca5b7fb69aa","TCGA-GBM.bf87e8d4-8eca-49ad-a30a-3668ba22077a.gene_level_copy_number.v36.tsv,TCGA-GBM.bf87e8d4-8eca-49ad-a30a-3668ba22077a.ascat3.gene_level_copy_number.v36.tsv",2,2
TCGA-26-1442normal,Simple Nucleotide Variation,Masked Somatic Mutation,935f45b4-5061-40e9-952e-9b402a535685,76a94ade-d420-4691-bb3a-c928a2a788da.wxs.aliquot_ensemble_masked.maf,1,1
TCGA-26-1799normal,Copy Number Variation,Gene Level Copy Number,"2c211646-5256-4a8c-a08d-91d47fb62118,c200bc45-3cb6-42a4-bb40-ea0d67e378c6","TCGA-GBM.a5b9f366-9952-403a-a4ba-c5d3cd7abd8c.ascat3.gene_level_copy_number.v36.tsv,TCGA-GBM.a5b9f366-9952-403a-a4ba-c5d3cd7abd8c.gene_level_copy_number.v36.tsv",2,2
TCGA-26-1799normal,Simple Nucleotide Variation,Masked Somatic Mutation,eb84d4d0-423a-4d66-a5c8-41b287f623f8,035e9f51-1e08-4d5c-b175-ce33bb588e70.wxs.aliquot_ensemble_masked.maf,1,1
TCGA-26-5133normal,Copy Number Variation,Gene Level Copy Number,"62083af1-6838-4602-b311-4a460b92e971,3b51a0a0-3da4-4829-969e-79aff58109ae","TCGA-GBM.14f65f72-3b03-4840-bff3-dcd6f9de1761.ascat3.gene_level_copy_number.v36.tsv,TCGA-GBM.14f65f72-3b03-4840-bff3-dcd6f9de1761.gene_level_copy_number.v36.tsv",2,2
TCGA-26-5133normal,Simple Nucleotide Variation,Masked Somatic Mutation,c2e54cc7-fc3f-4928-9675-25e245e2c5d4,695f6c4c-81c1-42a0-9d5f-5e6452a82e2a.wxs.aliquot_ensemble_masked.maf,1,1
TCGA-26-5134normal,Copy Number Variation,Gene Level Copy Number,"dfcf50b4-a30f-43f7-9763-6dc0cb08b307,1bd2593b-98ab-4773-915d-e13bd500dca0","TCGA-GBM.c7a601d3-afe4-4b8b-b499-21e71b7e8c14.gene_level_copy_number.v36.tsv,TCGA-GBM.c7a601d3-afe4-4b8b-b499-21e71b7e8c14.ascat3.gene_level_copy_number.v36.tsv",2,2
TCGA-26-5134normal,Simple Nucleotide Variation,Masked Somatic Mutation,9b68ee94-38a4-440f-b8d2-f73e5be5e364,843c6c22-9eb5-4be6-af9d-aa7c0ba108f2.wxs.aliquot_ensemble_masked.maf,1,1
TCGA-26-5135normal,Copy Number Variation,Gene Level Copy Number,93997cdc-c7d7-40d3-8282-b877e2991a81,TCGA-GBM.71adf2bb-a1ae-4675-8f6f-71db8bf322ff.gene_level_copy_number.v36.tsv,1,1
TCGA-26-5135normal,Simple Nucleotide Variation,Masked Somatic Mutation,6e8dd681-42b0-4569-91b0-2b7da64845fa,6754f67c-6f79-4967-9fee-33244ea87240.wxs.aliquot_ensemble_masked.maf,1,1
TCGA-26-5136normal,Copy Number Variation,Gene Level Copy Number,"39a145e0-b429-49b2-b0eb-d3721c22ccf8,6759f6bb-e0a6-4313-bde1-69ab590d526c","TCGA-GBM.28059e9b-2277-40b5-ba54-5366b7293ced.ascat3.gene_level_copy_number.v36.tsv,TCGA-GBM.28059e9b-2277-40b5-ba54-5366b7293ced.gene_level_copy_number.v36.tsv",2,2
TCGA-26-5136normal,Simple Nucleotide Variation,Masked Somatic Mutation,c2cc4832-6263-490b-bb5a-43db4ef13eac,1879062d-e922-4f6a-a959-f839f9869909.wxs.aliquot_ensemble_masked.maf,1,1
TCGA-26-5139normal,Copy Number Variation,Gene Level Copy Number,"c54b9f56-5925-4792-8267-41914b53bda9,6d651be3-02f4-4dbb-818e-977d2055a315","TCGA-GBM.78f6c586-1ac2-48f3-a7b0-92d5fea00787.gene_level_copy_number.v36.tsv,TCGA-GBM.78f6c586-1ac2-48f3-a7b0-92d5fea00787.ascat3.gene_level_copy_number.v36.tsv",2,2
TCGA-26-5139normal,Simple Nucleotide Variation,Masked Somatic Mutation,eb0a970c-3704-4a31-966c-f9a086ab1351,0a519407-6beb-4efe-8816-ccdcb0ce5341.wxs.aliquot_ensemble_masked.maf,1,1
TCGA-26-6173normal,Copy Number Variation,Gene Level Copy Number,"2df1734d-0e9c-4b02-ba8c-3a2b461175ee,bce757ec-896a-497e-ad57-0b729a9738ac","TCGA-GBM.009e38eb-6d65-4dee-93a5-9d0ba10f66ba.gene_level_copy_number.v36.tsv,TCGA-GBM.009e38eb-6d65-4dee-93a5-9d0ba10f66ba.ascat3.gene_level_copy_number.v36.tsv",2,2
TCGA-26-6173normal,Simple Nucleotide Variation,Masked Somatic Mutation,ea9a935d-5d90-4ff9-ac1c-eec243a4aafa,77c300c0-9ecc-4813-ac1f-3b7294a1c8ff.wxs.aliquot_ensemble_masked.maf,1,1
TCGA-26-6174normal,Copy Number Variation,Gene Level Copy Number,"c893815d-64dd-4f26-923b-346f4ee2dd0c,038d0c98-ffcb-48eb-9405-540defdad717","TCGA-GBM.367ea1d2-7c6d-48a7-b5b2-4760431131b6.ascat3.gene_level_copy_number.v36.tsv,TCGA-GBM.367ea1d2-7c6d-48a7-b5b2-4760431131b6.gene_level_copy_number.v36.tsv",2,2
TCGA-26-6174normal,Simple Nucleotide Variation,Masked Somatic Mutation,b1e9ee87-fe9c-4e8c-8e45-3dbbb4b2e0d8,ff9edeaf-045d-4c5b-948d-27d4fdab65f3.wxs.aliquot_ensemble_masked.maf,1,1
TCGA-26-A7UXnormal,Copy Number Variation,Gene Level Copy Number,"67238315-a074-4ea8-be00-84867978a82c,e3ae7222-97f6-4205-a45a-3bbafc62cebf","TCGA-GBM.76d0cc6e-eb93-41fb-a489-1cdeee8999e1.gene_level_copy_number.v36.tsv,TCGA-GBM.76d0cc6e-eb93-41fb-a489-1cdeee8999e1.ascat3.gene_level_copy_number.v36.tsv",2,2
TCGA-26-A7UXnormal,Simple Nucleotide Variation,Masked Somatic Mutation,a3d17660-244f-49f4-99fb-1510b99cb6b4,60b646a7-99fa-448f-8813-b876f9b928bd.wxs.aliquot_ensemble_masked.maf,1,1
TCGA-27-1830normal,Copy Number Variation,Gene Level Copy Number,"ee17e1e3-bd11-4b8a-ba33-834df9bea32e,d93a04a4-6676-4888-b38c-8bebfc0f0a83","TCGA-GBM.1fdd3b90-e0a0-4a16-81c8-1f923781fe65.ascat3.gene_level_copy_number.v36.tsv,TCGA-GBM.1fdd3b90-e0a0-4a16-81c8-1f923781fe65.gene_level_copy_number.v36.tsv",2,2
TCGA-27-1830normal,Simple Nucleotide Variation,Masked Somatic Mutation,59cf743e-2e9d-4828-ba83-3bbf1e230962,68923a67-0869-45b3-802c-e7cf4abc6344.wxs.aliquot_ensemble_masked.maf,1,1
TCGA-27-1831normal,Copy Number Variation,Gene Level Copy Number,"d7458dee-3e27-42bb-87e0-03ce6558c8a0,3f769869-bc25-4162-a9a5-de1335da0309","TCGA-GBM.7209ccb5-6e2d-4149-b7c5-2ab3b19af1e9.gene_level_copy_number.v36.tsv,TCGA-GBM.7209ccb5-6e2d-4149-b7c5-2ab3b19af1e9.ascat3.gene_level_copy_number.v36.tsv",2,2
TCGA-27-1831normal,Simple Nucleotide Variation,Masked Somatic Mutation,"fd58f0a1-0534-485c-8e8b-4dd02b591e46,75b37359-9796-4291-bfb0-5dcd60fabb7c","f3dd57f7-a2a2-48fc-b7d4-a54eb961ec99.wxs.aliquot_ensemble_masked.maf,d6fe421f-2268-4101-98d7-c9e16e8b033d.wxs.aliquot_ensemble_masked.maf",2,2
TCGA-27-1832normal,Copy Number Variation,Gene Level Copy Number,"7a48b321-a5c7-4cac-94a8-db762cdfed72,e59c5c74-fba1-49bf-ab11-66b590ad7237","TCGA-GBM.910761b8-816c-4df1-a765-be2fb43f0c20.ascat3.gene_level_copy_number.v36.tsv,TCGA-GBM.910761b8-816c-4df1-a765-be2fb43f0c20.gene_level_copy_number.v36.tsv",2,2
TCGA-27-1832normal,Simple Nucleotide Variation,Masked Somatic Mutation,"eec60af6-0783-4ad2-99f4-8cbc0489871e,52d7f132-edd2-4592-81af-7c638a01b49b","eaa58b9b-38b9-485a-b0d5-337c9e4d7083.wxs.aliquot_ensemble_masked.maf,d4cbbc83-f242-418e-b8e0-421d96ca6cff.wxs.aliquot_ensemble_masked.maf",2,2
TCGA-27-1833normal,Copy Number Variation,Gene Level Copy Number,"c4ceaa8a-7ec2-41a8-b96a-974c9e928112,0ca022f5-6cdc-4624-af44-f0fba07334cd","TCGA-GBM.a1d4923f-f7f2-4202-be60-9e0669722889.gene_level_copy_number.v36.tsv,TCGA-GBM.a1d4923f-f7f2-4202-be60-9e0669722889.ascat3.gene_level_copy_number.v36.tsv",2,2
TCGA-27-1833normal,Simple Nucleotide Variation,Masked Somatic Mutation,"660ecea7-71bd-41af-9004-98a2a14785c6,56dd93b9-a8db-4b37-9a09-35a977fc6636","3a29f2cf-7817-4141-9592-6bc1789d43d5.wxs.aliquot_ensemble_masked.maf,7d9da8b5-d810-4fb7-8806-c5df72c49c77.wxs.aliquot_ensemble_masked.maf",2,2
TCGA-27-1834normal,Copy Number Variation,Gene Level Copy Number,"88bc2c22-ba77-4d0a-879c-267bfa8b1d7e,fde098e9-c13f-4c15-8703-441a7300f933","TCGA-GBM.4dcaf772-4b94-4969-8901-7f549da850a2.gene_level_copy_number.v36.tsv,TCGA-GBM.4dcaf772-4b94-4969-8901-7f549da850a2.ascat3.gene_level_copy_number.v36.tsv",2,2
TCGA-27-1834normal,Simple Nucleotide Variation,Masked Somatic Mutation,"1e568cb0-e725-4d4b-9e11-e2c4aabe6ebe,0480797d-1ce6-46e4-8f27-b24c9597a052","c14f036c-0125-4941-a743-5582621c1fe9.wxs.aliquot_ensemble_masked.maf,8980a5ae-29b9-4850-ac1b-c918c0bb5dbe.wxs.aliquot_ensemble_masked.maf",2,2
TCGA-27-1835normal,Copy Number Variation,Gene Level Copy Number,"baea43fd-55b7-4258-9685-b64346c75f11,a148ac53-2016-45f9-9ddd-43a8411d8d08","TCGA-GBM.0e82ae49-96fe-443f-99b4-7c28e772e781.gene_level_copy_number.v36.tsv,TCGA-GBM.0e82ae49-96fe-443f-99b4-7c28e772e781.ascat3.gene_level_copy_number.v36.tsv",2,2
TCGA-27-1835normal,Simple Nucleotide Variation,Masked Somatic Mutation,66b08835-b79f-480b-a475-1f0d23d01217,382f1e40-c11b-4783-8e5b-869787a530e8.wxs.aliquot_ensemble_masked.maf,1,1
TCGA-27-1836normal,Copy Number Variation,Gene Level Copy Number,"67f60201-6775-4bec-96a3-0ec7c715fffe,8e0dc077-7829-4a29-9e4c-b4ffa65ea0ee","TCGA-GBM.b4de5522-d54e-49cd-a6e7-797df46ce2f3.gene_level_copy_number.v36.tsv,TCGA-GBM.b4de5522-d54e-49cd-a6e7-797df46ce2f3.ascat3.gene_level_copy_number.v36.tsv",2,2
TCGA-27-1836normal,Simple Nucleotide Variation,Masked Somatic Mutation,1b90129c-ac92-4f74-986b-6a1dc23c0c83,e3a827dc-6088-4153-b578-fe3571cfc1b7.wxs.aliquot_ensemble_masked.maf,1,1
TCGA-27-1837normal,Copy Number Variation,Gene Level Copy Number,"969feed3-f832-4064-b393-d5a4e1add87f,8cea657c-68e3-4556-a080-183d76f2eb5e","TCGA-GBM.8343488b-26e0-420f-a3a7-f14ad8071011.gene_level_copy_number.v36.tsv,TCGA-GBM.8343488b-26e0-420f-a3a7-f14ad8071011.ascat3.gene_level_copy_number.v36.tsv",2,2
TCGA-27-1837normal,Simple Nucleotide Variation,Masked Somatic Mutation,"cad1584c-d5d0-40ec-8825-8d5af56de233,a6bfa06b-e42f-4c1e-9e07-2b3a7f28905e","dcc35f9a-bed5-422b-8528-47aaa7b1402a.wxs.aliquot_ensemble_masked.maf,533c0618-caf7-4074-a982-3924283b2972.wxs.aliquot_ensemble_masked.maf",2,2
TCGA-27-1838normal,Copy Number Variation,Gene Level Copy Number,"6968922c-bc04-4bfa-a422-e4be25bdfd9a,96dd8496-d6c8-46e8-a09b-111c22ff15d3","TCGA-GBM.772952af-478d-439b-973a-31821bcd2cf6.gene_level_copy_number.v36.tsv,TCGA-GBM.772952af-478d-439b-973a-31821bcd2cf6.ascat3.gene_level_copy_number.v36.tsv",2,2
TCGA-27-1838normal,Simple Nucleotide Variation,Masked Somatic Mutation,33485a89-8af0-43d6-b627-264ac90b9bb9,d522d4cd-533a-4ab0-8095-b7baae2a29a2.wxs.aliquot_ensemble_masked.maf,1,1
TCGA-27-2518normal,Copy Number Variation,Gene Level Copy Number,"6a3928f0-19e5-4c7d-816c-c99f31d118f8,84aaa7c8-7258-4c5c-8782-b13042c53c84","TCGA-GBM.385df857-e594-4d8a-8d15-dfa23aab9dd6.ascat3.gene_level_copy_number.v36.tsv,TCGA-GBM.385df857-e594-4d8a-8d15-dfa23aab9dd6.gene_level_copy_number.v36.tsv",2,2
TCGA-27-2518normal,Simple Nucleotide Variation,Masked Somatic Mutation,21ae3762-ea7b-4b65-adc3-11f8f6406d83,4af3b068-319c-4373-b268-611cd779543c.wxs.aliquot_ensemble_masked.maf,1,1
TCGA-27-2519normal,Copy Number Variation,Gene Level Copy Number,80d4d116-e10a-4337-bd38-0c08c507c98b,TCGA-GBM.283d599c-0177-49b1-9479-af035ba69f8b.gene_level_copy_number.v36.tsv,1,1
TCGA-27-2519normal,Simple Nucleotide Variation,Masked Somatic Mutation,"61f9881e-d373-48b0-b1bf-dada749fa2f8,ef4c96cc-d305-4629-b0da-61aac5772c0b","f3968e28-58a1-4b10-afea-50224b76eaac.wxs.aliquot_ensemble_masked.maf,0c928ffb-97dc-494a-a561-4767787c88c9.wxs.aliquot_ensemble_masked.maf",2,2
TCGA-27-2521normal,Copy Number Variation,Gene Level Copy Number,"40608875-fef4-46b6-98a8-887be760c298,045afb1a-7fc6-4769-bbb5-2b61cbb360ce","TCGA-GBM.2e4a4365-36ca-4a8b-97cc-065b45104229.ascat3.gene_level_copy_number.v36.tsv,TCGA-GBM.2e4a4365-36ca-4a8b-97cc-065b45104229.gene_level_copy_number.v36.tsv",2,2
TCGA-27-2521normal,Simple Nucleotide Variation,Masked Somatic Mutation,"097a9469-48c7-477a-a769-cda7ff93271e,c119d8f6-4bc9-40b5-83c3-6558dc5fe50d","54c8d67b-b00e-4b7e-bdfd-2df730970784.wxs.aliquot_ensemble_masked.maf,f228fe68-6bfd-4b47-861f-cd7f42c2bfb1.wxs.aliquot_ensemble_masked.maf",2,2
TCGA-27-2523normal,Copy Number Variation,Gene Level Copy Number,"db15fcc2-abc8-4cd3-b9fd-37fbe3ea629b,afaceaec-7b66-4361-a8ae-528e8e9614b0","TCGA-GBM.fe104efe-985c-4926-b569-192823e67a53.ascat3.gene_level_copy_number.v36.tsv,TCGA-GBM.fe104efe-985c-4926-b569-192823e67a53.gene_level_copy_number.v36.tsv",2,2
TCGA-27-2523normal,Simple Nucleotide Variation,Masked Somatic Mutation,"95560c2c-9a9c-4cb4-9cdd-50fbd03f3265,d0d495a4-1503-45bc-a683-b9a296c7d3a3","652dc632-2c0f-40de-a07a-8092d4ffc8c5.wxs.aliquot_ensemble_masked.maf,9bcd1c73-f515-4747-89c9-7fcd8e60f502.wxs.aliquot_ensemble_masked.maf",2,2
TCGA-27-2524normal,Copy Number Variation,Gene Level Copy Number,"137871b3-51b2-47f8-87d3-cf149f902315,6acdc000-f7c8-4962-9d6e-6f67dca423d1","TCGA-GBM.c70d7bf6-bd20-4767-a983-9a181b04b16d.ascat3.gene_level_copy_number.v36.tsv,TCGA-GBM.c70d7bf6-bd20-4767-a983-9a181b04b16d.gene_level_copy_number.v36.tsv",2,2
TCGA-27-2524normal,Simple Nucleotide Variation,Masked Somatic Mutation,"a6324d34-baf0-456d-a40d-7f5504e0630d,8bc61d46-10ae-424a-9a1f-bcbb8f72a716","007af1ba-2f9e-4808-85dc-6628c1821e6e.wxs.aliquot_ensemble_masked.maf,96e4e1d5-2200-4c1a-a948-35281595d175.wxs.aliquot_ensemble_masked.maf",2,2
TCGA-27-2526normal,Copy Number Variation,Gene Level Copy Number,"c40d88b6-7f35-430c-a57d-4252fb13e249,2b034783-e421-4324-b9d6-cfef0a734ae6","TCGA-GBM.abde6d94-e76d-43e0-b054-6bfddd815722.ascat3.gene_level_copy_number.v36.tsv,TCGA-GBM.abde6d94-e76d-43e0-b054-6bfddd815722.gene_level_copy_number.v36.tsv",2,2
TCGA-27-2526normal,Simple Nucleotide Variation,Masked Somatic Mutation,"1edcb635-0ddc-4276-b043-50b45971240b,c5e59a22-4518-4085-8316-860c1cbe5f4c","1537dde2-b938-49ba-90a1-b2354d312028.wxs.aliquot_ensemble_masked.maf,d5639c31-34fc-4510-8e26-058fde05e10d.wxs.aliquot_ensemble_masked.maf",2,2
TCGA-27-2527normal,Copy Number Variation,Gene Level Copy Number,"303eef54-eac2-44d1-89fb-afa936ba0347,c34399c3-b23a-4fc0-8631-06361f825f1e","TCGA-GBM.83107810-d7f6-4ff8-80fb-7d96edd86cd8.ascat3.gene_level_copy_number.v36.tsv,TCGA-GBM.83107810-d7f6-4ff8-80fb-7d96edd86cd8.gene_level_copy_number.v36.tsv",2,2
TCGA-27-2527normal,Simple Nucleotide Variation,Masked Somatic Mutation,865ea30d-9fdb-4999-8007-d8e09e639d38,b708502c-5745-4572-9bbb-c7bb3073a170.wxs.aliquot_ensemble_masked.maf,1,1
TCGA-27-2528normal,Copy Number Variation,Gene Level Copy Number,"07454f8f-47b6-45ed-9a71-bcf70bb48a92,0b2f23c2-4062-4e91-b90c-f745f8aab6bd","TCGA-GBM.21655f02-c537-4847-bb9c-f74e319af0d6.ascat3.gene_level_copy_number.v36.tsv,TCGA-GBM.21655f02-c537-4847-bb9c-f74e319af0d6.gene_level_copy_number.v36.tsv",2,2
TCGA-27-2528normal,Simple Nucleotide Variation,Masked Somatic Mutation,"de70eeab-850f-4cce-8695-9159b3cb29ca,4f118894-652d-4ba4-b109-60e741dffc8b","2d278908-6e5f-48d7-a93a-8eecc43b44b7.wxs.aliquot_ensemble_masked.maf,2b42152f-053d-4dae-a61d-715628d40a33.wxs.aliquot_ensemble_masked.maf",2,2
TCGA-28-1746normal,Copy Number Variation,Gene Level Copy Number,"0f6b5fd3-67fd-48ea-9cce-ac56cbc76322,0ca656b1-5fb7-4080-a9a6-a4077feb5d84","TCGA-GBM.b31b8323-78cb-4111-8535-f910fca310c3.ascat3.gene_level_copy_number.v36.tsv,TCGA-GBM.b31b8323-78cb-4111-8535-f910fca310c3.gene_level_copy_number.v36.tsv",2,2
TCGA-28-1746normal,Simple Nucleotide Variation,Masked Somatic Mutation,0bc5b7e8-ccfc-4d56-ab3b-12c25ed87754,bd7a0405-bd5e-4a7b-bd4c-1ad278eaa8cd.wxs.aliquot_ensemble_masked.maf,1,1
TCGA-28-1747normal,Copy Number Variation,Gene Level Copy Number,"9782b9f9-516f-4264-ab86-1d2ca20569f3,b3ae6356-f3f4-48a4-beff-1d31b7075b38","TCGA-GBM.7c10cc13-d1d4-445b-9d6c-e2ea021b3949.ascat3.gene_level_copy_number.v36.tsv,TCGA-GBM.7c10cc13-d1d4-445b-9d6c-e2ea021b3949.gene_level_copy_number.v36.tsv",2,2
TCGA-28-1747normal,Simple Nucleotide Variation,Masked Somatic Mutation,"aa29f2d7-b5fd-4c81-bdce-63df0c102c0c,c6f68649-ee2d-4400-9b02-ae02f705c73a","82efc722-e33e-4724-81d8-7c43600e44da.wxs.aliquot_ensemble_masked.maf,52a02fe9-b4dd-4989-ae83-4423760d8bfe.wxs.aliquot_ensemble_masked.maf",2,2
TCGA-28-1749normal,Copy Number Variation,Gene Level Copy Number,"82ede335-f8f4-4624-bec3-f28d443712d9,92acb1e2-5982-4811-9418-b562d7f0311a","TCGA-GBM.22a60b3d-aa92-4e4a-9307-5abfe0e15bcf.gene_level_copy_number.v36.tsv,TCGA-GBM.22a60b3d-aa92-4e4a-9307-5abfe0e15bcf.ascat3.gene_level_copy_number.v36.tsv",2,2
TCGA-28-1749normal,Simple Nucleotide Variation,Masked Somatic Mutation,1a93ab83-8ce8-4a84-97d2-b7e365fcc227,18526e7a-dc0f-4520-affa-fcf4c5178ca3.wxs.aliquot_ensemble_masked.maf,1,1
TCGA-28-1750normal,Copy Number Variation,Gene Level Copy Number,"dbf40201-3ec6-4ef1-a47e-4711659e9f7a,e3007ac0-74cd-4188-af55-452508d0f771","TCGA-GBM.d851d39c-cee7-4c65-89b3-20d42e1648f0.ascat3.gene_level_copy_number.v36.tsv,TCGA-GBM.d851d39c-cee7-4c65-89b3-20d42e1648f0.gene_level_copy_number.v36.tsv",2,2
TCGA-28-1750normal,Simple Nucleotide Variation,Masked Somatic Mutation,07dd1a69-3283-4bd1-9ce6-c2709c80fd51,fea3d113-f41a-4d77-b6bc-323deacfcaa3.wxs.aliquot_ensemble_masked.maf,1,1
TCGA-28-1751normal,Copy Number Variation,Gene Level Copy Number,"49bde4b7-95c9-4ff4-9a47-7fc88a45b62b,81d053f5-7d91-4258-9708-f3735c8df2a7","TCGA-GBM.90dfa1c5-b13f-4fec-9860-74d5de4e4054.ascat3.gene_level_copy_number.v36.tsv,TCGA-GBM.90dfa1c5-b13f-4fec-9860-74d5de4e4054.gene_level_copy_number.v36.tsv",2,2
TCGA-28-1751normal,Simple Nucleotide Variation,Masked Somatic Mutation,0507efd4-0190-4a86-a47c-9c9b724505d5,5a51f505-77c0-47de-b9e5-1e2e62f4fc33.wxs.aliquot_ensemble_masked.maf,1,1
TCGA-28-1752normal,Copy Number Variation,Gene Level Copy Number,"d10daf21-8b81-402b-9e75-6c6b7cd2f718,a097e85e-4179-4dd2-b562-8e314d8d911f","TCGA-GBM.d1fb5921-a32f-4adc-b4f6-40739cfddbf7.gene_level_copy_number.v36.tsv,TCGA-GBM.d1fb5921-a32f-4adc-b4f6-40739cfddbf7.ascat3.gene_level_copy_number.v36.tsv",2,2
TCGA-28-1752normal,Simple Nucleotide Variation,Masked Somatic Mutation,3a155b4a-5656-4626-b84b-3840d60bc08c,8825138e-a499-4d47-a31d-e9a9236b9ce8.wxs.aliquot_ensemble_masked.maf,1,1
TCGA-28-1753normal,Copy Number Variation,Gene Level Copy Number,"7aa836cd-3ef0-41d6-a36c-76c0c5b57103,f99093e8-2704-4366-8f30-429bfb2f769b","TCGA-GBM.0956c3e3-4e73-4e7f-8c13-2aa853785ea9.ascat3.gene_level_copy_number.v36.tsv,TCGA-GBM.0956c3e3-4e73-4e7f-8c13-2aa853785ea9.gene_level_copy_number.v36.tsv",2,2
TCGA-28-1753normal,Simple Nucleotide Variation,Masked Somatic Mutation,615a2810-bb54-4bac-834e-4a07ed36e1bc,f6ddd668-98e6-43a4-a738-29ae46cce681.wxs.aliquot_ensemble_masked.maf,1,1
TCGA-28-1755normal,Copy Number Variation,Gene Level Copy Number,"b2344308-37ff-4c73-b586-ba215beeaed9,b3b90dda-8cca-4333-94a8-b80509f7df6a","TCGA-GBM.dd0094e7-5d22-430a-83c6-ceccf8a23b1c.gene_level_copy_number.v36.tsv,TCGA-GBM.dd0094e7-5d22-430a-83c6-ceccf8a23b1c.ascat3.gene_level_copy_number.v36.tsv",2,2
TCGA-28-1755normal,Simple Nucleotide Variation,Masked Somatic Mutation,04acaaaf-3c93-4014-afcb-741e5252b563,46dbd757-15b3-49ed-8fdd-f5124b81295e.wxs.aliquot_ensemble_masked.maf,1,1
TCGA-28-1757normal,Copy Number Variation,Gene Level Copy Number,"a5fba3c9-2c8b-48fc-bc57-ee786816a385,52eb8450-f5c5-454a-8fb3-447ffc234d6d","TCGA-GBM.4bd3a625-6624-47be-9bb7-22f87677c141.gene_level_copy_number.v36.tsv,TCGA-GBM.4bd3a625-6624-47be-9bb7-22f87677c141.ascat3.gene_level_copy_number.v36.tsv",2,2
TCGA-28-1757normal,Simple Nucleotide Variation,Masked Somatic Mutation,4d84afad-3610-4dbf-935e-7e2af10887ae,2d94b3c8-ba74-40fa-96ec-14eee4fb4d28.wxs.aliquot_ensemble_masked.maf,1,1
TCGA-28-2501normal,Copy Number Variation,Gene Level Copy Number,"c1dd5b64-fbeb-442a-b684-03fc56d9093b,5fcfe88e-5bdc-40fa-89b3-2e3415a88f2b","TCGA-GBM.42eeadf9-e914-47f0-adf5-f261e42df086.ascat3.gene_level_copy_number.v36.tsv,TCGA-GBM.42eeadf9-e914-47f0-adf5-f261e42df086.gene_level_copy_number.v36.tsv",2,2
TCGA-28-2501normal,Simple Nucleotide Variation,Masked Somatic Mutation,82413c0b-31b3-4a81-b470-ba7c7b1d5c53,8a640c53-08d1-4a5d-9ff2-7b60b9d4213a.wxs.aliquot_ensemble_masked.maf,1,1
TCGA-28-2502normal,Copy Number Variation,Gene Level Copy Number,"44d9ad43-9716-40a2-8c69-4e204dee632a,9dc2c834-305c-49d9-8318-898e475089a8","TCGA-GBM.0ef2f076-bed6-40f8-a5bf-cda972f6409d.ascat3.gene_level_copy_number.v36.tsv,TCGA-GBM.0ef2f076-bed6-40f8-a5bf-cda972f6409d.gene_level_copy_number.v36.tsv",2,2
TCGA-28-2502normal,Simple Nucleotide Variation,Masked Somatic Mutation,"8e9c7c74-8713-4244-adfa-11f7f9054754,27aa82e2-0a8c-43c0-bc89-9f071cce278c","09db0a0a-1140-4f0a-9543-136a626e688c.wxs.aliquot_ensemble_masked.maf,64ddff72-37c7-45d2-b8f1-8c6bca7cf166.wxs.aliquot_ensemble_masked.maf",2,2
TCGA-28-2509normal,Copy Number Variation,Gene Level Copy Number,"f689033a-21fb-451b-8761-674383bff3bd,5b445c70-7fd4-4817-a0d5-29ea2f9316bf","TCGA-GBM.d9f83ed0-97a4-4dc8-93ce-637f1c6219e0.gene_level_copy_number.v36.tsv,TCGA-GBM.d9f83ed0-97a4-4dc8-93ce-637f1c6219e0.ascat3.gene_level_copy_number.v36.tsv",2,2
TCGA-28-2509normal,Simple Nucleotide Variation,Masked Somatic Mutation,"0493f571-b732-4f33-9c57-b9b5762e7da1,fa27a283-77da-4e5b-9d9a-91c53144172c","ac21aa37-79a1-4021-a20e-5ac69bb0b961.wxs.aliquot_ensemble_masked.maf,2694e246-85e8-4ee0-b8b7-c322fd855b84.wxs.aliquot_ensemble_masked.maf",2,2
TCGA-28-2510normal,Copy Number Variation,Gene Level Copy Number,"ab4fc3c8-1061-40ea-af93-d4705e3a9879,b9f32fb9-2c9a-49fc-9b14-7267e9d84b44","TCGA-GBM.d76b9192-75e0-4882-a883-d69cad8e3e72.gene_level_copy_number.v36.tsv,TCGA-GBM.d76b9192-75e0-4882-a883-d69cad8e3e72.ascat3.gene_level_copy_number.v36.tsv",2,2
TCGA-28-2510normal,Simple Nucleotide Variation,Masked Somatic Mutation,ecda772b-48b7-49d8-92c1-6248a72f9454,07e0242f-839c-4aca-b4db-da36d2773bf1.wxs.aliquot_ensemble_masked.maf,1,1
TCGA-28-2513normal,Copy Number Variation,Gene Level Copy Number,"59e4e086-c90d-4bba-99c1-60c6268739f3,f8733c97-bbac-42d8-bd5f-06e3cfb312dc","TCGA-GBM.7d6936e7-0750-4265-962c-36bb3de652af.ascat3.gene_level_copy_number.v36.tsv,TCGA-GBM.7d6936e7-0750-4265-962c-36bb3de652af.gene_level_copy_number.v36.tsv",2,2
TCGA-28-2513normal,Simple Nucleotide Variation,Masked Somatic Mutation,"bf9d54fb-5e3d-4d5e-b978-469a3d08ebf9,e4ff48bd-6763-4932-bd57-61c9f885765a","55e23755-6dfe-4c56-86bd-01615172a7d2.wxs.aliquot_ensemble_masked.maf,dcf505f8-8a82-4885-a66f-449052999f42.wxs.aliquot_ensemble_masked.maf",2,2
TCGA-28-2514normal,Copy Number Variation,Gene Level Copy Number,"c7557839-8f0f-4763-8884-89dcc0664d30,e19233f5-ada3-4da4-812a-ed996ec89baf","TCGA-GBM.28cd2973-b37c-468d-88d9-f1b8cf461ed6.ascat3.gene_level_copy_number.v36.tsv,TCGA-GBM.28cd2973-b37c-468d-88d9-f1b8cf461ed6.gene_level_copy_number.v36.tsv",2,2
TCGA-28-2514normal,Simple Nucleotide Variation,Masked Somatic Mutation,"c2ba3a0e-2743-4e83-be36-2350e30e62ff,b4df06fc-288f-4ba3-a17b-8f278bcff1f6","20faedeb-edd0-427c-8f6c-95b2c66d2818.wxs.aliquot_ensemble_masked.maf,f6ba96d8-8336-4caa-8909-e604e16fc14e.wxs.aliquot_ensemble_masked.maf",2,2
TCGA-28-5204normal,Copy Number Variation,Gene Level Copy Number,"463e40ae-9bc5-4791-8cd8-004b9be0d327,b61d1a00-1591-4252-802f-e19229b2d850","TCGA-GBM.fac7db1b-ed4b-4fea-88f5-1bf67402622c.ascat3.gene_level_copy_number.v36.tsv,TCGA-GBM.fac7db1b-ed4b-4fea-88f5-1bf67402622c.gene_level_copy_number.v36.tsv",2,2
TCGA-28-5204normal,Simple Nucleotide Variation,Masked Somatic Mutation,cbffd96e-9ca7-4dea-be05-52fe81ada415,2be04985-fe5b-4d9d-ac2b-57c9e96aa6be.wxs.aliquot_ensemble_masked.maf,1,1
TCGA-28-5208normal,Copy Number Variation,Gene Level Copy Number,"3ccc8ae9-fe4b-4528-89e9-2cc6c7f05ecc,e5206aa3-0346-45b3-b788-d08861477791","TCGA-GBM.726e7157-ca54-4ae4-b85e-0b6fbf96ceb6.gene_level_copy_number.v36.tsv,TCGA-GBM.726e7157-ca54-4ae4-b85e-0b6fbf96ceb6.ascat3.gene_level_copy_number.v36.tsv",2,2
TCGA-28-5208normal,Simple Nucleotide Variation,Masked Somatic Mutation,4ebacb5d-3778-4923-b871-b1ce7a849bdf,1bc4fe25-5368-486b-b3b2-c64f03a58d6d.wxs.aliquot_ensemble_masked.maf,1,1
TCGA-28-5209normal,Copy Number Variation,Gene Level Copy Number,"4f27a2d8-2b37-4616-9f1f-536cf7451b72,551701ab-302c-4770-b0a5-bca7be9cf1c9","TCGA-GBM.069effeb-0751-47d7-9b3a-554e9dcef494.ascat3.gene_level_copy_number.v36.tsv,TCGA-GBM.069effeb-0751-47d7-9b3a-554e9dcef494.gene_level_copy_number.v36.tsv",2,2
TCGA-28-5209normal,Simple Nucleotide Variation,Masked Somatic Mutation,f5ea864b-48c9-48f1-b05b-076377bc0b48,98209cc6-a517-47eb-a5e0-53dfbac9b6fe.wxs.aliquot_ensemble_masked.maf,1,1
TCGA-28-5211normal,Copy Number Variation,Gene Level Copy Number,"704be3ec-6b4c-4b62-ab5c-b4f948098dde,e671b54d-1227-437f-9269-f7ac54752f49","TCGA-GBM.d7952024-0ad2-4221-bfab-e9b32b2137dc.gene_level_copy_number.v36.tsv,TCGA-GBM.d7952024-0ad2-4221-bfab-e9b32b2137dc.ascat3.gene_level_copy_number.v36.tsv",2,2
TCGA-28-5211normal,Simple Nucleotide Variation,Masked Somatic Mutation,4c1a7bd3-c494-4c79-acc1-9bab05524d9c,d48389e4-d62d-40ab-b7de-9f24a15d1f8f.wxs.aliquot_ensemble_masked.maf,1,1
TCGA-28-5213normal,Copy Number Variation,Gene Level Copy Number,"201c5c62-79ff-4bae-9106-54d98fb6eb4f,52c7227f-1bb4-4639-94ad-9b721d08be15","TCGA-GBM.8d66447c-2dc7-4156-aaeb-018edcc2adc3.ascat3.gene_level_copy_number.v36.tsv,TCGA-GBM.8d66447c-2dc7-4156-aaeb-018edcc2adc3.gene_level_copy_number.v36.tsv",2,2
TCGA-28-5213normal,Simple Nucleotide Variation,Masked Somatic Mutation,48fc7957-a80c-484e-a1af-f6ac751a870a,1cdbdb5d-22f8-429a-93cb-2ededc14fd68.wxs.aliquot_ensemble_masked.maf,1,1
TCGA-28-5214normal,Copy Number Variation,Gene Level Copy Number,"0038124b-a518-40f5-92b7-524632eb6d8c,be1cf4b7-63e5-428e-b374-812481fdf285","TCGA-GBM.b0cb2c90-240e-430a-bd51-4338eb666b26.gene_level_copy_number.v36.tsv,TCGA-GBM.b0cb2c90-240e-430a-bd51-4338eb666b26.ascat3.gene_level_copy_number.v36.tsv",2,2
TCGA-28-5214normal,Simple Nucleotide Variation,Masked Somatic Mutation,d21805b6-f571-42e2-ada1-4bbb8d85a143,cfebbdbd-f68d-42f6-a747-6e94d999aa40.wxs.aliquot_ensemble_masked.maf,1,1
TCGA-28-5215normal,Copy Number Variation,Gene Level Copy Number,"9dc7fd65-496b-43f3-ba45-7cd7dad36477,4aa48e98-b807-4d56-be4a-52997ea36110","TCGA-GBM.bab3ca51-e202-4813-b848-a903c1fede97.ascat3.gene_level_copy_number.v36.tsv,TCGA-GBM.bab3ca51-e202-4813-b848-a903c1fede97.gene_level_copy_number.v36.tsv",2,2
TCGA-28-5215normal,Simple Nucleotide Variation,Masked Somatic Mutation,e5d8e2ad-ee3d-4a33-95ce-a6facf515968,a42e4a06-93c9-45f7-af9b-8f57b817314c.wxs.aliquot_ensemble_masked.maf,1,1
TCGA-28-5216normal,Copy Number Variation,Gene Level Copy Number,"ec1a9fc3-1bac-4626-acb5-82add7df8725,afeb4f05-b281-4428-ad89-29b4427ac2d1","TCGA-GBM.6e5fa796-79e8-42a3-a5ee-7cd43885faa0.ascat3.gene_level_copy_number.v36.tsv,TCGA-GBM.6e5fa796-79e8-42a3-a5ee-7cd43885faa0.gene_level_copy_number.v36.tsv",2,2
TCGA-28-5216normal,Simple Nucleotide Variation,Masked Somatic Mutation,ca16ba46-fd07-4438-991c-7dd08efec0e7,8e905276-6586-4913-bcfc-4becd8cac17f.wxs.aliquot_ensemble_masked.maf,1,1
TCGA-28-5218normal,Copy Number Variation,Gene Level Copy Number,"3e46c98b-07ad-4d38-9310-597a3d53c700,d47cb250-a34d-4aa4-bac0-8a0e01dd54d8","TCGA-GBM.e154e046-f2c8-4913-9b31-f6c7cecf06e3.gene_level_copy_number.v36.tsv,TCGA-GBM.e154e046-f2c8-4913-9b31-f6c7cecf06e3.ascat3.gene_level_copy_number.v36.tsv",2,2
TCGA-28-5218normal,Simple Nucleotide Variation,Masked Somatic Mutation,4000d8fa-3f11-4a3e-9eff-8a020db39ecf,1af0efcc-39f9-45d0-ade4-d390e2363a28.wxs.aliquot_ensemble_masked.maf,1,1
TCGA-28-5219normal,Copy Number Variation,Gene Level Copy Number,"001527b6-38fd-4461-b8b4-385b95252c74,4f1f4cde-48ac-4f28-b0a4-ba5788443526","TCGA-GBM.7589a74c-cccb-4195-bfa4-a4ec46dde759.ascat3.gene_level_copy_number.v36.tsv,TCGA-GBM.7589a74c-cccb-4195-bfa4-a4ec46dde759.gene_level_copy_number.v36.tsv",2,2
TCGA-28-5219normal,Simple Nucleotide Variation,Masked Somatic Mutation,90d0cbc4-ce38-47ce-a99d-2f3021aee987,993f453f-4ec6-44bb-9390-c729d9fa63f4.wxs.aliquot_ensemble_masked.maf,1,1
TCGA-28-5220normal,Copy Number Variation,Gene Level Copy Number,"52931ef7-ce74-4c7b-bae0-d8ec525128ba,5b301aed-3e7c-4495-9ae8-7aa7d8cc1b61","TCGA-GBM.400c497f-cd15-4573-90ca-565cfac725bb.ascat3.gene_level_copy_number.v36.tsv,TCGA-GBM.400c497f-cd15-4573-90ca-565cfac725bb.gene_level_copy_number.v36.tsv",2,2
TCGA-28-5220normal,Simple Nucleotide Variation,Masked Somatic Mutation,1e9d3a4f-b9dd-4d02-94e5-d57ad695fed6,4efe72bc-0ad6-41ef-886e-7fe838f092cd.wxs.aliquot_ensemble_masked.maf,1,1
TCGA-28-6450normal,Copy Number Variation,Gene Level Copy Number,"fdba3ce5-a8fc-4625-9d8f-c3c263a5c7d6,727295db-3228-4eb0-947b-cc2448c28816","TCGA-GBM.022234bf-b9c1-4bb7-8281-e11112239ae4.ascat3.gene_level_copy_number.v36.tsv,TCGA-GBM.022234bf-b9c1-4bb7-8281-e11112239ae4.gene_level_copy_number.v36.tsv",2,2
TCGA-28-6450normal,Simple Nucleotide Variation,Masked Somatic Mutation,fa5c54fa-00e6-45e8-b53b-65e61f4720bd,951b1e71-b89b-4b59-8cb2-89721e09921f.wxs.aliquot_ensemble_masked.maf,1,1
TCGA-32-1970normal,Copy Number Variation,Gene Level Copy Number,"3c203b3a-af0e-4a60-ad82-4292e682444d,a86e9576-402a-46fe-b1d3-65257abf5058","TCGA-GBM.835361d0-0117-4bd9-8f4f-c25957b7993a.gene_level_copy_number.v36.tsv,TCGA-GBM.835361d0-0117-4bd9-8f4f-c25957b7993a.ascat3.gene_level_copy_number.v36.tsv",2,2
TCGA-32-1970normal,Simple Nucleotide Variation,Masked Somatic Mutation,"38c3188d-6a13-404e-8c41-0f11ff3a8fe3,85d307c7-1f44-48f2-8905-208394d4eb88","678cf775-123d-4229-a7ac-44db20336bbb.wxs.aliquot_ensemble_masked.maf,80f639be-3085-412e-9181-ff237409b913.wxs.aliquot_ensemble_masked.maf",2,2
TCGA-32-1976normal,Copy Number Variation,Gene Level Copy Number,"9c01b108-c658-4c1c-a151-ef02b899e682,2b3df484-5ce7-4ed8-92fb-feaeaefbe71d","TCGA-GBM.e6fbe6be-b3a7-4838-8552-2aee3cdc6e99.ascat3.gene_level_copy_number.v36.tsv,TCGA-GBM.e6fbe6be-b3a7-4838-8552-2aee3cdc6e99.gene_level_copy_number.v36.tsv",2,2
TCGA-32-1976normal,Simple Nucleotide Variation,Masked Somatic Mutation,a489e954-de4b-4be5-8805-2e81fb3f2652,dc58eec8-f202-4627-ba98-eb6de9f4eaf3.wxs.aliquot_ensemble_masked.maf,1,1
TCGA-32-1977normal,Copy Number Variation,Gene Level Copy Number,"9a548151-03c9-4583-ac4b-3c775d21eb3e,e7533935-83b6-4d8f-b6be-72946dca95df","TCGA-GBM.745c4098-600d-4d20-9202-3b9afa79f199.ascat3.gene_level_copy_number.v36.tsv,TCGA-GBM.745c4098-600d-4d20-9202-3b9afa79f199.gene_level_copy_number.v36.tsv",2,2
TCGA-32-1977normal,Simple Nucleotide Variation,Masked Somatic Mutation,4de58545-568a-4f9b-ae77-c9a5b9bc6161,8923fe02-13ea-4999-b3a9-a78aa1ef2b56.wxs.aliquot_ensemble_masked.maf,1,1
TCGA-32-1979normal,Copy Number Variation,Gene Level Copy Number,"254b9489-ca59-43a6-9853-30d25916cf2c,d93f5af1-082a-4d3b-9d3a-b2be4383494d","TCGA-GBM.3d70d429-6dac-4697-9331-e462fbf5d0bc.gene_level_copy_number.v36.tsv,TCGA-GBM.3d70d429-6dac-4697-9331-e462fbf5d0bc.ascat3.gene_level_copy_number.v36.tsv",2,2
TCGA-32-1979normal,Simple Nucleotide Variation,Masked Somatic Mutation,b29551e7-e05c-4a3b-b65d-2df3535bf0a4,cbf689a7-4cf1-4eac-8d7a-cef2cfe1808f.wxs.aliquot_ensemble_masked.maf,1,1
TCGA-32-1980normal,Copy Number Variation,Gene Level Copy Number,"e5b8f3c9-78e5-4285-9294-ee61d517e874,2aa9cff6-ee60-44f4-84bd-2eded0d1553a","TCGA-GBM.5a822b7f-89ba-42a5-9e7a-3bcd7ea0f9ef.ascat3.gene_level_copy_number.v36.tsv,TCGA-GBM.5a822b7f-89ba-42a5-9e7a-3bcd7ea0f9ef.gene_level_copy_number.v36.tsv",2,2
TCGA-32-1980normal,Simple Nucleotide Variation,Masked Somatic Mutation,aff5eda3-29ea-41ad-9867-8f97b83593fa,538ae17a-0dac-4a9e-a939-2474040310c9.wxs.aliquot_ensemble_masked.maf,1,1
TCGA-32-1982normal,Copy Number Variation,Gene Level Copy Number,"f654620d-fbae-4c21-949c-526a12c8c253,ef9ed9e8-65fd-4340-90e2-4edad8322444","TCGA-GBM.b3dc6b32-481a-4817-9b26-696e0b2e6c01.ascat3.gene_level_copy_number.v36.tsv,TCGA-GBM.b3dc6b32-481a-4817-9b26-696e0b2e6c01.gene_level_copy_number.v36.tsv",2,2
TCGA-32-1982normal,Simple Nucleotide Variation,Masked Somatic Mutation,"1be61e71-4eca-4251-84d1-b5eea0c61be0,e4073a90-f543-4905-a94a-1186af54ab91","f2aad44d-2fce-405d-a592-8f1697c625bb.wxs.aliquot_ensemble_masked.maf,ada864d1-82e2-46da-9db8-339aa1c830de.wxs.aliquot_ensemble_masked.maf",2,2
TCGA-32-1986normal,Copy Number Variation,Gene Level Copy Number,"0c2a80a8-cbf5-415a-883d-ea11c90640ae,5211ea75-a4d2-4c3a-aee1-de6413b427ba","TCGA-GBM.cc082824-163d-4c1f-9327-049723244818.ascat3.gene_level_copy_number.v36.tsv,TCGA-GBM.cc082824-163d-4c1f-9327-049723244818.gene_level_copy_number.v36.tsv",2,2
TCGA-32-1986normal,Simple Nucleotide Variation,Masked Somatic Mutation,5dadaf79-98f2-45ed-a944-62df84b9ce8f,10ba1ef7-3c38-4d74-9d96-c0d0599ab16e.wxs.aliquot_ensemble_masked.maf,1,1
TCGA-32-1991normal,Copy Number Variation,Gene Level Copy Number,"bc33f209-6bfc-44e9-89e7-5b501a77745c,0af729d0-0563-43ea-ba48-71489bdecf58","TCGA-GBM.840c2647-dda1-4398-a56e-b0ece6016ad1.gene_level_copy_number.v36.tsv,TCGA-GBM.840c2647-dda1-4398-a56e-b0ece6016ad1.ascat3.gene_level_copy_number.v36.tsv",2,2
TCGA-32-1991normal,Simple Nucleotide Variation,Masked Somatic Mutation,10c42f7f-29aa-4e20-ba4a-b19d807ef40e,21b9f3ba-edcc-4640-9ddd-e8f60ec456f3.wxs.aliquot_ensemble_masked.maf,1,1
TCGA-32-2491normal,Copy Number Variation,Gene Level Copy Number,"4f537eb8-3b22-4a8c-baca-33432b3b2fdf,c1f17404-e3aa-421b-901a-5d159c10bac6","TCGA-GBM.09a4b6c0-e0fb-4eda-a19f-62316d247f5f.ascat3.gene_level_copy_number.v36.tsv,TCGA-GBM.09a4b6c0-e0fb-4eda-a19f-62316d247f5f.gene_level_copy_number.v36.tsv",2,2
TCGA-32-2491normal,Simple Nucleotide Variation,Masked Somatic Mutation,29ee4dcc-2384-4803-8b68-3d6c43721a72,9c0e5a26-431b-4de8-bf5d-2c3da58eb123.wxs.aliquot_ensemble_masked.maf,1,1
TCGA-32-2494normal,Copy Number Variation,Gene Level Copy Number,"5036069f-ee24-4db4-b3a0-65e893f41e14,7a5ae23a-2f8f-41de-b43d-709800b04335","TCGA-GBM.2d090751-6840-491c-9d3a-0a701ab8a540.ascat3.gene_level_copy_number.v36.tsv,TCGA-GBM.2d090751-6840-491c-9d3a-0a701ab8a540.gene_level_copy_number.v36.tsv",2,2
TCGA-32-2494normal,Simple Nucleotide Variation,Masked Somatic Mutation,495ce163-b509-443b-b0f9-5c8881d7adcc,b4af4316-4453-40e9-8176-041950968adc.wxs.aliquot_ensemble_masked.maf,1,1
TCGA-32-2495normal,Copy Number Variation,Gene Level Copy Number,"3d2b4f8f-5779-4545-91ee-67cb67106b0f,e0b4f81f-d31e-48a4-8cfe-24bdf178d291","TCGA-GBM.8cb365ea-15e2-4ae9-af56-e1125a13aa9b.ascat3.gene_level_copy_number.v36.tsv,TCGA-GBM.8cb365ea-15e2-4ae9-af56-e1125a13aa9b.gene_level_copy_number.v36.tsv",2,2
TCGA-32-2495normal,Simple Nucleotide Variation,Masked Somatic Mutation,ca831040-5eef-4f3b-aef4-5f84f247cd6a,1f07cbd4-e922-4868-924f-9d7a90e25a14.wxs.aliquot_ensemble_masked.maf,1,1
TCGA-32-2615normal,Copy Number Variation,Gene Level Copy Number,"3a0211bb-9f74-4a39-85e0-7d74d9abc899,c4b43db8-a22c-4d50-991a-e7d21ab23499","TCGA-GBM.281a9a7f-46c3-4571-8096-2ec6c30bfd95.ascat3.gene_level_copy_number.v36.tsv,TCGA-GBM.281a9a7f-46c3-4571-8096-2ec6c30bfd95.gene_level_copy_number.v36.tsv",2,2
TCGA-32-2615normal,Simple Nucleotide Variation,Masked Somatic Mutation,23d5c028-39f9-4bb5-8c18-377439391823,a945715a-2885-45ce-95d9-cb584135bc32.wxs.aliquot_ensemble_masked.maf,1,1
TCGA-32-2616normal,Copy Number Variation,Gene Level Copy Number,"ce5bb0ff-e59c-4616-86f0-b2bc62178c23,3a378ed5-a790-4507-849f-41cb3ae6ca2e","TCGA-GBM.8393e100-52dc-4a26-928f-176b4effac8e.gene_level_copy_number.v36.tsv,TCGA-GBM.8393e100-52dc-4a26-928f-176b4effac8e.ascat3.gene_level_copy_number.v36.tsv",2,2
TCGA-32-2616normal,Simple Nucleotide Variation,Masked Somatic Mutation,"cd21f58c-a710-48b5-b69b-788575d80a33,4f4c30a2-cc49-4993-b861-8a1c3c38020f","cea315c0-f8cb-4964-ba21-495860c70a90.wxs.aliquot_ensemble_masked.maf,fe3892db-076d-4223-b60e-5613e10bdd7e.wxs.aliquot_ensemble_masked.maf",2,2
TCGA-32-2632normal,Copy Number Variation,Gene Level Copy Number,"422cf267-27d9-464b-838c-a644924a9fb5,4453d3a5-6dcb-4f1f-87b0-0130c4a02715","TCGA-GBM.b9da9afd-281b-4bef-9b3a-c73d62b92a2b.gene_level_copy_number.v36.tsv,TCGA-GBM.b9da9afd-281b-4bef-9b3a-c73d62b92a2b.ascat3.gene_level_copy_number.v36.tsv",2,2
TCGA-32-2632normal,Simple Nucleotide Variation,Masked Somatic Mutation,"4bdd25b1-f5b8-4b6b-8acd-d44154ae44bf,5971903c-b88a-4848-bd4a-47ed0347e8a3","6882e93d-e5fc-4c7d-839c-69c06d3e2cc0.wxs.aliquot_ensemble_masked.maf,6a79847e-bccf-4b79-83f0-d17f78f6ef80.wxs.aliquot_ensemble_masked.maf",2,2
TCGA-32-2634normal,Copy Number Variation,Gene Level Copy Number,"fb471f0f-3c17-4ddf-a780-89ba99eae8af,01526a76-b7ef-4e3b-bd09-f584536858df","TCGA-GBM.715b6729-998b-4b77-bf3e-11ea23983f06.ascat3.gene_level_copy_number.v36.tsv,TCGA-GBM.715b6729-998b-4b77-bf3e-11ea23983f06.gene_level_copy_number.v36.tsv",2,2
TCGA-32-2634normal,Simple Nucleotide Variation,Masked Somatic Mutation,"b42cf2f6-b675-45e2-9f0a-5a9a0f836c92,b3d93020-5118-4a15-9f91-c6923819ecfb","f8460247-2bf9-4107-b1f4-d6048ec700b1.wxs.aliquot_ensemble_masked.maf,c1305e87-ff06-4f68-a7d4-6a20669e914a.wxs.aliquot_ensemble_masked.maf",2,2
TCGA-32-2638normal,Copy Number Variation,Gene Level Copy Number,"bcdb2f54-0b3e-4ed5-9233-9c73c6cfdcc2,fe8d7ff6-50d2-4475-923d-f508fabee1f5","TCGA-GBM.57fffd68-6e65-4b10-bc61-265cbf31da22.ascat3.gene_level_copy_number.v36.tsv,TCGA-GBM.57fffd68-6e65-4b10-bc61-265cbf31da22.gene_level_copy_number.v36.tsv",2,2
TCGA-32-2638normal,Simple Nucleotide Variation,Masked Somatic Mutation,"6bdda52a-52a2-4147-bd6f-f7c86ede2a88,923df8d2-fcdb-4596-9132-f72b2ff913aa","8d2548fd-ee8b-409b-8efb-16334d62c1c7.wxs.aliquot_ensemble_masked.maf,e12479f8-f010-4c9e-b81e-bf461f82b25f.wxs.aliquot_ensemble_masked.maf",2,2
TCGA-32-4208normal,Copy Number Variation,Gene Level Copy Number,"d459a4ac-d222-4b4f-9330-60feb9ca19b8,f27f30db-e0fa-45f6-aa68-f448fc716f0f","TCGA-GBM.553875c1-aea5-4766-801e-c3279f58cf11.ascat3.gene_level_copy_number.v36.tsv,TCGA-GBM.553875c1-aea5-4766-801e-c3279f58cf11.gene_level_copy_number.v36.tsv",2,2
TCGA-32-4208normal,Simple Nucleotide Variation,Masked Somatic Mutation,cebdfb08-9319-42df-942f-bee38568fc06,e7b4623b-2833-47d5-afe7-e99e854e4870.wxs.aliquot_ensemble_masked.maf,1,1
TCGA-32-4209normal,Copy Number Variation,Gene Level Copy Number,1f711c85-e607-41cc-adfb-b6ca26cd9710,TCGA-GBM.c9e50eda-f288-4539-81ec-65a0a1514f7d.ascat3.gene_level_copy_number.v36.tsv,1,1
TCGA-32-4209normal,Simple Nucleotide Variation,Masked Somatic Mutation,7cbef184-20d5-4055-815d-78c5e20e9e32,5a641951-43d9-428c-9b7d-892b318474e1.wxs.aliquot_ensemble_masked.maf,1,1
TCGA-32-4211normal,Copy Number Variation,Gene Level Copy Number,"32526a41-cc31-4314-bcca-28f1aeab47ae,1d4d1e65-3aa5-447a-a344-a74c892b9d41","TCGA-GBM.1a6f1433-fdfe-4c7e-b8c0-7ad4e781de45.gene_level_copy_number.v36.tsv,TCGA-GBM.1a6f1433-fdfe-4c7e-b8c0-7ad4e781de45.ascat3.gene_level_copy_number.v36.tsv",2,2
TCGA-32-4211normal,Simple Nucleotide Variation,Masked Somatic Mutation,e1990526-90a1-446a-adc8-c0f49db04bd7,c357ccc6-d115-481a-9e8d-4f3c2ba17d94.wxs.aliquot_ensemble_masked.maf,1,1
TCGA-32-4213normal,Copy Number Variation,Gene Level Copy Number,"2ddd9ae3-c6c5-4b66-a761-4e6686dd41f5,446bc542-5146-4b4a-a83e-3b0ee996f31f","TCGA-GBM.41ec4d92-2afa-4153-a8eb-05a2df5fe503.gene_level_copy_number.v36.tsv,TCGA-GBM.41ec4d92-2afa-4153-a8eb-05a2df5fe503.ascat3.gene_level_copy_number.v36.tsv",2,2
TCGA-32-4213normal,Simple Nucleotide Variation,Masked Somatic Mutation,95811b8d-1aff-4820-a9a2-5c04fa566754,0bd0a1e8-69c9-4f98-aca8-99babc93d442.wxs.aliquot_ensemble_masked.maf,1,1
TCGA-32-5222normal,Copy Number Variation,Gene Level Copy Number,"951798e4-821a-44c8-a25f-78802e7f0c38,39c27b24-0e4c-41b7-8797-1b9b4f002291","TCGA-GBM.6807d99a-fd5e-49ff-9ced-70ce8d670d14.ascat3.gene_level_copy_number.v36.tsv,TCGA-GBM.6807d99a-fd5e-49ff-9ced-70ce8d670d14.gene_level_copy_number.v36.tsv",2,2
TCGA-32-5222normal,Simple Nucleotide Variation,Masked Somatic Mutation,5a6289cb-5343-41ad-a992-05a5e3314a0a,3a08d135-53cd-44de-8012-f2a0d9ac68a5.wxs.aliquot_ensemble_masked.maf,1,1
TCGA-41-2571normal,Copy Number Variation,Gene Level Copy Number,"ad466ca6-cbd1-4db0-914a-505e52ec16db,a0f3ec8e-7b3f-4d15-88f7-3567a32dc54d","TCGA-GBM.41b29781-79e5-446c-89d2-39c565d48402.gene_level_copy_number.v36.tsv,TCGA-GBM.41b29781-79e5-446c-89d2-39c565d48402.ascat3.gene_level_copy_number.v36.tsv",2,2
TCGA-41-2571normal,Simple Nucleotide Variation,Masked Somatic Mutation,"178c6e9c-d5d9-42fb-b91a-ac6f83acafaa,6b46c429-8a24-4156-ba12-66d592b83c97","f38fd65b-4d7b-4ecc-9957-459470d33a79.wxs.aliquot_ensemble_masked.maf,ce963d1d-e793-4f33-8adf-a39869d12632.wxs.aliquot_ensemble_masked.maf",2,2
TCGA-41-2572normal,Copy Number Variation,Gene Level Copy Number,"a88dfbcb-885f-464d-b9df-8900119e8817,8213210d-f834-441e-b22d-dd2a98911bab","TCGA-GBM.369bd9e1-189d-4745-9d18-bba6fa5529c2.gene_level_copy_number.v36.tsv,TCGA-GBM.369bd9e1-189d-4745-9d18-bba6fa5529c2.ascat3.gene_level_copy_number.v36.tsv",2,2
TCGA-41-2572normal,Simple Nucleotide Variation,Masked Somatic Mutation,ba3d4162-e515-4791-8370-ddadef99e1bf,dcd954e1-9cbc-409a-aec8-059a45a866bb.wxs.aliquot_ensemble_masked.maf,1,1
TCGA-41-2573normal,Copy Number Variation,Gene Level Copy Number,"407762ab-8f9a-44b4-9757-c0cc986fa2df,3839a7b8-ef1c-4e65-9bc6-815b84d1ea4f","TCGA-GBM.653f25b8-b69c-4842-8a5f-44a9d7942afa.ascat3.gene_level_copy_number.v36.tsv,TCGA-GBM.653f25b8-b69c-4842-8a5f-44a9d7942afa.gene_level_copy_number.v36.tsv",2,2
TCGA-41-2573normal,Simple Nucleotide Variation,Masked Somatic Mutation,"26c6704d-5e59-466d-b324-b4bc239794a8,06328477-271c-466a-8f9b-ca227b31ce1b","6f6952d2-d8cd-49d3-b6c8-56e1642af6a0.wxs.aliquot_ensemble_masked.maf,478d2cb4-bb02-4514-a8ec-b64e0de01aaf.wxs.aliquot_ensemble_masked.maf",2,2
TCGA-41-2575normal,Copy Number Variation,Gene Level Copy Number,411cfc00-53ed-4ee9-9288-e339335ef865,TCGA-GBM.6294564c-d0e3-4274-a160-2d81096980f7.gene_level_copy_number.v36.tsv,1,1
TCGA-41-2575normal,Simple Nucleotide Variation,Masked Somatic Mutation,"322b687e-d4fa-4487-b59e-463c87d336f4,9d535616-d2a2-443a-bc0f-e496a23e387f","f5ed4d0e-dd93-4225-995b-72912ea8ebdb.wxs.aliquot_ensemble_masked.maf,44097934-ee93-43f3-8fbe-6c26c5df27d6.wxs.aliquot_ensemble_masked.maf",2,2
TCGA-41-3392normal,Copy Number Variation,Gene Level Copy Number,"7ce04d9e-5d17-4016-b6e5-f1c347294e16,e7c884eb-1e1c-4de6-87d8-bbbc997136c2","TCGA-GBM.e06b14d1-630d-4a78-a44e-77c673f475f4.gene_level_copy_number.v36.tsv,TCGA-GBM.e06b14d1-630d-4a78-a44e-77c673f475f4.ascat3.gene_level_copy_number.v36.tsv",2,2
TCGA-41-3392normal,Simple Nucleotide Variation,Masked Somatic Mutation,"c99ec1f7-f635-4de5-8abc-8d7a790f6944,55a52a05-a004-49d1-8518-f93777499ea1","369cd3db-918b-4cb1-9727-a273540c45d2.wxs.aliquot_ensemble_masked.maf,556f0e03-803d-42bb-9767-ac5db974666c.wxs.aliquot_ensemble_masked.maf",2,2
TCGA-41-3393normal,Copy Number Variation,Gene Level Copy Number,"8c9955bf-10d1-4ecd-9751-f3dd081cfbd1,ed8e7d4e-409c-45b1-b31a-f91018c24d77","TCGA-GBM.1db553ca-f693-4f6c-9caf-29709a65f3c6.ascat3.gene_level_copy_number.v36.tsv,TCGA-GBM.1db553ca-f693-4f6c-9caf-29709a65f3c6.gene_level_copy_number.v36.tsv",2,2
TCGA-41-3393normal,Simple Nucleotide Variation,Masked Somatic Mutation,388b3879-6f72-43e3-b4a5-19309808fbe4,e15cc281-464b-4306-bf0f-df2e7b325898.wxs.aliquot_ensemble_masked.maf,1,1
TCGA-41-3915normal,Copy Number Variation,Gene Level Copy Number,"a280ed2e-ae96-4d9b-8f01-781e5a023171,d608f38d-0ef0-43ac-86cd-090504576ac9","TCGA-GBM.ed02a29d-d035-462c-8f75-dd24ffadee4a.gene_level_copy_number.v36.tsv,TCGA-GBM.ed02a29d-d035-462c-8f75-dd24ffadee4a.ascat3.gene_level_copy_number.v36.tsv",2,2
TCGA-41-3915normal,Simple Nucleotide Variation,Masked Somatic Mutation,b918ab6e-cfec-40e8-af6e-fdaabfe04148,e8e9bffb-5d56-4056-a06a-37267226a621.wxs.aliquot_ensemble_masked.maf,1,1
TCGA-41-4097normal,Copy Number Variation,Gene Level Copy Number,97708cc1-b199-475c-a856-d5c43a77e971,TCGA-GBM.279a6213-344f-4871-85b0-913b99c11dd7.gene_level_copy_number.v36.tsv,1,1
TCGA-41-4097normal,Simple Nucleotide Variation,Masked Somatic Mutation,33952b8e-74d7-483c-b84b-4b71a9cc586c,b18fa80c-de7e-41ac-a3a6-bcf4a8131a9b.wxs.aliquot_ensemble_masked.maf,1,1
TCGA-41-5651normal,Copy Number Variation,Gene Level Copy Number,"7e6521d5-9a58-4384-9263-143a57baab9c,9b3030c1-4f81-48ff-a209-40a89b9a1bc2","TCGA-GBM.b9cd5fe3-945f-4e3d-93da-841155fc189b.ascat3.gene_level_copy_number.v36.tsv,TCGA-GBM.b9cd5fe3-945f-4e3d-93da-841155fc189b.gene_level_copy_number.v36.tsv",2,2
TCGA-41-5651normal,Simple Nucleotide Variation,Masked Somatic Mutation,d57980e1-b5f5-4dcc-80f8-dcf44e4a8662,7685d73e-9149-4426-9d2a-d1984023589a.wxs.aliquot_ensemble_masked.maf,1,1
TCGA-41-6646normal,Copy Number Variation,Gene Level Copy Number,"9bb47268-f7aa-4ba3-934b-4b1706a49511,26e3e410-a882-4d17-b951-c3a52d224b57,4da13a56-a3d7-40fa-881b-03cc77478c1d","db5feef6-7c44-4f68-815c-f6b340293329.wgs.ASCAT.gene_level.copy_number_variation.tsv,TCGA-GBM.90f37309-8d54-44c9-af69-9b1d221e6ac1.gene_level_copy_number.v36.tsv,TCGA-GBM.90f37309-8d54-44c9-af69-9b1d221e6ac1.ascat3.gene_level_copy_number.v36.tsv",3,3
TCGA-41-6646normal,Simple Nucleotide Variation,Masked Somatic Mutation,e59d3c7c-5d95-4cd1-96c5-071f5cbb3c30,06e38797-21c2-42cb-ad0d-4f70f88445d6.wxs.aliquot_ensemble_masked.maf,1,1
TCGA-4W-AA9Rnormal,Copy Number Variation,Gene Level Copy Number,"19709639-2025-48e9-8fd9-881b4ccfe193,689ceb2e-df40-4b8c-8fda-5631fead1434","TCGA-GBM.cad06f36-0651-4c07-9df9-2df2e5c02fab.ascat3.gene_level_copy_number.v36.tsv,TCGA-GBM.cad06f36-0651-4c07-9df9-2df2e5c02fab.gene_level_copy_number.v36.tsv",2,2
TCGA-4W-AA9Rnormal,Simple Nucleotide Variation,Masked Somatic Mutation,470d22dd-b96f-451c-942c-0d873f5ecbcf,f8d6d190-e1df-4c5f-8852-6bae71bb7edd.wxs.aliquot_ensemble_masked.maf,1,1
TCGA-4W-AA9Snormal,Copy Number Variation,Gene Level Copy Number,"3a5e1adb-2508-4b96-ba06-abdddf668245,88666973-905a-46ae-a031-379f8b6c0322,a9347653-3a68-4115-bccf-90bee5518c14","4febd1f9-6c9d-4bec-961b-811d51358fe0.wgs.ASCAT.gene_level.copy_number_variation.tsv,TCGA-GBM.a0d6cc4f-1d5f-44be-a4d2-3bf4f9b3468e.gene_level_copy_number.v36.tsv,TCGA-GBM.a0d6cc4f-1d5f-44be-a4d2-3bf4f9b3468e.ascat3.gene_level_copy_number.v36.tsv",3,3
TCGA-4W-AA9Snormal,Simple Nucleotide Variation,Masked Somatic Mutation,00326327-8da5-4226-a894-2e4e1d5acd45,2562547c-7d88-45e1-8ff4-d23faff4669d.wxs.aliquot_ensemble_masked.maf,1,1
TCGA-4W-AA9Tnormal,Copy Number Variation,Gene Level Copy Number,"1455ce79-5ade-45e2-871b-ee4131d0a498,84c11652-3eb9-4a34-98a2-c3a25d35adcd,ceebf38a-69fe-4662-be82-6cd5ac405ea0","TCGA-GBM.aaa98492-252d-4bff-b017-1c13ead4398a.ascat3.gene_level_copy_number.v36.tsv,TCGA-GBM.aaa98492-252d-4bff-b017-1c13ead4398a.gene_level_copy_number.v36.tsv,80d02dca-d226-4d64-ae11-30d2c3c92edb.wgs.ASCAT.gene_level.copy_number_variation.tsv",3,3
TCGA-4W-AA9Tnormal,Simple Nucleotide Variation,Masked Somatic Mutation,70bc66e7-bb86-4c9c-93ad-e8c3b91477e3,efa8499c-420f-4130-8db9-5ac3145158fc.wxs.aliquot_ensemble_masked.maf,1,1
TCGA-74-6573normal,Copy Number Variation,Gene Level Copy Number,"7383b708-0303-42be-ae9b-6132837eb26b,67767ac2-c758-4991-b32b-bcd0f7d3d48a","TCGA-GBM.ed949be4-ca6d-46a1-a1f6-7234982f15b3.ascat3.gene_level_copy_number.v36.tsv,TCGA-GBM.ed949be4-ca6d-46a1-a1f6-7234982f15b3.gene_level_copy_number.v36.tsv",2,2
TCGA-74-6573normal,DNA Methylation,Methylation Beta Value,622ea90c-4708-420d-84b9-df7c612ab851,c985d155-2eec-4a51-8068-b3c3f3cdcb22.methylation_array.sesame.level3betas.txt,1,1
TCGA-74-6573normal,Simple Nucleotide Variation,Masked Somatic Mutation,531e9f35-4b1d-43b3-abbf-9f055996a733,ecae3b1e-a413-435d-a58b-c911cf0350d3.wxs.aliquot_ensemble_masked.maf,1,1
TCGA-74-6575normal,Copy Number Variation,Gene Level Copy Number,"90865459-b98d-42f9-b3c1-bb4923bbbfcf,02655030-0537-473d-8e7a-eeaccb67acbd","TCGA-GBM.b75346aa-294d-4035-81bc-6c23b6ebca44.gene_level_copy_number.v36.tsv,TCGA-GBM.b75346aa-294d-4035-81bc-6c23b6ebca44.ascat3.gene_level_copy_number.v36.tsv",2,2
TCGA-74-6575normal,Simple Nucleotide Variation,Masked Somatic Mutation,35d63751-7306-4f81-83ff-2d5c37d6ee12,15aaa2cd-8767-4cd4-8ce8-c61040bb02f9.wxs.aliquot_ensemble_masked.maf,1,1
TCGA-74-6577normal,Copy Number Variation,Gene Level Copy Number,"bf6dab8d-6f12-4121-af21-9846cf864e6c,4918cbb9-8fe0-4cd9-9a69-acdc518021d0","TCGA-GBM.d58ab845-b726-4eb6-b6e3-bb8fc62df323.gene_level_copy_number.v36.tsv,TCGA-GBM.d58ab845-b726-4eb6-b6e3-bb8fc62df323.ascat3.gene_level_copy_number.v36.tsv",2,2
TCGA-74-6577normal,Simple Nucleotide Variation,Masked Somatic Mutation,f201f479-0995-4a24-9fa3-c771d3ff57b6,0009beaa-eafe-4c63-826d-16a81d3602a3.wxs.aliquot_ensemble_masked.maf,1,1
TCGA-74-6578normal,Copy Number Variation,Gene Level Copy Number,"4d4f7a31-7fd2-437e-9b54-edbae94df35b,59da4835-04c4-4272-916e-ae7016894da2","TCGA-GBM.01b12283-0542-4f7a-af17-56b1761d9dba.gene_level_copy_number.v36.tsv,TCGA-GBM.01b12283-0542-4f7a-af17-56b1761d9dba.ascat3.gene_level_copy_number.v36.tsv",2,2
TCGA-74-6578normal,Simple Nucleotide Variation,Masked Somatic Mutation,5466be78-b711-4c31-b2ca-913ffe75fbf2,1a9b13bc-d23a-436f-8da9-e2895ed88187.wxs.aliquot_ensemble_masked.maf,1,1
TCGA-74-6581normal,Copy Number Variation,Gene Level Copy Number,"12d3f089-e9e7-4618-ac0e-e659c2588f7a,60fdf29e-08ac-4b4f-af1f-3bcdd6d388e8","TCGA-GBM.99dac323-d8d6-4bc7-b490-dc6987df14d0.gene_level_copy_number.v36.tsv,TCGA-GBM.99dac323-d8d6-4bc7-b490-dc6987df14d0.ascat3.gene_level_copy_number.v36.tsv",2,2
TCGA-74-6581normal,Simple Nucleotide Variation,Masked Somatic Mutation,eb746c48-50c7-47cf-a977-fb09ecb95dd1,b8e06d91-627c-4d04-8c03-e34ab5fde518.wxs.aliquot_ensemble_masked.maf,1,1
TCGA-74-6584normal,Copy Number Variation,Gene Level Copy Number,"be08c8df-8fb7-423a-b04e-c3e130052242,294003c0-215d-4ee5-be0f-38e10051240b","TCGA-GBM.4611efa8-e6fd-4dc2-a737-0b15f1304e86.gene_level_copy_number.v36.tsv,TCGA-GBM.4611efa8-e6fd-4dc2-a737-0b15f1304e86.ascat3.gene_level_copy_number.v36.tsv",2,2
TCGA-74-6584normal,Simple Nucleotide Variation,Masked Somatic Mutation,bcba526f-1416-4f49-8a3e-bd04af0c49f9,5e34f498-b0ff-4252-9b70-9e5da1b72cc6.wxs.aliquot_ensemble_masked.maf,1,1
TCGA-76-4925normal,Copy Number Variation,Gene Level Copy Number,"c2147d08-82ac-4c44-ab13-3e43a7941380,29c74eb9-e1e8-4231-bf1e-dacabf490622","TCGA-GBM.f318398b-5e1e-4ae5-8d9f-e4560d9aa6d5.gene_level_copy_number.v36.tsv,TCGA-GBM.f318398b-5e1e-4ae5-8d9f-e4560d9aa6d5.ascat3.gene_level_copy_number.v36.tsv",2,2
TCGA-76-4925normal,Simple Nucleotide Variation,Masked Somatic Mutation,ffa4c2fc-7937-4a47-a622-e88e90683055,61d80f19-83a9-4dec-af2b-82b2c8b53fd3.wxs.aliquot_ensemble_masked.maf,1,1
TCGA-76-4926normal,Copy Number Variation,Gene Level Copy Number,"f1f65a4f-4883-4184-8705-b067709584da,6db2ff51-9dc4-4294-a53c-2696ff02f3ff","TCGA-GBM.1a67c896-a819-4662-a297-959dcfc40b05.ascat3.gene_level_copy_number.v36.tsv,TCGA-GBM.1a67c896-a819-4662-a297-959dcfc40b05.gene_level_copy_number.v36.tsv",2,2
TCGA-76-4926normal,Simple Nucleotide Variation,Masked Somatic Mutation,8755916d-6481-4ca2-a5f4-5c542c7e5c93,4e57c6f8-a1ed-4f4f-9c43-5d31e60275a2.wxs.aliquot_ensemble_masked.maf,1,1
TCGA-76-4928normal,Copy Number Variation,Gene Level Copy Number,"9e0c38e8-bc05-46c2-9a13-99b6f0d6f59e,97523aea-272f-4b35-b7ac-eba0fd6b7c87","TCGA-GBM.401d7831-84ec-4907-bd2e-655dbdf1c8e0.ascat3.gene_level_copy_number.v36.tsv,TCGA-GBM.401d7831-84ec-4907-bd2e-655dbdf1c8e0.gene_level_copy_number.v36.tsv",2,2
TCGA-76-4928normal,Simple Nucleotide Variation,Masked Somatic Mutation,8116383b-2bdc-43d8-ab24-e31790988e47,c5d89ae0-ab84-426e-9359-1189db290ef3.wxs.aliquot_ensemble_masked.maf,1,1
TCGA-76-4931normal,Copy Number Variation,Gene Level Copy Number,"f45378f5-5051-4bcb-a22a-848c2da16a1a,5d39bfba-b57d-4ea8-b141-70926a2b7f5a","TCGA-GBM.92739053-61df-4134-abcc-fafc7a4aebd9.gene_level_copy_number.v36.tsv,TCGA-GBM.92739053-61df-4134-abcc-fafc7a4aebd9.ascat3.gene_level_copy_number.v36.tsv",2,2
TCGA-76-4931normal,Simple Nucleotide Variation,Masked Somatic Mutation,41ef6378-0647-4574-a255-600e7355e402,dc555163-c195-4507-9eeb-f2cc3f9a6ad6.wxs.aliquot_ensemble_masked.maf,1,1
TCGA-76-4934normal,Copy Number Variation,Gene Level Copy Number,"61c9d955-7aee-4982-83ad-12cebdd349cd,818a7094-fa56-4c9c-b467-d3ae1ccaa197","TCGA-GBM.79ddbf95-7743-4e6c-8ce7-eb896328f32a.ascat3.gene_level_copy_number.v36.tsv,TCGA-GBM.79ddbf95-7743-4e6c-8ce7-eb896328f32a.gene_level_copy_number.v36.tsv",2,2
TCGA-76-4934normal,Simple Nucleotide Variation,Masked Somatic Mutation,62738274-1ebe-463d-806f-f472c4d08293,54fe7f9d-58e6-4142-a068-8028d83b3e00.wxs.aliquot_ensemble_masked.maf,1,1
TCGA-76-4935normal,Copy Number Variation,Gene Level Copy Number,"ed1e9a4c-7e9a-43bf-9656-6d0085a872a0,0dd5b174-e6d7-4aae-b770-7239f5087a2e","TCGA-GBM.f170b6b4-4094-46d4-ae6f-568ffdf061f7.ascat3.gene_level_copy_number.v36.tsv,TCGA-GBM.f170b6b4-4094-46d4-ae6f-568ffdf061f7.gene_level_copy_number.v36.tsv",2,2
TCGA-76-4935normal,Simple Nucleotide Variation,Masked Somatic Mutation,cda09677-0dcf-4b94-8187-a1d5da6edd7b,d1683650-d0ce-4ee8-917c-400ac3644323.wxs.aliquot_ensemble_masked.maf,1,1
TCGA-76-6191normal,Copy Number Variation,Gene Level Copy Number,"61b12fd4-eaa6-4328-a01b-af9ec1825cbb,a3dc7e6f-2b9e-4387-9704-ce37aefd4d2b","TCGA-GBM.bdd64a75-d579-4e08-9543-afd2620309f9.ascat3.gene_level_copy_number.v36.tsv,TCGA-GBM.bdd64a75-d579-4e08-9543-afd2620309f9.gene_level_copy_number.v36.tsv",2,2
TCGA-76-6191normal,Simple Nucleotide Variation,Masked Somatic Mutation,c6fafca8-a2ca-4e8e-9257-68bbda4232dc,f4e0b20e-8e06-4098-a815-25059787ef55.wxs.aliquot_ensemble_masked.maf,1,1
TCGA-76-6192normal,Copy Number Variation,Gene Level Copy Number,"dc4bbca7-7bbe-475d-8058-fd87cc816a42,26ca0e3e-eac1-4abc-b925-3294bd471e0b","TCGA-GBM.bd2ee5f4-8667-475b-91ab-ad2d262877bc.ascat3.gene_level_copy_number.v36.tsv,TCGA-GBM.bd2ee5f4-8667-475b-91ab-ad2d262877bc.gene_level_copy_number.v36.tsv",2,2
TCGA-76-6192normal,Simple Nucleotide Variation,Masked Somatic Mutation,fa361fc3-4377-4193-aad0-3690d3e6d8eb,d5dc066f-d33d-495f-815c-2da864bf2d82.wxs.aliquot_ensemble_masked.maf,1,1
TCGA-76-6193normal,Copy Number Variation,Gene Level Copy Number,"81a95bef-a1ce-4bea-8874-2493ff33ee38,aa3820ce-a8bc-4867-8f14-3c0c79f4b157","TCGA-GBM.70a0137e-de68-436e-a5cc-ee7b8abe8622.ascat3.gene_level_copy_number.v36.tsv,TCGA-GBM.70a0137e-de68-436e-a5cc-ee7b8abe8622.gene_level_copy_number.v36.tsv",2,2
TCGA-76-6193normal,Simple Nucleotide Variation,Masked Somatic Mutation,17a8ed39-c0a6-4d80-a860-e129421a0f07,c0b87a33-e1ae-417b-bc3e-e682ac8af9f3.wxs.aliquot_ensemble_masked.maf,1,1
TCGA-76-6280normal,Copy Number Variation,Gene Level Copy Number,"09937e72-3c65-4b0f-b98b-70b0fe64f135,3933b0fb-aae0-4b33-92ec-5dc850e6066a","TCGA-GBM.64cc4c4d-01d2-4fde-8f6f-16c368073b85.ascat3.gene_level_copy_number.v36.tsv,TCGA-GBM.64cc4c4d-01d2-4fde-8f6f-16c368073b85.gene_level_copy_number.v36.tsv",2,2
TCGA-76-6280normal,Simple Nucleotide Variation,Masked Somatic Mutation,f4bdefab-e3fd-4b5d-be2e-051c4f648673,2ae882d7-d9da-4a19-833d-b5673a8a6046.wxs.aliquot_ensemble_masked.maf,1,1
TCGA-76-6282normal,Copy Number Variation,Gene Level Copy Number,"8d37b939-1923-4a57-855e-7c99d55415cf,6a2b1cbb-4798-482f-9f24-754b4232a767","TCGA-GBM.f74b2999-a3b5-4b69-98c9-731e2bfb7c1f.gene_level_copy_number.v36.tsv,TCGA-GBM.f74b2999-a3b5-4b69-98c9-731e2bfb7c1f.ascat3.gene_level_copy_number.v36.tsv",2,2
TCGA-76-6282normal,Simple Nucleotide Variation,Masked Somatic Mutation,73fe0425-d669-4f44-b1f5-7724049331d5,db319a66-90f5-4611-9b25-9e3db86496d0.wxs.aliquot_ensemble_masked.maf,1,1
TCGA-76-6283normal,Copy Number Variation,Gene Level Copy Number,"5c93f85b-da1e-474f-9021-041e26e33c3e,fb180c56-eaa9-4027-90ec-d358afbcfea0","TCGA-GBM.f5afce1e-b658-4cb4-9b6c-3b3d4d4fb0d0.ascat3.gene_level_copy_number.v36.tsv,TCGA-GBM.f5afce1e-b658-4cb4-9b6c-3b3d4d4fb0d0.gene_level_copy_number.v36.tsv",2,2
TCGA-76-6283normal,Simple Nucleotide Variation,Masked Somatic Mutation,0632d63a-1b51-434a-a074-a500e46c1859,339f6015-d033-43cf-b0b3-780b3161a940.wxs.aliquot_ensemble_masked.maf,1,1
TCGA-76-6285normal,Copy Number Variation,Gene Level Copy Number,"33b48655-3bd5-4906-9709-cc1f9d62840b,007f0587-9ec8-45b5-8ac3-b92548f081a3","TCGA-GBM.8c384b5f-71b4-444e-a1f3-04b02ac26b40.gene_level_copy_number.v36.tsv,TCGA-GBM.8c384b5f-71b4-444e-a1f3-04b02ac26b40.ascat3.gene_level_copy_number.v36.tsv",2,2
TCGA-76-6285normal,Simple Nucleotide Variation,Masked Somatic Mutation,e3ab8a16-2459-4e96-9053-943ed49bc494,b2d0c87d-123d-4c14-9d79-ad94e5928e45.wxs.aliquot_ensemble_masked.maf,1,1
TCGA-76-6286normal,Copy Number Variation,Gene Level Copy Number,"2d625d14-1819-4556-9d9a-d8da760125ff,f44aa5b6-4a82-4959-b447-cc7e1aa05078","TCGA-GBM.a385a32a-6994-4c8e-947e-fd6122504192.gene_level_copy_number.v36.tsv,TCGA-GBM.a385a32a-6994-4c8e-947e-fd6122504192.ascat3.gene_level_copy_number.v36.tsv",2,2
TCGA-76-6286normal,Simple Nucleotide Variation,Masked Somatic Mutation,c18b9858-b318-4a68-bf8d-b517b1c0c40f,73bfbe6a-80dd-4864-a824-6d3ff9604b57.wxs.aliquot_ensemble_masked.maf,1,1
TCGA-76-6656normal,Copy Number Variation,Gene Level Copy Number,"d9aad7a1-3f56-4258-9bba-9c91fcf80994,f4f65e9b-68e0-4e71-bc4b-9b30b781892a,bd7c5080-1daa-4866-aef1-ddee0b294baf","TCGA-GBM.fa640f89-a553-4ee4-bc44-17936f2c9978.ascat3.gene_level_copy_number.v36.tsv,0d520d64-b276-4c40-8044-f3f7a08f378c.wgs.ASCAT.gene_level.copy_number_variation.tsv,TCGA-GBM.fa640f89-a553-4ee4-bc44-17936f2c9978.gene_level_copy_number.v36.tsv",3,3
TCGA-76-6656normal,Simple Nucleotide Variation,Masked Somatic Mutation,c1be172c-a97d-4ca0-b355-fd7dce713853,f29460fa-07ab-4633-802c-94f2afb71d7c.wxs.aliquot_ensemble_masked.maf,1,1
TCGA-76-6657normal,Copy Number Variation,Gene Level Copy Number,"292f2874-5d33-499d-ac0b-e5842259c547,ce4427e3-d818-47f0-8234-928a6f17a3c5","TCGA-GBM.128e1bd0-f961-4270-806a-e23f5f3d4fb2.ascat3.gene_level_copy_number.v36.tsv,TCGA-GBM.128e1bd0-f961-4270-806a-e23f5f3d4fb2.gene_level_copy_number.v36.tsv",2,2
TCGA-76-6657normal,Simple Nucleotide Variation,Masked Somatic Mutation,d2eece18-dbed-49d3-b855-f7201e716e2f,3de73bea-9c6f-4974-b7dc-f3148ea00945.wxs.aliquot_ensemble_masked.maf,1,1
TCGA-76-6660normal,Copy Number Variation,Gene Level Copy Number,"e578cb10-da0f-4a7a-a528-670bf5e98a22,1376bd18-3964-430b-bf14-40152819e042","TCGA-GBM.89a031d0-bdfb-4623-815d-100208070aad.ascat3.gene_level_copy_number.v36.tsv,TCGA-GBM.89a031d0-bdfb-4623-815d-100208070aad.gene_level_copy_number.v36.tsv",2,2
TCGA-76-6660normal,Simple Nucleotide Variation,Masked Somatic Mutation,78333a0f-2bd0-4d4f-b726-2dfa75fcc9de,45368f1a-16e6-4097-b05e-f98a8667bccd.wxs.aliquot_ensemble_masked.maf,1,1
TCGA-76-6661normal,Copy Number Variation,Gene Level Copy Number,"bdd770b4-2ba8-4932-8288-d1777a935b40,c126ca7c-4b3b-4f4a-9bee-5af38156e06b","TCGA-GBM.05ef3b4d-636b-4b2d-a2c6-e0f2e386046c.gene_level_copy_number.v36.tsv,TCGA-GBM.05ef3b4d-636b-4b2d-a2c6-e0f2e386046c.ascat3.gene_level_copy_number.v36.tsv",2,2
TCGA-76-6661normal,Simple Nucleotide Variation,Masked Somatic Mutation,a9c9f82a-92d3-4efb-a5ef-e5527e4bb9ed,a8d958e6-fbf9-41ef-8933-fdf71db19a0b.wxs.aliquot_ensemble_masked.maf,1,1
TCGA-76-6662normal,Copy Number Variation,Gene Level Copy Number,"8821da10-3a40-4c53-be23-dfbec20645da,1aa41290-9b76-4e28-b786-d84aeb97249c","TCGA-GBM.ace571a4-d5a4-4fac-a922-eff114d5a3cd.ascat3.gene_level_copy_number.v36.tsv,TCGA-GBM.ace571a4-d5a4-4fac-a922-eff114d5a3cd.gene_level_copy_number.v36.tsv",2,2
TCGA-76-6662normal,Simple Nucleotide Variation,Masked Somatic Mutation,4b3337f8-7d53-455e-afe3-5a0f6378150d,3a39a333-74a9-4a9f-8334-b1913ba70b36.wxs.aliquot_ensemble_masked.maf,1,1
TCGA-76-6663normal,Copy Number Variation,Gene Level Copy Number,"892970d2-d282-470e-baab-0e47d4e7d634,fd25a0fb-621d-4625-9957-2fc9f67337eb","TCGA-GBM.a7321b76-8882-4d6e-9e6a-76fd3b79a889.ascat3.gene_level_copy_number.v36.tsv,TCGA-GBM.a7321b76-8882-4d6e-9e6a-76fd3b79a889.gene_level_copy_number.v36.tsv",2,2
TCGA-76-6663normal,Simple Nucleotide Variation,Masked Somatic Mutation,56cd0c03-cc81-402f-b725-034f0906e116,6c40e0af-33d3-4dfc-ab0a-1cad8e9d17ce.wxs.aliquot_ensemble_masked.maf,1,1
TCGA-76-6664normal,Copy Number Variation,Gene Level Copy Number,"d62146dc-7290-4010-9d73-1709b54a011f,c410c0b8-7325-444c-babd-a84d1760162a","TCGA-GBM.128b8520-d080-4276-8abd-03ccbc7eba6f.gene_level_copy_number.v36.tsv,TCGA-GBM.128b8520-d080-4276-8abd-03ccbc7eba6f.ascat3.gene_level_copy_number.v36.tsv",2,2
TCGA-76-6664normal,Simple Nucleotide Variation,Masked Somatic Mutation,bffc3787-ea5a-4648-b9a3-2c073e0a9f86,937e5e43-c1be-4bab-bcf6-73c40f183fe2.wxs.aliquot_ensemble_masked.maf,1,1
TCGA-81-5910normal,Copy Number Variation,Gene Level Copy Number,"d558a4c5-a34c-4751-bb2b-69e131b658d5,85cd71f2-2124-4578-94d5-46d8191a3f16,888c4273-97c7-4c4b-83c7-71003a895c67","e0bf05d6-01b7-4d6a-aaeb-77c93845089d.wgs.ASCAT.gene_level.copy_number_variation.tsv,TCGA-GBM.ed2bace6-5098-4af0-84f6-b4996a4b4c04.ascat3.gene_level_copy_number.v36.tsv,TCGA-GBM.ed2bace6-5098-4af0-84f6-b4996a4b4c04.gene_level_copy_number.v36.tsv",3,3
TCGA-81-5910normal,Simple Nucleotide Variation,Masked Somatic Mutation,a3c600d0-a324-45de-bdba-02f441515da6,f9e8dd1b-4515-4097-b354-6715711c91ca.wxs.aliquot_ensemble_masked.maf,1,1
TCGA-81-5911normal,Copy Number Variation,Gene Level Copy Number,"132952f3-53b8-4280-bf24-6e73c6d47881,e204a81a-4783-4966-bfdb-ec69a4918af7","TCGA-GBM.1e1c183a-5af0-450a-9d99-aab351a6afd9.ascat3.gene_level_copy_number.v36.tsv,TCGA-GBM.1e1c183a-5af0-450a-9d99-aab351a6afd9.gene_level_copy_number.v36.tsv",2,2
TCGA-81-5911normal,Simple Nucleotide Variation,Masked Somatic Mutation,f6fc7704-fe43-4d46-ab9e-7d80c5ecad67,98a081f8-dde1-4b00-92df-d6c6c43332cf.wxs.aliquot_ensemble_masked.maf,1,1
TCGA-87-5896normal,Copy Number Variation,Gene Level Copy Number,"1072b354-33d8-41f3-a0e4-006851ed390a,6c7eb4e5-0c29-42bc-92a9-fbf1a910e15c","TCGA-GBM.15cd2fb6-5bd1-4568-9541-19fca72c313c.gene_level_copy_number.v36.tsv,TCGA-GBM.15cd2fb6-5bd1-4568-9541-19fca72c313c.ascat3.gene_level_copy_number.v36.tsv",2,2
TCGA-87-5896normal,Simple Nucleotide Variation,Masked Somatic Mutation,e70abc35-c771-4c74-b5b2-c4cbd54928ef,3b134e28-303c-4560-b772-3833cf8d8073.wxs.aliquot_ensemble_masked.maf,1,1
TCGA-OX-A56Rnormal,Copy Number Variation,Gene Level Copy Number,"add0a99d-0094-4ed6-8ef0-e821a22d2a08,c100a2f3-748d-42bf-9008-aa8a0a1d83b6,5790d8e5-4822-4c53-b44c-00c62888674b","TCGA-GBM.1b3b1603-0fe2-40b1-97f9-9962cb394193.gene_level_copy_number.v36.tsv,TCGA-GBM.1b3b1603-0fe2-40b1-97f9-9962cb394193.ascat3.gene_level_copy_number.v36.tsv,2f293b0b-8b0b-4c57-81ff-17eb714b072f.wgs.ASCAT.gene_level.copy_number_variation.tsv",3,3
TCGA-OX-A56Rnormal,Simple Nucleotide Variation,Masked Somatic Mutation,01ca413a-63ae-4017-935c-a58195e73eea,ade00a5e-8703-4acb-a7bc-467deaedff0e.wxs.aliquot_ensemble_masked.maf,1,1
TCGA-RR-A6KAnormal,Copy Number Variation,Gene Level Copy Number,"f67fc7e2-e9bf-4b74-bb40-178918e59f5f,d85dd3f9-a7ea-4aae-a4fd-d34352ed869f","TCGA-GBM.3460c792-2270-4c96-8bf6-777604da7157.gene_level_copy_number.v36.tsv,TCGA-GBM.3460c792-2270-4c96-8bf6-777604da7157.ascat3.gene_level_copy_number.v36.tsv",2,2
TCGA-RR-A6KAnormal,Simple Nucleotide Variation,Masked Somatic Mutation,81829065-6f06-4493-902a-8bd716d764b0,6a8a256f-d96f-46a2-8b48-8619e1c0d7aa.wxs.aliquot_ensemble_masked.maf,1,1
TCGA-RR-A6KBnormal,Copy Number Variation,Gene Level Copy Number,"21d5830e-0ce8-496e-8b5a-a4152b5548df,6ecf79b7-ee1e-4ca5-bc25-043d64443529,025e7edf-192c-40f9-9fd4-ef43112eaafe","TCGA-GBM.6e7ccc72-b072-40f2-82da-8c99f9159f1e.gene_level_copy_number.v36.tsv,9415a3a6-b93a-4ffb-8f72-b6d272e5782b.wgs.ASCAT.gene_level.copy_number_variation.tsv,TCGA-GBM.6e7ccc72-b072-40f2-82da-8c99f9159f1e.ascat3.gene_level_copy_number.v36.tsv",3,3
TCGA-RR-A6KBnormal,Simple Nucleotide Variation,Masked Somatic Mutation,c24e2723-b3c7-4240-a19c-2c50b62c9a91,fb16e9b2-2445-4931-abd0-a04054d3a392.wxs.aliquot_ensemble_masked.maf,1,1
TCGA-RR-A6KCnormal,Copy Number Variation,Gene Level Copy Number,"663cdef3-f395-4f35-af61-5f98fb0f3f41,5808431a-4d85-4ab1-a974-a4fbc2d897b5","TCGA-GBM.458cae14-357c-4147-810d-9bd1179430a9.ascat3.gene_level_copy_number.v36.tsv,TCGA-GBM.458cae14-357c-4147-810d-9bd1179430a9.gene_level_copy_number.v36.tsv",2,2
TCGA-RR-A6KCnormal,Simple Nucleotide Variation,Masked Somatic Mutation,f8d68fb9-a686-4af0-8d70-2087458e4596,046a4b80-1b58-4b34-b70f-70574ca4ebf4.wxs.aliquot_ensemble_masked.maf,1,1
