Case ID,Data Category,Data Type,file_ids,file_names,num_file_id,num_files
TCGA-CS-5395mixed_glioma,Copy Number Variation,Gene Level Copy Number,"35854733-8d3d-4cfa-86c7-66750e303bb7,f63a9b63-8b08-4379-8262-339d43333875,98aa3616-8c53-4de8-ad67-65b931d14d8f","TCGA-LGG.68059f9b-85af-45c2-a5ad-d7456f57eb20.ascat3.gene_level_copy_number.v36.tsv,TCGA-LGG.68059f9b-85af-45c2-a5ad-d7456f57eb20.absolute_liftover.gene_level_copy_number.v36.tsv,TCGA-LGG.68059f9b-85af-45c2-a5ad-d7456f57eb20.gene_level_copy_number.v36.tsv",3,3
TCGA-CS-5395mixed_glioma,DNA Methylation,Methylation Beta Value,33bcf855-2346-419d-bb52-2775f959d875,b0800975-7299-479a-8299-9f1d41d443c8.methylation_array.sesame.level3betas.txt,1,1
TCGA-CS-5395mixed_glioma,Simple Nucleotide Variation,Masked Somatic Mutation,c9e223e0-1c3d-4449-8f1b-f45fa31ac597,f4cc9841-4a00-41ef-987d-598c62e3b087.wxs.aliquot_ensemble_masked.maf,1,1
TCGA-CS-5395mixed_glioma,Transcriptome Profiling,Gene Expression Quantification,f2298168-e5da-464b-9a5f-d1f6a01e4068,47070554-7b19-4db3-a6c2-3ef277515fe8.rna_seq.augmented_star_gene_counts.tsv,1,1
TCGA-CS-5395mixed_glioma,Transcriptome Profiling,miRNA Expression Quantification,108918a1-1059-48df-99e1-dfa9c7b90d70,34f7d991-bf54-42e9-bcad-acfb71d4e6cd.mirbase21.mirnas.quantification.txt,1,1
TCGA-CS-6186mixed_glioma,Copy Number Variation,Gene Level Copy Number,"c809d626-98aa-478f-a6c1-1a48a6944cf0,54b65e00-a675-44aa-b1ea-ef82483cdb00,7cc6f85d-9c2c-4ff0-ac4a-bbaa9b2f3c02","TCGA-LGG.f2396adf-830c-4dc5-8bd9-54a29ff7fecd.absolute_liftover.gene_level_copy_number.v36.tsv,TCGA-LGG.f2396adf-830c-4dc5-8bd9-54a29ff7fecd.ascat3.gene_level_copy_number.v36.tsv,TCGA-LGG.f2396adf-830c-4dc5-8bd9-54a29ff7fecd.gene_level_copy_number.v36.tsv",3,3
TCGA-CS-6186mixed_glioma,DNA Methylation,Methylation Beta Value,ed1a2726-be26-41a0-9e0a-5825102bb243,a278eaf3-02dc-4b34-b020-639155e47708.methylation_array.sesame.level3betas.txt,1,1
TCGA-CS-6186mixed_glioma,Proteome Profiling,Protein Expression Quantification,f7759a9c-8d94-46f1-8ffe-36491f760960,TCGA-CS-6186-01A-21-A29X-20_RPPA_data.tsv,1,1
TCGA-CS-6186mixed_glioma,Simple Nucleotide Variation,Masked Somatic Mutation,a9105abc-8deb-4c74-a60f-622291cad941,1684442f-5cf4-4e00-87b2-f275f903980a.wxs.aliquot_ensemble_masked.maf,1,1
TCGA-CS-6186mixed_glioma,Transcriptome Profiling,Gene Expression Quantification,97a3cfa9-1504-406d-819c-c75fa4e42c24,6138a91e-1211-45d6-81d2-3f9446446d79.rna_seq.augmented_star_gene_counts.tsv,1,1
TCGA-CS-6186mixed_glioma,Transcriptome Profiling,miRNA Expression Quantification,67609840-10f2-44db-8ff1-de01657b701e,24a1e15c-8578-4d6e-a5a8-95202287d579.mirbase21.mirnas.quantification.txt,1,1
TCGA-DB-5270mixed_glioma,Copy Number Variation,Gene Level Copy Number,"33426933-8889-4807-a485-6b3cc6726ef2,41a94669-d2df-4270-9c1a-6d718ba17f9c,9eabaf22-fedb-4436-b213-afa50e03d7e0","TCGA-LGG.36fb6c4d-54f5-4bae-93bd-c1559746be64.ascat3.gene_level_copy_number.v36.tsv,TCGA-LGG.36fb6c4d-54f5-4bae-93bd-c1559746be64.gene_level_copy_number.v36.tsv,TCGA-LGG.36fb6c4d-54f5-4bae-93bd-c1559746be64.absolute_liftover.gene_level_copy_number.v36.tsv",3,3
TCGA-DB-5270mixed_glioma,DNA Methylation,Methylation Beta Value,925ab47e-4bce-4156-8818-83ea092897b1,fa4a7ae6-ed38-489c-97be-2047fd8e8994.methylation_array.sesame.level3betas.txt,1,1
TCGA-DB-5270mixed_glioma,Proteome Profiling,Protein Expression Quantification,2b552704-7618-40bb-9a67-a78eaac417ae,TCGA-DB-5270-01A-11-A29Z-20_RPPA_data.tsv,1,1
TCGA-DB-5270mixed_glioma,Simple Nucleotide Variation,Masked Somatic Mutation,28cbdec9-a9fe-41e4-b07e-8a30a5fe6899,0d6d6ea1-e08c-4719-88e6-4fa82bcf0c8d.wxs.aliquot_ensemble_masked.maf,1,1
TCGA-DB-5270mixed_glioma,Transcriptome Profiling,Gene Expression Quantification,2c7ecb00-2262-45c0-bf5e-8ad2c4ca2c8e,e6156110-7ffa-45a6-b6d1-7216a21836d3.rna_seq.augmented_star_gene_counts.tsv,1,1
TCGA-DB-5270mixed_glioma,Transcriptome Profiling,miRNA Expression Quantification,37336a46-20bd-4bda-ab46-dfdb135e7424,574e9be8-0d39-4552-beda-a2a77453525e.mirbase21.mirnas.quantification.txt,1,1
TCGA-DB-5274mixed_glioma,Copy Number Variation,Gene Level Copy Number,"35cd0037-572c-49c2-b1b8-ca39cf42039d,c1bf185c-f998-42da-97ab-f89fa44b208c,69345b34-e2d7-4961-871d-e089d958ae9f,47f3b156-cd0e-4c3b-9321-44d5ba6e7610","46f6b3ad-a516-4c46-9069-190659bae587.wgs.ASCAT.gene_level.copy_number_variation.tsv,TCGA-LGG.540542c9-a3d7-4f37-97a8-6f7d1681f9bb.gene_level_copy_number.v36.tsv,TCGA-LGG.540542c9-a3d7-4f37-97a8-6f7d1681f9bb.absolute_liftover.gene_level_copy_number.v36.tsv,TCGA-LGG.540542c9-a3d7-4f37-97a8-6f7d1681f9bb.ascat3.gene_level_copy_number.v36.tsv",4,4
TCGA-DB-5274mixed_glioma,DNA Methylation,Methylation Beta Value,ff5d9d13-40cd-4a10-8b9d-0f2ea18f61b2,c28b85bb-5ad0-4954-9a92-83a2dd167b1e.methylation_array.sesame.level3betas.txt,1,1
TCGA-DB-5274mixed_glioma,Proteome Profiling,Protein Expression Quantification,d6447c23-89a9-46e1-8ca2-e192163a14a4,TCGA-DB-5274-01A-21-A29X-20_RPPA_data.tsv,1,1
TCGA-DB-5274mixed_glioma,Simple Nucleotide Variation,Masked Somatic Mutation,b4cc699d-518f-4627-b77b-af465dadc20c,b4cfdd5d-f29f-421e-a09d-13f0fbde4375.wxs.aliquot_ensemble_masked.maf,1,1
TCGA-DB-5274mixed_glioma,Transcriptome Profiling,Gene Expression Quantification,a065734c-d1d5-410b-8ed3-7f9e144dc90d,6a81c987-0907-4638-86a7-51e6ad3b758a.rna_seq.augmented_star_gene_counts.tsv,1,1
TCGA-DB-5274mixed_glioma,Transcriptome Profiling,miRNA Expression Quantification,7ac0f69a-91c4-47ab-b5df-41dc86b66a02,9b6ad092-646b-4b06-bd10-ca11c0b5ba53.mirbase21.mirnas.quantification.txt,1,1
TCGA-DB-5275mixed_glioma,Copy Number Variation,Gene Level Copy Number,"acc1ee0a-578e-4a69-9157-64eb53908d87,b1dd1e45-cf29-4de9-b472-b3976fafc2f1,5a43af17-3809-4ebb-b25d-4dbbe62f4c56","TCGA-LGG.90b493b8-8485-444d-8f35-7f8d2aa0536f.absolute_liftover.gene_level_copy_number.v36.tsv,TCGA-LGG.90b493b8-8485-444d-8f35-7f8d2aa0536f.gene_level_copy_number.v36.tsv,TCGA-LGG.90b493b8-8485-444d-8f35-7f8d2aa0536f.ascat3.gene_level_copy_number.v36.tsv",3,3
TCGA-DB-5275mixed_glioma,DNA Methylation,Methylation Beta Value,f3acbe4e-93e7-414c-b3fd-8a3039e95636,5027b528-ada0-4dfa-a230-a9130a3d0ed0.methylation_array.sesame.level3betas.txt,1,1
TCGA-DB-5275mixed_glioma,Proteome Profiling,Protein Expression Quantification,f139f058-bf4b-4b08-9d9a-22f397dc30c9,TCGA-DB-5275-01A-21-A29Y-20_RPPA_data.tsv,1,1
TCGA-DB-5275mixed_glioma,Simple Nucleotide Variation,Masked Somatic Mutation,3e09bb47-7b93-45f7-addd-6d27c6c1d11c,3ab44460-0534-4fe8-b7d8-208498aa23cd.wxs.aliquot_ensemble_masked.maf,1,1
TCGA-DB-5275mixed_glioma,Transcriptome Profiling,Gene Expression Quantification,24e48951-3bc0-44ff-afb2-a44eac9cf537,0364a08e-2940-4528-87c0-5351e6158713.rna_seq.augmented_star_gene_counts.tsv,1,1
TCGA-DB-5275mixed_glioma,Transcriptome Profiling,miRNA Expression Quantification,24a84659-b952-4a30-a435-e255782c606b,6c041549-9ad3-4909-9b03-aa9074c0f99c.mirbase21.mirnas.quantification.txt,1,1
TCGA-DB-5276mixed_glioma,Copy Number Variation,Gene Level Copy Number,"ddb02ed0-809c-4f81-995f-a419bc797d5f,9362e5ca-987a-47b8-b7f2-d141201649ee,e1fbdacc-212b-4c60-ae1a-40f523664817","TCGA-LGG.3a1aee69-01f9-43d5-9cfb-347e0154027e.ascat3.gene_level_copy_number.v36.tsv,TCGA-LGG.3a1aee69-01f9-43d5-9cfb-347e0154027e.absolute_liftover.gene_level_copy_number.v36.tsv,TCGA-LGG.3a1aee69-01f9-43d5-9cfb-347e0154027e.gene_level_copy_number.v36.tsv",3,3
TCGA-DB-5276mixed_glioma,DNA Methylation,Methylation Beta Value,b70add1d-d422-4e76-99c6-33753ecb53bb,ab3a2db9-8e82-4515-8e48-e7b0adaf074e.methylation_array.sesame.level3betas.txt,1,1
TCGA-DB-5276mixed_glioma,Proteome Profiling,Protein Expression Quantification,c099f3c2-de87-4cd5-8b4a-d55504a8100b,TCGA-DB-5276-01A-21-A29X-20_RPPA_data.tsv,1,1
TCGA-DB-5276mixed_glioma,Simple Nucleotide Variation,Masked Somatic Mutation,1ce95629-26ab-44bb-8f4f-7d9d661094e8,3841860e-4fa1-4cd9-a01e-fecf29ff1a55.wxs.aliquot_ensemble_masked.maf,1,1
TCGA-DB-5276mixed_glioma,Transcriptome Profiling,Gene Expression Quantification,74bb3ac7-66ab-4389-94fd-0d9693c7c3d1,ea23253b-fbd6-46ae-b6e2-3c2215e9c361.rna_seq.augmented_star_gene_counts.tsv,1,1
TCGA-DB-5276mixed_glioma,Transcriptome Profiling,miRNA Expression Quantification,df3b2c00-eafd-4826-b28d-9ea4a550962b,de082954-5b58-449c-8522-791e5a20c8fb.mirbase21.mirnas.quantification.txt,1,1
TCGA-DB-5280mixed_glioma,Copy Number Variation,Gene Level Copy Number,"145af4c0-84c8-46f7-b88d-d1e4ec189937,f2819200-746e-41e4-b99e-f2988fe558a8,b76ae2f1-d44a-47e7-81f8-abec163f1132","TCGA-LGG.780a6598-91d1-4d83-96f7-04f371296943.ascat3.gene_level_copy_number.v36.tsv,TCGA-LGG.780a6598-91d1-4d83-96f7-04f371296943.gene_level_copy_number.v36.tsv,TCGA-LGG.780a6598-91d1-4d83-96f7-04f371296943.absolute_liftover.gene_level_copy_number.v36.tsv",3,3
TCGA-DB-5280mixed_glioma,DNA Methylation,Methylation Beta Value,81a4ad63-33d5-469a-b723-839c77281b20,f66b45c5-9936-4f52-b49a-a8dc0aacf70a.methylation_array.sesame.level3betas.txt,1,1
TCGA-DB-5280mixed_glioma,Proteome Profiling,Protein Expression Quantification,12d659e7-1318-45db-a74f-afdf46251a8d,TCGA-DB-5280-01A-21-A29X-20_RPPA_data.tsv,1,1
TCGA-DB-5280mixed_glioma,Simple Nucleotide Variation,Masked Somatic Mutation,7ed60c26-34cc-407a-a590-ed5552421db0,c54c0674-ccaa-4c01-9d5f-f5b7930dcd23.wxs.aliquot_ensemble_masked.maf,1,1
TCGA-DB-5280mixed_glioma,Transcriptome Profiling,Gene Expression Quantification,d07fba61-ff49-4349-b090-5dd81af96ef6,7247a732-6b0a-4184-9789-9be47acc85b4.rna_seq.augmented_star_gene_counts.tsv,1,1
TCGA-DB-5280mixed_glioma,Transcriptome Profiling,miRNA Expression Quantification,9a9e9d01-b727-4e58-8d42-98385a46ea31,e1f3f4e7-5277-4e16-b566-316f745281a3.mirbase21.mirnas.quantification.txt,1,1
TCGA-DB-5281mixed_glioma,Copy Number Variation,Gene Level Copy Number,"d01b16e0-4e39-4114-b27b-fd6a94e4df42,e1182101-2bee-4a50-a27a-2c0ebf8422d6","TCGA-LGG.59b5c0ce-a0a1-415e-8847-2c85f8d018d3.gene_level_copy_number.v36.tsv,TCGA-LGG.59b5c0ce-a0a1-415e-8847-2c85f8d018d3.absolute_liftover.gene_level_copy_number.v36.tsv",2,2
TCGA-DB-5281mixed_glioma,DNA Methylation,Methylation Beta Value,21f97169-5bee-4c06-8feb-a4ab984992a3,b79e193b-15ba-415f-a15b-8de11e82ec64.methylation_array.sesame.level3betas.txt,1,1
TCGA-DB-5281mixed_glioma,Proteome Profiling,Protein Expression Quantification,c63bc524-1ed5-41b6-9a34-045052f172c7,TCGA-DB-5281-01A-21-A29Y-20_RPPA_data.tsv,1,1
TCGA-DB-5281mixed_glioma,Simple Nucleotide Variation,Masked Somatic Mutation,4aad8add-21d1-49f4-bd4c-cae16d5005a5,50e06a01-7860-4b15-a848-3a1a655665e6.wxs.aliquot_ensemble_masked.maf,1,1
TCGA-DB-5281mixed_glioma,Transcriptome Profiling,Gene Expression Quantification,f549754c-a2b3-4970-aa03-39e5e31f49d8,5e6cb8cc-d5a4-48e3-9f31-05ea8907da5b.rna_seq.augmented_star_gene_counts.tsv,1,1
TCGA-DB-5281mixed_glioma,Transcriptome Profiling,miRNA Expression Quantification,b46ffded-c6d9-4ac0-a4b9-f2dda8533994,6f5ff26b-b111-4bcd-89b3-009a486cf5bd.mirbase21.mirnas.quantification.txt,1,1
TCGA-DB-A4X9mixed_glioma,Copy Number Variation,Gene Level Copy Number,"d3febea0-1b14-4a3e-bfc8-c6b1bdfec9dd,06e69446-c617-45c6-9137-2ceadb4001ab,394a811d-58a6-4145-a740-94c4a88dc3d5","TCGA-LGG.8f4808b6-f699-4d07-a74e-c2ad436128ad.absolute_liftover.gene_level_copy_number.v36.tsv,TCGA-LGG.8f4808b6-f699-4d07-a74e-c2ad436128ad.gene_level_copy_number.v36.tsv,TCGA-LGG.8f4808b6-f699-4d07-a74e-c2ad436128ad.ascat3.gene_level_copy_number.v36.tsv",3,3
TCGA-DB-A4X9mixed_glioma,DNA Methylation,Methylation Beta Value,7f819d01-f228-4c13-a31e-ebb8fa26cf3f,5fbc1e69-6a22-48f7-87fb-6d8057158189.methylation_array.sesame.level3betas.txt,1,1
TCGA-DB-A4X9mixed_glioma,Proteome Profiling,Protein Expression Quantification,4620c1d1-0a1d-43df-aee8-c6f539d6b1ae,TCGA-DB-A4X9-01A-21-A29Z-20_RPPA_data.tsv,1,1
TCGA-DB-A4X9mixed_glioma,Simple Nucleotide Variation,Masked Somatic Mutation,ba918416-92d4-44f6-aeee-cf0c1636c1a9,4de68379-69c0-48a6-b40b-adfa51da27b2.wxs.aliquot_ensemble_masked.maf,1,1
TCGA-DB-A4X9mixed_glioma,Transcriptome Profiling,Gene Expression Quantification,8a7434b9-1690-4026-8084-ebc49a4f813b,bb18c483-3aed-4d96-af55-cbc74ef04d25.rna_seq.augmented_star_gene_counts.tsv,1,1
TCGA-DB-A4X9mixed_glioma,Transcriptome Profiling,miRNA Expression Quantification,1006a3aa-16a0-47fc-a0b3-905ba919e769,598fef64-a237-4c71-960e-ef2419dda8ce.mirbase21.mirnas.quantification.txt,1,1
TCGA-DB-A4XAmixed_glioma,Copy Number Variation,Gene Level Copy Number,"219c8fff-cdb6-4524-911d-8413a23017c1,b1992e1b-b23a-4664-907e-caca8575f8ab,7491fc8c-2e9e-439c-8026-2f1fa024729d","TCGA-LGG.beecf5a8-08a8-48cd-9b8c-f719f968d6f1.absolute_liftover.gene_level_copy_number.v36.tsv,TCGA-LGG.beecf5a8-08a8-48cd-9b8c-f719f968d6f1.gene_level_copy_number.v36.tsv,TCGA-LGG.beecf5a8-08a8-48cd-9b8c-f719f968d6f1.ascat3.gene_level_copy_number.v36.tsv",3,3
TCGA-DB-A4XAmixed_glioma,DNA Methylation,Methylation Beta Value,a5340fd2-e490-46f5-aab1-9eb9ae85b88e,6551fd76-2187-4111-b7ae-eba349ad990c.methylation_array.sesame.level3betas.txt,1,1
TCGA-DB-A4XAmixed_glioma,Proteome Profiling,Protein Expression Quantification,5069c763-86fa-4d5b-9709-1eba9a385cd5,TCGA-DB-A4XA-01A-21-A29Y-20_RPPA_data.tsv,1,1
TCGA-DB-A4XAmixed_glioma,Simple Nucleotide Variation,Masked Somatic Mutation,9228ab53-1f36-415f-a336-f2b8b5534ed6,e48856d9-6986-464c-8196-d2826a393a03.wxs.aliquot_ensemble_masked.maf,1,1
TCGA-DB-A4XAmixed_glioma,Transcriptome Profiling,Gene Expression Quantification,23505fd3-8a7f-40ea-82e7-b5b6f7557857,77eb6e00-3209-4c20-89e5-5dec2b477088.rna_seq.augmented_star_gene_counts.tsv,1,1
TCGA-DB-A4XAmixed_glioma,Transcriptome Profiling,miRNA Expression Quantification,248fd04d-ae71-47bf-bb36-f0cf44b759e2,14f0a27e-a865-4ded-a9d5-05da6f506526.mirbase21.mirnas.quantification.txt,1,1
TCGA-DB-A4XCmixed_glioma,Copy Number Variation,Gene Level Copy Number,"22b1f8d1-8549-468b-b98e-74af99078d84,8b856a9f-894d-446b-ba6e-1094e89f9e98,2b9d81c9-3d41-450f-ab1d-0722a8307022","TCGA-LGG.aeb16122-8ade-45fd-809a-1ad51671fcbb.ascat3.gene_level_copy_number.v36.tsv,TCGA-LGG.aeb16122-8ade-45fd-809a-1ad51671fcbb.absolute_liftover.gene_level_copy_number.v36.tsv,TCGA-LGG.aeb16122-8ade-45fd-809a-1ad51671fcbb.gene_level_copy_number.v36.tsv",3,3
TCGA-DB-A4XCmixed_glioma,DNA Methylation,Methylation Beta Value,4a29c2a0-4872-411e-a4e5-f587ee0cebf4,f1247cd8-eaf5-496d-8a00-ca9aeb57c150.methylation_array.sesame.level3betas.txt,1,1
TCGA-DB-A4XCmixed_glioma,Proteome Profiling,Protein Expression Quantification,c8546103-a911-4b2b-b3da-c4d366e0ef2b,TCGA-DB-A4XC-01A-21-A29Z-20_RPPA_data.tsv,1,1
TCGA-DB-A4XCmixed_glioma,Simple Nucleotide Variation,Masked Somatic Mutation,2a9280f6-b4bc-4482-82b9-ba32ce1d91cd,a03958af-13ca-4e2b-be0f-9d107d4860b0.wxs.aliquot_ensemble_masked.maf,1,1
TCGA-DB-A4XCmixed_glioma,Transcriptome Profiling,Gene Expression Quantification,803a721f-ae8a-4bb3-8b81-495544ea3c4e,3643b68f-5f23-41d3-8a8a-79be13ecb508.rna_seq.augmented_star_gene_counts.tsv,1,1
TCGA-DB-A4XCmixed_glioma,Transcriptome Profiling,miRNA Expression Quantification,5ee4247a-e030-4b4e-b4b0-8b531a3c703e,8e230625-3f0d-4127-b8c1-673410480796.mirbase21.mirnas.quantification.txt,1,1
TCGA-DB-A4XEmixed_glioma,Copy Number Variation,Gene Level Copy Number,"ee871edb-2508-40f9-bb0d-da543fb852a8,4f9e64b5-8b63-4bcd-9dfa-cd6ef7187d9f,014b1733-caff-4f72-b853-e8128ad28bcf","TCGA-LGG.4f5b20f2-ff9c-4e93-803f-ca2a54ae3e87.gene_level_copy_number.v36.tsv,TCGA-LGG.4f5b20f2-ff9c-4e93-803f-ca2a54ae3e87.ascat3.gene_level_copy_number.v36.tsv,TCGA-LGG.4f5b20f2-ff9c-4e93-803f-ca2a54ae3e87.absolute_liftover.gene_level_copy_number.v36.tsv",3,3
TCGA-DB-A4XEmixed_glioma,DNA Methylation,Methylation Beta Value,86bd5049-8e71-437d-91e3-781a80e07462,432eec92-4594-4b0c-b513-8b7b883a15f7.methylation_array.sesame.level3betas.txt,1,1
TCGA-DB-A4XEmixed_glioma,Proteome Profiling,Protein Expression Quantification,c680fd30-b349-49f6-921e-871cfc6edb44,TCGA-DB-A4XE-01A-21-A29Y-20_RPPA_data.tsv,1,1
TCGA-DB-A4XEmixed_glioma,Simple Nucleotide Variation,Masked Somatic Mutation,ef653030-2e92-4380-a304-76acb9388fa4,d92efdf1-efb2-47ba-86bd-e9559b0f13c5.wxs.aliquot_ensemble_masked.maf,1,1
TCGA-DB-A4XEmixed_glioma,Transcriptome Profiling,Gene Expression Quantification,19a294f1-350f-4cbc-b451-5083a25a2beb,cfc86a2c-65c2-4218-b16d-f2c6dfc1ca7e.rna_seq.augmented_star_gene_counts.tsv,1,1
TCGA-DB-A4XEmixed_glioma,Transcriptome Profiling,miRNA Expression Quantification,3db0014e-61ea-4120-ad09-d979b550a9e7,8e42cc6f-24f0-4de9-bebd-8a567ec3010e.mirbase21.mirnas.quantification.txt,1,1
TCGA-DB-A4XHmixed_glioma,Copy Number Variation,Gene Level Copy Number,"ab6be5fd-587d-494e-91a1-36a727109b5f,70e6dff5-f420-45f4-8c88-7b49f3d0af50,4d7357c2-cf8f-42ab-bab8-4133f8d92b1f","TCGA-LGG.6f98a18f-7f67-482d-b566-8564dbba4f42.ascat3.gene_level_copy_number.v36.tsv,TCGA-LGG.6f98a18f-7f67-482d-b566-8564dbba4f42.absolute_liftover.gene_level_copy_number.v36.tsv,TCGA-LGG.6f98a18f-7f67-482d-b566-8564dbba4f42.gene_level_copy_number.v36.tsv",3,3
TCGA-DB-A4XHmixed_glioma,DNA Methylation,Methylation Beta Value,ca941471-c71c-4ac9-b327-f8fb1114a909,9c702c57-599f-4380-b881-102900d55887.methylation_array.sesame.level3betas.txt,1,1
TCGA-DB-A4XHmixed_glioma,Proteome Profiling,Protein Expression Quantification,4d0f9c7f-3bf2-489f-92e4-8101810fbcae,TCGA-DB-A4XH-01A-21-A29Z-20_RPPA_data.tsv,1,1
TCGA-DB-A4XHmixed_glioma,Simple Nucleotide Variation,Masked Somatic Mutation,98daa3a9-b8f7-498f-b1a1-a7df191d75ad,acea0c85-72e7-4e10-a85a-359aa3b0db5d.wxs.aliquot_ensemble_masked.maf,1,1
TCGA-DB-A4XHmixed_glioma,Transcriptome Profiling,Gene Expression Quantification,d6d2876d-9624-4f5f-9a5a-366cbc5889d1,61aa6c78-d34b-4da0-a9d6-e02cf46cdfd1.rna_seq.augmented_star_gene_counts.tsv,1,1
TCGA-DB-A4XHmixed_glioma,Transcriptome Profiling,miRNA Expression Quantification,fa1cc1f2-21c3-449a-90e6-d30f7d043a35,06f25160-66ea-46cc-8f94-12f3994cb97a.mirbase21.mirnas.quantification.txt,1,1
TCGA-DB-A64Omixed_glioma,Copy Number Variation,Gene Level Copy Number,"7f80e812-c4d3-43d7-880b-7a6aed58739f,68101714-c478-43c0-bf51-ba7044084101,a2f0e2d8-7c04-409b-b75e-05fb0a3c3210","TCGA-LGG.0ca850f5-5891-4475-90b0-a37909968334.ascat3.gene_level_copy_number.v36.tsv,TCGA-LGG.0ca850f5-5891-4475-90b0-a37909968334.gene_level_copy_number.v36.tsv,TCGA-LGG.0ca850f5-5891-4475-90b0-a37909968334.absolute_liftover.gene_level_copy_number.v36.tsv",3,3
TCGA-DB-A64Omixed_glioma,DNA Methylation,Methylation Beta Value,3224fd66-3416-4e04-adfb-053d0b22100c,394129d1-07e6-4e1b-9736-391c02a6ebfd.methylation_array.sesame.level3betas.txt,1,1
TCGA-DB-A64Omixed_glioma,Proteome Profiling,Protein Expression Quantification,23863447-2c40-472e-803d-1eabd23e4fe0,TCGA-DB-A64O-01A-21-A44D-20_RPPA_data.tsv,1,1
TCGA-DB-A64Omixed_glioma,Simple Nucleotide Variation,Masked Somatic Mutation,460f1229-d490-47df-a82c-071230edab1d,47409b85-1293-4813-b10c-ca2e4ce3abfe.wxs.aliquot_ensemble_masked.maf,1,1
TCGA-DB-A64Omixed_glioma,Transcriptome Profiling,Gene Expression Quantification,03adfb2d-63a4-43fb-87ae-0d174116490e,b7e78004-11be-455e-bea9-576532363b87.rna_seq.augmented_star_gene_counts.tsv,1,1
TCGA-DB-A64Omixed_glioma,Transcriptome Profiling,miRNA Expression Quantification,f5d025f4-a857-4683-804f-1bbe6582c740,80a74fff-e551-4da9-87ec-7820bbacc607.mirbase21.mirnas.quantification.txt,1,1
TCGA-DB-A64Qmixed_glioma,Copy Number Variation,Gene Level Copy Number,"5ee1a7e1-b789-40d7-820c-02ad418e52ae,18b5ab53-eb28-4e8d-9f25-602a92c87d3a,a7d3a6c5-88fc-4b16-8c55-9f8014a40290","TCGA-LGG.3e2571fe-631a-482f-a2fb-d312370b28ad.gene_level_copy_number.v36.tsv,TCGA-LGG.3e2571fe-631a-482f-a2fb-d312370b28ad.absolute_liftover.gene_level_copy_number.v36.tsv,TCGA-LGG.3e2571fe-631a-482f-a2fb-d312370b28ad.ascat3.gene_level_copy_number.v36.tsv",3,3
TCGA-DB-A64Qmixed_glioma,DNA Methylation,Methylation Beta Value,e63333b0-a0d8-4060-b487-ca2b19f862b3,4cb87cc4-03c6-4919-86a7-3d1e0242788c.methylation_array.sesame.level3betas.txt,1,1
TCGA-DB-A64Qmixed_glioma,Proteome Profiling,Protein Expression Quantification,e2fecc78-731a-468f-96e9-b9de6cac5d91,TCGA-DB-A64Q-01A-21-A44D-20_RPPA_data.tsv,1,1
TCGA-DB-A64Qmixed_glioma,Simple Nucleotide Variation,Masked Somatic Mutation,bd10dad5-1b64-4d8d-b173-12fcd1b4db33,f318c813-e6d3-4e8a-9881-930af4d2aba2.wxs.aliquot_ensemble_masked.maf,1,1
TCGA-DB-A64Qmixed_glioma,Transcriptome Profiling,Gene Expression Quantification,cae5e7a1-9394-4aa6-bad0-6e9fa31e73b7,e3c70a24-89fd-4fae-9329-be5b9b62d011.rna_seq.augmented_star_gene_counts.tsv,1,1
TCGA-DB-A64Qmixed_glioma,Transcriptome Profiling,miRNA Expression Quantification,6b9c7c77-3838-4284-917a-cb8d2c711308,60bbb84a-4bb5-4eeb-bcee-683d5339937b.mirbase21.mirnas.quantification.txt,1,1
TCGA-DB-A64Smixed_glioma,Copy Number Variation,Gene Level Copy Number,"4948e341-e708-4b73-affa-63f9b0ea9b5c,0c9fa7d0-59dd-4b2b-a53a-a6db13888801,5684cf15-0e53-4205-b0b2-0044210650a9","TCGA-LGG.9f0e657d-43ec-451f-9583-fa062ae22f94.ascat3.gene_level_copy_number.v36.tsv,TCGA-LGG.9f0e657d-43ec-451f-9583-fa062ae22f94.absolute_liftover.gene_level_copy_number.v36.tsv,TCGA-LGG.9f0e657d-43ec-451f-9583-fa062ae22f94.gene_level_copy_number.v36.tsv",3,3
TCGA-DB-A64Smixed_glioma,DNA Methylation,Methylation Beta Value,e333b43c-bf21-476c-858a-f7f859a218b6,b1a3c3aa-332c-4fb5-a87e-8adbbe5e7996.methylation_array.sesame.level3betas.txt,1,1
TCGA-DB-A64Smixed_glioma,Proteome Profiling,Protein Expression Quantification,fb1764f1-7455-4731-b623-5e95d91e2053,TCGA-DB-A64S-01A-21-A44D-20_RPPA_data.tsv,1,1
TCGA-DB-A64Smixed_glioma,Simple Nucleotide Variation,Masked Somatic Mutation,cfb03de9-3eac-4724-9bff-a9b3a9c12bc7,e0dd81d7-ecaa-46e1-8fc5-86541de8c7db.wxs.aliquot_ensemble_masked.maf,1,1
TCGA-DB-A64Smixed_glioma,Transcriptome Profiling,Gene Expression Quantification,0a2571b8-6932-487c-9190-1fbe4e1728d9,135e6f87-7226-4b93-b69c-d2a202ae2256.rna_seq.augmented_star_gene_counts.tsv,1,1
TCGA-DB-A64Smixed_glioma,Transcriptome Profiling,miRNA Expression Quantification,fad9514a-87d5-439a-9e67-016a296f272c,4a322a95-91db-4b47-a994-9f242b5b5993.mirbase21.mirnas.quantification.txt,1,1
TCGA-DB-A64Umixed_glioma,Copy Number Variation,Gene Level Copy Number,"583c383f-3fa1-419f-b846-956fd02b2517,ee2e5376-2351-44c2-9391-e0bcb81f9762,aa5bc0fc-c698-4d62-910e-28391b889835","TCGA-LGG.848acf11-f86c-42a7-acb6-79e65b31be72.absolute_liftover.gene_level_copy_number.v36.tsv,TCGA-LGG.848acf11-f86c-42a7-acb6-79e65b31be72.ascat3.gene_level_copy_number.v36.tsv,TCGA-LGG.848acf11-f86c-42a7-acb6-79e65b31be72.gene_level_copy_number.v36.tsv",3,3
TCGA-DB-A64Umixed_glioma,DNA Methylation,Methylation Beta Value,fa6df15b-86df-406b-ac95-df758a8bc245,ce3f4788-2ca8-45f5-8016-ada96a22e43a.methylation_array.sesame.level3betas.txt,1,1
TCGA-DB-A64Umixed_glioma,Proteome Profiling,Protein Expression Quantification,f435f850-e861-45ab-a0f8-36bbb0a8b1cc,TCGA-DB-A64U-01A-21-A44D-20_RPPA_data.tsv,1,1
TCGA-DB-A64Umixed_glioma,Simple Nucleotide Variation,Masked Somatic Mutation,c7d4a139-91b9-4146-a9ab-f42449cb863d,b4747bf1-3652-4181-9d8f-26505439fa6f.wxs.aliquot_ensemble_masked.maf,1,1
TCGA-DB-A64Umixed_glioma,Transcriptome Profiling,Gene Expression Quantification,c6a93a2c-a832-40b4-a335-f01b6aa22f3c,d2bc414b-8e94-4b67-a4e1-09c3936211e2.rna_seq.augmented_star_gene_counts.tsv,1,1
TCGA-DB-A64Umixed_glioma,Transcriptome Profiling,miRNA Expression Quantification,903102d7-a578-43f1-81a3-34236017124f,6a78b15f-dada-4198-86f2-f852399722ad.mirbase21.mirnas.quantification.txt,1,1
TCGA-DB-A64Wmixed_glioma,Copy Number Variation,Gene Level Copy Number,"889d58d6-5f6c-4532-881d-39a6eea652fc,dd3f4b93-86f2-435f-bff0-4a1b2d6c31b6,c95043e6-615d-4b38-8fda-f369bd5da5e4","TCGA-LGG.2773e724-fa7c-43fc-a28f-dd0811c5d315.gene_level_copy_number.v36.tsv,TCGA-LGG.2773e724-fa7c-43fc-a28f-dd0811c5d315.ascat3.gene_level_copy_number.v36.tsv,TCGA-LGG.2773e724-fa7c-43fc-a28f-dd0811c5d315.absolute_liftover.gene_level_copy_number.v36.tsv",3,3
TCGA-DB-A64Wmixed_glioma,DNA Methylation,Methylation Beta Value,36816b58-2622-482c-a353-5f58499c6bbf,58363515-bff4-4598-a332-5fe19f87d16a.methylation_array.sesame.level3betas.txt,1,1
TCGA-DB-A64Wmixed_glioma,Proteome Profiling,Protein Expression Quantification,52b5d635-0ca4-4ab7-aa95-d18ba7c450cd,TCGA-DB-A64W-01A-21-A44D-20_RPPA_data.tsv,1,1
TCGA-DB-A64Wmixed_glioma,Simple Nucleotide Variation,Masked Somatic Mutation,80346d93-3d9a-49b6-a5cb-7abc8def44f3,be4d0bbd-75cc-4821-b223-3764bbbb5051.wxs.aliquot_ensemble_masked.maf,1,1
TCGA-DB-A64Wmixed_glioma,Transcriptome Profiling,Gene Expression Quantification,e31db1ec-c949-488a-a44c-3b75d867a77d,8d2fe014-d503-4020-a671-6e8652a47a89.rna_seq.augmented_star_gene_counts.tsv,1,1
TCGA-DB-A64Wmixed_glioma,Transcriptome Profiling,miRNA Expression Quantification,ef6152f8-7dbe-4f45-af72-e1832e975862,a4d3b6fb-1acb-4bd7-92df-05a81ed530e1.mirbase21.mirnas.quantification.txt,1,1
TCGA-DB-A75Kmixed_glioma,Copy Number Variation,Gene Level Copy Number,"9a8cf3dd-ac64-4305-915d-8b49e4da0256,7cc0ef70-23d3-4938-aa26-1647d7c43193,76899366-c131-46e8-989a-9f4da83e7bb0,7606661e-5dad-4537-adc4-da1a298aedf5","TCGA-LGG.2e4ff8d7-cc54-48ff-b53c-d30d788505b5.gene_level_copy_number.v36.tsv,TCGA-LGG.2e4ff8d7-cc54-48ff-b53c-d30d788505b5.absolute_liftover.gene_level_copy_number.v36.tsv,c5207f9d-1d13-4047-942c-96cecd569941.wgs.ASCAT.gene_level.copy_number_variation.tsv,TCGA-LGG.2e4ff8d7-cc54-48ff-b53c-d30d788505b5.ascat3.gene_level_copy_number.v36.tsv",4,4
TCGA-DB-A75Kmixed_glioma,DNA Methylation,Methylation Beta Value,3ec21e1c-a4b7-4d64-920a-ec3ae86468d0,93208c07-9007-4190-b190-443e7f9d51af.methylation_array.sesame.level3betas.txt,1,1
TCGA-DB-A75Kmixed_glioma,Proteome Profiling,Protein Expression Quantification,e335dea2-3b77-4c1f-ba19-cd2afeba227f,TCGA-DB-A75K-01A-21-A44D-20_RPPA_data.tsv,1,1
TCGA-DB-A75Kmixed_glioma,Simple Nucleotide Variation,Masked Somatic Mutation,aeb378ff-3975-4ea2-8db2-ff9a619cb1ec,31a20d5c-a9ee-4ade-ab17-d585b137a2ac.wxs.aliquot_ensemble_masked.maf,1,1
TCGA-DB-A75Kmixed_glioma,Transcriptome Profiling,Gene Expression Quantification,c6152857-4bda-4a48-abdc-346b5752ba0e,8ea3400c-3163-4287-bc6e-7116dbdb7f5e.rna_seq.augmented_star_gene_counts.tsv,1,1
TCGA-DB-A75Kmixed_glioma,Transcriptome Profiling,miRNA Expression Quantification,f34992b5-f5b4-4d3a-a131-b774e2a645a0,c85218fb-d1e7-4ea4-a9f4-ca7ae9dc61cd.mirbase21.mirnas.quantification.txt,1,1
TCGA-DH-5140mixed_glioma,Copy Number Variation,Gene Level Copy Number,"5303f57b-08fa-4ee9-9b5d-3520249d969d,99ed371b-dbc7-4c09-997e-bb305cdf98b5,350dfe6c-e5ec-4867-a004-2cd89a001252","TCGA-LGG.a45a089f-e1ea-46bf-80d4-b4d8e16ce956.gene_level_copy_number.v36.tsv,TCGA-LGG.a45a089f-e1ea-46bf-80d4-b4d8e16ce956.ascat3.gene_level_copy_number.v36.tsv,TCGA-LGG.a45a089f-e1ea-46bf-80d4-b4d8e16ce956.absolute_liftover.gene_level_copy_number.v36.tsv",3,3
TCGA-DH-5140mixed_glioma,DNA Methylation,Methylation Beta Value,6b1421c2-8c86-496b-bf19-341c5aed3b21,0e909575-a948-4388-becf-d8335deff4bf.methylation_array.sesame.level3betas.txt,1,1
TCGA-DH-5140mixed_glioma,Proteome Profiling,Protein Expression Quantification,5b632695-983d-429d-931b-32297c130ed9,TCGA-DH-5140-01A-21-A29Y-20_RPPA_data.tsv,1,1
TCGA-DH-5140mixed_glioma,Simple Nucleotide Variation,Masked Somatic Mutation,9d0fc5e9-661a-4f1d-9327-34caacda22df,2ec40735-e0ec-4fe4-827a-d6b0886fcf24.wxs.aliquot_ensemble_masked.maf,1,1
TCGA-DH-5140mixed_glioma,Transcriptome Profiling,Gene Expression Quantification,2eecdfac-0657-4e12-8312-56f8c59ac698,6c5e72c6-18f8-4994-9574-56a429d12ac5.rna_seq.augmented_star_gene_counts.tsv,1,1
TCGA-DH-5140mixed_glioma,Transcriptome Profiling,miRNA Expression Quantification,0eada78f-4e86-45ce-aa3c-9f75b05453af,2962349b-915f-48f3-9e02-a424d5e05b8a.mirbase21.mirnas.quantification.txt,1,1
TCGA-DH-5143mixed_glioma,Copy Number Variation,Gene Level Copy Number,"c5efccb6-b274-4af3-b997-9b04e2aa20c3,5cfc20a7-10db-4797-a5e2-be197c87ea02,b6997610-fc94-4126-a719-6f2c8649481b","TCGA-LGG.19e83aa3-05f4-47f3-a70a-44c7bb64cce2.absolute_liftover.gene_level_copy_number.v36.tsv,TCGA-LGG.19e83aa3-05f4-47f3-a70a-44c7bb64cce2.ascat3.gene_level_copy_number.v36.tsv,TCGA-LGG.19e83aa3-05f4-47f3-a70a-44c7bb64cce2.gene_level_copy_number.v36.tsv",3,3
TCGA-DH-5143mixed_glioma,DNA Methylation,Methylation Beta Value,6c99ac66-3ce5-44ea-b217-18cd79e87f8f,5da0a306-2bca-4e9d-96b1-c44677c00dfc.methylation_array.sesame.level3betas.txt,1,1
TCGA-DH-5143mixed_glioma,Proteome Profiling,Protein Expression Quantification,97233656-6de7-4a19-be4f-fad6f756856d,TCGA-DH-5143-01A-21-A300-20_RPPA_data.tsv,1,1
TCGA-DH-5143mixed_glioma,Simple Nucleotide Variation,Masked Somatic Mutation,89092c36-4ac0-4661-b01d-0dfbe3aac4ab,de5bc600-6b8a-4660-9bc3-21161cbdfeb8.wxs.aliquot_ensemble_masked.maf,1,1
TCGA-DH-5143mixed_glioma,Transcriptome Profiling,Gene Expression Quantification,88021d16-b553-4543-8e2b-e693c01a277d,fa0dcd33-2f40-4575-a78b-73c319b1746e.rna_seq.augmented_star_gene_counts.tsv,1,1
TCGA-DH-5143mixed_glioma,Transcriptome Profiling,miRNA Expression Quantification,943b3f57-c3da-4531-ac66-6835667b9b35,cb73f053-0544-4ff1-8461-d7271932ffa6.mirbase21.mirnas.quantification.txt,1,1
TCGA-DU-5851mixed_glioma,Copy Number Variation,Gene Level Copy Number,"54015331-b709-45da-9fe9-5d0ae9364730,bdaa0dd3-5cd0-4849-8188-a0b03962dc26,f52f1e00-af97-4fbd-8cfe-934fc3d1087e","TCGA-LGG.381ddc4c-5f34-47c1-8b26-ffccd8a87706.gene_level_copy_number.v36.tsv,TCGA-LGG.381ddc4c-5f34-47c1-8b26-ffccd8a87706.ascat3.gene_level_copy_number.v36.tsv,TCGA-LGG.381ddc4c-5f34-47c1-8b26-ffccd8a87706.absolute_liftover.gene_level_copy_number.v36.tsv",3,3
TCGA-DU-5851mixed_glioma,DNA Methylation,Methylation Beta Value,d2dc2f73-784b-42f7-bd38-1e9fe5c15f15,9cedeba6-d93f-4328-8f03-2bbe09b67c63.methylation_array.sesame.level3betas.txt,1,1
TCGA-DU-5851mixed_glioma,Proteome Profiling,Protein Expression Quantification,cbdf2fa2-87b0-4f2c-a8cc-b6847a5568f0,TCGA-DU-5851-01A-22-A300-20_RPPA_data.tsv,1,1
TCGA-DU-5851mixed_glioma,Simple Nucleotide Variation,Masked Somatic Mutation,51138432-3d93-4a11-b8cf-b6ec1f72ad7c,dba071f3-99e7-4c1d-bcb4-8c7f0d43a9d0.wxs.aliquot_ensemble_masked.maf,1,1
TCGA-DU-5851mixed_glioma,Transcriptome Profiling,Gene Expression Quantification,6316a950-ba08-4f1d-bbb7-b67329acf87c,d4194931-3f02-4c72-a27b-81e353d1e40f.rna_seq.augmented_star_gene_counts.tsv,1,1
TCGA-DU-5851mixed_glioma,Transcriptome Profiling,miRNA Expression Quantification,fb4bf0eb-d487-4fff-8b48-d40951f99bdb,e8d853fe-62be-4264-a274-2fca7d2f85b6.mirbase21.mirnas.quantification.txt,1,1
TCGA-DU-5852mixed_glioma,Copy Number Variation,Gene Level Copy Number,"96e54170-c2ac-4956-a7eb-0e262e091c61,9ba0f8d5-c93a-4829-aedf-cec8f307d3ef,7789d5ea-797d-452e-a0a7-30550cc99dac","TCGA-LGG.397c469c-c508-420e-9251-90196a15a61c.ascat3.gene_level_copy_number.v36.tsv,TCGA-LGG.397c469c-c508-420e-9251-90196a15a61c.gene_level_copy_number.v36.tsv,TCGA-LGG.397c469c-c508-420e-9251-90196a15a61c.absolute_liftover.gene_level_copy_number.v36.tsv",3,3
TCGA-DU-5852mixed_glioma,DNA Methylation,Methylation Beta Value,1312c4cd-769e-4fff-a22c-ee50a57a5cfd,1302557f-a37e-41f6-a23e-a532a4e5823d.methylation_array.sesame.level3betas.txt,1,1
TCGA-DU-5852mixed_glioma,Proteome Profiling,Protein Expression Quantification,63276f44-112d-43df-873a-1b3ac0542cf4,TCGA-DU-5852-01A-21-A29X-20_RPPA_data.tsv,1,1
TCGA-DU-5852mixed_glioma,Simple Nucleotide Variation,Masked Somatic Mutation,3d3fbe85-ad4f-420a-a26a-3be17601439f,ba127ee7-e935-444b-a886-ba43e11ebc57.wxs.aliquot_ensemble_masked.maf,1,1
TCGA-DU-5852mixed_glioma,Transcriptome Profiling,Gene Expression Quantification,7b089561-d449-4b86-bff0-6aa5eed1c8de,602acda6-a90d-42bc-a8aa-6eade2a791c4.rna_seq.augmented_star_gene_counts.tsv,1,1
TCGA-DU-5852mixed_glioma,Transcriptome Profiling,miRNA Expression Quantification,c1fb5b9c-b71a-44f9-8b8c-869174eff9ff,c22b68a8-818f-420a-ae0c-b4fe002e8a10.mirbase21.mirnas.quantification.txt,1,1
TCGA-DU-5853mixed_glioma,Copy Number Variation,Gene Level Copy Number,"ee3c096d-727d-4a01-8c11-99ca35e20292,59c1752b-64bd-482c-99eb-552f01f93119,a1f59f6c-bde7-4f7a-a598-ab05fdb3dbd0","TCGA-LGG.fd6f6ed3-8aad-4495-93eb-4644a715ebde.gene_level_copy_number.v36.tsv,TCGA-LGG.fd6f6ed3-8aad-4495-93eb-4644a715ebde.ascat3.gene_level_copy_number.v36.tsv,TCGA-LGG.fd6f6ed3-8aad-4495-93eb-4644a715ebde.absolute_liftover.gene_level_copy_number.v36.tsv",3,3
TCGA-DU-5853mixed_glioma,DNA Methylation,Methylation Beta Value,5f4ba929-7c86-4865-8e19-13cf9317382c,eb2b743b-8955-4844-93ec-174023405fd9.methylation_array.sesame.level3betas.txt,1,1
TCGA-DU-5853mixed_glioma,Proteome Profiling,Protein Expression Quantification,3ae90692-dc39-44b9-a14c-4d90d266b0d8,TCGA-DU-5853-01A-22-A300-20_RPPA_data.tsv,1,1
TCGA-DU-5853mixed_glioma,Simple Nucleotide Variation,Masked Somatic Mutation,1bcb22dc-63dd-45b5-8047-09c2ec670e64,48ccc619-8948-49a0-b176-84d4382e3a2f.wxs.aliquot_ensemble_masked.maf,1,1
TCGA-DU-5853mixed_glioma,Transcriptome Profiling,Gene Expression Quantification,9512ac3b-38d0-41fd-b3a9-a6a9f13cbb54,b13fa8a9-91f7-498d-923f-9525c6f0acc7.rna_seq.augmented_star_gene_counts.tsv,1,1
TCGA-DU-5853mixed_glioma,Transcriptome Profiling,miRNA Expression Quantification,8aaeb5ae-e641-41f6-ad25-a492f33b7ca3,446233ca-7076-442f-910e-f9ff9edaa9d0.mirbase21.mirnas.quantification.txt,1,1
TCGA-DU-5855mixed_glioma,Copy Number Variation,Gene Level Copy Number,"47f1229b-1bba-4ff0-b600-5874ce06d0e5,3aed48c6-ef04-4c05-87de-62619770e014,3b755e29-7597-4c30-bb93-c323a21b2965","TCGA-LGG.a9d9318a-531e-4c37-afab-2b5c4cb77886.gene_level_copy_number.v36.tsv,TCGA-LGG.a9d9318a-531e-4c37-afab-2b5c4cb77886.absolute_liftover.gene_level_copy_number.v36.tsv,TCGA-LGG.a9d9318a-531e-4c37-afab-2b5c4cb77886.ascat3.gene_level_copy_number.v36.tsv",3,3
TCGA-DU-5855mixed_glioma,DNA Methylation,Methylation Beta Value,9088a738-b2c2-4964-a6b1-d27e85443be6,926dc5c8-c0b5-43d0-94da-fabb06a3cd05.methylation_array.sesame.level3betas.txt,1,1
TCGA-DU-5855mixed_glioma,Proteome Profiling,Protein Expression Quantification,3d48affa-1b08-4b95-aea3-285ff880dda0,TCGA-DU-5855-01A-21-A29X-20_RPPA_data.tsv,1,1
TCGA-DU-5855mixed_glioma,Simple Nucleotide Variation,Masked Somatic Mutation,612e66fe-76a6-4da4-aec1-feb0ac9269d6,f22e2312-be64-4c31-960e-2c14fd0f309e.wxs.aliquot_ensemble_masked.maf,1,1
TCGA-DU-5855mixed_glioma,Transcriptome Profiling,Gene Expression Quantification,9066b51d-b57f-484b-95ef-74f4a7a6880a,52c55a5f-09ad-4140-bfac-1bb66ad42d78.rna_seq.augmented_star_gene_counts.tsv,1,1
TCGA-DU-5855mixed_glioma,Transcriptome Profiling,miRNA Expression Quantification,df873385-ee5d-4f1d-b0b1-9ae9f4764e56,77189c27-144e-45d7-bda1-e96265c8f870.mirbase21.mirnas.quantification.txt,1,1
TCGA-DU-5871mixed_glioma,Copy Number Variation,Gene Level Copy Number,"31a1c88a-2cb1-42c4-a40a-bff69d007a9f,79d5aa5a-7467-4e93-9e8d-2e14ec1d79ee,ed77e8e0-4e42-4461-8920-f00b43274a0b","TCGA-LGG.4d660cbf-ff7d-4f14-b597-a485690f853c.gene_level_copy_number.v36.tsv,TCGA-LGG.4d660cbf-ff7d-4f14-b597-a485690f853c.ascat3.gene_level_copy_number.v36.tsv,TCGA-LGG.4d660cbf-ff7d-4f14-b597-a485690f853c.absolute_liftover.gene_level_copy_number.v36.tsv",3,3
TCGA-DU-5871mixed_glioma,DNA Methylation,Methylation Beta Value,22a35bb9-f263-4926-8afb-bb8200f6c460,fca2293c-6705-4760-bce3-d9ab015c8215.methylation_array.sesame.level3betas.txt,1,1
TCGA-DU-5871mixed_glioma,Proteome Profiling,Protein Expression Quantification,3e9c7e5f-c0e2-4419-9c87-d3388a491d9b,TCGA-DU-5871-01A-21-A29X-20_RPPA_data.tsv,1,1
TCGA-DU-5871mixed_glioma,Simple Nucleotide Variation,Masked Somatic Mutation,05789749-31b7-4260-847d-451ff08f8c69,6bcfa0cc-d2d1-415f-9975-f94d5f40e5d0.wxs.aliquot_ensemble_masked.maf,1,1
TCGA-DU-5871mixed_glioma,Transcriptome Profiling,Gene Expression Quantification,6a45f231-e207-4e03-8951-ee12f22364f3,bbdce850-0d25-4fa0-bdbc-feaabedca009.rna_seq.augmented_star_gene_counts.tsv,1,1
TCGA-DU-5871mixed_glioma,Transcriptome Profiling,miRNA Expression Quantification,ba33e92e-92e8-4da2-9cd6-f8fe8a1c5b04,b3d92ce7-1286-48e7-9138-e3d20521f3ca.mirbase21.mirnas.quantification.txt,1,1
TCGA-DU-5872mixed_glioma,Copy Number Variation,Gene Level Copy Number,"3773ba8c-a541-46bb-a142-fd9679e002fd,3a96d0f7-b6f2-455c-9909-69e82fb75eb5,108f13db-79d2-459c-9f3a-26b54c8b3558,3109fa42-f126-4163-9cb2-b644703e8cf4,9617e257-514d-4400-8411-5a0945d7e788","TCGA-LGG.c6186fa7-12ea-4068-aea3-d1c29c080022.ascat3.gene_level_copy_number.v36.tsv,TCGA-LGG.9dfc7c34-e572-4e1f-80a0-a5d00c639e04.absolute_liftover.gene_level_copy_number.v36.tsv,TCGA-LGG.c6186fa7-12ea-4068-aea3-d1c29c080022.gene_level_copy_number.v36.tsv,TCGA-LGG.9dfc7c34-e572-4e1f-80a0-a5d00c639e04.gene_level_copy_number.v36.tsv,TCGA-LGG.c6186fa7-12ea-4068-aea3-d1c29c080022.absolute_liftover.gene_level_copy_number.v36.tsv",5,5
TCGA-DU-5872mixed_glioma,DNA Methylation,Methylation Beta Value,"5b95d55c-0ffc-461d-9b41-cbe6a81576cb,a5b6b2e9-159d-4772-8eba-e5812474b5dc","97fb3c3b-9859-424a-b212-22be891794db.methylation_array.sesame.level3betas.txt,9fb02643-7edc-482c-a707-c128a6beffa3.methylation_array.sesame.level3betas.txt",2,2
TCGA-DU-5872mixed_glioma,Proteome Profiling,Protein Expression Quantification,0368f329-6ee6-4e17-8446-d2d4a9eaedf6,TCGA-DU-5872-01A-21-A29X-20_RPPA_data.tsv,1,1
TCGA-DU-5872mixed_glioma,Simple Nucleotide Variation,Masked Somatic Mutation,"265dcfd2-cb99-4c41-bfae-d55c577a786a,f091361b-3c0e-4f62-a3be-360e081ecd9d","69bf0b76-a986-4ec8-9af2-859f931c0cb4.wxs.aliquot_ensemble_masked.maf,c3b97565-fca0-4576-a44e-82fb380140fd.wxs.aliquot_ensemble_masked.maf",2,2
TCGA-DU-5872mixed_glioma,Transcriptome Profiling,Gene Expression Quantification,"73d1e125-5a76-4975-803d-eb99413e3503,9e739f95-8038-4d85-9d61-84bd520b8f63","deb7abbb-2d8e-4ffa-804f-02fd532a0de2.rna_seq.augmented_star_gene_counts.tsv,d7aad54c-1f6b-4989-97d7-5e74132faf28.rna_seq.augmented_star_gene_counts.tsv",2,2
TCGA-DU-5872mixed_glioma,Transcriptome Profiling,miRNA Expression Quantification,"779f16d8-236d-45d6-b26f-abf11e7ce982,d301dd28-1e46-452c-9f46-ee3b8ce14e53","61bbdf9b-4f4c-49d4-b3cd-46793a202c73.mirbase21.mirnas.quantification.txt,cd82d0fa-1183-4758-b5fd-e06bc23a6fea.mirbase21.mirnas.quantification.txt",2,2
TCGA-DU-6395mixed_glioma,Copy Number Variation,Gene Level Copy Number,"73fd8f4e-0319-4773-ae85-0a39d01f2756,eb273184-9846-4e68-86ac-6e366b1c2096,984085f5-5850-4824-a0c8-db84496613e3,43a7d4ab-09b6-4f07-926d-4dbe69cbab42","TCGA-LGG.e67478af-40c1-4d97-b054-57eddd8e2f5c.ascat3.gene_level_copy_number.v36.tsv,TCGA-LGG.e67478af-40c1-4d97-b054-57eddd8e2f5c.absolute_liftover.gene_level_copy_number.v36.tsv,TCGA-LGG.e67478af-40c1-4d97-b054-57eddd8e2f5c.gene_level_copy_number.v36.tsv,9b3628f2-9993-402b-9fc0-6a884fa09331.wgs.ASCAT.gene_level.copy_number_variation.tsv",4,4
TCGA-DU-6395mixed_glioma,DNA Methylation,Methylation Beta Value,f6c71436-dfd6-498d-b383-491e30e62461,19843621-38cf-4995-8153-eee5491db71b.methylation_array.sesame.level3betas.txt,1,1
TCGA-DU-6395mixed_glioma,Proteome Profiling,Protein Expression Quantification,703ff772-a99a-4513-a8fd-8641bde9598d,TCGA-DU-6395-01A-21-A29Z-20_RPPA_data.tsv,1,1
TCGA-DU-6395mixed_glioma,Simple Nucleotide Variation,Masked Somatic Mutation,d24f91b3-4da9-4c65-9f70-578760c6845f,63faf225-7f90-4be3-bbf0-b26d1df86527.wxs.aliquot_ensemble_masked.maf,1,1
TCGA-DU-6395mixed_glioma,Transcriptome Profiling,Gene Expression Quantification,af44aa49-f28e-4a03-bc22-9f99aef5b210,129205b9-a338-4a59-bab4-af8b6ef4b527.rna_seq.augmented_star_gene_counts.tsv,1,1
TCGA-DU-6395mixed_glioma,Transcriptome Profiling,miRNA Expression Quantification,e1de83e4-bb1d-4403-86da-524eeaee9718,f5602659-fb57-493d-a957-d6d027d90e27.mirbase21.mirnas.quantification.txt,1,1
TCGA-DU-6396mixed_glioma,Copy Number Variation,Gene Level Copy Number,"4ff25818-f39d-42bf-824c-3d49b1dbaf43,9506d587-9c4a-4a6a-b246-2459dac59ad3,67123cc6-6426-4538-bc25-4b910373ea6b","TCGA-LGG.618cc414-7e4d-4840-8a68-191713302540.ascat3.gene_level_copy_number.v36.tsv,TCGA-LGG.618cc414-7e4d-4840-8a68-191713302540.absolute_liftover.gene_level_copy_number.v36.tsv,TCGA-LGG.618cc414-7e4d-4840-8a68-191713302540.gene_level_copy_number.v36.tsv",3,3
TCGA-DU-6396mixed_glioma,DNA Methylation,Methylation Beta Value,93301279-cddd-42be-8688-001a79ef8aaa,a4462876-ef45-4cdd-84a1-a3245fdc3a39.methylation_array.sesame.level3betas.txt,1,1
TCGA-DU-6396mixed_glioma,Proteome Profiling,Protein Expression Quantification,fd1e38e2-431f-4e21-9d8f-cf89f78f1133,TCGA-DU-6396-01A-21-A29Z-20_RPPA_data.tsv,1,1
TCGA-DU-6396mixed_glioma,Simple Nucleotide Variation,Masked Somatic Mutation,bf3937c6-f51c-47d5-8e0e-865b2e7ef468,364f9d02-df36-4bdc-9fde-6592ea7bf516.wxs.aliquot_ensemble_masked.maf,1,1
TCGA-DU-6396mixed_glioma,Transcriptome Profiling,Gene Expression Quantification,158153ce-a7f7-4e5f-b83a-1cfcf9a0b47a,0b70402f-8b0e-4c5f-b602-3085bb1ac14a.rna_seq.augmented_star_gene_counts.tsv,1,1
TCGA-DU-6396mixed_glioma,Transcriptome Profiling,miRNA Expression Quantification,20130b26-e2b9-4807-ab1a-1f19f4cce593,7631e78b-b7bb-46ba-b3b2-9c8c035ae496.mirbase21.mirnas.quantification.txt,1,1
TCGA-DU-6403mixed_glioma,Copy Number Variation,Gene Level Copy Number,"e95b06e6-5caf-4ee5-907c-ac447936f84c,11a646d1-db26-4c18-b0e6-e6a4811bc3a4,adec0c22-fa60-459b-a036-439f7a4ec4e2","TCGA-LGG.d5635350-61c0-460c-a6e9-5ce7a4347475.absolute_liftover.gene_level_copy_number.v36.tsv,TCGA-LGG.d5635350-61c0-460c-a6e9-5ce7a4347475.ascat3.gene_level_copy_number.v36.tsv,TCGA-LGG.d5635350-61c0-460c-a6e9-5ce7a4347475.gene_level_copy_number.v36.tsv",3,3
TCGA-DU-6403mixed_glioma,DNA Methylation,Methylation Beta Value,e82a1338-3d74-48c3-b545-4ea731c06f85,49178262-b4d2-419c-869a-202241479968.methylation_array.sesame.level3betas.txt,1,1
TCGA-DU-6403mixed_glioma,Proteome Profiling,Protein Expression Quantification,b1b2edf5-7f08-479b-b3e1-80fd264853f8,TCGA-DU-6403-01A-21-A29Z-20_RPPA_data.tsv,1,1
TCGA-DU-6403mixed_glioma,Simple Nucleotide Variation,Masked Somatic Mutation,b956d7af-f2a0-4c24-a855-1aaf729bac3c,822e2a4b-d7b5-4896-84a4-d486ec282424.wxs.aliquot_ensemble_masked.maf,1,1
TCGA-DU-6403mixed_glioma,Transcriptome Profiling,Gene Expression Quantification,ac7e9e0c-1eea-4ac7-9da6-bea4036a17f3,8cb3d2b7-3bf0-41ab-bf8c-9b6c7bd93df6.rna_seq.augmented_star_gene_counts.tsv,1,1
TCGA-DU-6403mixed_glioma,Transcriptome Profiling,miRNA Expression Quantification,38e028ed-d643-44af-8eaa-ca291aa41c68,010181e5-78c5-4801-9ba2-8e8e3a63f7a1.mirbase21.mirnas.quantification.txt,1,1
TCGA-DU-6406mixed_glioma,Copy Number Variation,Gene Level Copy Number,9ec65b75-2aae-4ef2-9f03-48b2ee27d431,TCGA-LGG.33a7052a-dcd5-4ca4-93a6-cbd860047acc.absolute_liftover.gene_level_copy_number.v36.tsv,1,1
TCGA-DU-6406mixed_glioma,DNA Methylation,Methylation Beta Value,0434c1c4-9c81-4cc8-a263-ca2b4aa5b1f0,e6a58507-ad1b-4abc-922e-d99fb3d1c9d1.methylation_array.sesame.level3betas.txt,1,1
TCGA-DU-6406mixed_glioma,Proteome Profiling,Protein Expression Quantification,54a82d86-2f2f-4632-82e0-f85834080e68,TCGA-DU-6406-01A-21-A29Z-20_RPPA_data.tsv,1,1
TCGA-DU-6406mixed_glioma,Simple Nucleotide Variation,Masked Somatic Mutation,6a59e2b5-9c5f-40c0-b0b4-782d003da473,356b9e5e-1d26-47c4-9ec2-94b79d17d455.wxs.aliquot_ensemble_masked.maf,1,1
TCGA-DU-6406mixed_glioma,Transcriptome Profiling,Gene Expression Quantification,8653684f-c022-4acf-92ac-62759dc4a99f,99ab7a0c-f292-4709-882c-5bd339b1ebcf.rna_seq.augmented_star_gene_counts.tsv,1,1
TCGA-DU-6406mixed_glioma,Transcriptome Profiling,miRNA Expression Quantification,ade2fd85-44e8-4ce9-8cd9-955973127192,afc123f0-9f4b-46e9-8304-543830311c2b.mirbase21.mirnas.quantification.txt,1,1
TCGA-DU-6542mixed_glioma,Copy Number Variation,Gene Level Copy Number,"c4ee9ec0-26b9-4f96-8364-c2d9037b406c,09864a58-8af7-4fc7-8089-4887a2d3809c,dfc59fcc-4787-425f-ab04-2398386b805a","TCGA-LGG.26df5c50-48c0-487b-9a5f-57138c53e6c7.ascat3.gene_level_copy_number.v36.tsv,TCGA-LGG.26df5c50-48c0-487b-9a5f-57138c53e6c7.gene_level_copy_number.v36.tsv,TCGA-LGG.26df5c50-48c0-487b-9a5f-57138c53e6c7.absolute_liftover.gene_level_copy_number.v36.tsv",3,3
TCGA-DU-6542mixed_glioma,DNA Methylation,Methylation Beta Value,95bb0ab6-0829-4f65-94bc-0c4d237278d0,07428f55-92d2-4a1e-bcee-49da302046cc.methylation_array.sesame.level3betas.txt,1,1
TCGA-DU-6542mixed_glioma,Proteome Profiling,Protein Expression Quantification,2a3dc69d-94d2-406d-bb23-ffd76e83cd15,TCGA-DU-6542-01A-21-A29Z-20_RPPA_data.tsv,1,1
TCGA-DU-6542mixed_glioma,Simple Nucleotide Variation,Masked Somatic Mutation,4a24078f-f635-43e6-b446-7e9e89f02f82,f1374729-a30d-41a1-84e8-137cd1ad942f.wxs.aliquot_ensemble_masked.maf,1,1
TCGA-DU-6542mixed_glioma,Transcriptome Profiling,Gene Expression Quantification,3491bc61-f79b-4fcf-93c8-577fb6cb7971,d0f95c7a-2a9e-45d9-ac3d-4b5438d77112.rna_seq.augmented_star_gene_counts.tsv,1,1
TCGA-DU-6542mixed_glioma,Transcriptome Profiling,miRNA Expression Quantification,119b7796-46bf-461d-8f6b-9fc3de48b1cc,3a81c4ed-6830-4ed1-a5cc-d985a97a9a56.mirbase21.mirnas.quantification.txt,1,1
TCGA-DU-7011mixed_glioma,Copy Number Variation,Gene Level Copy Number,"96e91678-6cb1-40f3-917d-95aaf954d06a,ef1e3b06-f36c-4f7f-93d3-0c33f32ba91b,741ca161-d542-4aec-8dce-839e538d4a1f","TCGA-LGG.57eca95b-e798-416d-851f-d6b55d7deee9.gene_level_copy_number.v36.tsv,TCGA-LGG.57eca95b-e798-416d-851f-d6b55d7deee9.ascat3.gene_level_copy_number.v36.tsv,TCGA-LGG.57eca95b-e798-416d-851f-d6b55d7deee9.absolute_liftover.gene_level_copy_number.v36.tsv",3,3
TCGA-DU-7011mixed_glioma,DNA Methylation,Methylation Beta Value,6899129f-24a1-45f2-b15c-a6cb574d31f1,7a84bb65-0224-4a14-a6f8-e75cd9f60b25.methylation_array.sesame.level3betas.txt,1,1
TCGA-DU-7011mixed_glioma,Proteome Profiling,Protein Expression Quantification,0cf3ca03-cd08-426a-bc7f-045e85056605,TCGA-DU-7011-01A-21-A29Y-20_RPPA_data.tsv,1,1
TCGA-DU-7011mixed_glioma,Simple Nucleotide Variation,Masked Somatic Mutation,9f7ee915-3d63-4b82-a0fd-e4fd43d642ae,6465e93f-6078-44c5-8cab-0df7a9331a37.wxs.aliquot_ensemble_masked.maf,1,1
TCGA-DU-7011mixed_glioma,Transcriptome Profiling,Gene Expression Quantification,250c72dd-eeb3-4b45-a26c-cb72ede81bcc,57a60438-72ad-4d85-9b67-36a56e00fbdf.rna_seq.augmented_star_gene_counts.tsv,1,1
TCGA-DU-7019mixed_glioma,Copy Number Variation,Gene Level Copy Number,"aac61e26-ddb5-4a2b-b9a2-c4d83c18c598,2d4745e0-e8db-497f-894b-396199bdecf4,a558d010-f775-4282-a226-527ba43acc25","TCGA-LGG.1d4104c7-467e-4357-bdeb-70bf639c3821.ascat3.gene_level_copy_number.v36.tsv,TCGA-LGG.1d4104c7-467e-4357-bdeb-70bf639c3821.absolute_liftover.gene_level_copy_number.v36.tsv,TCGA-LGG.1d4104c7-467e-4357-bdeb-70bf639c3821.gene_level_copy_number.v36.tsv",3,3
TCGA-DU-7019mixed_glioma,DNA Methylation,Methylation Beta Value,b06d5b06-85b7-4e96-a4f6-1f4ab3fe3f99,2e4bff1e-6cdc-4732-befb-07c47eb70aa8.methylation_array.sesame.level3betas.txt,1,1
TCGA-DU-7019mixed_glioma,Proteome Profiling,Protein Expression Quantification,70fca42e-69e5-4fe8-85d2-d249cac2d097,TCGA-DU-7019-01A-21-A29Y-20_RPPA_data.tsv,1,1
TCGA-DU-7019mixed_glioma,Simple Nucleotide Variation,Masked Somatic Mutation,c385fed1-525b-4f40-8c19-e76b190fa824,c33d2ce3-f452-40d4-97c8-69bd380544fd.wxs.aliquot_ensemble_masked.maf,1,1
TCGA-DU-7019mixed_glioma,Transcriptome Profiling,Gene Expression Quantification,c577dbcb-4a47-479f-94d7-c0973492f1c6,1cc940aa-1512-4a84-909c-d02d718d1e14.rna_seq.augmented_star_gene_counts.tsv,1,1
TCGA-DU-7019mixed_glioma,Transcriptome Profiling,miRNA Expression Quantification,43bb7489-2244-45b6-8fd7-3cfeba68a847,9b01f9af-7415-4814-8618-d0a2c8e6d775.mirbase21.mirnas.quantification.txt,1,1
TCGA-DU-7304mixed_glioma,Copy Number Variation,Gene Level Copy Number,"c79cdd88-5584-4733-9c62-e25200377d53,7e289bff-11dc-49ba-9906-e1728769840d,ee827d44-950b-4c58-9a2b-8ca727e449c7,82591ab9-b09b-469e-ab30-1d6ae160de6a,7eba3db8-f229-4b69-a219-083dbb2af5e0","TCGA-LGG.ddd9bac9-96e7-4eba-b4cf-331ef286652e.gene_level_copy_number.v36.tsv,TCGA-LGG.ddd9bac9-96e7-4eba-b4cf-331ef286652e.ascat3.gene_level_copy_number.v36.tsv,TCGA-LGG.595b6187-abf2-4edc-8be2-d87d6527468a.absolute_liftover.gene_level_copy_number.v36.tsv,TCGA-LGG.ddd9bac9-96e7-4eba-b4cf-331ef286652e.absolute_liftover.gene_level_copy_number.v36.tsv,TCGA-LGG.595b6187-abf2-4edc-8be2-d87d6527468a.gene_level_copy_number.v36.tsv",5,5
TCGA-DU-7304mixed_glioma,DNA Methylation,Methylation Beta Value,"58ba41c0-a4ce-4797-883d-4243bba6db92,bed198a7-5651-4d65-a3a8-91c81e875597","2fdaa44d-25f5-4e75-9fa6-394054008cc7.methylation_array.sesame.level3betas.txt,000b02b0-de76-4d66-9d9e-11eb9ff30bae.methylation_array.sesame.level3betas.txt",2,2
TCGA-DU-7304mixed_glioma,Proteome Profiling,Protein Expression Quantification,f239915d-7ec1-4da5-8687-6c05b581d853,TCGA-DU-7304-01A-21-A29Y-20_RPPA_data.tsv,1,1
TCGA-DU-7304mixed_glioma,Simple Nucleotide Variation,Masked Somatic Mutation,"26d3ba76-6138-4aa8-a340-cdfcb89f7c38,7e5a3151-b8cb-4803-b4b4-5bdbcb732378","b85d6533-7724-4db5-a6ba-21f7f94b24b1.wxs.aliquot_ensemble_masked.maf,e1023820-a1c6-4614-ad83-5b9eee79856f.wxs.aliquot_ensemble_masked.maf",2,2
TCGA-DU-7304mixed_glioma,Transcriptome Profiling,Gene Expression Quantification,"77a1aa77-410d-4417-b259-2f9bfc38c138,0e484714-300e-4825-a40b-e28667339c72","74bde7b9-6b39-4c7f-843d-f4dcaa49c433.rna_seq.augmented_star_gene_counts.tsv,42308fb1-1b7a-44ea-8f73-2dcc503f4ef3.rna_seq.augmented_star_gene_counts.tsv",2,2
TCGA-DU-7304mixed_glioma,Transcriptome Profiling,miRNA Expression Quantification,"cd83040e-da35-4f03-88c8-633c68e13ace,710ea312-b4de-40fc-8dca-495d7fbd12ee","e560fafa-a16a-4f0a-bb1d-43b218bae470.mirbase21.mirnas.quantification.txt,e8399385-0763-45a9-a7aa-897f654b8a0d.mirbase21.mirnas.quantification.txt",2,2
TCGA-DU-7306mixed_glioma,Copy Number Variation,Gene Level Copy Number,"35da58b1-5ca7-472b-a288-18a302067ab8,e2c97f7f-c0a3-4cc6-a6e9-e9a26446d92e,7a52091e-f946-42c3-b906-a666d6b5a088","TCGA-LGG.f3fa214f-fc34-4f63-a511-39ca12c8520a.gene_level_copy_number.v36.tsv,TCGA-LGG.f3fa214f-fc34-4f63-a511-39ca12c8520a.ascat3.gene_level_copy_number.v36.tsv,TCGA-LGG.f3fa214f-fc34-4f63-a511-39ca12c8520a.absolute_liftover.gene_level_copy_number.v36.tsv",3,3
TCGA-DU-7306mixed_glioma,DNA Methylation,Methylation Beta Value,09355c65-c1d8-4973-bfee-af29fbce625e,5902769a-2d85-42f1-bee6-0bde4e3edf70.methylation_array.sesame.level3betas.txt,1,1
TCGA-DU-7306mixed_glioma,Proteome Profiling,Protein Expression Quantification,295ac609-ec19-4b78-b5da-1359a2c6025d,TCGA-DU-7306-01A-21-A29X-20_RPPA_data.tsv,1,1
TCGA-DU-7306mixed_glioma,Simple Nucleotide Variation,Masked Somatic Mutation,3fe469f9-170e-4934-8014-74053411c43b,3b3d0eea-32da-4e96-a3a7-b0d60fff01e0.wxs.aliquot_ensemble_masked.maf,1,1
TCGA-DU-7306mixed_glioma,Transcriptome Profiling,Gene Expression Quantification,556b67e4-2987-45a0-978f-2ca76a50fab4,9fa0b09b-fbe5-4aab-a3f5-33fd3e3a680d.rna_seq.augmented_star_gene_counts.tsv,1,1
TCGA-DU-7306mixed_glioma,Transcriptome Profiling,miRNA Expression Quantification,5d9e5373-0cdd-4cc7-8329-ef2e49d2b6ef,855dc62f-121e-479a-92c1-8d48cae2141d.mirbase21.mirnas.quantification.txt,1,1
TCGA-DU-8161mixed_glioma,Copy Number Variation,Gene Level Copy Number,"3931a74d-ab76-4a58-820d-308a71e86293,8ebb4eea-955f-40e4-ab86-765a1cbad8ab,94b5264a-d250-46f0-96f8-4a4e35889e76","TCGA-LGG.3735c117-90e7-4690-9c2a-17d77d37514c.gene_level_copy_number.v36.tsv,TCGA-LGG.3735c117-90e7-4690-9c2a-17d77d37514c.absolute_liftover.gene_level_copy_number.v36.tsv,TCGA-LGG.3735c117-90e7-4690-9c2a-17d77d37514c.ascat3.gene_level_copy_number.v36.tsv",3,3
TCGA-DU-8161mixed_glioma,DNA Methylation,Methylation Beta Value,1c407db3-aa6b-42d5-bd81-bffa73ee4f2d,77743931-9c13-4b34-9818-3d1986ce32d3.methylation_array.sesame.level3betas.txt,1,1
TCGA-DU-8161mixed_glioma,Proteome Profiling,Protein Expression Quantification,fbdb4417-89c1-4855-990b-5e79073579c6,TCGA-DU-8161-01A-21-A29Z-20_RPPA_data.tsv,1,1
TCGA-DU-8161mixed_glioma,Simple Nucleotide Variation,Masked Somatic Mutation,7b8c5045-8a10-427e-ae00-11262d99d62d,888f7a4f-66b7-403b-9e7c-77d5c077fc0d.wxs.aliquot_ensemble_masked.maf,1,1
TCGA-DU-8161mixed_glioma,Transcriptome Profiling,Gene Expression Quantification,0a2a899a-5dcb-44dd-aab7-5b13001c3e02,8085d4b1-43a3-453c-ab23-eba1f515f4a9.rna_seq.augmented_star_gene_counts.tsv,1,1
TCGA-DU-8161mixed_glioma,Transcriptome Profiling,miRNA Expression Quantification,f55ee96c-7a5c-481e-9e64-072ff112cd93,a10a80fd-dbb7-43c8-9c74-a6fefe4675a4.mirbase21.mirnas.quantification.txt,1,1
TCGA-DU-8162mixed_glioma,Copy Number Variation,Gene Level Copy Number,"007fd446-bc92-45e1-b63f-dddbca1778d3,59d51948-e3f0-48c0-b41f-2d6932948292,ee54c377-f664-436d-bfab-89b93956a115","TCGA-LGG.7622d1f7-b045-437a-b338-1c1e51423080.absolute_liftover.gene_level_copy_number.v36.tsv,TCGA-LGG.7622d1f7-b045-437a-b338-1c1e51423080.gene_level_copy_number.v36.tsv,TCGA-LGG.7622d1f7-b045-437a-b338-1c1e51423080.ascat3.gene_level_copy_number.v36.tsv",3,3
TCGA-DU-8162mixed_glioma,DNA Methylation,Methylation Beta Value,20322683-b95c-4e44-aff4-3b25114c9635,5dfa6a92-df63-4909-9f75-b930dd6fd70f.methylation_array.sesame.level3betas.txt,1,1
TCGA-DU-8162mixed_glioma,Proteome Profiling,Protein Expression Quantification,8695848c-825d-4532-a4ce-0d0aed9eba09,TCGA-DU-8162-01A-11-A29Y-20_RPPA_data.tsv,1,1
TCGA-DU-8162mixed_glioma,Simple Nucleotide Variation,Masked Somatic Mutation,1731b310-c06d-44ff-b974-b82f6182ba61,06f9f396-58c0-44b2-9080-9687707d9262.wxs.aliquot_ensemble_masked.maf,1,1
TCGA-DU-8162mixed_glioma,Transcriptome Profiling,Gene Expression Quantification,ea69f170-b197-4538-a182-54f05d80f0bc,8394962a-e88e-4b5d-b77e-c04ff95d1677.rna_seq.augmented_star_gene_counts.tsv,1,1
TCGA-DU-8162mixed_glioma,Transcriptome Profiling,miRNA Expression Quantification,4e63c197-9a3c-4b2d-9efc-133ceab4bc40,91361849-d189-4a6f-8de5-174eb2e57be9.mirbase21.mirnas.quantification.txt,1,1
TCGA-DU-8163mixed_glioma,Copy Number Variation,Gene Level Copy Number,"99ac02fe-bbae-48c4-95ad-fdc3686ad189,022d447b-bc8e-4ad9-9ba6-9bfefa647f57,904471e6-583b-40dc-9e9f-25d6727009b4","TCGA-LGG.aead2499-858a-4888-a3fd-a4046b05d968.ascat3.gene_level_copy_number.v36.tsv,TCGA-LGG.aead2499-858a-4888-a3fd-a4046b05d968.gene_level_copy_number.v36.tsv,TCGA-LGG.aead2499-858a-4888-a3fd-a4046b05d968.absolute_liftover.gene_level_copy_number.v36.tsv",3,3
TCGA-DU-8163mixed_glioma,DNA Methylation,Methylation Beta Value,a43b61cb-cb6d-4fee-84a7-7be3e86e88f1,2ca0649a-4add-494c-9e93-df5e4a12a798.methylation_array.sesame.level3betas.txt,1,1
TCGA-DU-8163mixed_glioma,Proteome Profiling,Protein Expression Quantification,8a7b11f5-019c-4b85-8d32-c1119a542662,TCGA-DU-8163-01A-21-A29Z-20_RPPA_data.tsv,1,1
TCGA-DU-8163mixed_glioma,Simple Nucleotide Variation,Masked Somatic Mutation,00f2233f-46a8-4324-8674-9de35a27b5c2,df936506-2ee4-4f43-b437-8f387dae69cb.wxs.aliquot_ensemble_masked.maf,1,1
TCGA-DU-8163mixed_glioma,Transcriptome Profiling,Gene Expression Quantification,ff3cfce9-61a3-4c0a-808b-eaa13955ca6b,576f1792-c90b-470e-b3e4-bad29d766993.rna_seq.augmented_star_gene_counts.tsv,1,1
TCGA-DU-8163mixed_glioma,Transcriptome Profiling,miRNA Expression Quantification,c1220327-860f-464c-91c7-124726b63b58,e4f4ad3e-4b95-46ce-8b10-691533f9a2ef.mirbase21.mirnas.quantification.txt,1,1
TCGA-DU-8166mixed_glioma,Copy Number Variation,Gene Level Copy Number,"56518f88-37a5-4922-a7fa-f5f3b858e040,dd527a28-fdac-440e-ae70-247cdb267f3c,d3315e94-bbd9-4c22-b43a-fc71819705ae","TCGA-LGG.4c9a50c6-d42f-4f70-bcc8-5fa3643f1413.ascat3.gene_level_copy_number.v36.tsv,TCGA-LGG.4c9a50c6-d42f-4f70-bcc8-5fa3643f1413.absolute_liftover.gene_level_copy_number.v36.tsv,TCGA-LGG.4c9a50c6-d42f-4f70-bcc8-5fa3643f1413.gene_level_copy_number.v36.tsv",3,3
TCGA-DU-8166mixed_glioma,DNA Methylation,Methylation Beta Value,02063a94-3aff-4d68-87d6-253a41ebb348,52ec8823-a7e2-4017-bf52-042b96bca044.methylation_array.sesame.level3betas.txt,1,1
TCGA-DU-8166mixed_glioma,Proteome Profiling,Protein Expression Quantification,8ead6ac3-ed04-4e62-8571-d6f582568936,TCGA-DU-8166-01A-21-A29Z-20_RPPA_data.tsv,1,1
TCGA-DU-8166mixed_glioma,Simple Nucleotide Variation,Masked Somatic Mutation,af36d387-76d7-432d-be26-bdb2b7aae891,90a68d85-e102-403f-bca8-f4fab9e96cc1.wxs.aliquot_ensemble_masked.maf,1,1
TCGA-DU-8166mixed_glioma,Transcriptome Profiling,Gene Expression Quantification,7650dbf6-6782-4043-a99a-4e3fe299f03c,157353da-a4c3-4e31-aff8-869e21adf1b3.rna_seq.augmented_star_gene_counts.tsv,1,1
TCGA-DU-8166mixed_glioma,Transcriptome Profiling,miRNA Expression Quantification,9b74c403-9b8f-4c28-b26b-6ab34075b7c6,7ec4ac92-61b7-48e5-b123-a9d214616d65.mirbase21.mirnas.quantification.txt,1,1
TCGA-DU-8167mixed_glioma,Copy Number Variation,Gene Level Copy Number,"f3c69b63-e98a-4b92-8ad3-1078076eebbc,1f11497b-3b16-4d6d-9f96-29bc5445635e","TCGA-LGG.4dfcb8c5-ff3f-4eab-a1a0-8a86a467e949.absolute_liftover.gene_level_copy_number.v36.tsv,TCGA-LGG.4dfcb8c5-ff3f-4eab-a1a0-8a86a467e949.gene_level_copy_number.v36.tsv",2,2
TCGA-DU-8167mixed_glioma,DNA Methylation,Methylation Beta Value,b2c65bb6-a5a9-4e1f-8542-9f05440b1631,11583ec5-c1ab-4150-85f1-97de6dae57f8.methylation_array.sesame.level3betas.txt,1,1
TCGA-DU-8167mixed_glioma,Proteome Profiling,Protein Expression Quantification,3d3cfd07-b983-4a6c-af48-6f16a05b1e8a,TCGA-DU-8167-01A-21-A29Z-20_RPPA_data.tsv,1,1
TCGA-DU-8167mixed_glioma,Simple Nucleotide Variation,Masked Somatic Mutation,73010ae5-a6ca-4502-b109-64b875bc1768,08c55f0b-a78e-40bd-9060-5a6164659467.wxs.aliquot_ensemble_masked.maf,1,1
TCGA-DU-8167mixed_glioma,Transcriptome Profiling,Gene Expression Quantification,fd1fe541-61b7-4556-807c-6ef4d3608008,2c9ab567-dffd-4e8d-b179-e4edd8abae72.rna_seq.augmented_star_gene_counts.tsv,1,1
TCGA-DU-8167mixed_glioma,Transcriptome Profiling,miRNA Expression Quantification,90721fa4-50a7-41d6-9bf2-065f4b67f837,585787ec-bae5-441f-b3ee-bef9a3d39446.mirbase21.mirnas.quantification.txt,1,1
TCGA-DU-A5TRmixed_glioma,Copy Number Variation,Gene Level Copy Number,"84f5b97b-0a76-4576-91dc-23d0bfe8cb8e,159057e7-9046-4980-ac4e-d8f5a8e85207,09c44f4e-5dcf-4211-9a8a-30dec8fbe603","TCGA-LGG.0c946a9a-7a5e-4c59-ba69-6fb5efc725d1.ascat3.gene_level_copy_number.v36.tsv,TCGA-LGG.0c946a9a-7a5e-4c59-ba69-6fb5efc725d1.absolute_liftover.gene_level_copy_number.v36.tsv,TCGA-LGG.0c946a9a-7a5e-4c59-ba69-6fb5efc725d1.gene_level_copy_number.v36.tsv",3,3
TCGA-DU-A5TRmixed_glioma,DNA Methylation,Methylation Beta Value,7615aabe-4436-461d-88b7-5e24c6c5f816,d28d554b-5d1b-441c-9e5f-bf23938bb1fc.methylation_array.sesame.level3betas.txt,1,1
TCGA-DU-A5TRmixed_glioma,Proteome Profiling,Protein Expression Quantification,7dc7b994-b299-406f-b98f-5cd05a9384e5,TCGA-DU-A5TR-01A-21-A29Z-20_RPPA_data.tsv,1,1
TCGA-DU-A5TRmixed_glioma,Simple Nucleotide Variation,Masked Somatic Mutation,abb3e2ea-b6b8-4870-918b-8454a47cb064,8980d6d9-f83a-4353-a494-20dc33505ed3.wxs.aliquot_ensemble_masked.maf,1,1
TCGA-DU-A5TRmixed_glioma,Transcriptome Profiling,Gene Expression Quantification,eb1f3e1c-e307-4f4a-9b3e-5d1462d782aa,7dd17209-3320-4181-af24-57683739d43d.rna_seq.augmented_star_gene_counts.tsv,1,1
TCGA-DU-A5TRmixed_glioma,Transcriptome Profiling,miRNA Expression Quantification,f04f0598-67ed-4e4c-8c9a-b7ae752d2053,041cbb78-13c8-4735-b7dc-95562cb83662.mirbase21.mirnas.quantification.txt,1,1
TCGA-DU-A6S6mixed_glioma,Copy Number Variation,Gene Level Copy Number,"add44df4-2c40-4355-a77c-cdded78e9a56,5542e876-eed6-4ab3-b6fa-5ccda5daa7a4,97ea3e8a-d442-4851-a5f2-08f5c5f2c134","TCGA-LGG.5e44e397-d63f-4785-b57c-4d303170051e.ascat3.gene_level_copy_number.v36.tsv,TCGA-LGG.5e44e397-d63f-4785-b57c-4d303170051e.gene_level_copy_number.v36.tsv,TCGA-LGG.5e44e397-d63f-4785-b57c-4d303170051e.absolute_liftover.gene_level_copy_number.v36.tsv",3,3
TCGA-DU-A6S6mixed_glioma,DNA Methylation,Methylation Beta Value,188b1405-6838-4abf-b392-6fefc91e6522,711fa1d7-15fa-4fdb-b9fa-ffdd3e728f86.methylation_array.sesame.level3betas.txt,1,1
TCGA-DU-A6S6mixed_glioma,Simple Nucleotide Variation,Masked Somatic Mutation,1611529e-832b-459d-b3f4-931da71ca6e4,e4619993-f43e-4b72-82d0-f3570c371e62.wxs.aliquot_ensemble_masked.maf,1,1
TCGA-DU-A6S6mixed_glioma,Transcriptome Profiling,Gene Expression Quantification,1a519c62-8e59-4004-8250-a860e6c53f4e,9822383d-356b-4a45-96a2-2826d09bc332.rna_seq.augmented_star_gene_counts.tsv,1,1
TCGA-DU-A6S6mixed_glioma,Transcriptome Profiling,miRNA Expression Quantification,bbeb2455-bb89-46d1-89d4-9323905526c9,14261a65-385d-482b-890e-1fc181a93056.mirbase21.mirnas.quantification.txt,1,1
TCGA-DU-A7T8mixed_glioma,Copy Number Variation,Gene Level Copy Number,"c55af85d-d0e2-4662-8f83-4f6ab956ad74,5a29a898-2017-424c-953c-905c9903e086,f570f1d5-5c75-45b6-a22b-493b4f118d01,f66ac05a-2f47-4249-81a6-add8e0be32d8","TCGA-LGG.3caffdac-e2bd-48c0-ade0-fad107fb1ac9.absolute_liftover.gene_level_copy_number.v36.tsv,TCGA-LGG.3caffdac-e2bd-48c0-ade0-fad107fb1ac9.gene_level_copy_number.v36.tsv,46d7481f-0631-46f4-8f08-8367cd738284.wgs.ASCAT.gene_level.copy_number_variation.tsv,TCGA-LGG.3caffdac-e2bd-48c0-ade0-fad107fb1ac9.ascat3.gene_level_copy_number.v36.tsv",4,4
TCGA-DU-A7T8mixed_glioma,DNA Methylation,Methylation Beta Value,c9edee27-65ce-45a0-ad7e-c1b544ee64b2,28f2f52a-7f1c-43e2-982c-3848277d2216.methylation_array.sesame.level3betas.txt,1,1
TCGA-DU-A7T8mixed_glioma,Simple Nucleotide Variation,Masked Somatic Mutation,0dc2a064-890f-46b9-94c9-70621a60f3c3,26385425-68c3-4628-b257-857e2f6afa04.wxs.aliquot_ensemble_masked.maf,1,1
TCGA-DU-A7T8mixed_glioma,Transcriptome Profiling,Gene Expression Quantification,cbc74c15-3a01-4eca-8a35-4d3b0d0ccab4,683dfb6e-c7e1-4648-93ec-d6c84c81beb1.rna_seq.augmented_star_gene_counts.tsv,1,1
TCGA-DU-A7T8mixed_glioma,Transcriptome Profiling,miRNA Expression Quantification,6f42b0fe-5c0b-452e-bb4a-881937494f1a,ce058d49-77b3-442d-8446-49eac18098e1.mirbase21.mirnas.quantification.txt,1,1
TCGA-DU-A7TDmixed_glioma,Copy Number Variation,Gene Level Copy Number,"3280ec46-2d53-4325-9ccf-5f75209353f7,2bc05df3-d939-4613-a4ec-f583ff3f8b50,dd23601d-26bc-49d0-bc8c-ebcfbb8da66d","TCGA-LGG.510fa16d-2739-4597-a4f0-72888651084b.absolute_liftover.gene_level_copy_number.v36.tsv,TCGA-LGG.510fa16d-2739-4597-a4f0-72888651084b.gene_level_copy_number.v36.tsv,TCGA-LGG.510fa16d-2739-4597-a4f0-72888651084b.ascat3.gene_level_copy_number.v36.tsv",3,3
TCGA-DU-A7TDmixed_glioma,DNA Methylation,Methylation Beta Value,f8ef0358-793f-4d56-b776-d607ac5081cb,20ccd457-3e6c-48db-897d-144ccaa381a9.methylation_array.sesame.level3betas.txt,1,1
TCGA-DU-A7TDmixed_glioma,Proteome Profiling,Protein Expression Quantification,2ba13108-6bd6-40dc-a531-7e8fd7b7d740,TCGA-DU-A7TD-01A-21-A44C-20_RPPA_data.tsv,1,1
TCGA-DU-A7TDmixed_glioma,Simple Nucleotide Variation,Masked Somatic Mutation,0567b082-5c8b-42b3-8a94-ab5657be3d7b,2f9165b3-8769-4e22-b35f-86875e2b05c1.wxs.aliquot_ensemble_masked.maf,1,1
TCGA-DU-A7TDmixed_glioma,Transcriptome Profiling,Gene Expression Quantification,ffaca8b3-a2d7-42dc-9d42-920a38fe2147,f13b7ef9-16d4-40b0-91c0-72b9b8ef1876.rna_seq.augmented_star_gene_counts.tsv,1,1
TCGA-DU-A7TDmixed_glioma,Transcriptome Profiling,miRNA Expression Quantification,14b000f7-312e-4577-9f59-d8dfc64f71b0,c79f0f39-5403-4430-9d52-c138ddbf2cf5.mirbase21.mirnas.quantification.txt,1,1
TCGA-E1-5322mixed_glioma,Copy Number Variation,Gene Level Copy Number,"f5881ff8-9e3e-4940-8e9d-962ed96d829c,476fe198-ac0e-4d80-8180-948cfd163bb7,0f7efcd9-cdf6-4a5e-a673-3e2d26c26345","TCGA-LGG.960727c2-4860-4ff9-b36b-dc61defb5e9b.absolute_liftover.gene_level_copy_number.v36.tsv,TCGA-LGG.960727c2-4860-4ff9-b36b-dc61defb5e9b.ascat3.gene_level_copy_number.v36.tsv,TCGA-LGG.960727c2-4860-4ff9-b36b-dc61defb5e9b.gene_level_copy_number.v36.tsv",3,3
TCGA-E1-5322mixed_glioma,DNA Methylation,Methylation Beta Value,08f405fb-fcc6-472b-ac3a-8a21a80c6800,72486297-d6ec-415a-afc0-880266f9b97a.methylation_array.sesame.level3betas.txt,1,1
TCGA-E1-5322mixed_glioma,Proteome Profiling,Protein Expression Quantification,011cee81-9d3b-48dc-a6ac-68b61c3dc340,TCGA-E1-5322-01A-21-A29X-20_RPPA_data.tsv,1,1
TCGA-E1-5322mixed_glioma,Simple Nucleotide Variation,Masked Somatic Mutation,5ea04172-cf57-4ffd-ae71-fee5820e7a89,e21d7f9d-58a2-40de-b534-0888f181d863.wxs.aliquot_ensemble_masked.maf,1,1
TCGA-E1-5322mixed_glioma,Transcriptome Profiling,Gene Expression Quantification,b8c20797-44bb-4242-9a57-5f13cf6aef67,77054cbf-e120-40ba-96bb-26a6bd9564df.rna_seq.augmented_star_gene_counts.tsv,1,1
TCGA-E1-5322mixed_glioma,Transcriptome Profiling,miRNA Expression Quantification,0f421c49-c625-47ff-8db2-b1f49d7a3ce6,12670b11-73ae-440b-9b56-6b22549064b0.mirbase21.mirnas.quantification.txt,1,1
TCGA-E1-A7YUmixed_glioma,Copy Number Variation,Gene Level Copy Number,"f206a963-8096-42d4-854e-7c9fb28f1da4,8aab4388-5888-4f2a-81f4-28e768141233,5230a48b-81fb-4db5-99e6-3e67663d75f5","TCGA-LGG.410f5db9-0195-4a12-80ae-25a3d1b13663.absolute_liftover.gene_level_copy_number.v36.tsv,TCGA-LGG.410f5db9-0195-4a12-80ae-25a3d1b13663.ascat3.gene_level_copy_number.v36.tsv,TCGA-LGG.410f5db9-0195-4a12-80ae-25a3d1b13663.gene_level_copy_number.v36.tsv",3,3
TCGA-E1-A7YUmixed_glioma,DNA Methylation,Methylation Beta Value,1dd85ac6-c3a5-444b-ac7b-8c519ea42396,ebc5bac6-b35f-49d1-bd1d-ba93b4719591.methylation_array.sesame.level3betas.txt,1,1
TCGA-E1-A7YUmixed_glioma,Simple Nucleotide Variation,Masked Somatic Mutation,228bf4ee-1ba4-40d8-a6c6-cbc674926460,b1c08de7-b561-474e-8393-fe517a65751f.wxs.aliquot_ensemble_masked.maf,1,1
TCGA-E1-A7YUmixed_glioma,Transcriptome Profiling,Gene Expression Quantification,b65e20ec-c7d5-488f-91b8-5f46ceeff8f0,b5b4f110-4e89-4c1b-a747-922534395f9d.rna_seq.augmented_star_gene_counts.tsv,1,1
TCGA-E1-A7YUmixed_glioma,Transcriptome Profiling,miRNA Expression Quantification,2bc3d75f-7316-4cc9-8e89-de20ca0f99da,fa5f655e-6e6c-4e93-a821-aadb7104bc42.mirbase21.mirnas.quantification.txt,1,1
TCGA-E1-A7YVmixed_glioma,Copy Number Variation,Gene Level Copy Number,"d903c77e-c152-4519-a5c4-f5525880f0f8,306fe8f1-2d54-431b-84a5-409458a4a6d5,7e825272-f142-44b0-816f-57bbcfa7b753","TCGA-LGG.038df215-cb7f-4b84-967b-23869e82081c.ascat3.gene_level_copy_number.v36.tsv,TCGA-LGG.038df215-cb7f-4b84-967b-23869e82081c.gene_level_copy_number.v36.tsv,TCGA-LGG.038df215-cb7f-4b84-967b-23869e82081c.absolute_liftover.gene_level_copy_number.v36.tsv",3,3
TCGA-E1-A7YVmixed_glioma,DNA Methylation,Methylation Beta Value,f3b842b4-e897-4ea5-a5fb-d2c69abf6d8b,ef819db9-f279-47f0-a0ac-e62367f4b6cf.methylation_array.sesame.level3betas.txt,1,1
TCGA-E1-A7YVmixed_glioma,Proteome Profiling,Protein Expression Quantification,329c3316-2fdf-4f8d-bb83-ad8bc5e7fb3e,TCGA-E1-A7YV-01A-21-A44C-20_RPPA_data.tsv,1,1
TCGA-E1-A7YVmixed_glioma,Simple Nucleotide Variation,Masked Somatic Mutation,89c8e5f4-dcd6-4bc1-9c7a-1c8cd4b2a632,b17c244e-2a38-4d7d-b303-8898bf51ced7.wxs.aliquot_ensemble_masked.maf,1,1
TCGA-E1-A7YVmixed_glioma,Transcriptome Profiling,Gene Expression Quantification,4d73cbe9-34c3-47e8-a808-206b60cb78fa,dff7bf86-90f7-4ff1-8a32-effe93099443.rna_seq.augmented_star_gene_counts.tsv,1,1
TCGA-E1-A7YVmixed_glioma,Transcriptome Profiling,miRNA Expression Quantification,5c40ee53-95f8-46ad-97ff-b2721b233cd3,22d1bbec-e6d5-490f-a266-f9ba02598f89.mirbase21.mirnas.quantification.txt,1,1
TCGA-E1-A7YWmixed_glioma,Copy Number Variation,Gene Level Copy Number,"88ea3404-7f3e-4fb9-a939-9d3aa3fbb30f,a3fc5ba8-6e36-407f-9e11-d45be8203d9c,a1881b36-c940-4bd3-bab2-be4965f73d8f","TCGA-LGG.d1d077d1-5296-46e8-ae79-661af0d77e55.ascat3.gene_level_copy_number.v36.tsv,TCGA-LGG.d1d077d1-5296-46e8-ae79-661af0d77e55.gene_level_copy_number.v36.tsv,TCGA-LGG.d1d077d1-5296-46e8-ae79-661af0d77e55.absolute_liftover.gene_level_copy_number.v36.tsv",3,3
TCGA-E1-A7YWmixed_glioma,DNA Methylation,Methylation Beta Value,fa749e16-1587-4f74-8878-86102931ce42,0700d8b9-7f89-4000-9080-3738b4f17dae.methylation_array.sesame.level3betas.txt,1,1
TCGA-E1-A7YWmixed_glioma,Proteome Profiling,Protein Expression Quantification,9103441e-2fcc-4c01-a384-8389ede6a162,TCGA-E1-A7YW-01A-21-A44C-20_RPPA_data.tsv,1,1
TCGA-E1-A7YWmixed_glioma,Simple Nucleotide Variation,Masked Somatic Mutation,0ca9777f-7b4e-4cce-a01c-fb69bb91a68f,bea425ec-fd3e-43f0-8670-9cb10a9e7449.wxs.aliquot_ensemble_masked.maf,1,1
TCGA-E1-A7YWmixed_glioma,Transcriptome Profiling,Gene Expression Quantification,d3a5fae3-7ac9-478d-ac80-5ba3f2af75f6,d96703fa-66b5-4b36-99d2-9ba6f1bd9963.rna_seq.augmented_star_gene_counts.tsv,1,1
TCGA-E1-A7YWmixed_glioma,Transcriptome Profiling,miRNA Expression Quantification,776813d5-a10a-441f-a15c-1e357b58ae84,cebc0d0d-7468-4ac7-bf0a-813239002f2d.mirbase21.mirnas.quantification.txt,1,1
TCGA-FG-5965mixed_glioma,Copy Number Variation,Gene Level Copy Number,"943ca7ab-9a03-4e43-8c6b-22bf320b5e7f,f7ff1ba8-b04d-4a84-a778-d67b933c6271,f61c26cd-c19a-4f77-a769-7f8296c32766,07902d0d-b150-4f24-bc68-b99864d0409d,f172db8e-4d6d-4c1a-9cea-8453c97eaf24","TCGA-LGG.22be238c-3e61-415b-9ab7-29ac607c93a3.absolute_liftover.gene_level_copy_number.v36.tsv,TCGA-LGG.22be238c-3e61-415b-9ab7-29ac607c93a3.ascat3.gene_level_copy_number.v36.tsv,TCGA-LGG.22be238c-3e61-415b-9ab7-29ac607c93a3.gene_level_copy_number.v36.tsv,TCGA-LGG.dd49debe-383b-4f98-8b68-4851f382c3a0.gene_level_copy_number.v36.tsv,TCGA-LGG.33c14457-aee0-42f4-8560-db93af55d878.gene_level_copy_number.v36.tsv",5,5
TCGA-FG-5965mixed_glioma,DNA Methylation,Methylation Beta Value,"e1703275-7eec-4ca2-8a04-c059841170ca,b4d0918a-ce0e-4948-936f-0fd3a9fab6a7,99753162-39ee-4dfb-b3fc-f8d483887ced","fe967b66-e9eb-42e8-8ecc-8b0be7c60e2c.methylation_array.sesame.level3betas.txt,7321eaed-a7a5-4aa3-9ced-128d599644b3.methylation_array.sesame.level3betas.txt,e7b27151-1a74-4e12-9b4a-a10bc9a423f9.methylation_array.sesame.level3betas.txt",3,3
TCGA-FG-5965mixed_glioma,Proteome Profiling,Protein Expression Quantification,f26d8d80-79e5-450c-b2bb-a54fe8d10e87,TCGA-FG-5965-01B-21-A29Y-20_RPPA_data.tsv,1,1
TCGA-FG-5965mixed_glioma,Simple Nucleotide Variation,Masked Somatic Mutation,"4d55d4a1-da7e-4f10-9d86-d84a974c0213,9b50ea0b-26af-40aa-b74f-20abb4b65334,42c97e90-d1f1-4269-8097-5738a0336cb7","dce605b9-bc55-4474-b703-70c6946df269.wxs.aliquot_ensemble_masked.maf,b068a963-9d1d-4df4-923d-dfc8477d7bb7.wxs.aliquot_ensemble_masked.maf,41e173d2-a5e8-4e56-a0b6-d9f5aacbf90c.wxs.aliquot_ensemble_masked.maf",3,3
TCGA-FG-5965mixed_glioma,Transcriptome Profiling,Gene Expression Quantification,"61e22db8-4196-4d4a-9bd2-4741e35d1687,e4198422-186f-4780-ac8d-23f6d50cd64b,82d59d0d-4ab6-4ad0-8e00-6d6ec006da22","b62651e9-faf8-402b-bf22-4c60eb56dcde.rna_seq.augmented_star_gene_counts.tsv,356773ba-ba5c-4556-9f5e-dc12dfab3418.rna_seq.augmented_star_gene_counts.tsv,25764558-79ff-48b0-9a1e-8508e403d46a.rna_seq.augmented_star_gene_counts.tsv",3,3
TCGA-FG-5965mixed_glioma,Transcriptome Profiling,miRNA Expression Quantification,"aa79ff24-878e-4cb4-a0d0-9acc25305ce0,d01c2553-7d66-4965-91c8-0a14887799ad,91d01f50-697a-4379-b186-7e7562991db3","c807eefe-3905-4cf5-94a4-d85f638e687a.mirbase21.mirnas.quantification.txt,b67abee4-547f-4b4c-b894-05f6ddc6df6c.mirbase21.mirnas.quantification.txt,651ee1ba-48ed-40b2-b344-03fb6cd3725a.mirbase21.mirnas.quantification.txt",3,3
TCGA-FG-7637mixed_glioma,Copy Number Variation,Gene Level Copy Number,3ba05fbd-7d67-412e-8786-365cc69b0816,TCGA-LGG.ab8d414d-1563-4d06-97a3-0b509d8d711f.ascat3.gene_level_copy_number.v36.tsv,1,1
TCGA-FG-7637mixed_glioma,DNA Methylation,Methylation Beta Value,2d97f1e0-0e5f-401b-ae0c-f8e6038aee56,f7370ad6-3a95-4da3-ae6b-aacb7dd50e4c.methylation_array.sesame.level3betas.txt,1,1
TCGA-FG-7637mixed_glioma,Proteome Profiling,Protein Expression Quantification,e7142336-3641-4b86-b4d0-5ed9121a92e7,TCGA-FG-7637-01A-21-A29Z-20_RPPA_data.tsv,1,1
TCGA-FG-7637mixed_glioma,Simple Nucleotide Variation,Masked Somatic Mutation,b40590f5-0ece-495c-8605-d5de8e302f35,9d7b815e-ef1b-4fc5-9b65-f070656c7f4a.wxs.aliquot_ensemble_masked.maf,1,1
TCGA-FG-7637mixed_glioma,Transcriptome Profiling,Gene Expression Quantification,7db26754-b3ec-42d9-851f-992763dafe95,c935c617-fc13-4aca-b571-76084f9f7762.rna_seq.augmented_star_gene_counts.tsv,1,1
TCGA-FG-7637mixed_glioma,Transcriptome Profiling,miRNA Expression Quantification,b210a110-3ff4-473d-b643-1b7ba5009d3c,9acee08a-3cf3-45c8-a9f5-31867802fe1f.mirbase21.mirnas.quantification.txt,1,1
TCGA-FG-7643mixed_glioma,Copy Number Variation,Gene Level Copy Number,"b8aec25d-d73d-4e5b-baa7-0722690bfc41,65d3cc30-d590-4b4e-b504-6eecb853119f,044872c2-0e01-407c-bc0b-07d32a6acdfc","TCGA-LGG.0fb8e1bb-d2ef-4cd6-b795-c5ba783059c0.ascat3.gene_level_copy_number.v36.tsv,TCGA-LGG.0fb8e1bb-d2ef-4cd6-b795-c5ba783059c0.absolute_liftover.gene_level_copy_number.v36.tsv,TCGA-LGG.0fb8e1bb-d2ef-4cd6-b795-c5ba783059c0.gene_level_copy_number.v36.tsv",3,3
TCGA-FG-7643mixed_glioma,DNA Methylation,Methylation Beta Value,d93189ed-2642-47c8-8c15-d42cb530ac74,49a1d135-92a7-47bf-94df-9379ea4764a5.methylation_array.sesame.level3betas.txt,1,1
TCGA-FG-7643mixed_glioma,Proteome Profiling,Protein Expression Quantification,907b9870-c7c7-45da-b5bb-e9f6cd4b4096,TCGA-FG-7643-01A-11-A29Z-20_RPPA_data.tsv,1,1
TCGA-FG-7643mixed_glioma,Simple Nucleotide Variation,Masked Somatic Mutation,8870b557-6f42-40a0-87d6-69da5e25f4d5,7603de2f-ffc4-4c2b-be3d-f2cab6a3a90d.wxs.aliquot_ensemble_masked.maf,1,1
TCGA-FG-7643mixed_glioma,Transcriptome Profiling,Gene Expression Quantification,2f537305-9b56-4665-a6ca-40d6445c17d8,4fb7c7b2-ce12-40e9-bfd6-d808ac39ace0.rna_seq.augmented_star_gene_counts.tsv,1,1
TCGA-FG-7643mixed_glioma,Transcriptome Profiling,miRNA Expression Quantification,9b27d34d-09e2-49ec-93b7-b79ab580931e,3b09a6eb-4a93-4133-b3ee-d22a3567e200.mirbase21.mirnas.quantification.txt,1,1
TCGA-FG-8181mixed_glioma,Copy Number Variation,Gene Level Copy Number,"78ec3190-b149-45d8-b892-ccc9806dd198,6f5b48b6-ab59-4bda-8c37-9a1a5925c6ff,2143b3c6-b98f-457f-b6f4-a37233785b7b","TCGA-LGG.043ea226-d446-4d46-a096-a9c49cd331a9.absolute_liftover.gene_level_copy_number.v36.tsv,TCGA-LGG.043ea226-d446-4d46-a096-a9c49cd331a9.ascat3.gene_level_copy_number.v36.tsv,TCGA-LGG.043ea226-d446-4d46-a096-a9c49cd331a9.gene_level_copy_number.v36.tsv",3,3
TCGA-FG-8181mixed_glioma,DNA Methylation,Methylation Beta Value,d7324c5f-f072-4751-9185-541bd435e4ea,c4535fa0-bdae-4969-a687-9c86599ba634.methylation_array.sesame.level3betas.txt,1,1
TCGA-FG-8181mixed_glioma,Proteome Profiling,Protein Expression Quantification,748496d1-3a3e-4346-a39e-9c3828a3ece4,TCGA-FG-8181-01A-21-A29Z-20_RPPA_data.tsv,1,1
TCGA-FG-8181mixed_glioma,Simple Nucleotide Variation,Masked Somatic Mutation,af3a10e2-e8bb-4088-a3c9-e426400c34a8,8be48caf-12ad-4197-9441-268c94173081.wxs.aliquot_ensemble_masked.maf,1,1
TCGA-FG-8181mixed_glioma,Transcriptome Profiling,Gene Expression Quantification,c2adc3f8-6571-42f4-8def-cba1b5cec712,5a78b059-bc3f-4b39-b51d-e0993e104176.rna_seq.augmented_star_gene_counts.tsv,1,1
TCGA-FG-8181mixed_glioma,Transcriptome Profiling,miRNA Expression Quantification,7c03e027-0a51-4d70-b8a4-50b24abcd44d,14df4a02-89aa-4df8-99a5-a2a696688552.mirbase21.mirnas.quantification.txt,1,1
TCGA-FG-8186mixed_glioma,Copy Number Variation,Gene Level Copy Number,"507955b5-4eb7-4158-b6d5-9fd0ca604272,47953f17-65c4-4dac-a9c1-34d305629955,8aa0cd95-fab3-4a09-940e-d77292a63d66","TCGA-LGG.776b0127-ac57-43de-9c45-85f4b4e80fed.ascat3.gene_level_copy_number.v36.tsv,TCGA-LGG.776b0127-ac57-43de-9c45-85f4b4e80fed.gene_level_copy_number.v36.tsv,TCGA-LGG.776b0127-ac57-43de-9c45-85f4b4e80fed.absolute_liftover.gene_level_copy_number.v36.tsv",3,3
TCGA-FG-8186mixed_glioma,DNA Methylation,Methylation Beta Value,9e2585f8-b0bf-48ec-b692-8d519e7684ef,41718445-f45d-4647-a1d5-006fce7dba56.methylation_array.sesame.level3betas.txt,1,1
TCGA-FG-8186mixed_glioma,Proteome Profiling,Protein Expression Quantification,70544197-663c-4c3d-985d-6da02eabe195,TCGA-FG-8186-01A-21-A29X-20_RPPA_data.tsv,1,1
TCGA-FG-8186mixed_glioma,Simple Nucleotide Variation,Masked Somatic Mutation,60e5bff4-1b99-4ff3-a9dd-602ed9114a07,36cd9329-89a1-40a1-9793-5a7aca6a73ba.wxs.aliquot_ensemble_masked.maf,1,1
TCGA-FG-8186mixed_glioma,Transcriptome Profiling,Gene Expression Quantification,acd4c126-d740-4c6d-83b5-eb3369db6542,9d70d601-bd19-4a59-a108-58d41cb4e2e5.rna_seq.augmented_star_gene_counts.tsv,1,1
TCGA-FG-8186mixed_glioma,Transcriptome Profiling,miRNA Expression Quantification,e47aa27d-cadc-44c2-a86e-f86109f69b10,40c76cd3-68bf-4731-9cce-4cbe0a8d44a8.mirbase21.mirnas.quantification.txt,1,1
TCGA-FG-8187mixed_glioma,Copy Number Variation,Gene Level Copy Number,"85c7e4b7-2b3f-4215-9451-44b317c98f81,9fc6f44a-b37d-4648-ac8b-843219b48d0a,83dd2771-7466-442a-833a-e996a95a199e","TCGA-LGG.4866db60-7e1b-4399-a323-34c493b51437.gene_level_copy_number.v36.tsv,TCGA-LGG.4866db60-7e1b-4399-a323-34c493b51437.absolute_liftover.gene_level_copy_number.v36.tsv,TCGA-LGG.4866db60-7e1b-4399-a323-34c493b51437.ascat3.gene_level_copy_number.v36.tsv",3,3
TCGA-FG-8187mixed_glioma,DNA Methylation,Methylation Beta Value,5db4590f-f351-4abc-a94f-bb1b4ab5c6d1,ae650bfb-1436-4822-8a07-f1ba07e02549.methylation_array.sesame.level3betas.txt,1,1
TCGA-FG-8187mixed_glioma,Proteome Profiling,Protein Expression Quantification,06c5ab1f-0fc5-4928-9939-8b8ae3ba58bc,TCGA-FG-8187-01A-21-A29X-20_RPPA_data.tsv,1,1
TCGA-FG-8187mixed_glioma,Simple Nucleotide Variation,Masked Somatic Mutation,2e019bd3-fbcd-407d-b5d9-5d2911047ce4,b855437b-9393-4a6a-9463-df53df96cee0.wxs.aliquot_ensemble_masked.maf,1,1
TCGA-FG-8187mixed_glioma,Transcriptome Profiling,Gene Expression Quantification,0fef1095-6616-447e-ada3-87035d8aa011,138b778e-054f-4964-bc60-d2cfdae81ce1.rna_seq.augmented_star_gene_counts.tsv,1,1
TCGA-FG-8187mixed_glioma,Transcriptome Profiling,miRNA Expression Quantification,1bc55aa3-d831-4fc0-a856-d86d148a5d8b,ffc40842-c76e-4833-b278-c20279148221.mirbase21.mirnas.quantification.txt,1,1
TCGA-FG-8188mixed_glioma,Copy Number Variation,Gene Level Copy Number,"d3b7c556-40a3-446c-a80a-60b33b2e3cab,598b12f7-3ba8-475a-b62f-b910814da9b4,5b1ee790-5f93-4991-862c-920a40609533","TCGA-LGG.cdbed3c9-d7c4-4fd4-98ff-3f8b99cee5b8.gene_level_copy_number.v36.tsv,TCGA-LGG.cdbed3c9-d7c4-4fd4-98ff-3f8b99cee5b8.ascat3.gene_level_copy_number.v36.tsv,TCGA-LGG.cdbed3c9-d7c4-4fd4-98ff-3f8b99cee5b8.absolute_liftover.gene_level_copy_number.v36.tsv",3,3
TCGA-FG-8188mixed_glioma,DNA Methylation,Methylation Beta Value,ab2629f9-2ed1-49b5-ad6f-80af1441fab8,ce29ae5f-0f3a-4b60-8d70-4957c05e8fc6.methylation_array.sesame.level3betas.txt,1,1
TCGA-FG-8188mixed_glioma,Proteome Profiling,Protein Expression Quantification,3724c698-76c1-446c-9bcb-657782629d2a,TCGA-FG-8188-01A-21-A29X-20_RPPA_data.tsv,1,1
TCGA-FG-8188mixed_glioma,Simple Nucleotide Variation,Masked Somatic Mutation,e47307ca-c52c-4db3-8240-c11567812959,7bbaa613-181e-4a3d-8b65-6c73ad9caa53.wxs.aliquot_ensemble_masked.maf,1,1
TCGA-FG-8188mixed_glioma,Transcriptome Profiling,Gene Expression Quantification,6db9234e-8f03-48d2-8dcd-cb0c68a801dc,3bb76c7c-dd14-410f-9399-97db48021264.rna_seq.augmented_star_gene_counts.tsv,1,1
TCGA-FG-8188mixed_glioma,Transcriptome Profiling,miRNA Expression Quantification,6a6cf11e-4ff6-4fb4-9157-485c71434931,8d0ac26e-7b37-42c5-93f6-acd57670fd41.mirbase21.mirnas.quantification.txt,1,1
TCGA-FG-A4MUmixed_glioma,Copy Number Variation,Gene Level Copy Number,"f251c158-3049-40f7-b52a-4f12bc9dc1b3,4c8d70bb-e921-4e8f-8fc2-7c5e6b70484f,f72e9cfc-45fe-47d5-a41b-68e317fadbf8,4c1ddecc-f8bb-422c-a5a9-98cae9c1ac92","TCGA-LGG.0b3271ef-9f8b-4231-81d0-ddb9ec432367.ascat3.gene_level_copy_number.v36.tsv,TCGA-LGG.0b3271ef-9f8b-4231-81d0-ddb9ec432367.absolute_liftover.gene_level_copy_number.v36.tsv,TCGA-LGG.0b3271ef-9f8b-4231-81d0-ddb9ec432367.gene_level_copy_number.v36.tsv,5253ced7-be3e-4f77-9ea4-91bcf4bfd4be.wgs.ASCAT.gene_level.copy_number_variation.tsv",4,4
TCGA-FG-A4MUmixed_glioma,DNA Methylation,Methylation Beta Value,0e528a4b-b052-4eeb-81df-67bbb7081300,20c27e08-0308-4ac0-a7e6-65b0ab0cbdee.methylation_array.sesame.level3betas.txt,1,1
TCGA-FG-A4MUmixed_glioma,Proteome Profiling,Protein Expression Quantification,08e8061d-ca6a-4af4-a8d0-986403a922d6,TCGA-FG-A4MU-01B-21-A29Z-20_RPPA_data.tsv,1,1
TCGA-FG-A4MUmixed_glioma,Simple Nucleotide Variation,Masked Somatic Mutation,d63e2ed5-c094-4c5b-8f9f-5bbbf6eb5a8f,4a12a876-b2af-449e-8530-e1ddb9a736ec.wxs.aliquot_ensemble_masked.maf,1,1
TCGA-FG-A4MUmixed_glioma,Transcriptome Profiling,Gene Expression Quantification,2a435688-85fd-41e6-989b-bcca5fe4c6f1,866db5e1-5cf4-4a0b-a4e5-4dab20ff98f5.rna_seq.augmented_star_gene_counts.tsv,1,1
TCGA-FG-A4MUmixed_glioma,Transcriptome Profiling,miRNA Expression Quantification,3bc2ee84-696d-465f-853e-809cbceee52f,369ebc25-37df-4057-a120-45ac9f67d191.mirbase21.mirnas.quantification.txt,1,1
TCGA-FG-A4MWmixed_glioma,Copy Number Variation,Gene Level Copy Number,"0ed184d3-d0fd-4e96-a700-c46c0a2060aa,e1d91139-bde4-4f72-aa88-73a4d5ac08be,b989254c-150e-428b-8778-feebbde91aef","TCGA-LGG.48caf96d-2aed-41e9-a88e-54efadcc0007.gene_level_copy_number.v36.tsv,TCGA-LGG.48caf96d-2aed-41e9-a88e-54efadcc0007.ascat3.gene_level_copy_number.v36.tsv,TCGA-LGG.48caf96d-2aed-41e9-a88e-54efadcc0007.absolute_liftover.gene_level_copy_number.v36.tsv",3,3
TCGA-FG-A4MWmixed_glioma,DNA Methylation,Methylation Beta Value,5c57f4be-4ab2-40e8-95ca-8b0962fdebc4,d676876b-b3c8-4252-8423-e76116526c7e.methylation_array.sesame.level3betas.txt,1,1
TCGA-FG-A4MWmixed_glioma,Proteome Profiling,Protein Expression Quantification,164cfc9a-062a-4727-9031-a6d1a032e441,TCGA-FG-A4MW-01A-21-A29Z-20_RPPA_data.tsv,1,1
TCGA-FG-A4MWmixed_glioma,Simple Nucleotide Variation,Masked Somatic Mutation,f6424389-7bbc-408f-b0b1-66978943d0f4,41d94cad-80d9-45f5-bc0e-ad29da14b50b.wxs.aliquot_ensemble_masked.maf,1,1
TCGA-FG-A4MWmixed_glioma,Transcriptome Profiling,Gene Expression Quantification,a5a1f9e9-1193-47f9-af1c-0afb0ed2e408,d0565292-d876-47c0-99ad-5f043463e94a.rna_seq.augmented_star_gene_counts.tsv,1,1
TCGA-FG-A4MWmixed_glioma,Transcriptome Profiling,miRNA Expression Quantification,3c4310bc-c49f-4a56-86cc-73503d02d0c9,145e446e-86c6-4b2d-a663-c11df300a8c3.mirbase21.mirnas.quantification.txt,1,1
TCGA-FG-A4MYmixed_glioma,Copy Number Variation,Gene Level Copy Number,"2f62de2b-6e86-4563-94b1-ff643fb68662,fcc918f5-ccf3-4853-bf92-b552bc9b50f3,ecc34a39-55f6-4a56-a1f5-379adb394b62,9daed5a3-7b22-4cda-9833-fe5a6833cb2e","TCGA-LGG.f76dd92c-7e75-4d64-a643-a69a5474fda8.absolute_liftover.gene_level_copy_number.v36.tsv,TCGA-LGG.f76dd92c-7e75-4d64-a643-a69a5474fda8.ascat3.gene_level_copy_number.v36.tsv,c1558175-dbcb-4045-9224-c1c92ce24cab.wgs.ASCAT.gene_level.copy_number_variation.tsv,TCGA-LGG.f76dd92c-7e75-4d64-a643-a69a5474fda8.gene_level_copy_number.v36.tsv",4,4
TCGA-FG-A4MYmixed_glioma,DNA Methylation,Methylation Beta Value,b0c8453e-2d37-4a6f-a2fe-26a592c10015,c6b888bd-159c-40fc-852b-94213bedb9a3.methylation_array.sesame.level3betas.txt,1,1
TCGA-FG-A4MYmixed_glioma,Proteome Profiling,Protein Expression Quantification,df840fc9-0ddb-4fad-810a-53c54b4564fd,TCGA-FG-A4MY-01A-21-A29Y-20_RPPA_data.tsv,1,1
TCGA-FG-A4MYmixed_glioma,Simple Nucleotide Variation,Masked Somatic Mutation,873ddd5a-9a3d-4a9e-b191-ecf1c2fda667,ddf1105d-2dd6-4224-8c53-7eddc1407ab0.wxs.aliquot_ensemble_masked.maf,1,1
TCGA-FG-A4MYmixed_glioma,Transcriptome Profiling,Gene Expression Quantification,7b49c69f-9115-4155-a8bc-b5361d9d7145,bfc01973-ba94-4395-9657-67f685896e43.rna_seq.augmented_star_gene_counts.tsv,1,1
TCGA-FG-A4MYmixed_glioma,Transcriptome Profiling,miRNA Expression Quantification,94ee42a3-b0b1-4052-a227-5588163644a6,9d1908e6-6c65-499d-9514-59ec4583a2a3.mirbase21.mirnas.quantification.txt,1,1
TCGA-FG-A60Jmixed_glioma,Copy Number Variation,Gene Level Copy Number,"d42b22d4-61ee-42f3-8646-ced98daf4b2f,f531f9d2-7ecb-4458-8b15-ed5e2991916e,6370ea80-13e1-4698-a164-3bd750761fb8","TCGA-LGG.4b3be970-776c-4e70-91db-c2d94d1d2654.absolute_liftover.gene_level_copy_number.v36.tsv,TCGA-LGG.4b3be970-776c-4e70-91db-c2d94d1d2654.ascat3.gene_level_copy_number.v36.tsv,TCGA-LGG.4b3be970-776c-4e70-91db-c2d94d1d2654.gene_level_copy_number.v36.tsv",3,3
TCGA-FG-A60Jmixed_glioma,DNA Methylation,Methylation Beta Value,2b204de0-c5dd-4c71-b159-ea02b8ff4dfd,ac7e795e-7a67-4afd-b554-cf1385a2c640.methylation_array.sesame.level3betas.txt,1,1
TCGA-FG-A60Jmixed_glioma,Proteome Profiling,Protein Expression Quantification,48812d3e-59ee-49fc-af76-3f3d8897b98c,TCGA-FG-A60J-01A-21-A29Z-20_RPPA_data.tsv,1,1
TCGA-FG-A60Jmixed_glioma,Simple Nucleotide Variation,Masked Somatic Mutation,e687be03-50cc-421c-8427-94e4ee1e2b6c,ee04e68b-1416-4ab7-9abd-690efc172231.wxs.aliquot_ensemble_masked.maf,1,1
TCGA-FG-A60Jmixed_glioma,Transcriptome Profiling,Gene Expression Quantification,be715478-b298-45a0-ba8f-d4f193f4dfe6,bce674a7-4f72-450f-9c31-64f2134f429d.rna_seq.augmented_star_gene_counts.tsv,1,1
TCGA-FG-A60Jmixed_glioma,Transcriptome Profiling,miRNA Expression Quantification,bd4dab1f-4c80-46da-9ff7-3e138bc82f03,b174a4d1-c671-43a9-876f-d0dd734d2c0d.mirbase21.mirnas.quantification.txt,1,1
TCGA-FG-A60Kmixed_glioma,Copy Number Variation,Gene Level Copy Number,"612cdc0e-2482-4958-8c42-4613f0eb28a2,0c71ca68-2180-4c63-8023-8a6963cab8e3,3b12cc0d-5bd5-4c20-aa2b-15251ca54c84","TCGA-LGG.c65ce717-4e1d-443b-ad74-2167ad3a573c.ascat3.gene_level_copy_number.v36.tsv,TCGA-LGG.c65ce717-4e1d-443b-ad74-2167ad3a573c.gene_level_copy_number.v36.tsv,TCGA-LGG.c65ce717-4e1d-443b-ad74-2167ad3a573c.absolute_liftover.gene_level_copy_number.v36.tsv",3,3
TCGA-FG-A60Kmixed_glioma,DNA Methylation,Methylation Beta Value,134df1e4-640b-4475-8871-16d95980e1bf,acc7cd3b-7ca1-424f-add6-0b158d0b1347.methylation_array.sesame.level3betas.txt,1,1
TCGA-FG-A60Kmixed_glioma,Simple Nucleotide Variation,Masked Somatic Mutation,5428a978-5324-406f-9f89-ddba31ecbc22,956f3f6e-37aa-457e-bad4-b299d74c472a.wxs.aliquot_ensemble_masked.maf,1,1
TCGA-FG-A60Kmixed_glioma,Transcriptome Profiling,Gene Expression Quantification,da434ec8-9265-4ae7-8d1a-9a5bf2f1220b,1b510034-1cfa-4aee-bd5f-789ec8831d73.rna_seq.augmented_star_gene_counts.tsv,1,1
TCGA-FG-A60Kmixed_glioma,Transcriptome Profiling,miRNA Expression Quantification,49a5e104-6d4a-461b-845b-058f10c70d26,c5724d19-2dcd-4597-b1cf-160da1261204.mirbase21.mirnas.quantification.txt,1,1
TCGA-FG-A70Zmixed_glioma,Copy Number Variation,Gene Level Copy Number,"247434b5-b26a-4b3c-88f8-13fb4cd67f1f,9ebdf1b9-2a9e-4161-9305-8dec5ebb297d,933ba703-7c2b-471f-89c0-d345f68d585c","TCGA-LGG.d9f14efd-cdcd-48e9-a447-8565fb77659e.absolute_liftover.gene_level_copy_number.v36.tsv,TCGA-LGG.d9f14efd-cdcd-48e9-a447-8565fb77659e.gene_level_copy_number.v36.tsv,TCGA-LGG.d9f14efd-cdcd-48e9-a447-8565fb77659e.ascat3.gene_level_copy_number.v36.tsv",3,3
TCGA-FG-A70Zmixed_glioma,DNA Methylation,Methylation Beta Value,e9a8fb0b-9a4e-4e47-b808-afecdeefc0a5,88585781-732c-4184-b6e2-bee39fcf88c0.methylation_array.sesame.level3betas.txt,1,1
TCGA-FG-A70Zmixed_glioma,Proteome Profiling,Protein Expression Quantification,e3c3bf93-db35-426b-b707-ca4199a34ad8,TCGA-FG-A70Z-01A-21-A44D-20_RPPA_data.tsv,1,1
TCGA-FG-A70Zmixed_glioma,Simple Nucleotide Variation,Masked Somatic Mutation,d3009de1-926a-40ba-92bf-2780cf1b7b00,bd43869e-eec9-4db8-84c9-6047b21be7e4.wxs.aliquot_ensemble_masked.maf,1,1
TCGA-FG-A70Zmixed_glioma,Transcriptome Profiling,Gene Expression Quantification,93c5114b-9e42-4409-ade7-ba97dd0801ca,8110f4f0-329f-44b6-a499-bf0f0fa7cf58.rna_seq.augmented_star_gene_counts.tsv,1,1
TCGA-FG-A70Zmixed_glioma,Transcriptome Profiling,miRNA Expression Quantification,58944cae-1538-4a40-9f0c-e21b2c1dba16,bd18e00a-28a8-4b90-9242-75dc9233d825.mirbase21.mirnas.quantification.txt,1,1
TCGA-FG-A713mixed_glioma,Copy Number Variation,Gene Level Copy Number,"81ec3937-cc3c-4fa8-b08d-e43b023a9cfc,7e3ec6f0-f1b4-4f98-9d4b-7f2c99504e03,9798a0fd-ce42-4790-9805-a10a78f0ee85","TCGA-LGG.ff8d429a-192b-4718-8ec6-bc5c3d4cd203.gene_level_copy_number.v36.tsv,TCGA-LGG.ff8d429a-192b-4718-8ec6-bc5c3d4cd203.absolute_liftover.gene_level_copy_number.v36.tsv,TCGA-LGG.ff8d429a-192b-4718-8ec6-bc5c3d4cd203.ascat3.gene_level_copy_number.v36.tsv",3,3
TCGA-FG-A713mixed_glioma,DNA Methylation,Methylation Beta Value,93c24412-1f56-4063-a2ed-b6480b18a6b0,18d72595-0e95-4846-9b23-f46ebaba6f51.methylation_array.sesame.level3betas.txt,1,1
TCGA-FG-A713mixed_glioma,Proteome Profiling,Protein Expression Quantification,0d97147a-9cd8-4068-b765-6ed8a7a2cd19,TCGA-FG-A713-01A-21-A44D-20_RPPA_data.tsv,1,1
TCGA-FG-A713mixed_glioma,Simple Nucleotide Variation,Masked Somatic Mutation,c202be2e-d06e-4bf6-8854-162c514f5b41,069c0fc1-8503-49c0-99b3-5273b2c8e991.wxs.aliquot_ensemble_masked.maf,1,1
TCGA-FG-A713mixed_glioma,Transcriptome Profiling,Gene Expression Quantification,e8ae248f-fd8c-43eb-b4e4-a2beebde93ac,52479415-92aa-467d-aca7-f5871cba5104.rna_seq.augmented_star_gene_counts.tsv,1,1
TCGA-FG-A713mixed_glioma,Transcriptome Profiling,miRNA Expression Quantification,df2faa38-75cc-43b7-bd5a-f45ffd7080a8,577cb5a7-6def-416d-9c9b-f7474ecd5cfd.mirbase21.mirnas.quantification.txt,1,1
TCGA-FN-7833mixed_glioma,Copy Number Variation,Gene Level Copy Number,"5ad904e7-333a-42ec-9cbf-bde3545902a6,4f48cec4-0dd8-446e-b7a5-e34bdf3cd39d,aff7dc6d-d462-4f9d-8eb7-abd46765d60e","TCGA-LGG.968d8c23-5075-401b-88a4-9ce2db22122b.gene_level_copy_number.v36.tsv,TCGA-LGG.968d8c23-5075-401b-88a4-9ce2db22122b.absolute_liftover.gene_level_copy_number.v36.tsv,TCGA-LGG.968d8c23-5075-401b-88a4-9ce2db22122b.ascat3.gene_level_copy_number.v36.tsv",3,3
TCGA-FN-7833mixed_glioma,DNA Methylation,Methylation Beta Value,3c00007d-9c82-4ed6-b8d7-7d119ba5b614,206eeb5c-e681-4dd4-b1e5-c987fd3b9eb6.methylation_array.sesame.level3betas.txt,1,1
TCGA-FN-7833mixed_glioma,Simple Nucleotide Variation,Masked Somatic Mutation,7d1c7dac-2db1-4da0-a2b7-b2ce57cae444,2fbeb9a8-bb2f-4f04-be85-6d74f26b1ab4.wxs.aliquot_ensemble_masked.maf,1,1
TCGA-FN-7833mixed_glioma,Transcriptome Profiling,Gene Expression Quantification,94781f52-8bf3-4376-88f0-2a79d3f2c677,02df0b55-e0cf-4b80-b980-446c78e7e50e.rna_seq.augmented_star_gene_counts.tsv,1,1
TCGA-FN-7833mixed_glioma,Transcriptome Profiling,miRNA Expression Quantification,0b6f4598-35a0-49e2-b836-63d29c7b8f94,15ed66be-3b50-4ddb-91ac-35cef46cac5e.mirbase21.mirnas.quantification.txt,1,1
TCGA-HT-7473mixed_glioma,Copy Number Variation,Gene Level Copy Number,"e61298cb-880a-41a3-9fd2-dc2b82f1194b,21dbb274-e8ac-4618-afa5-b4174b6a8fbb,ee218303-5c41-49ff-bbd9-18700e52b03b","TCGA-LGG.57445603-add2-4699-a728-1fcfee28f61f.gene_level_copy_number.v36.tsv,TCGA-LGG.57445603-add2-4699-a728-1fcfee28f61f.ascat3.gene_level_copy_number.v36.tsv,TCGA-LGG.57445603-add2-4699-a728-1fcfee28f61f.absolute_liftover.gene_level_copy_number.v36.tsv",3,3
TCGA-HT-7473mixed_glioma,DNA Methylation,Methylation Beta Value,20040c0d-005a-46df-960e-3de976831d8b,0018bb0a-6c26-4270-8dda-e22568c38fbc.methylation_array.sesame.level3betas.txt,1,1
TCGA-HT-7473mixed_glioma,Proteome Profiling,Protein Expression Quantification,d7e65310-d2fd-48f3-b555-595378285295,TCGA-HT-7473-01A-21-A29Y-20_RPPA_data.tsv,1,1
TCGA-HT-7473mixed_glioma,Simple Nucleotide Variation,Masked Somatic Mutation,10bd25f7-6193-4b79-9902-70681aca386b,0e3a16bd-a03e-44e6-bb97-f3c335a71585.wxs.aliquot_ensemble_masked.maf,1,1
TCGA-HT-7473mixed_glioma,Transcriptome Profiling,Gene Expression Quantification,fcf77250-0aa4-490e-be76-5acdbe89a56b,9b04b323-eb6b-46c3-af66-437d4254ac83.rna_seq.augmented_star_gene_counts.tsv,1,1
TCGA-HT-7473mixed_glioma,Transcriptome Profiling,miRNA Expression Quantification,698a4f3d-3b94-4523-9d24-bcda15a41fcf,5f3ce909-5487-4d62-83b0-d254805f3db5.mirbase21.mirnas.quantification.txt,1,1
TCGA-HT-7474mixed_glioma,Copy Number Variation,Gene Level Copy Number,"fb4766a8-e82a-4213-81c1-736acf98e043,228b9018-f2e4-4c0d-b7a2-f82f9c8b12d3,68021ff1-174c-4232-ad86-cbbdf6e6f03d","TCGA-LGG.7eef19f2-71ab-44c6-acc6-0f94afd67081.ascat3.gene_level_copy_number.v36.tsv,TCGA-LGG.7eef19f2-71ab-44c6-acc6-0f94afd67081.absolute_liftover.gene_level_copy_number.v36.tsv,TCGA-LGG.7eef19f2-71ab-44c6-acc6-0f94afd67081.gene_level_copy_number.v36.tsv",3,3
TCGA-HT-7474mixed_glioma,DNA Methylation,Methylation Beta Value,a454fd14-1617-4a13-b518-55fd8a59e775,146f1568-724a-4831-8cbd-3ca719c3922a.methylation_array.sesame.level3betas.txt,1,1
TCGA-HT-7474mixed_glioma,Proteome Profiling,Protein Expression Quantification,177aefb8-32f4-404b-b811-dba5c83e0e5b,TCGA-HT-7474-01A-21-A29Y-20_RPPA_data.tsv,1,1
TCGA-HT-7474mixed_glioma,Simple Nucleotide Variation,Masked Somatic Mutation,e5942cf6-f432-4edc-9afc-4878722d2384,3b59b59f-f3b3-4aca-8cae-240eafc109ef.wxs.aliquot_ensemble_masked.maf,1,1
TCGA-HT-7474mixed_glioma,Transcriptome Profiling,Gene Expression Quantification,37a710fa-7e94-4bef-8078-9101fe36eada,88861138-2f22-48f6-815b-068c355b7768.rna_seq.augmented_star_gene_counts.tsv,1,1
TCGA-HT-7474mixed_glioma,Transcriptome Profiling,miRNA Expression Quantification,bec8f46f-8498-4afb-96ca-92d40e65e2bd,465b6440-0181-4632-8927-0441a3621ce3.mirbase21.mirnas.quantification.txt,1,1
TCGA-HT-7475mixed_glioma,Copy Number Variation,Gene Level Copy Number,"5b55b7e2-71c6-41f7-a25b-48b6f8fc7996,7d38c684-30b1-40f7-b682-fdcaaf657a17,0afd8103-19d5-4845-806b-a04411788dc5","TCGA-LGG.762face3-cefa-45bb-8698-b702aaa3af5b.gene_level_copy_number.v36.tsv,TCGA-LGG.762face3-cefa-45bb-8698-b702aaa3af5b.absolute_liftover.gene_level_copy_number.v36.tsv,TCGA-LGG.762face3-cefa-45bb-8698-b702aaa3af5b.ascat3.gene_level_copy_number.v36.tsv",3,3
TCGA-HT-7475mixed_glioma,DNA Methylation,Methylation Beta Value,62f921be-cb79-4441-b900-c3d6d4856d37,c0934947-4d58-44e0-9326-75e56d65d8ea.methylation_array.sesame.level3betas.txt,1,1
TCGA-HT-7475mixed_glioma,Proteome Profiling,Protein Expression Quantification,2ac150f1-7495-4eeb-9375-e9f55f0219e4,TCGA-HT-7475-01A-21-A29Y-20_RPPA_data.tsv,1,1
TCGA-HT-7475mixed_glioma,Simple Nucleotide Variation,Masked Somatic Mutation,b7c14e22-4c5a-4f59-bec5-8fa8d82ba79e,6783772d-d2bb-4a6c-8a0e-7f439272d254.wxs.aliquot_ensemble_masked.maf,1,1
TCGA-HT-7475mixed_glioma,Transcriptome Profiling,Gene Expression Quantification,b6587f62-ba78-4162-bb4d-c61d6c648b5c,d8399668-1f05-488f-b6c7-716a293b80a2.rna_seq.augmented_star_gene_counts.tsv,1,1
TCGA-HT-7475mixed_glioma,Transcriptome Profiling,miRNA Expression Quantification,f3f038f8-decb-42e2-b61b-07548190f350,7c0e1f0d-91f1-4687-87f2-8c02c5326fe0.mirbase21.mirnas.quantification.txt,1,1
TCGA-HT-7482mixed_glioma,Copy Number Variation,Gene Level Copy Number,"4f6e42bd-e896-46ab-92bd-dd446c400c78,2fe14607-c617-4ce1-bf57-e639d685aee5,5a3f5626-6e57-4586-9038-2e723452efe2","TCGA-LGG.4030791f-1467-4677-81c9-b792fbc19688.gene_level_copy_number.v36.tsv,TCGA-LGG.4030791f-1467-4677-81c9-b792fbc19688.absolute_liftover.gene_level_copy_number.v36.tsv,TCGA-LGG.4030791f-1467-4677-81c9-b792fbc19688.ascat3.gene_level_copy_number.v36.tsv",3,3
TCGA-HT-7482mixed_glioma,DNA Methylation,Methylation Beta Value,9d729886-ad53-4556-8a7c-ec967ecd3283,e1611cd5-77f5-409d-b8ed-66d5bdad39c3.methylation_array.sesame.level3betas.txt,1,1
TCGA-HT-7482mixed_glioma,Proteome Profiling,Protein Expression Quantification,7650d30f-36aa-471f-af49-a1f305968d28,TCGA-HT-7482-01A-21-A29X-20_RPPA_data.tsv,1,1
TCGA-HT-7482mixed_glioma,Simple Nucleotide Variation,Masked Somatic Mutation,9a26e42a-03c5-4994-a846-43837f9b51b0,817c4003-c0b0-4834-95c1-73e18c7cd1f5.wxs.aliquot_ensemble_masked.maf,1,1
TCGA-HT-7482mixed_glioma,Transcriptome Profiling,Gene Expression Quantification,bdefacfb-a31b-43fd-9430-25ae73831a19,e8fcfe5c-929d-4004-b364-50ba128452db.rna_seq.augmented_star_gene_counts.tsv,1,1
TCGA-HT-7482mixed_glioma,Transcriptome Profiling,miRNA Expression Quantification,6f1c8860-c68a-4a91-8ec1-9b3b781a52b0,93e67a46-0661-4808-a8eb-38b25457b510.mirbase21.mirnas.quantification.txt,1,1
TCGA-HT-7483mixed_glioma,Copy Number Variation,Gene Level Copy Number,"8afcf79f-33e0-49ec-935b-a3be8eeec1d6,e7caf01e-fe65-4802-a698-6e4171a426d9,39555b20-f177-4e52-ac06-b88565077df6","TCGA-LGG.12913e69-c3f9-4dac-908e-183b8fa288c8.absolute_liftover.gene_level_copy_number.v36.tsv,TCGA-LGG.12913e69-c3f9-4dac-908e-183b8fa288c8.ascat3.gene_level_copy_number.v36.tsv,TCGA-LGG.12913e69-c3f9-4dac-908e-183b8fa288c8.gene_level_copy_number.v36.tsv",3,3
TCGA-HT-7483mixed_glioma,DNA Methylation,Methylation Beta Value,76a514fb-7a3a-4a9a-b3c5-ab2d986c187e,0534ed1c-bd24-49c7-a673-d8f61c906254.methylation_array.sesame.level3betas.txt,1,1
TCGA-HT-7483mixed_glioma,Proteome Profiling,Protein Expression Quantification,5843242e-71d4-4f61-8a26-b4fb9dc6540e,TCGA-HT-7483-01A-21-A29Y-20_RPPA_data.tsv,1,1
TCGA-HT-7483mixed_glioma,Simple Nucleotide Variation,Masked Somatic Mutation,37b0491d-bbd3-48a8-9d1a-333a911a0ae0,7d0ae776-c6fe-4124-baf6-44e70ff5c8e0.wxs.aliquot_ensemble_masked.maf,1,1
TCGA-HT-7483mixed_glioma,Transcriptome Profiling,Gene Expression Quantification,4606da14-25cc-46cb-bf61-47d26dd7f2c7,750056fe-7f1d-45de-afad-cc3b4ce8c289.rna_seq.augmented_star_gene_counts.tsv,1,1
TCGA-HT-7483mixed_glioma,Transcriptome Profiling,miRNA Expression Quantification,9b2563dd-2802-4d88-bff2-44523a992c64,ddb6cb30-4d89-4d00-9656-0ac25db49297.mirbase21.mirnas.quantification.txt,1,1
TCGA-HT-7608mixed_glioma,Copy Number Variation,Gene Level Copy Number,"9c1e292f-f9af-4807-93af-803802f799e9,114bbe76-6375-407c-b6ad-ee230da5eab6,eca276b2-7c89-40b8-ab3f-ab6213d2e66b","TCGA-LGG.1b89157e-e4fc-4de6-a610-023326af23b3.absolute_liftover.gene_level_copy_number.v36.tsv,TCGA-LGG.1b89157e-e4fc-4de6-a610-023326af23b3.ascat3.gene_level_copy_number.v36.tsv,TCGA-LGG.1b89157e-e4fc-4de6-a610-023326af23b3.gene_level_copy_number.v36.tsv",3,3
TCGA-HT-7608mixed_glioma,DNA Methylation,Methylation Beta Value,bb89a637-2429-46de-be81-7f3181615a7f,0d060a82-a622-455e-8c97-6ef7b69c98c8.methylation_array.sesame.level3betas.txt,1,1
TCGA-HT-7608mixed_glioma,Proteome Profiling,Protein Expression Quantification,2b895a24-d47f-4dfc-bdae-b4edd53bb03a,TCGA-HT-7608-01A-21-A300-20_RPPA_data.tsv,1,1
TCGA-HT-7608mixed_glioma,Simple Nucleotide Variation,Masked Somatic Mutation,652053e9-fdbf-45d9-9731-0109a2844ab4,e4770b12-5225-4fff-9d1c-3cd5d85eed77.wxs.aliquot_ensemble_masked.maf,1,1
TCGA-HT-7608mixed_glioma,Transcriptome Profiling,Gene Expression Quantification,85d1cb46-f6ab-425b-a115-62d6fc49d1bf,86a42b2c-f184-4fcf-9b90-1c9bd7f6af25.rna_seq.augmented_star_gene_counts.tsv,1,1
TCGA-HT-7608mixed_glioma,Transcriptome Profiling,miRNA Expression Quantification,146459c4-d8c8-488e-bb07-d443e999b08b,9b0d88b2-0651-4b59-b879-96fae1011699.mirbase21.mirnas.quantification.txt,1,1
TCGA-HT-7609mixed_glioma,Copy Number Variation,Gene Level Copy Number,"f138b17e-9bb7-4afb-9360-ced7fc46dd7c,78dab585-77c7-4759-b928-2080004acb57,4c5871b0-375c-49a3-b80b-9fab1bf04b9d","TCGA-LGG.a6551dbf-37c4-4688-8baf-7213e28d1a1e.gene_level_copy_number.v36.tsv,TCGA-LGG.a6551dbf-37c4-4688-8baf-7213e28d1a1e.absolute_liftover.gene_level_copy_number.v36.tsv,TCGA-LGG.a6551dbf-37c4-4688-8baf-7213e28d1a1e.ascat3.gene_level_copy_number.v36.tsv",3,3
TCGA-HT-7609mixed_glioma,DNA Methylation,Methylation Beta Value,8c2f4fa8-1fd7-45f7-a604-84435d450212,b8e2b958-7f02-45cb-bb43-5d78dfadec1b.methylation_array.sesame.level3betas.txt,1,1
TCGA-HT-7609mixed_glioma,Proteome Profiling,Protein Expression Quantification,4b62bc8b-9551-44d2-bbcb-4aaf71b09486,TCGA-HT-7609-01A-21-A29Y-20_RPPA_data.tsv,1,1
TCGA-HT-7609mixed_glioma,Simple Nucleotide Variation,Masked Somatic Mutation,1e37e7dc-434e-404c-9213-de69bb00eb64,3f9f841e-89c1-45b0-a101-5813a6eb055e.wxs.aliquot_ensemble_masked.maf,1,1
TCGA-HT-7609mixed_glioma,Transcriptome Profiling,Gene Expression Quantification,cd5b7d84-e52c-4081-932f-280a299b6c81,f9a0a53e-2b62-4d49-bcf1-1ec0d9dc19cf.rna_seq.augmented_star_gene_counts.tsv,1,1
TCGA-HT-7609mixed_glioma,Transcriptome Profiling,miRNA Expression Quantification,312f9c6a-7aac-4ebd-9fa1-2508930547d8,71c7f279-070b-42f5-96e0-f49bae2cba4f.mirbase21.mirnas.quantification.txt,1,1
TCGA-HT-7610mixed_glioma,Copy Number Variation,Gene Level Copy Number,"be42610f-5540-4454-a823-30cf420c62cd,f0615012-fedb-4bde-b362-5904a67afc9a,e1640ce0-3c5e-4486-b0b3-e3e4bf2b463a","TCGA-LGG.67857eb9-f541-453b-b719-a44037fb8b06.ascat3.gene_level_copy_number.v36.tsv,TCGA-LGG.67857eb9-f541-453b-b719-a44037fb8b06.absolute_liftover.gene_level_copy_number.v36.tsv,TCGA-LGG.67857eb9-f541-453b-b719-a44037fb8b06.gene_level_copy_number.v36.tsv",3,3
TCGA-HT-7610mixed_glioma,DNA Methylation,Methylation Beta Value,f6737db1-26fe-4f88-98ed-76b8d5d0bfdf,b5619f18-71e2-41cb-a3cb-0b31a55b9894.methylation_array.sesame.level3betas.txt,1,1
TCGA-HT-7610mixed_glioma,Proteome Profiling,Protein Expression Quantification,f153874a-7099-4caf-b559-c822d74a2f2f,TCGA-HT-7610-01A-11-A300-20_RPPA_data.tsv,1,1
TCGA-HT-7610mixed_glioma,Simple Nucleotide Variation,Masked Somatic Mutation,e8f0b377-107f-4fcd-a9b6-23f1104fc0a3,ad3ee6bf-b1cf-41d0-870a-b499d49dc39f.wxs.aliquot_ensemble_masked.maf,1,1
TCGA-HT-7610mixed_glioma,Transcriptome Profiling,Gene Expression Quantification,8a554929-80f9-4ee5-a7a1-b4236f992709,7cbde0bd-c5d1-492b-b94f-3e2d46560038.rna_seq.augmented_star_gene_counts.tsv,1,1
TCGA-HT-7610mixed_glioma,Transcriptome Profiling,miRNA Expression Quantification,0315043d-24b1-4f9f-a082-75c15592ad74,d825407a-3383-4dce-81ef-8d54b9bc6830.mirbase21.mirnas.quantification.txt,1,1
TCGA-HT-7611mixed_glioma,Copy Number Variation,Gene Level Copy Number,"8ad71313-6197-4f3d-bfaf-037bc9c94551,a9724a67-1b95-44dd-82e9-5f1c306c6a32,4dc4dc1e-d0b2-4bcb-808d-8ebb3ac362f5","TCGA-LGG.1fae41ae-0298-49ca-82a3-d1ff545f113e.ascat3.gene_level_copy_number.v36.tsv,TCGA-LGG.1fae41ae-0298-49ca-82a3-d1ff545f113e.absolute_liftover.gene_level_copy_number.v36.tsv,TCGA-LGG.1fae41ae-0298-49ca-82a3-d1ff545f113e.gene_level_copy_number.v36.tsv",3,3
TCGA-HT-7611mixed_glioma,DNA Methylation,Methylation Beta Value,438d558b-962c-4a78-930e-8b9f40a5e5ab,40f18a16-93e3-4496-87cc-7791089f6fff.methylation_array.sesame.level3betas.txt,1,1
TCGA-HT-7611mixed_glioma,Proteome Profiling,Protein Expression Quantification,f994ef44-b8bf-4c03-a0c4-901908d1cc7d,TCGA-HT-7611-01A-21-A300-20_RPPA_data.tsv,1,1
TCGA-HT-7611mixed_glioma,Simple Nucleotide Variation,Masked Somatic Mutation,f95c08d4-bb7d-4c74-b45b-a17d76da6c0b,a2a3fb26-99c3-4d46-a1b3-f2860ab95e1f.wxs.aliquot_ensemble_masked.maf,1,1
TCGA-HT-7611mixed_glioma,Transcriptome Profiling,Gene Expression Quantification,7c571e7e-c394-42a8-9a93-6252f3fea878,45c1e141-f1c5-4261-b167-382e0129e3e3.rna_seq.augmented_star_gene_counts.tsv,1,1
TCGA-HT-7611mixed_glioma,Transcriptome Profiling,miRNA Expression Quantification,61276983-4255-44ab-9476-5e31da6915fd,6508772b-6d96-4ce1-8d67-ffaf15e96f99.mirbase21.mirnas.quantification.txt,1,1
TCGA-HT-7681mixed_glioma,Copy Number Variation,Gene Level Copy Number,"d8e50a64-c6ab-4bdb-af54-eb961b70bac8,2b322176-701c-40ca-abb0-646a4d899e25,5cce0801-0ee5-4c97-99f1-cd005068c194","TCGA-LGG.34d6b0ee-e088-4881-b283-db1b3ecc6121.absolute_liftover.gene_level_copy_number.v36.tsv,TCGA-LGG.34d6b0ee-e088-4881-b283-db1b3ecc6121.gene_level_copy_number.v36.tsv,TCGA-LGG.34d6b0ee-e088-4881-b283-db1b3ecc6121.ascat3.gene_level_copy_number.v36.tsv",3,3
TCGA-HT-7681mixed_glioma,DNA Methylation,Methylation Beta Value,d8b59cca-543a-49a5-9d02-3aae43b47b8f,02e20d7e-bd33-4e4b-a3b8-2bf47af73473.methylation_array.sesame.level3betas.txt,1,1
TCGA-HT-7681mixed_glioma,Proteome Profiling,Protein Expression Quantification,581feda4-48a1-4d62-a135-cfa469e25ea8,TCGA-HT-7681-01A-21-A29Z-20_RPPA_data.tsv,1,1
TCGA-HT-7681mixed_glioma,Simple Nucleotide Variation,Masked Somatic Mutation,ac51ed7e-7953-4b99-bb4d-0f9944013892,22a25474-b754-4ea6-9ef6-843552483fa3.wxs.aliquot_ensemble_masked.maf,1,1
TCGA-HT-7681mixed_glioma,Transcriptome Profiling,Gene Expression Quantification,52f1f0dc-344b-4486-985f-eb24e6325fee,6d273a56-48cc-47fa-9262-7b8659b00a7c.rna_seq.augmented_star_gene_counts.tsv,1,1
TCGA-HT-7681mixed_glioma,Transcriptome Profiling,miRNA Expression Quantification,c1d15a53-2499-45d4-910d-98e72961d811,f26a744a-4fcc-49e1-8f0a-b6537059eac3.mirbase21.mirnas.quantification.txt,1,1
TCGA-HT-7684mixed_glioma,Copy Number Variation,Gene Level Copy Number,"4dfface2-a1f7-4b18-8683-0b7d99e62dbf,05e68651-49f9-48c4-9aad-2c647e141851,867f5548-8b1d-4a38-b8bc-fa32b5d4ab32","TCGA-LGG.616cbd1c-3dc0-4d69-9c46-a5877720771e.ascat3.gene_level_copy_number.v36.tsv,TCGA-LGG.616cbd1c-3dc0-4d69-9c46-a5877720771e.absolute_liftover.gene_level_copy_number.v36.tsv,TCGA-LGG.616cbd1c-3dc0-4d69-9c46-a5877720771e.gene_level_copy_number.v36.tsv",3,3
TCGA-HT-7684mixed_glioma,DNA Methylation,Methylation Beta Value,3cf82a4d-0074-4b54-8c29-ed368d838307,ffb9aa0c-4f7b-42c6-9a0d-a46607d4d515.methylation_array.sesame.level3betas.txt,1,1
TCGA-HT-7684mixed_glioma,Proteome Profiling,Protein Expression Quantification,66b7a60d-dbc9-4df3-bf29-e51162b14004,TCGA-HT-7684-01A-21-A29X-20_RPPA_data.tsv,1,1
TCGA-HT-7684mixed_glioma,Simple Nucleotide Variation,Masked Somatic Mutation,b5237ba8-0846-486d-986a-58dcbb0f6eb5,71dc7353-dc5d-41b5-917b-f71ade2484ed.wxs.aliquot_ensemble_masked.maf,1,1
TCGA-HT-7684mixed_glioma,Transcriptome Profiling,Gene Expression Quantification,19dae81b-4f8a-44d3-a9dc-ef12e0ee9712,e1d7e8ca-0ae6-4d23-a4c1-da0a95694e09.rna_seq.augmented_star_gene_counts.tsv,1,1
TCGA-HT-7684mixed_glioma,Transcriptome Profiling,miRNA Expression Quantification,f06ed20d-4f1d-43b3-978e-a1eb4d549545,65c92daa-2f01-46d6-8dd5-19314d35d8cd.mirbase21.mirnas.quantification.txt,1,1
TCGA-HT-7690mixed_glioma,Copy Number Variation,Gene Level Copy Number,"a900796d-5ec8-49cf-88ca-666500b94a54,56d70526-4455-4897-9fb9-5bdf54fa0ac3,783072b3-8454-4bdc-8c3d-fa1e3626afec","TCGA-LGG.b2385109-b1dc-4f23-ba96-69b7e7b7c7d0.absolute_liftover.gene_level_copy_number.v36.tsv,TCGA-LGG.b2385109-b1dc-4f23-ba96-69b7e7b7c7d0.ascat3.gene_level_copy_number.v36.tsv,TCGA-LGG.b2385109-b1dc-4f23-ba96-69b7e7b7c7d0.gene_level_copy_number.v36.tsv",3,3
TCGA-HT-7690mixed_glioma,DNA Methylation,Methylation Beta Value,72e07688-e8a3-4ecc-87ad-b0eb929cb7a3,2cff169d-5035-4b73-8c61-1365d97e5c85.methylation_array.sesame.level3betas.txt,1,1
TCGA-HT-7690mixed_glioma,Proteome Profiling,Protein Expression Quantification,7eb4304b-c73b-4b2f-93cd-3bc41ec8eeea,TCGA-HT-7690-01A-21-A29X-20_RPPA_data.tsv,1,1
TCGA-HT-7690mixed_glioma,Simple Nucleotide Variation,Masked Somatic Mutation,7b64b38b-bc5e-44c2-982b-fe6bf2cc321f,157b620c-69db-4644-8d01-250c7791930d.wxs.aliquot_ensemble_masked.maf,1,1
TCGA-HT-7690mixed_glioma,Transcriptome Profiling,Gene Expression Quantification,115d0e2f-af7b-427e-a13a-b6635a64d253,9c8c7ba1-07bd-44c2-8c2f-e109532d2b08.rna_seq.augmented_star_gene_counts.tsv,1,1
TCGA-HT-7690mixed_glioma,Transcriptome Profiling,miRNA Expression Quantification,f00724f3-2364-41c1-af1a-ec3229eb02df,61d18625-c261-4695-a4ad-95699f82a305.mirbase21.mirnas.quantification.txt,1,1
TCGA-HT-7692mixed_glioma,Copy Number Variation,Gene Level Copy Number,"5ebffca5-f075-4901-a9c6-86c9fecd961d,1b43a08c-b5ad-4f69-b844-c1d8c053c629,262cb5b0-152f-4ed9-a73f-a6b7394bc332","TCGA-LGG.512c172b-c5d4-45e4-8863-d3c7aba884fa.absolute_liftover.gene_level_copy_number.v36.tsv,TCGA-LGG.512c172b-c5d4-45e4-8863-d3c7aba884fa.gene_level_copy_number.v36.tsv,TCGA-LGG.512c172b-c5d4-45e4-8863-d3c7aba884fa.ascat3.gene_level_copy_number.v36.tsv",3,3
TCGA-HT-7692mixed_glioma,DNA Methylation,Methylation Beta Value,deec248c-f3c7-4107-bc44-98a471afa712,cbabcefd-1ea3-4aad-a7db-7ee31d11ec99.methylation_array.sesame.level3betas.txt,1,1
TCGA-HT-7692mixed_glioma,Proteome Profiling,Protein Expression Quantification,a383f46e-098b-44c4-9068-0dba4dd0726b,TCGA-HT-7692-01A-21-A29X-20_RPPA_data.tsv,1,1
TCGA-HT-7692mixed_glioma,Simple Nucleotide Variation,Masked Somatic Mutation,50ae1d56-dcd5-40fd-ba8e-0b4cf0bfb83d,0a3e774e-87bc-403b-af47-832e649cc0be.wxs.aliquot_ensemble_masked.maf,1,1
TCGA-HT-7692mixed_glioma,Transcriptome Profiling,Gene Expression Quantification,9efc3f2e-19a2-4219-8eb6-de8fc4924262,a1090d5e-cf60-4832-9386-a5d386d65aab.rna_seq.augmented_star_gene_counts.tsv,1,1
TCGA-HT-7692mixed_glioma,Transcriptome Profiling,miRNA Expression Quantification,9f3d3be1-581f-4984-ba1f-290f619a01de,c7467f26-bb77-4234-8e5e-f71f35081766.mirbase21.mirnas.quantification.txt,1,1
TCGA-HT-7873mixed_glioma,Copy Number Variation,Gene Level Copy Number,"504fd8b9-5984-4c3b-9ae0-f86b1f93b1f6,a2957827-e10b-4e3a-9ddb-30a794fec522,1060ee7e-2157-4e3a-bcd3-f2be7411daf6","TCGA-LGG.7326ed25-fd02-4bb8-b62d-62ede00da264.gene_level_copy_number.v36.tsv,TCGA-LGG.7326ed25-fd02-4bb8-b62d-62ede00da264.ascat3.gene_level_copy_number.v36.tsv,TCGA-LGG.7326ed25-fd02-4bb8-b62d-62ede00da264.absolute_liftover.gene_level_copy_number.v36.tsv",3,3
TCGA-HT-7873mixed_glioma,DNA Methylation,Methylation Beta Value,73440ca5-d5b7-40a6-94d6-cda7756715f4,f8d6bcd5-a259-4407-99e1-e4dbe36e68ef.methylation_array.sesame.level3betas.txt,1,1
TCGA-HT-7873mixed_glioma,Proteome Profiling,Protein Expression Quantification,5243dd87-86d0-4dd0-b239-2165f7e15a8e,TCGA-HT-7873-01B-21-A29X-20_RPPA_data.tsv,1,1
TCGA-HT-7873mixed_glioma,Simple Nucleotide Variation,Masked Somatic Mutation,35e250a9-886a-4a4b-98bc-4325fd4f3deb,d8074ce2-27d5-42e5-84eb-55c4907ffa4d.wxs.aliquot_ensemble_masked.maf,1,1
TCGA-HT-7873mixed_glioma,Transcriptome Profiling,Gene Expression Quantification,eabf6558-3a83-4ef2-a145-655b1d442fb4,e7689334-c124-4adc-b9ec-fd3009781660.rna_seq.augmented_star_gene_counts.tsv,1,1
TCGA-HT-7873mixed_glioma,Transcriptome Profiling,miRNA Expression Quantification,b3e74910-cf1f-4914-b937-558401a5aba6,6aea34ae-5613-41a2-bb4f-c9fde6560a83.mirbase21.mirnas.quantification.txt,1,1
TCGA-HT-7879mixed_glioma,Copy Number Variation,Gene Level Copy Number,"0bd14422-f839-4acf-b177-73c7e068fe11,ccbb66e9-5dbb-404f-bf4a-8b851f800244,18f8489c-33a3-4606-a48e-246669d43f6c","TCGA-LGG.73c466ac-d50c-46b2-a20b-eb10623d2ae5.ascat3.gene_level_copy_number.v36.tsv,TCGA-LGG.73c466ac-d50c-46b2-a20b-eb10623d2ae5.absolute_liftover.gene_level_copy_number.v36.tsv,TCGA-LGG.73c466ac-d50c-46b2-a20b-eb10623d2ae5.gene_level_copy_number.v36.tsv",3,3
TCGA-HT-7879mixed_glioma,DNA Methylation,Methylation Beta Value,84d26076-f072-4509-a9ec-ab6e0f071298,e0c5488b-b988-4150-9d8a-08bc693d40c4.methylation_array.sesame.level3betas.txt,1,1
TCGA-HT-7879mixed_glioma,Proteome Profiling,Protein Expression Quantification,60d461a7-720c-451f-8c5e-71cf525064bd,TCGA-HT-7879-01A-21-A29Y-20_RPPA_data.tsv,1,1
TCGA-HT-7879mixed_glioma,Simple Nucleotide Variation,Masked Somatic Mutation,c0bd03ad-d3a5-441d-bdbd-70b983357a75,7a560706-af00-4c11-b7ab-005e73618763.wxs.aliquot_ensemble_masked.maf,1,1
TCGA-HT-7879mixed_glioma,Transcriptome Profiling,Gene Expression Quantification,753e9119-cb36-4fc8-81db-2ad1b0517a1f,105f6178-8705-40da-9255-21e1780eeaf6.rna_seq.augmented_star_gene_counts.tsv,1,1
TCGA-HT-7879mixed_glioma,Transcriptome Profiling,miRNA Expression Quantification,84261673-e945-4fb1-8d59-1ba65295c8e1,c5939f16-aad6-495b-aba0-d14aa422d0cd.mirbase21.mirnas.quantification.txt,1,1
TCGA-HT-7880mixed_glioma,Copy Number Variation,Gene Level Copy Number,"594a860d-70f2-4ae9-a8ba-eee5b40fa7de,614fa007-9bef-440d-8bcd-0d1bf2122c7e,54b68a87-4c9a-429a-8c6a-65df2473cef7","TCGA-LGG.14e587ce-fea3-4e69-b996-0dcf2a36849a.absolute_liftover.gene_level_copy_number.v36.tsv,TCGA-LGG.14e587ce-fea3-4e69-b996-0dcf2a36849a.ascat3.gene_level_copy_number.v36.tsv,TCGA-LGG.14e587ce-fea3-4e69-b996-0dcf2a36849a.gene_level_copy_number.v36.tsv",3,3
TCGA-HT-7880mixed_glioma,DNA Methylation,Methylation Beta Value,bed689d8-7297-412c-a780-b2d542a38d19,73c2a429-689f-458e-85b0-81416a4c4ab1.methylation_array.sesame.level3betas.txt,1,1
TCGA-HT-7880mixed_glioma,Proteome Profiling,Protein Expression Quantification,8009ce97-425b-4087-9b35-6e78213a30d8,TCGA-HT-7880-01A-21-A29Z-20_RPPA_data.tsv,1,1
TCGA-HT-7880mixed_glioma,Simple Nucleotide Variation,Masked Somatic Mutation,9710d75b-e547-4931-a0fe-4f0ed890abb8,28a7a97a-b46f-41a6-950b-10637cdc4644.wxs.aliquot_ensemble_masked.maf,1,1
TCGA-HT-7880mixed_glioma,Transcriptome Profiling,Gene Expression Quantification,83cd627b-cf83-4f94-a965-aff6e2e4ebfd,b4d80455-e498-4a35-a4e2-32dd7bdc9be9.rna_seq.augmented_star_gene_counts.tsv,1,1
TCGA-HT-7880mixed_glioma,Transcriptome Profiling,miRNA Expression Quantification,f08166dc-8052-44d8-a3b6-3069f21effda,509b6966-7448-4053-abb3-d94b062e0019.mirbase21.mirnas.quantification.txt,1,1
TCGA-HT-7902mixed_glioma,Copy Number Variation,Gene Level Copy Number,"58a7598b-bf80-404d-916a-b710ee08dcd3,86b09661-6882-4b74-a569-1fee89d3652c,bb402733-3973-47f5-9505-b2c738d2093a","TCGA-LGG.eaaea8e6-66b4-4580-89c5-55a8504a796c.absolute_liftover.gene_level_copy_number.v36.tsv,TCGA-LGG.eaaea8e6-66b4-4580-89c5-55a8504a796c.gene_level_copy_number.v36.tsv,TCGA-LGG.eaaea8e6-66b4-4580-89c5-55a8504a796c.ascat3.gene_level_copy_number.v36.tsv",3,3
TCGA-HT-7902mixed_glioma,DNA Methylation,Methylation Beta Value,2efa3345-c85e-49ae-a448-92ec3c9a6763,e3416c46-fab8-4d77-8efe-998ec92422f8.methylation_array.sesame.level3betas.txt,1,1
TCGA-HT-7902mixed_glioma,Proteome Profiling,Protein Expression Quantification,a598022a-2088-42c2-a107-2ecd9597a354,TCGA-HT-7902-01A-21-A29Z-20_RPPA_data.tsv,1,1
TCGA-HT-7902mixed_glioma,Simple Nucleotide Variation,Masked Somatic Mutation,ee83e38e-0cd4-40d9-b2fa-ae740703dd86,e2a2f8df-e859-450c-b289-6179dfb88882.wxs.aliquot_ensemble_masked.maf,1,1
TCGA-HT-7902mixed_glioma,Transcriptome Profiling,Gene Expression Quantification,2b9d46dd-cef6-46df-8c4e-d135e0fd5740,2c9f571c-d4c1-4cd3-9f76-3fccf3c0c509.rna_seq.augmented_star_gene_counts.tsv,1,1
TCGA-HT-7902mixed_glioma,Transcriptome Profiling,miRNA Expression Quantification,edaf94b5-3e8e-4566-b05c-c4d0aae5d9e3,4892ba5c-d139-430a-9875-5ddefd55b07a.mirbase21.mirnas.quantification.txt,1,1
TCGA-HT-8013mixed_glioma,Copy Number Variation,Gene Level Copy Number,"29591de5-6f51-403d-850a-c0913b14841e,d8193813-0f4e-440a-809e-e2ff6d04117a,bd2ea258-9326-4430-9499-973d8a15146b","TCGA-LGG.35eec3c2-ab24-48b6-a148-24df5b94a885.absolute_liftover.gene_level_copy_number.v36.tsv,TCGA-LGG.35eec3c2-ab24-48b6-a148-24df5b94a885.gene_level_copy_number.v36.tsv,TCGA-LGG.35eec3c2-ab24-48b6-a148-24df5b94a885.ascat3.gene_level_copy_number.v36.tsv",3,3
TCGA-HT-8013mixed_glioma,DNA Methylation,Methylation Beta Value,300a9fb6-619f-4203-a0b4-e7f483d4aeea,4d485732-58a9-47ea-94c3-11db1c258ba9.methylation_array.sesame.level3betas.txt,1,1
TCGA-HT-8013mixed_glioma,Proteome Profiling,Protein Expression Quantification,50aca796-c9ac-400a-a623-10072a10ef9d,TCGA-HT-8013-01A-21-A29X-20_RPPA_data.tsv,1,1
TCGA-HT-8013mixed_glioma,Simple Nucleotide Variation,Masked Somatic Mutation,f34dec98-890c-4979-bb36-446ffb39cdb5,aceec952-c9a4-42c4-b93f-e793e274a24b.wxs.aliquot_ensemble_masked.maf,1,1
TCGA-HT-8013mixed_glioma,Transcriptome Profiling,Gene Expression Quantification,0058f38c-d05f-4c60-bcf6-cd8f6ce1c4ff,ff024980-d908-476a-8f08-fac87e552c17.rna_seq.augmented_star_gene_counts.tsv,1,1
TCGA-HT-8013mixed_glioma,Transcriptome Profiling,miRNA Expression Quantification,ad7b4b0a-bce3-4454-9366-d549afd08614,bb7e4208-00aa-4d3e-ac56-3898cd53cb24.mirbase21.mirnas.quantification.txt,1,1
TCGA-HT-8018mixed_glioma,Copy Number Variation,Gene Level Copy Number,"2ee77a23-3ced-4046-a6f0-bd24eb45cfcc,33bb1ccf-0e19-4909-a39e-b93f143e3475,1106d0c2-bcaf-4793-aa04-4935d6ed4110","TCGA-LGG.6f9dec20-187b-4e25-ac0c-27545e33053e.absolute_liftover.gene_level_copy_number.v36.tsv,TCGA-LGG.6f9dec20-187b-4e25-ac0c-27545e33053e.ascat3.gene_level_copy_number.v36.tsv,TCGA-LGG.6f9dec20-187b-4e25-ac0c-27545e33053e.gene_level_copy_number.v36.tsv",3,3
TCGA-HT-8018mixed_glioma,DNA Methylation,Methylation Beta Value,b4a5c2f0-03f2-45aa-a66a-7a2ac3268fda,17c1296d-4bf3-4c43-bc94-44facc6076e8.methylation_array.sesame.level3betas.txt,1,1
TCGA-HT-8018mixed_glioma,Proteome Profiling,Protein Expression Quantification,3cccb666-e882-452b-ad3f-f313f9dd4d32,TCGA-HT-8018-01A-21-A29X-20_RPPA_data.tsv,1,1
TCGA-HT-8018mixed_glioma,Simple Nucleotide Variation,Masked Somatic Mutation,14b57d57-bdf2-489e-b4f2-8c971d48475b,c6e15a3c-d903-4199-9193-7e2ad96588c4.wxs.aliquot_ensemble_masked.maf,1,1
TCGA-HT-8018mixed_glioma,Transcriptome Profiling,Gene Expression Quantification,22e77be6-20d5-4ca1-adcd-bc13ac7eefb8,00564877-4cd9-4637-8dea-7b0a17b37857.rna_seq.augmented_star_gene_counts.tsv,1,1
TCGA-HT-8018mixed_glioma,Transcriptome Profiling,miRNA Expression Quantification,30e2c2a1-6fff-4bcf-9610-4e6a9897f2bf,9fe7bc7f-5c8e-4f95-83f8-988939b058ad.mirbase21.mirnas.quantification.txt,1,1
TCGA-HT-8111mixed_glioma,Copy Number Variation,Gene Level Copy Number,"60658813-82d5-407e-9126-4fe812a05452,dabb2b5d-ee1a-41ce-b4a3-67b58b64b528,88acf193-a1ff-4325-baeb-be1ec4cb4795","TCGA-LGG.6864d58f-079c-486e-98e4-52d99b261660.gene_level_copy_number.v36.tsv,TCGA-LGG.6864d58f-079c-486e-98e4-52d99b261660.ascat3.gene_level_copy_number.v36.tsv,TCGA-LGG.6864d58f-079c-486e-98e4-52d99b261660.absolute_liftover.gene_level_copy_number.v36.tsv",3,3
TCGA-HT-8111mixed_glioma,DNA Methylation,Methylation Beta Value,2b49eeca-c1b4-4a75-b286-b49c6319ace4,21969dfb-67a9-4646-8938-66708afcb1c6.methylation_array.sesame.level3betas.txt,1,1
TCGA-HT-8111mixed_glioma,Proteome Profiling,Protein Expression Quantification,24942949-35e8-4bed-bef3-2b56a9163fc0,TCGA-HT-8111-01A-21-A29Z-20_RPPA_data.tsv,1,1
TCGA-HT-8111mixed_glioma,Simple Nucleotide Variation,Masked Somatic Mutation,b35fa503-b72f-4ef3-9214-fbea996981b2,ee74cb2a-f835-493d-b178-e6e4d9e67ee3.wxs.aliquot_ensemble_masked.maf,1,1
TCGA-HT-8111mixed_glioma,Transcriptome Profiling,Gene Expression Quantification,fd56a2b7-128e-4e51-a18f-df0b89ff0b0f,141614d9-0221-45dc-9935-d97977d49a50.rna_seq.augmented_star_gene_counts.tsv,1,1
TCGA-HT-8111mixed_glioma,Transcriptome Profiling,miRNA Expression Quantification,86c4590b-41f4-48a3-ab93-5a71ca96ec54,c6aa0ae6-80d6-417a-a223-5381cb76445d.mirbase21.mirnas.quantification.txt,1,1
TCGA-HT-8114mixed_glioma,Copy Number Variation,Gene Level Copy Number,"3fbfee01-6e4e-41f4-aa0e-3e46a89a7959,c4800430-9efa-4769-beac-cc6b34cd01d7,3467369c-e7cd-41d3-96de-12c0fac17358","TCGA-LGG.fe80ab39-fc75-4dbf-9a10-1fe204870967.gene_level_copy_number.v36.tsv,TCGA-LGG.fe80ab39-fc75-4dbf-9a10-1fe204870967.ascat3.gene_level_copy_number.v36.tsv,TCGA-LGG.fe80ab39-fc75-4dbf-9a10-1fe204870967.absolute_liftover.gene_level_copy_number.v36.tsv",3,3
TCGA-HT-8114mixed_glioma,DNA Methylation,Methylation Beta Value,b2ac699f-a8df-4d13-b77a-5c9111e5d0c6,16417ea9-975c-406e-b793-39b99133207a.methylation_array.sesame.level3betas.txt,1,1
TCGA-HT-8114mixed_glioma,Proteome Profiling,Protein Expression Quantification,b55d9044-30af-4abd-8010-5b2e350de6f8,TCGA-HT-8114-01A-21-A29Z-20_RPPA_data.tsv,1,1
TCGA-HT-8114mixed_glioma,Simple Nucleotide Variation,Masked Somatic Mutation,9cdb0ca5-360f-4fe2-8483-698dde61111d,dc1a89cd-3cf5-4414-86e5-855f91e06bbc.wxs.aliquot_ensemble_masked.maf,1,1
TCGA-HT-8114mixed_glioma,Transcriptome Profiling,Gene Expression Quantification,e9b3d05e-b735-47ac-93cb-97be31bac8ee,d2e687f8-1bca-45b7-8d87-4c7e89715db9.rna_seq.augmented_star_gene_counts.tsv,1,1
TCGA-HT-8114mixed_glioma,Transcriptome Profiling,miRNA Expression Quantification,08bb0b39-409e-49b9-bdef-b38dd168bc3e,709bbeda-6e65-4c8b-9f8f-47c45f42806d.mirbase21.mirnas.quantification.txt,1,1
TCGA-HT-A614mixed_glioma,Copy Number Variation,Gene Level Copy Number,"feb2e4a0-1662-4ac4-a714-215fafcaec42,3d573e7d-0f97-4e75-a903-72c2a0838bf6,8476e552-4d04-496b-a254-8a9102726630","TCGA-LGG.a8dbbb00-21a9-495c-9fb3-2397d93c1a50.ascat3.gene_level_copy_number.v36.tsv,TCGA-LGG.a8dbbb00-21a9-495c-9fb3-2397d93c1a50.gene_level_copy_number.v36.tsv,TCGA-LGG.a8dbbb00-21a9-495c-9fb3-2397d93c1a50.absolute_liftover.gene_level_copy_number.v36.tsv",3,3
TCGA-HT-A614mixed_glioma,DNA Methylation,Methylation Beta Value,a7eea6a3-7b03-4693-865d-a6459534a2e0,1d77e688-28f9-4fa4-970f-2fc48284c6b7.methylation_array.sesame.level3betas.txt,1,1
TCGA-HT-A614mixed_glioma,Proteome Profiling,Protein Expression Quantification,dd9fe221-3e06-414a-bc43-962b4b13dddf,TCGA-HT-A614-01A-21-A44C-20_RPPA_data.tsv,1,1
TCGA-HT-A614mixed_glioma,Simple Nucleotide Variation,Masked Somatic Mutation,9d3be399-b1bf-464c-8bad-85d17a3e8249,b627aaeb-139e-4cc5-a595-ee67ce0f479e.wxs.aliquot_ensemble_masked.maf,1,1
TCGA-HT-A614mixed_glioma,Transcriptome Profiling,Gene Expression Quantification,a3492937-5910-4d94-9f0b-f532ff603c62,fb50de6d-b922-41d2-8774-b7351fac4b75.rna_seq.augmented_star_gene_counts.tsv,1,1
TCGA-HT-A614mixed_glioma,Transcriptome Profiling,miRNA Expression Quantification,71682fac-f65b-4a1a-bc31-433185024ad6,09e3c80e-81b5-4fe8-812a-8390f3a4cd1d.mirbase21.mirnas.quantification.txt,1,1
TCGA-HT-A74Jmixed_glioma,Copy Number Variation,Gene Level Copy Number,"2d8e9be6-30b7-4dd1-bce6-413d77bcaeb1,2732d9c8-04ac-4240-ba9a-25a2c9da54d9,f378e66b-e03a-4e0e-bde4-416e4eab647d","TCGA-LGG.20541b17-e4ac-4f6d-9bc5-08a5b6f3d6f5.gene_level_copy_number.v36.tsv,TCGA-LGG.20541b17-e4ac-4f6d-9bc5-08a5b6f3d6f5.absolute_liftover.gene_level_copy_number.v36.tsv,TCGA-LGG.20541b17-e4ac-4f6d-9bc5-08a5b6f3d6f5.ascat3.gene_level_copy_number.v36.tsv",3,3
TCGA-HT-A74Jmixed_glioma,DNA Methylation,Methylation Beta Value,d6b1d1f1-996c-4bd7-bd56-a0ebd772756c,0cfa44db-b6c1-42cf-9581-ff47f46e4407.methylation_array.sesame.level3betas.txt,1,1
TCGA-HT-A74Jmixed_glioma,Proteome Profiling,Protein Expression Quantification,5f40073b-142e-4dd2-a87e-1badb545b0cf,TCGA-HT-A74J-01A-21-A44D-20_RPPA_data.tsv,1,1
TCGA-HT-A74Jmixed_glioma,Simple Nucleotide Variation,Masked Somatic Mutation,f8da1f31-6aa4-43e2-acbe-c98f710249d8,53b3ad35-ea14-402f-8b2d-8e38afa53b14.wxs.aliquot_ensemble_masked.maf,1,1
TCGA-HT-A74Jmixed_glioma,Transcriptome Profiling,Gene Expression Quantification,0cd3bd7b-6496-489d-aeca-62348e101b25,d1dea496-436a-474a-b0c7-b3c70f8d4fcf.rna_seq.augmented_star_gene_counts.tsv,1,1
TCGA-HT-A74Lmixed_glioma,Copy Number Variation,Gene Level Copy Number,"b9587756-cdcd-48fe-a790-77895de3054e,8b4f5b71-510d-4749-b4b3-ddb8fe587cc2,a8276829-88da-4add-8463-611ed5696381","TCGA-LGG.d13aaebe-4d17-4d97-98e4-dde5044b4afb.absolute_liftover.gene_level_copy_number.v36.tsv,TCGA-LGG.d13aaebe-4d17-4d97-98e4-dde5044b4afb.gene_level_copy_number.v36.tsv,TCGA-LGG.d13aaebe-4d17-4d97-98e4-dde5044b4afb.ascat3.gene_level_copy_number.v36.tsv",3,3
TCGA-HT-A74Lmixed_glioma,DNA Methylation,Methylation Beta Value,5ec923da-eda3-4d88-9097-7cea68171614,30c0af58-e87f-4f97-98f4-e60b5fb8d57c.methylation_array.sesame.level3betas.txt,1,1
TCGA-HT-A74Lmixed_glioma,Proteome Profiling,Protein Expression Quantification,61599156-2e07-4d79-bf4f-a223566b6273,TCGA-HT-A74L-01A-21-A44D-20_RPPA_data.tsv,1,1
TCGA-HT-A74Lmixed_glioma,Simple Nucleotide Variation,Masked Somatic Mutation,22f5ef29-9cae-408e-aae5-a1f33aabfe6e,4abea1b3-1506-4b10-b352-b6a6ca5847d2.wxs.aliquot_ensemble_masked.maf,1,1
TCGA-HT-A74Lmixed_glioma,Transcriptome Profiling,Gene Expression Quantification,aeb0f385-fcd0-4ae1-8c2d-0a67f3d8b0c5,1d06aca0-fc5e-41a0-ab00-bc91fe955c42.rna_seq.augmented_star_gene_counts.tsv,1,1
TCGA-HT-A74Lmixed_glioma,Transcriptome Profiling,miRNA Expression Quantification,158b5ba2-c38a-4883-82b9-274da6d98867,03c0d0b1-e4f3-4eaf-8b70-9c26093e0568.mirbase21.mirnas.quantification.txt,1,1
TCGA-HW-7489mixed_glioma,Copy Number Variation,Gene Level Copy Number,"6416e7fa-1ec2-49e4-a347-5c8bcc630cfa,db44291e-3252-49a8-8bb4-d886a38c6de9,c49a4178-5e22-4ff8-91f6-97d6d0999e3b","TCGA-LGG.28d515d0-be1a-4a89-a1f0-7fd729c25e14.absolute_liftover.gene_level_copy_number.v36.tsv,TCGA-LGG.28d515d0-be1a-4a89-a1f0-7fd729c25e14.ascat3.gene_level_copy_number.v36.tsv,TCGA-LGG.28d515d0-be1a-4a89-a1f0-7fd729c25e14.gene_level_copy_number.v36.tsv",3,3
TCGA-HW-7489mixed_glioma,DNA Methylation,Methylation Beta Value,e8923d2e-0053-45d1-874f-396662263e4f,c43d6205-13a2-434f-b38f-d128b002ec11.methylation_array.sesame.level3betas.txt,1,1
TCGA-HW-7489mixed_glioma,Proteome Profiling,Protein Expression Quantification,5845fe78-86bd-43a0-b365-b9673beada97,TCGA-HW-7489-01A-21-A29Y-20_RPPA_data.tsv,1,1
TCGA-HW-7489mixed_glioma,Simple Nucleotide Variation,Masked Somatic Mutation,aeea33e2-cdbb-4888-b924-7f312564a449,02fda2ab-82b5-41c9-9512-c33e1e0930a4.wxs.aliquot_ensemble_masked.maf,1,1
TCGA-HW-7489mixed_glioma,Transcriptome Profiling,Gene Expression Quantification,584b0549-8773-4e6d-bbeb-4e3272c29954,46e7e923-009a-490c-8178-8150bfb2a331.rna_seq.augmented_star_gene_counts.tsv,1,1
TCGA-HW-7489mixed_glioma,Transcriptome Profiling,miRNA Expression Quantification,91b09fe9-cdee-41a4-b9a8-495c8bef296a,45c7a212-992f-43c6-b4f0-f6d60def930e.mirbase21.mirnas.quantification.txt,1,1
TCGA-IK-8125mixed_glioma,Copy Number Variation,Gene Level Copy Number,"aa4be6f6-c92c-4897-839b-6dab25083d50,d055aa87-8398-40a5-9f09-4a7eebd390ca,4f46a263-3b1a-4c83-831f-1b4030c5d69a","TCGA-LGG.9eefacfe-06b5-4207-b8a0-75aef3c1ebd4.ascat3.gene_level_copy_number.v36.tsv,TCGA-LGG.9eefacfe-06b5-4207-b8a0-75aef3c1ebd4.absolute_liftover.gene_level_copy_number.v36.tsv,TCGA-LGG.9eefacfe-06b5-4207-b8a0-75aef3c1ebd4.gene_level_copy_number.v36.tsv",3,3
TCGA-IK-8125mixed_glioma,DNA Methylation,Methylation Beta Value,bfec43e5-f4a1-4436-854e-e91a063e1940,6a165769-4bfe-4998-8ce5-2cd8c9a9e39b.methylation_array.sesame.level3betas.txt,1,1
TCGA-IK-8125mixed_glioma,Proteome Profiling,Protein Expression Quantification,17bc1a28-4072-449a-b049-10ab5cc0a4e9,TCGA-IK-8125-01A-21-A29Z-20_RPPA_data.tsv,1,1
TCGA-IK-8125mixed_glioma,Simple Nucleotide Variation,Masked Somatic Mutation,dab76aa1-657a-4ac6-9af1-9f98e7b241af,48bfa6c8-ed88-4ec7-b3ea-2e2942cf7a1b.wxs.aliquot_ensemble_masked.maf,1,1
TCGA-IK-8125mixed_glioma,Transcriptome Profiling,Gene Expression Quantification,e90a37ef-cf17-4a5a-b08c-c6efb1f8b287,01c73df5-9dda-4b64-8844-e61fb6043f4e.rna_seq.augmented_star_gene_counts.tsv,1,1
TCGA-IK-8125mixed_glioma,Transcriptome Profiling,miRNA Expression Quantification,b190f0a1-1d24-44eb-a3eb-b40e9f74b1e7,2c4a2f9d-3c3f-4004-941a-deeec69fae85.mirbase21.mirnas.quantification.txt,1,1
TCGA-KT-A74Xmixed_glioma,Copy Number Variation,Gene Level Copy Number,"bd469807-d16d-4d03-aa9e-adb9abaadf4a,49368c13-942b-4a56-a5d2-cf1e2a9642ef,56b6f690-b374-4ece-8624-737d3229ca26","TCGA-LGG.2ced8d25-c656-4fec-9326-a35ba7b1e23d.absolute_liftover.gene_level_copy_number.v36.tsv,TCGA-LGG.2ced8d25-c656-4fec-9326-a35ba7b1e23d.gene_level_copy_number.v36.tsv,TCGA-LGG.2ced8d25-c656-4fec-9326-a35ba7b1e23d.ascat3.gene_level_copy_number.v36.tsv",3,3
TCGA-KT-A74Xmixed_glioma,DNA Methylation,Methylation Beta Value,88b14167-2807-4a0b-9343-e91c2053d990,8c96e75f-f93c-4d83-90f2-64c8d1405b8f.methylation_array.sesame.level3betas.txt,1,1
TCGA-KT-A74Xmixed_glioma,Proteome Profiling,Protein Expression Quantification,74017f6f-50c5-4062-9a34-ba4f84723f00,TCGA-KT-A74X-01A-21-A44D-20_RPPA_data.tsv,1,1
TCGA-KT-A74Xmixed_glioma,Simple Nucleotide Variation,Masked Somatic Mutation,f6d156f4-bad4-48d2-9c7f-5981054a418d,3106ba01-5eef-4149-924e-770a6bfed766.wxs.aliquot_ensemble_masked.maf,1,1
TCGA-KT-A74Xmixed_glioma,Transcriptome Profiling,Gene Expression Quantification,00362664-cb13-4998-a26c-618dba69ea00,a7732b3f-6294-47ec-b869-0aac6ee6c815.rna_seq.augmented_star_gene_counts.tsv,1,1
TCGA-KT-A74Xmixed_glioma,Transcriptome Profiling,miRNA Expression Quantification,dda99393-c066-4a75-9578-acc534531cc1,001e4db4-2dda-4319-9401-c8e04980e17a.mirbase21.mirnas.quantification.txt,1,1
TCGA-P5-A730mixed_glioma,Copy Number Variation,Gene Level Copy Number,"cb1c268c-1905-4756-801f-33cba4c3ad64,961c8f4e-9de0-4053-91f6-6c870b2a106b,27715a46-a849-420e-bed2-3bceb54b7c84","TCGA-LGG.a6d97b11-2a65-45f9-9b31-ec87ae27e723.gene_level_copy_number.v36.tsv,TCGA-LGG.a6d97b11-2a65-45f9-9b31-ec87ae27e723.ascat3.gene_level_copy_number.v36.tsv,TCGA-LGG.a6d97b11-2a65-45f9-9b31-ec87ae27e723.absolute_liftover.gene_level_copy_number.v36.tsv",3,3
TCGA-P5-A730mixed_glioma,DNA Methylation,Methylation Beta Value,b245ba83-84f6-4d12-b8be-a4531ff8d703,1aadba94-9397-4dd6-b8ae-92398158ebbb.methylation_array.sesame.level3betas.txt,1,1
TCGA-P5-A730mixed_glioma,Proteome Profiling,Protein Expression Quantification,1ab0b0fd-f559-4c2c-a22f-2f02fd141659,TCGA-P5-A730-01A-21-A44D-20_RPPA_data.tsv,1,1
TCGA-P5-A730mixed_glioma,Simple Nucleotide Variation,Masked Somatic Mutation,786413ec-bc65-411b-a255-923bacc19e8c,6851cf27-15ef-4a48-a4a2-fd96733ff59a.wxs.aliquot_ensemble_masked.maf,1,1
TCGA-P5-A730mixed_glioma,Transcriptome Profiling,Gene Expression Quantification,60a5538f-4d15-47c7-82aa-c9a983776f02,cf560042-e37a-4a2b-9b46-1a3f0771b29c.rna_seq.augmented_star_gene_counts.tsv,1,1
TCGA-P5-A730mixed_glioma,Transcriptome Profiling,miRNA Expression Quantification,5ac607c6-e8f8-43ce-a121-b34e9af4181c,f866ddae-c54c-482a-a583-cdceaf653c09.mirbase21.mirnas.quantification.txt,1,1
TCGA-P5-A731mixed_glioma,Copy Number Variation,Gene Level Copy Number,"2da75b5f-108b-4d76-9cf8-bfd8b4a2610e,030c8f02-01c2-4231-9503-72e59eedf4f8,c9de896e-0d4b-4152-989f-86d225d00d1d","TCGA-LGG.fc149444-856f-4599-901a-d9e0d132f36b.gene_level_copy_number.v36.tsv,TCGA-LGG.fc149444-856f-4599-901a-d9e0d132f36b.ascat3.gene_level_copy_number.v36.tsv,TCGA-LGG.fc149444-856f-4599-901a-d9e0d132f36b.absolute_liftover.gene_level_copy_number.v36.tsv",3,3
TCGA-P5-A731mixed_glioma,DNA Methylation,Methylation Beta Value,d6ab9b75-601b-4c76-ae03-b53033ed4892,8830bf0f-8ee9-4fd7-8091-1a0f7e0058fd.methylation_array.sesame.level3betas.txt,1,1
TCGA-P5-A731mixed_glioma,Proteome Profiling,Protein Expression Quantification,6e9d1144-a2b3-4626-a2a7-81e4005eed0f,TCGA-P5-A731-01A-21-A44D-20_RPPA_data.tsv,1,1
TCGA-P5-A731mixed_glioma,Simple Nucleotide Variation,Masked Somatic Mutation,1027b1b1-0b75-477f-b445-596a379913ee,be440254-8860-430d-9131-6266de3423a7.wxs.aliquot_ensemble_masked.maf,1,1
TCGA-P5-A731mixed_glioma,Transcriptome Profiling,Gene Expression Quantification,aecd7f3f-f566-46c0-b632-fb229664a237,22b5554e-e5ab-4f7a-aa20-d09b54a3e4b1.rna_seq.augmented_star_gene_counts.tsv,1,1
TCGA-P5-A731mixed_glioma,Transcriptome Profiling,miRNA Expression Quantification,d50d8f1b-0501-4ba9-a0f1-11c6f6b623dd,5ec13c22-d90b-41cf-970d-ab1c7b77e386.mirbase21.mirnas.quantification.txt,1,1
TCGA-P5-A77Wmixed_glioma,Copy Number Variation,Gene Level Copy Number,"3da29760-0a74-4e40-b362-b1e70e96ee81,2efbab3c-740d-4711-9dff-2255b576bb59,db37d44a-8759-4538-8076-9515e85032e9","TCGA-LGG.005fcaea-789e-4656-81a2-9ab1116c9fdd.ascat3.gene_level_copy_number.v36.tsv,TCGA-LGG.005fcaea-789e-4656-81a2-9ab1116c9fdd.gene_level_copy_number.v36.tsv,TCGA-LGG.005fcaea-789e-4656-81a2-9ab1116c9fdd.absolute_liftover.gene_level_copy_number.v36.tsv",3,3
TCGA-P5-A77Wmixed_glioma,DNA Methylation,Methylation Beta Value,d53849b1-e06f-4ab5-a857-ca5ada8e61c3,87e261d4-36dc-4786-90f2-8697a5e840ca.methylation_array.sesame.level3betas.txt,1,1
TCGA-P5-A77Wmixed_glioma,Proteome Profiling,Protein Expression Quantification,c82b19b4-554f-4b22-a10c-213bbefcc105,TCGA-P5-A77W-01A-21-A44D-20_RPPA_data.tsv,1,1
TCGA-P5-A77Wmixed_glioma,Simple Nucleotide Variation,Masked Somatic Mutation,ad859643-4c4c-4e57-91fc-c37eb9d4dac3,c37c1636-aaf4-4b05-881e-446004c11d16.wxs.aliquot_ensemble_masked.maf,1,1
TCGA-P5-A77Wmixed_glioma,Transcriptome Profiling,Gene Expression Quantification,0e566bdd-6bb8-43d3-bef8-8386fe9e2c0c,d898474b-c4fc-4a33-800b-0ccce8b4b755.rna_seq.augmented_star_gene_counts.tsv,1,1
TCGA-P5-A77Wmixed_glioma,Transcriptome Profiling,miRNA Expression Quantification,a853d81b-bd45-4489-a612-599f345bfd72,c8d6a12f-aa21-4de3-a1ff-166289cd979d.mirbase21.mirnas.quantification.txt,1,1
TCGA-P5-A77Xmixed_glioma,Copy Number Variation,Gene Level Copy Number,"62287009-33c7-4351-a41b-b9d960761ffc,dfa5a9ef-fef1-4490-aa87-7c0f15fc3744,e42dae24-3193-44d9-86bc-a563b9b8d2ca,bd678725-4a7d-4608-bcd8-463c62e2d6c5","TCGA-LGG.3b24b570-949a-43de-afb2-48f4f11339b6.absolute_liftover.gene_level_copy_number.v36.tsv,TCGA-LGG.3b24b570-949a-43de-afb2-48f4f11339b6.ascat3.gene_level_copy_number.v36.tsv,00829db1-ea52-458e-8bfc-ed484d7e4a72.wgs.ASCAT.gene_level.copy_number_variation.tsv,TCGA-LGG.3b24b570-949a-43de-afb2-48f4f11339b6.gene_level_copy_number.v36.tsv",4,4
TCGA-P5-A77Xmixed_glioma,DNA Methylation,Methylation Beta Value,a2e4697c-e25e-492b-942f-9d89a3be94ee,066aadff-9127-424a-8e9b-d3d4688adecd.methylation_array.sesame.level3betas.txt,1,1
TCGA-P5-A77Xmixed_glioma,Proteome Profiling,Protein Expression Quantification,e66a6955-ac03-4cbe-8d4c-46b4004a1566,TCGA-P5-A77X-01A-21-A44D-20_RPPA_data.tsv,1,1
TCGA-P5-A77Xmixed_glioma,Simple Nucleotide Variation,Masked Somatic Mutation,4b15f1c3-447f-4d7e-88e7-bc9457a1b4d9,1f2acd84-bb1b-4019-a513-7715853ba8c4.wxs.aliquot_ensemble_masked.maf,1,1
TCGA-P5-A77Xmixed_glioma,Transcriptome Profiling,Gene Expression Quantification,b1eaeb04-0497-444b-8e58-8579b3ec384a,e356d13a-ae02-4240-9990-9c66ae38bcb5.rna_seq.augmented_star_gene_counts.tsv,1,1
TCGA-P5-A77Xmixed_glioma,Transcriptome Profiling,miRNA Expression Quantification,2348439c-e819-412d-a2d3-000a20e2b2c2,afbd1bf2-8abc-4dc1-9516-ffbd657a57ba.mirbase21.mirnas.quantification.txt,1,1
TCGA-QH-A65Smixed_glioma,Copy Number Variation,Gene Level Copy Number,"d64b2334-5c07-4327-a1b9-03f7607c09a7,71052ee4-2ecb-4000-9f42-40fe8f037ffd,1ff6b4b3-06c8-4781-990a-1c590ee32767","TCGA-LGG.cd4826d1-f41f-4920-a939-cbe03bd19536.gene_level_copy_number.v36.tsv,TCGA-LGG.cd4826d1-f41f-4920-a939-cbe03bd19536.absolute_liftover.gene_level_copy_number.v36.tsv,TCGA-LGG.cd4826d1-f41f-4920-a939-cbe03bd19536.ascat3.gene_level_copy_number.v36.tsv",3,3
TCGA-QH-A65Smixed_glioma,DNA Methylation,Methylation Beta Value,16ee2898-d251-4a12-a365-7e7ebc037d32,81742385-8b31-4db4-93b5-683fe3a92200.methylation_array.sesame.level3betas.txt,1,1
TCGA-QH-A65Smixed_glioma,Proteome Profiling,Protein Expression Quantification,42404722-3e25-4703-bbb0-46a0c8d29f25,TCGA-QH-A65S-01A-21-A44D-20_RPPA_data.tsv,1,1
TCGA-QH-A65Smixed_glioma,Simple Nucleotide Variation,Masked Somatic Mutation,c77b8de3-4d6d-4ad3-b088-e802186d291f,9bec77d6-945b-412e-b6ad-9e98231970df.wxs.aliquot_ensemble_masked.maf,1,1
TCGA-QH-A65Smixed_glioma,Transcriptome Profiling,Gene Expression Quantification,06fbec23-68bc-49ef-8a2a-3c5289d146e2,e343b3a9-713c-4448-b123-3f1cc4b25905.rna_seq.augmented_star_gene_counts.tsv,1,1
TCGA-QH-A65Smixed_glioma,Transcriptome Profiling,miRNA Expression Quantification,2441998a-4547-4025-b3f0-ca81670c7376,4621cbb5-8206-4b38-9f4d-cbdcd1dfed9e.mirbase21.mirnas.quantification.txt,1,1
TCGA-QH-A65Xmixed_glioma,Copy Number Variation,Gene Level Copy Number,"1a278624-ac41-4806-9725-47fd2fa3d991,4947abf0-aa58-415a-8878-2c083b329fd3,b5550645-bb69-4a4c-8de4-6e8db6634e3d","TCGA-LGG.d68b9005-562d-4875-87bd-219160fb180d.gene_level_copy_number.v36.tsv,TCGA-LGG.d68b9005-562d-4875-87bd-219160fb180d.absolute_liftover.gene_level_copy_number.v36.tsv,TCGA-LGG.d68b9005-562d-4875-87bd-219160fb180d.ascat3.gene_level_copy_number.v36.tsv",3,3
TCGA-QH-A65Xmixed_glioma,DNA Methylation,Methylation Beta Value,22cbfb0f-e304-47ad-abb1-205b72507db2,4bbd672d-a10d-4f26-835b-42902d8feacb.methylation_array.sesame.level3betas.txt,1,1
TCGA-QH-A65Xmixed_glioma,Proteome Profiling,Protein Expression Quantification,1fa712da-932b-4914-be76-a408207fbc0f,TCGA-QH-A65X-01A-21-A44D-20_RPPA_data.tsv,1,1
TCGA-QH-A65Xmixed_glioma,Simple Nucleotide Variation,Masked Somatic Mutation,908e3fcb-a017-46f9-b298-fe3bce5e2d3b,29efdada-98b5-4c3e-a8ef-b95caedd2d5f.wxs.aliquot_ensemble_masked.maf,1,1
TCGA-QH-A65Xmixed_glioma,Transcriptome Profiling,Gene Expression Quantification,51835252-f1fc-462d-8d33-291355c6243f,5007bc23-cd49-47fd-ae96-9ece25affb34.rna_seq.augmented_star_gene_counts.tsv,1,1
TCGA-QH-A65Xmixed_glioma,Transcriptome Profiling,miRNA Expression Quantification,c4204ce3-12f2-4551-8129-e3936216bb1e,10f3cc7b-6043-4bb1-a6c9-a6e65dc3cd05.mirbase21.mirnas.quantification.txt,1,1
TCGA-QH-A6CVmixed_glioma,Copy Number Variation,Gene Level Copy Number,"d07c9966-3af6-4c58-aad4-acdbbce0124f,6c268cff-1f8e-41d3-ba55-f143010680f6,6dca3c2e-250e-4eb2-aa72-453694d4eeef","TCGA-LGG.cb996b13-67bc-45cc-af13-e965d94498b0.absolute_liftover.gene_level_copy_number.v36.tsv,TCGA-LGG.cb996b13-67bc-45cc-af13-e965d94498b0.ascat3.gene_level_copy_number.v36.tsv,TCGA-LGG.cb996b13-67bc-45cc-af13-e965d94498b0.gene_level_copy_number.v36.tsv",3,3
TCGA-QH-A6CVmixed_glioma,DNA Methylation,Methylation Beta Value,cea19bdc-5ac9-4c96-86c8-5937643037ef,1a21d7ea-d4db-4665-8e65-4f6abebe3d69.methylation_array.sesame.level3betas.txt,1,1
TCGA-QH-A6CVmixed_glioma,Proteome Profiling,Protein Expression Quantification,52065976-ab66-4bfc-a867-3bd6d2d034b4,TCGA-QH-A6CV-01A-21-A44C-20_RPPA_data.tsv,1,1
TCGA-QH-A6CVmixed_glioma,Simple Nucleotide Variation,Masked Somatic Mutation,6acb7327-7100-4b6b-84ab-9a489dbdcc42,4822d025-16a7-4589-97ef-bfd30e5696b4.wxs.aliquot_ensemble_masked.maf,1,1
TCGA-QH-A6CVmixed_glioma,Transcriptome Profiling,Gene Expression Quantification,cb63052c-7208-4cd8-9290-47c5f3fb17e2,341dffb8-94c4-4e71-a42b-f6d58317aea5.rna_seq.augmented_star_gene_counts.tsv,1,1
TCGA-QH-A6CVmixed_glioma,Transcriptome Profiling,miRNA Expression Quantification,5ad81d7d-be8f-4520-a752-ddab0e0639e2,32ba1b19-b6df-4f46-8f0a-74bedccd2431.mirbase21.mirnas.quantification.txt,1,1
TCGA-QH-A6CWmixed_glioma,Copy Number Variation,Gene Level Copy Number,"1d9093be-1a23-436d-af94-f8be75d19e7d,c5962710-4a0d-4603-9ced-5ae04f07c4de,47f662d8-46cc-4418-a6d0-c3a4b8a3005b","TCGA-LGG.0f9d1eff-2f9e-4f06-9743-1446ab9cc4a7.absolute_liftover.gene_level_copy_number.v36.tsv,TCGA-LGG.0f9d1eff-2f9e-4f06-9743-1446ab9cc4a7.gene_level_copy_number.v36.tsv,TCGA-LGG.0f9d1eff-2f9e-4f06-9743-1446ab9cc4a7.ascat3.gene_level_copy_number.v36.tsv",3,3
TCGA-QH-A6CWmixed_glioma,DNA Methylation,Methylation Beta Value,3945da1e-4187-4e0d-a5a6-04e0bf20ee5c,7f64069d-addb-4c3d-9dad-33fc82166ea7.methylation_array.sesame.level3betas.txt,1,1
TCGA-QH-A6CWmixed_glioma,Proteome Profiling,Protein Expression Quantification,e59a016e-dede-450d-8f04-de1c121b90f2,TCGA-QH-A6CW-01A-21-A44C-20_RPPA_data.tsv,1,1
TCGA-QH-A6CWmixed_glioma,Simple Nucleotide Variation,Masked Somatic Mutation,38ebb957-cae8-46cf-ac12-f2cc2f31d5a4,9cce827c-f572-4f2d-933a-ef50794f4314.wxs.aliquot_ensemble_masked.maf,1,1
TCGA-QH-A6CWmixed_glioma,Transcriptome Profiling,Gene Expression Quantification,4b4deca0-b67d-4c1d-a127-1dcd7fb9fb0f,4f601dad-46a5-4ee3-a92b-cc02fe348535.rna_seq.augmented_star_gene_counts.tsv,1,1
TCGA-QH-A6CYmixed_glioma,Copy Number Variation,Gene Level Copy Number,"9c890457-f21f-4537-8915-cc5e63055053,2ba16791-e8eb-4303-b974-7cacb3f2ecea,f33fa2ba-9116-4390-bbaa-6de4d12a5807","TCGA-LGG.ae4447f1-188c-449c-abc9-29fdd1718325.absolute_liftover.gene_level_copy_number.v36.tsv,TCGA-LGG.ae4447f1-188c-449c-abc9-29fdd1718325.ascat3.gene_level_copy_number.v36.tsv,TCGA-LGG.ae4447f1-188c-449c-abc9-29fdd1718325.gene_level_copy_number.v36.tsv",3,3
TCGA-QH-A6CYmixed_glioma,DNA Methylation,Methylation Beta Value,2cafd5d3-3563-4339-a09e-954b73105f0d,5e98de37-ad84-4516-8c4a-4497a2fef92a.methylation_array.sesame.level3betas.txt,1,1
TCGA-QH-A6CYmixed_glioma,Proteome Profiling,Protein Expression Quantification,8a3a5ecd-f51e-459c-a222-f374b2bb4e53,TCGA-QH-A6CY-01A-21-A44C-20_RPPA_data.tsv,1,1
TCGA-QH-A6CYmixed_glioma,Simple Nucleotide Variation,Masked Somatic Mutation,f24e360b-6d37-4836-af9c-2d0679e99dfb,1e0e4019-efa1-424a-980e-25637e844b44.wxs.aliquot_ensemble_masked.maf,1,1
TCGA-QH-A6CYmixed_glioma,Transcriptome Profiling,Gene Expression Quantification,7a191855-a85e-47cd-988d-4e7f5c9912f6,55fbf73d-c1c2-4b02-935d-6aea9c163edf.rna_seq.augmented_star_gene_counts.tsv,1,1
TCGA-QH-A6CYmixed_glioma,Transcriptome Profiling,miRNA Expression Quantification,a033087c-396c-4dd8-8e52-591e362cdabb,449f8fcf-4881-489b-a64b-232ccfb9685c.mirbase21.mirnas.quantification.txt,1,1
TCGA-QH-A6CZmixed_glioma,Copy Number Variation,Gene Level Copy Number,"8574ace8-0eb5-4da5-b18e-f77e57366466,e7e4b40e-e5fc-4924-a866-a8b9ab49d3a3,e9c9fe91-ea84-4442-be75-d5dec50fbf8a","TCGA-LGG.827c762f-75c6-4901-8d90-0a9d7e0c0a50.gene_level_copy_number.v36.tsv,TCGA-LGG.827c762f-75c6-4901-8d90-0a9d7e0c0a50.absolute_liftover.gene_level_copy_number.v36.tsv,TCGA-LGG.827c762f-75c6-4901-8d90-0a9d7e0c0a50.ascat3.gene_level_copy_number.v36.tsv",3,3
TCGA-QH-A6CZmixed_glioma,DNA Methylation,Methylation Beta Value,152ba9d9-bb89-4f33-814d-a8f3c6407d2d,44a99f95-ac74-48dd-95a1-5ce39b2c974c.methylation_array.sesame.level3betas.txt,1,1
TCGA-QH-A6CZmixed_glioma,Proteome Profiling,Protein Expression Quantification,177de8e0-d213-45ed-bfb2-f24289fe72e9,TCGA-QH-A6CZ-01A-21-A44C-20_RPPA_data.tsv,1,1
TCGA-QH-A6CZmixed_glioma,Simple Nucleotide Variation,Masked Somatic Mutation,c8a15c89-e11c-4dd0-9556-2ddd38cb0fab,b3831e9d-989a-472f-9afd-e38e8986c052.wxs.aliquot_ensemble_masked.maf,1,1
TCGA-QH-A6CZmixed_glioma,Transcriptome Profiling,Gene Expression Quantification,50ca780d-13b1-4132-a6c9-90217cf1b4b8,6e18834b-f718-4764-8a8e-34280421f71e.rna_seq.augmented_star_gene_counts.tsv,1,1
TCGA-QH-A6CZmixed_glioma,Transcriptome Profiling,miRNA Expression Quantification,175e8a4a-b2db-43e5-8e4e-6b862d98ae3f,9611e7bf-a6d8-4d23-ad28-817bb2c48d9e.mirbase21.mirnas.quantification.txt,1,1
TCGA-QH-A6X3mixed_glioma,Copy Number Variation,Gene Level Copy Number,"fc19750a-361f-4f14-bf0e-8ecf3d47dbc7,efd86de4-d702-483f-bc08-09efa7eeb6ec,7e874523-3ecd-45d2-bec8-4f2782d193fe","TCGA-LGG.76599e93-2a6c-4f7d-aa47-693818579333.ascat3.gene_level_copy_number.v36.tsv,TCGA-LGG.76599e93-2a6c-4f7d-aa47-693818579333.gene_level_copy_number.v36.tsv,TCGA-LGG.76599e93-2a6c-4f7d-aa47-693818579333.absolute_liftover.gene_level_copy_number.v36.tsv",3,3
TCGA-QH-A6X3mixed_glioma,DNA Methylation,Methylation Beta Value,c707cec2-414c-4953-add5-63cb1d02555d,90e0a06f-3f2d-4d8f-ab23-0b6a31a475f5.methylation_array.sesame.level3betas.txt,1,1
TCGA-QH-A6X3mixed_glioma,Simple Nucleotide Variation,Masked Somatic Mutation,2a1b8ab6-5b88-4715-94fc-4d8f27f9eaa8,4577362a-a2c2-4503-a6d2-1bc60a95b181.wxs.aliquot_ensemble_masked.maf,1,1
TCGA-QH-A6X3mixed_glioma,Transcriptome Profiling,Gene Expression Quantification,09460119-0661-4fe5-8004-56b005929dae,ba849c19-28be-469f-807c-5842d7d1f235.rna_seq.augmented_star_gene_counts.tsv,1,1
TCGA-QH-A6X3mixed_glioma,Transcriptome Profiling,miRNA Expression Quantification,aadfe4d3-c64a-4ddb-aee4-9f1586506e34,d111f7e3-5269-4db9-85e4-5f3e36e3f8ba.mirbase21.mirnas.quantification.txt,1,1
TCGA-QH-A6X4mixed_glioma,Copy Number Variation,Gene Level Copy Number,"90be4dda-8ca2-4de7-8314-d0be816ac180,e3d45a66-036c-4f13-bfc6-38576e26b05c,f5651d16-1023-497d-a04e-4ab55a1aaa3f","TCGA-LGG.0d25897d-7de6-4efa-a963-f44821e98623.gene_level_copy_number.v36.tsv,TCGA-LGG.0d25897d-7de6-4efa-a963-f44821e98623.ascat3.gene_level_copy_number.v36.tsv,TCGA-LGG.0d25897d-7de6-4efa-a963-f44821e98623.absolute_liftover.gene_level_copy_number.v36.tsv",3,3
TCGA-QH-A6X4mixed_glioma,DNA Methylation,Methylation Beta Value,41f22cca-2e96-41ca-bf55-1dd1539e73b3,58425440-477f-4503-9236-08dc2617cd68.methylation_array.sesame.level3betas.txt,1,1
TCGA-QH-A6X4mixed_glioma,Proteome Profiling,Protein Expression Quantification,94bfcb0e-59af-42b1-9730-fb060dba1a46,TCGA-QH-A6X4-01A-61-A44D-20_RPPA_data.tsv,1,1
TCGA-QH-A6X4mixed_glioma,Simple Nucleotide Variation,Masked Somatic Mutation,9aa80cda-6113-431d-bd64-f6edf9d7e4f5,9f4bcb20-23bf-4dfb-bfc3-e775834adf7a.wxs.aliquot_ensemble_masked.maf,1,1
TCGA-QH-A6X4mixed_glioma,Transcriptome Profiling,Gene Expression Quantification,0d551c2a-a684-4b1e-bc8e-a30b0ee01cd7,b88ddc49-d868-4ec2-8fbc-8b2f3ef10e10.rna_seq.augmented_star_gene_counts.tsv,1,1
TCGA-QH-A6X4mixed_glioma,Transcriptome Profiling,miRNA Expression Quantification,f954597a-ec26-48ef-827d-4283feb696fb,c5b75a9d-7881-406f-977c-e8de6ea09037.mirbase21.mirnas.quantification.txt,1,1
TCGA-QH-A6X5mixed_glioma,Copy Number Variation,Gene Level Copy Number,"b9cf8216-641f-4210-9263-2eab1e1b1788,531f95e0-d2aa-4d8a-ae2c-3414e44f2d4e,2b982a4e-ab22-4c3b-ab51-d29e9e882205","TCGA-LGG.47c014bf-0740-4054-893d-82199ee537ae.gene_level_copy_number.v36.tsv,TCGA-LGG.47c014bf-0740-4054-893d-82199ee537ae.ascat3.gene_level_copy_number.v36.tsv,TCGA-LGG.47c014bf-0740-4054-893d-82199ee537ae.absolute_liftover.gene_level_copy_number.v36.tsv",3,3
TCGA-QH-A6X5mixed_glioma,DNA Methylation,Methylation Beta Value,ac1bc9f4-ce4b-4276-abc9-56440fa1e23e,43e2b998-3ead-40bb-a952-bac123fa6a7f.methylation_array.sesame.level3betas.txt,1,1
TCGA-QH-A6X5mixed_glioma,Proteome Profiling,Protein Expression Quantification,b996f318-8538-41af-ad7f-992ef658dda4,TCGA-QH-A6X5-01A-21-A44C-20_RPPA_data.tsv,1,1
TCGA-QH-A6X5mixed_glioma,Simple Nucleotide Variation,Masked Somatic Mutation,a2d5a26d-0a9e-44cc-9336-62076b34b3b9,8453302c-5022-4ed4-8409-f1010edb5d23.wxs.aliquot_ensemble_masked.maf,1,1
TCGA-QH-A6X5mixed_glioma,Transcriptome Profiling,Gene Expression Quantification,df3117d6-fa35-4cad-92a9-0a127b1be40b,79df4b2d-af4b-459b-a8cf-bc5d21a89c64.rna_seq.augmented_star_gene_counts.tsv,1,1
TCGA-QH-A6X5mixed_glioma,Transcriptome Profiling,miRNA Expression Quantification,d3415dea-8be8-4546-ab35-7d64f92bbb20,5835e439-44fc-4507-8b00-ba352b3582ab.mirbase21.mirnas.quantification.txt,1,1
TCGA-QH-A6XAmixed_glioma,Copy Number Variation,Gene Level Copy Number,"0bbf6d6c-efdb-465e-b8df-f54e1edad55a,e5683698-f9d5-4e08-ad40-ffd97e441ba6,ab76dade-f77f-420f-9fea-7acca95ab580","TCGA-LGG.edf01fd4-58a0-4eb5-8eff-2d726a781b0f.absolute_liftover.gene_level_copy_number.v36.tsv,TCGA-LGG.edf01fd4-58a0-4eb5-8eff-2d726a781b0f.gene_level_copy_number.v36.tsv,TCGA-LGG.edf01fd4-58a0-4eb5-8eff-2d726a781b0f.ascat3.gene_level_copy_number.v36.tsv",3,3
TCGA-QH-A6XAmixed_glioma,DNA Methylation,Methylation Beta Value,e666d968-9b1f-4518-88d1-7acc0fe30c8b,46bc6f31-c420-4c83-a29b-b43583731245.methylation_array.sesame.level3betas.txt,1,1
TCGA-QH-A6XAmixed_glioma,Proteome Profiling,Protein Expression Quantification,3e87a1bf-3752-4d7a-a064-1c992401ae6c,TCGA-QH-A6XA-01A-21-A44C-20_RPPA_data.tsv,1,1
TCGA-QH-A6XAmixed_glioma,Simple Nucleotide Variation,Masked Somatic Mutation,1d028610-72ff-4d24-ba9b-f2b7b9de2aa2,dc15f099-0d68-437c-8a0d-f737db29e0b7.wxs.aliquot_ensemble_masked.maf,1,1
TCGA-QH-A6XAmixed_glioma,Transcriptome Profiling,Gene Expression Quantification,bab37edf-5e92-445f-bae4-e5e34d9c1660,f83a9649-00d3-44db-b6bd-712f45ce548e.rna_seq.augmented_star_gene_counts.tsv,1,1
TCGA-QH-A6XAmixed_glioma,Transcriptome Profiling,miRNA Expression Quantification,7a55ca36-5693-49c9-a4d2-53a41f5f4487,9b3956b0-9160-4063-9791-79f71b41da5e.mirbase21.mirnas.quantification.txt,1,1
TCGA-QH-A870mixed_glioma,Copy Number Variation,Gene Level Copy Number,"7e026e74-9b1e-45fa-bdb6-e36a9505fcc2,c1c4c417-5c14-415b-a0ac-5b8ef74692cc,fd7b6c98-95df-4441-96fc-5fe1957d7395","TCGA-LGG.fa836841-5ee6-4e79-ae06-95d6c2894ac1.absolute_liftover.gene_level_copy_number.v36.tsv,TCGA-LGG.fa836841-5ee6-4e79-ae06-95d6c2894ac1.ascat3.gene_level_copy_number.v36.tsv,TCGA-LGG.fa836841-5ee6-4e79-ae06-95d6c2894ac1.gene_level_copy_number.v36.tsv",3,3
TCGA-QH-A870mixed_glioma,DNA Methylation,Methylation Beta Value,de004b8e-05be-4544-90f8-5fd5ac7a4720,6af2f578-7fd1-4a85-8e5d-27678cc8ad74.methylation_array.sesame.level3betas.txt,1,1
TCGA-QH-A870mixed_glioma,Proteome Profiling,Protein Expression Quantification,c449ae6b-5154-48a4-9491-7abb4d5e9b2b,TCGA-QH-A870-01A-21-A44C-20_RPPA_data.tsv,1,1
TCGA-QH-A870mixed_glioma,Simple Nucleotide Variation,Masked Somatic Mutation,7c106959-977e-40fd-aa53-b6692d91cb5e,a85e2acf-f8ab-42ac-8042-c04a44015690.wxs.aliquot_ensemble_masked.maf,1,1
TCGA-QH-A870mixed_glioma,Transcriptome Profiling,Gene Expression Quantification,4bd0485b-95e4-4324-b83d-c751e9c26017,1997f856-b0ac-4067-93bf-ec154d160835.rna_seq.augmented_star_gene_counts.tsv,1,1
TCGA-QH-A870mixed_glioma,Transcriptome Profiling,miRNA Expression Quantification,579d5411-043b-4cf6-9f45-0f3f1f209b79,4964cb18-8df1-4c3a-9819-2ddba201cfaa.mirbase21.mirnas.quantification.txt,1,1
TCGA-RY-A845mixed_glioma,Copy Number Variation,Gene Level Copy Number,"d248c0c8-5a23-495d-8217-63aa33aaa637,1f060126-2d1f-491b-8af5-1910c7b944d4,139d0a65-97ca-4c3b-9986-d6749b49a9fd","TCGA-LGG.8a0329b3-9d2f-4a89-8977-07e20fa65a0b.gene_level_copy_number.v36.tsv,TCGA-LGG.8a0329b3-9d2f-4a89-8977-07e20fa65a0b.ascat3.gene_level_copy_number.v36.tsv,TCGA-LGG.8a0329b3-9d2f-4a89-8977-07e20fa65a0b.absolute_liftover.gene_level_copy_number.v36.tsv",3,3
TCGA-RY-A845mixed_glioma,DNA Methylation,Methylation Beta Value,40e54328-f604-4254-9cc8-8713c48dacf3,94ed025b-be11-4629-bb65-deab95abe578.methylation_array.sesame.level3betas.txt,1,1
TCGA-RY-A845mixed_glioma,Proteome Profiling,Protein Expression Quantification,0efb84eb-964b-478d-ae44-ac8c70f3d6b5,TCGA-RY-A845-01A-21-A44C-20_RPPA_data.tsv,1,1
TCGA-RY-A845mixed_glioma,Simple Nucleotide Variation,Masked Somatic Mutation,62882f82-82e9-4639-ac30-c1b2a5609492,cf164ff2-da84-46d3-8318-be6971e9c696.wxs.aliquot_ensemble_masked.maf,1,1
TCGA-RY-A845mixed_glioma,Transcriptome Profiling,Gene Expression Quantification,5656c424-7f57-4917-ae6e-82c0891830a9,fa501305-a5a9-4a67-90f4-bee9f45c1c40.rna_seq.augmented_star_gene_counts.tsv,1,1
TCGA-RY-A845mixed_glioma,Transcriptome Profiling,miRNA Expression Quantification,715bb6ea-1d5c-4c86-b49f-e710cba449f0,78b9d833-3b8b-459a-ae09-65d69038a9b3.mirbase21.mirnas.quantification.txt,1,1
TCGA-S9-A6TVmixed_glioma,Copy Number Variation,Gene Level Copy Number,"85fc08cd-8eb7-4391-b8a0-bb440445cf6d,297ac559-171f-4089-98db-34b393674f46,51f06c77-9104-4885-869e-c365f97616d3,3d523ff5-cc74-40e2-941e-b492fc168498","92e28430-678d-4179-bc79-d5af1535b554.wgs.ASCAT.gene_level.copy_number_variation.tsv,TCGA-LGG.fbfb9116-485b-4fed-bda0-58cba2b0bff7.absolute_liftover.gene_level_copy_number.v36.tsv,TCGA-LGG.fbfb9116-485b-4fed-bda0-58cba2b0bff7.gene_level_copy_number.v36.tsv,TCGA-LGG.fbfb9116-485b-4fed-bda0-58cba2b0bff7.ascat3.gene_level_copy_number.v36.tsv",4,4
TCGA-S9-A6TVmixed_glioma,DNA Methylation,Methylation Beta Value,52dff6cc-5627-4ef2-9cbc-9836cf4455d9,f6972968-ab82-4f41-a5d5-7bf0e7d22ec3.methylation_array.sesame.level3betas.txt,1,1
TCGA-S9-A6TVmixed_glioma,Proteome Profiling,Protein Expression Quantification,5e57037d-d159-42e0-991b-4dafb07e84bc,TCGA-S9-A6TV-01A-21-A44C-20_RPPA_data.tsv,1,1
TCGA-S9-A6TVmixed_glioma,Simple Nucleotide Variation,Masked Somatic Mutation,91398ded-d4ce-47ea-b640-e1595c1bbc8a,610c4a77-2ffe-46fa-8246-2a452c7c1952.wxs.aliquot_ensemble_masked.maf,1,1
TCGA-S9-A6TVmixed_glioma,Transcriptome Profiling,Gene Expression Quantification,9007f94b-5cb1-421f-8ad3-7333920370af,edf2bc5d-3b50-411a-819e-aac3aa1207aa.rna_seq.augmented_star_gene_counts.tsv,1,1
TCGA-S9-A6TVmixed_glioma,Transcriptome Profiling,miRNA Expression Quantification,993e11b0-7c14-4408-a6e3-cda31d342d02,e19f8528-11d1-43ff-8c94-6943b7811535.mirbase21.mirnas.quantification.txt,1,1
TCGA-S9-A6WHmixed_glioma,Copy Number Variation,Gene Level Copy Number,"ff5cda7f-aafc-46da-8087-8e90dd7a6648,c22e15b7-1651-4d5d-ac87-0cbe998c23bc,68278bd8-4c75-4e04-8236-0195a6671029","TCGA-LGG.7612223a-75f7-4dfc-8a37-b27bfb100581.ascat3.gene_level_copy_number.v36.tsv,TCGA-LGG.7612223a-75f7-4dfc-8a37-b27bfb100581.absolute_liftover.gene_level_copy_number.v36.tsv,TCGA-LGG.7612223a-75f7-4dfc-8a37-b27bfb100581.gene_level_copy_number.v36.tsv",3,3
TCGA-S9-A6WHmixed_glioma,DNA Methylation,Methylation Beta Value,7cf98765-7d9b-49f8-a758-b600f500f2b7,a4e16391-120c-4811-b53b-5cd13c8ae0fa.methylation_array.sesame.level3betas.txt,1,1
TCGA-S9-A6WHmixed_glioma,Proteome Profiling,Protein Expression Quantification,c43f24fb-9e1a-4373-a5f3-99404ffc5c15,TCGA-S9-A6WH-01A-21-A44D-20_RPPA_data.tsv,1,1
TCGA-S9-A6WHmixed_glioma,Simple Nucleotide Variation,Masked Somatic Mutation,26ed5122-5cef-45f3-83b9-5af1b68a879b,4b2d5d23-97ff-4c2a-9da0-75c01b6741fa.wxs.aliquot_ensemble_masked.maf,1,1
TCGA-S9-A6WHmixed_glioma,Transcriptome Profiling,Gene Expression Quantification,718780ae-f6f9-42be-a2d3-08b25b9e67cf,da6b3c6c-8af3-4fc9-96f2-d2b2f6f972a8.rna_seq.augmented_star_gene_counts.tsv,1,1
TCGA-S9-A6WHmixed_glioma,Transcriptome Profiling,miRNA Expression Quantification,0f809eb5-3376-403f-b1d3-959a32830d42,5be9098e-11fd-45e1-a0e8-34e16c1235b8.mirbase21.mirnas.quantification.txt,1,1
TCGA-S9-A6WImixed_glioma,Copy Number Variation,Gene Level Copy Number,"79f0c032-1a10-4b3f-bd0f-87f0783a75b4,c26074b0-719b-407a-ad48-bd9b129076a7,e4d63823-de44-4ade-a71f-e1e02e3a048c","TCGA-LGG.f966d9fb-17ba-4e9a-b9e4-67d22fc4a4f8.gene_level_copy_number.v36.tsv,TCGA-LGG.f966d9fb-17ba-4e9a-b9e4-67d22fc4a4f8.absolute_liftover.gene_level_copy_number.v36.tsv,TCGA-LGG.f966d9fb-17ba-4e9a-b9e4-67d22fc4a4f8.ascat3.gene_level_copy_number.v36.tsv",3,3
TCGA-S9-A6WImixed_glioma,DNA Methylation,Methylation Beta Value,1317d1a8-fa31-403f-b970-8df799ed1776,63490272-a481-4b04-bfe2-5a02f20cb338.methylation_array.sesame.level3betas.txt,1,1
TCGA-S9-A6WImixed_glioma,Simple Nucleotide Variation,Masked Somatic Mutation,6d0badb7-988c-4f25-bfd3-6f0a88fee8d3,55262b27-16bb-44d8-a270-fc21667038e0.wxs.aliquot_ensemble_masked.maf,1,1
TCGA-S9-A6WImixed_glioma,Transcriptome Profiling,Gene Expression Quantification,6153637f-c83d-4211-88ee-a98f269f59d3,e71a56c6-199f-4238-a2f2-08852c905148.rna_seq.augmented_star_gene_counts.tsv,1,1
TCGA-S9-A6WImixed_glioma,Transcriptome Profiling,miRNA Expression Quantification,ea9168c2-9abe-4fe7-b89d-dbdaecd2780e,a173d6f1-cc32-421f-bfe6-e6cb66a23e4d.mirbase21.mirnas.quantification.txt,1,1
TCGA-S9-A6WPmixed_glioma,Copy Number Variation,Gene Level Copy Number,"3ccf0766-3e44-4599-92d5-6e49a0525059,478dad65-0ee5-4ae0-8531-d2b6947d2fba,079b3b99-ea43-4b13-98de-10f2fdb869c5","TCGA-LGG.0bf74883-1088-4aeb-86d8-d4be74eaceed.absolute_liftover.gene_level_copy_number.v36.tsv,TCGA-LGG.0bf74883-1088-4aeb-86d8-d4be74eaceed.gene_level_copy_number.v36.tsv,TCGA-LGG.0bf74883-1088-4aeb-86d8-d4be74eaceed.ascat3.gene_level_copy_number.v36.tsv",3,3
TCGA-S9-A6WPmixed_glioma,DNA Methylation,Methylation Beta Value,27eaba0a-e526-413e-8e20-876b6a93901b,427e216c-8767-451b-97aa-743a82d123dd.methylation_array.sesame.level3betas.txt,1,1
TCGA-S9-A6WPmixed_glioma,Proteome Profiling,Protein Expression Quantification,37e908fe-406d-4de9-aa02-b3301d983bdc,TCGA-S9-A6WP-01A-21-A44D-20_RPPA_data.tsv,1,1
TCGA-S9-A6WPmixed_glioma,Simple Nucleotide Variation,Masked Somatic Mutation,49f9310f-1c47-405b-a993-ccbca8edfb39,ca08aec1-e3d7-43aa-b397-f390aa54fed7.wxs.aliquot_ensemble_masked.maf,1,1
TCGA-S9-A6WPmixed_glioma,Transcriptome Profiling,Gene Expression Quantification,723383fc-ba09-4470-a3e0-6ae3432ca407,6be579fe-a0cc-4298-b1d0-448a5c8220cb.rna_seq.augmented_star_gene_counts.tsv,1,1
TCGA-S9-A6WPmixed_glioma,Transcriptome Profiling,miRNA Expression Quantification,9e133235-4024-4d3e-aeb9-01240cd60d26,4cd1bc92-29b3-4b26-9102-9e6cb8c7b445.mirbase21.mirnas.quantification.txt,1,1
TCGA-S9-A6WQmixed_glioma,Copy Number Variation,Gene Level Copy Number,"a19d0327-809b-4b64-924c-d1d563966294,f071bb74-00a3-4993-a1b1-4a48a7734948,bea7120c-9e9e-4bc8-815b-cf74ed588179","TCGA-LGG.2cbf1ede-a491-4766-90c8-43f7e9af9a7b.absolute_liftover.gene_level_copy_number.v36.tsv,TCGA-LGG.2cbf1ede-a491-4766-90c8-43f7e9af9a7b.gene_level_copy_number.v36.tsv,TCGA-LGG.2cbf1ede-a491-4766-90c8-43f7e9af9a7b.ascat3.gene_level_copy_number.v36.tsv",3,3
TCGA-S9-A6WQmixed_glioma,DNA Methylation,Methylation Beta Value,0bbc4ebf-3285-4c9c-b36f-cbea493a2d1b,41df51e6-89f8-4eee-8b0c-f214870aad4e.methylation_array.sesame.level3betas.txt,1,1
TCGA-S9-A6WQmixed_glioma,Proteome Profiling,Protein Expression Quantification,fb2d7161-2623-4c5f-a53f-ad6d1d58efb3,TCGA-S9-A6WQ-01A-21-A44D-20_RPPA_data.tsv,1,1
TCGA-S9-A6WQmixed_glioma,Simple Nucleotide Variation,Masked Somatic Mutation,e4b2380c-67d0-41cb-9f39-025892f2ada2,fe53ffaa-a85d-4e64-86d9-73a7d9bc8ff8.wxs.aliquot_ensemble_masked.maf,1,1
TCGA-S9-A6WQmixed_glioma,Transcriptome Profiling,Gene Expression Quantification,c8a1eb21-bfb9-4708-9bc0-65c211f0dc3e,6ca75a3f-a5f3-4395-86fa-e2f0679fdcf8.rna_seq.augmented_star_gene_counts.tsv,1,1
TCGA-S9-A6WQmixed_glioma,Transcriptome Profiling,miRNA Expression Quantification,20e46df7-f18d-47f1-8d43-1a48dcd094a3,13056135-fc50-4686-b845-143b0c178e13.mirbase21.mirnas.quantification.txt,1,1
TCGA-S9-A7IQmixed_glioma,Copy Number Variation,Gene Level Copy Number,"b42f26ef-a0fe-44cd-9233-0ac491c12fd9,fcd334c5-bae1-426d-9fcf-99196096aaf5,39f1bd3f-69b5-4b9b-9b53-f6c653ac91df","TCGA-LGG.5c2f22a3-e06c-483a-80b4-dd5020d7340a.absolute_liftover.gene_level_copy_number.v36.tsv,TCGA-LGG.5c2f22a3-e06c-483a-80b4-dd5020d7340a.gene_level_copy_number.v36.tsv,TCGA-LGG.5c2f22a3-e06c-483a-80b4-dd5020d7340a.ascat3.gene_level_copy_number.v36.tsv",3,3
TCGA-S9-A7IQmixed_glioma,DNA Methylation,Methylation Beta Value,ea12e2a8-ccd8-41ca-b8cb-d886f40fc0f0,f91343bd-eac8-498f-9637-119ebb8941d9.methylation_array.sesame.level3betas.txt,1,1
TCGA-S9-A7IQmixed_glioma,Proteome Profiling,Protein Expression Quantification,9634dfee-d29a-4519-b266-2b107e15d5d2,TCGA-S9-A7IQ-01A-11-A44D-20_RPPA_data.tsv,1,1
TCGA-S9-A7IQmixed_glioma,Simple Nucleotide Variation,Masked Somatic Mutation,c6d35858-5a4a-4456-ad41-c5149b18b15d,04adba93-3e7b-40ae-85c7-4eb1ceb91cb3.wxs.aliquot_ensemble_masked.maf,1,1
TCGA-S9-A7IQmixed_glioma,Transcriptome Profiling,Gene Expression Quantification,583991e4-58f3-48d7-9d55-82cff699036e,e237125e-4320-4b06-a24d-26663b5abaaf.rna_seq.augmented_star_gene_counts.tsv,1,1
TCGA-S9-A7IQmixed_glioma,Transcriptome Profiling,miRNA Expression Quantification,471cd39a-33e0-4b11-9108-cd81a83c20c5,b8f80350-2069-4c72-972e-9dbf8c8c906a.mirbase21.mirnas.quantification.txt,1,1
TCGA-S9-A7IYmixed_glioma,Copy Number Variation,Gene Level Copy Number,"98ce1b00-36ef-4264-bed9-371989e13b6a,9f667eb9-7b9d-4174-8e29-48fd8780419d,dba3abe5-4705-42b5-bec4-d9d6ed1c5f94","TCGA-LGG.38f88c07-2cf1-41b0-b141-a9379fc10a76.ascat3.gene_level_copy_number.v36.tsv,TCGA-LGG.38f88c07-2cf1-41b0-b141-a9379fc10a76.absolute_liftover.gene_level_copy_number.v36.tsv,TCGA-LGG.38f88c07-2cf1-41b0-b141-a9379fc10a76.gene_level_copy_number.v36.tsv",3,3
TCGA-S9-A7IYmixed_glioma,DNA Methylation,Methylation Beta Value,d5dc4219-23b1-48bf-a880-69f4e2777447,12eed667-3033-4084-83cf-f6cd81d3cf86.methylation_array.sesame.level3betas.txt,1,1
TCGA-S9-A7IYmixed_glioma,Proteome Profiling,Protein Expression Quantification,4d9125ca-a56c-4a2e-82b9-ade5ac03beb2,TCGA-S9-A7IY-01A-21-A44D-20_RPPA_data.tsv,1,1
TCGA-S9-A7IYmixed_glioma,Simple Nucleotide Variation,Masked Somatic Mutation,cbca662f-5967-4da8-bc56-c787c589e879,a8661d5c-a0c6-48a9-b984-90b354da3872.wxs.aliquot_ensemble_masked.maf,1,1
TCGA-S9-A7IYmixed_glioma,Transcriptome Profiling,Gene Expression Quantification,2405376b-d8c6-4803-8269-43a4c9edafb6,b772e521-4112-40b9-9aba-20506ba55d80.rna_seq.augmented_star_gene_counts.tsv,1,1
TCGA-S9-A7IYmixed_glioma,Transcriptome Profiling,miRNA Expression Quantification,97e45021-3792-400d-8c4b-46917609f7d5,769ee2f3-5b3e-42a5-887b-14ce2dc2dbb3.mirbase21.mirnas.quantification.txt,1,1
TCGA-S9-A7QYmixed_glioma,Copy Number Variation,Gene Level Copy Number,"5c9d9dc3-e49d-4630-8cbf-a254836a5035,9f65eab6-7431-4a94-aae3-8e8bb33668a4,b9158e9a-f355-4275-abc7-1320b57dab3e","TCGA-LGG.fd96df0a-f415-4118-bf33-7cd50d8ed722.gene_level_copy_number.v36.tsv,TCGA-LGG.fd96df0a-f415-4118-bf33-7cd50d8ed722.ascat3.gene_level_copy_number.v36.tsv,TCGA-LGG.fd96df0a-f415-4118-bf33-7cd50d8ed722.absolute_liftover.gene_level_copy_number.v36.tsv",3,3
TCGA-S9-A7QYmixed_glioma,DNA Methylation,Methylation Beta Value,9663da85-7b0e-4cd9-a538-2f77df3a9ae6,f9d5cac7-ad40-459e-9937-7e165200abb8.methylation_array.sesame.level3betas.txt,1,1
TCGA-S9-A7QYmixed_glioma,Simple Nucleotide Variation,Masked Somatic Mutation,d68cfc6a-eebc-42cf-a247-c7c4847e57d8,2a36b2f7-259f-4d1b-b65c-304d2ea38893.wxs.aliquot_ensemble_masked.maf,1,1
TCGA-S9-A7QYmixed_glioma,Transcriptome Profiling,Gene Expression Quantification,681c600b-143c-42ee-9dd4-b52f513a769d,a7a87d48-b0ed-423a-939a-15803f9199c6.rna_seq.augmented_star_gene_counts.tsv,1,1
TCGA-S9-A7QYmixed_glioma,Transcriptome Profiling,miRNA Expression Quantification,ce7c5fc9-68fe-45fe-965e-d792402cfaf4,676c5d16-b807-4178-a0fa-8c8d4820c05e.mirbase21.mirnas.quantification.txt,1,1
TCGA-TM-A7C5mixed_glioma,Copy Number Variation,Gene Level Copy Number,"8a4f1ed8-9dea-4e9b-beb6-232338f739c5,c7d442d0-8755-4603-ba43-9330793d453e,58116e54-38a2-402d-a82d-1bb8dd76ced8","TCGA-LGG.a7fbf80e-b783-4934-801b-187fcfe61e27.gene_level_copy_number.v36.tsv,TCGA-LGG.a7fbf80e-b783-4934-801b-187fcfe61e27.ascat3.gene_level_copy_number.v36.tsv,TCGA-LGG.a7fbf80e-b783-4934-801b-187fcfe61e27.absolute_liftover.gene_level_copy_number.v36.tsv",3,3
TCGA-TM-A7C5mixed_glioma,DNA Methylation,Methylation Beta Value,8e2f8b8b-2703-4b9b-9e70-ff0041795c1a,bc8cc1fd-50aa-4a23-911d-7b8795a853b0.methylation_array.sesame.level3betas.txt,1,1
TCGA-TM-A7C5mixed_glioma,Proteome Profiling,Protein Expression Quantification,79b59d8f-03f9-4add-a635-d67a61c159d1,TCGA-TM-A7C5-01A-21-A44D-20_RPPA_data.tsv,1,1
TCGA-TM-A7C5mixed_glioma,Simple Nucleotide Variation,Masked Somatic Mutation,9c808679-034b-48b5-8fdc-8d86fc780399,189361ee-fec5-48ff-8da0-bac830079379.wxs.aliquot_ensemble_masked.maf,1,1
TCGA-TM-A7C5mixed_glioma,Transcriptome Profiling,Gene Expression Quantification,19b6a615-3f4e-4cfa-93ec-cbb7ced98f51,fa89c592-b855-4681-88e3-8f206e1f970c.rna_seq.augmented_star_gene_counts.tsv,1,1
TCGA-TM-A7C5mixed_glioma,Transcriptome Profiling,miRNA Expression Quantification,861b5658-7ef1-430b-a3f8-0191ac13ab0c,2bfedc91-8288-4489-bd4b-0fb11a7be50c.mirbase21.mirnas.quantification.txt,1,1
TCGA-TM-A84Hmixed_glioma,Copy Number Variation,Gene Level Copy Number,"9b8ee829-64a9-4977-9150-f7afeee7ffc3,6a8ba2ba-21af-48cc-a283-05686d1a65a2,c43e6e0c-18d8-42e8-a667-ce1b2a72f333","TCGA-LGG.40ccc704-6fcc-4e7a-8b73-8106a0445349.gene_level_copy_number.v36.tsv,TCGA-LGG.40ccc704-6fcc-4e7a-8b73-8106a0445349.ascat3.gene_level_copy_number.v36.tsv,TCGA-LGG.40ccc704-6fcc-4e7a-8b73-8106a0445349.absolute_liftover.gene_level_copy_number.v36.tsv",3,3
TCGA-TM-A84Hmixed_glioma,DNA Methylation,Methylation Beta Value,ea7bf499-40ca-46cc-8e13-7546cf62cd71,5ad4f920-1087-4b80-bf5a-2c1f002500ce.methylation_array.sesame.level3betas.txt,1,1
TCGA-TM-A84Hmixed_glioma,Simple Nucleotide Variation,Masked Somatic Mutation,0bc694b7-32d6-4bd9-967e-e3b49bcd60d9,5c5a61e4-b272-40c7-9a24-6bcc31b9cabf.wxs.aliquot_ensemble_masked.maf,1,1
TCGA-TM-A84Hmixed_glioma,Transcriptome Profiling,Gene Expression Quantification,f685135a-5d45-47e8-b4a1-efad788adabd,a34533a3-abda-43f0-90d2-d215d259de97.rna_seq.augmented_star_gene_counts.tsv,1,1
TCGA-TM-A84Hmixed_glioma,Transcriptome Profiling,miRNA Expression Quantification,92036c7c-7da1-421f-877a-c39955ab60fe,fc7fefe4-303d-447d-ab9e-062f6e7770d3.mirbase21.mirnas.quantification.txt,1,1
TCGA-TM-A84Lmixed_glioma,Copy Number Variation,Gene Level Copy Number,"75d4cf54-44b8-456f-aa7b-62d72fb53876,9d381216-1a91-4bab-a6e7-ab7a228e3b6a,ddb914e8-6c77-447e-8482-dec80a99ff98","TCGA-LGG.39be6393-7938-4add-bbcd-718e0d04db99.ascat3.gene_level_copy_number.v36.tsv,TCGA-LGG.39be6393-7938-4add-bbcd-718e0d04db99.absolute_liftover.gene_level_copy_number.v36.tsv,TCGA-LGG.39be6393-7938-4add-bbcd-718e0d04db99.gene_level_copy_number.v36.tsv",3,3
TCGA-TM-A84Lmixed_glioma,DNA Methylation,Methylation Beta Value,0fae7de4-b02e-43c6-96a9-7f6b4f0872e1,0b7f7aaf-1fe6-4c2d-8990-b8eeb66032f6.methylation_array.sesame.level3betas.txt,1,1
TCGA-TM-A84Lmixed_glioma,Simple Nucleotide Variation,Masked Somatic Mutation,4bf1af00-661d-460a-8c3f-8e618d19af95,4e04b69c-d7a2-4ed9-a18a-fa27a3a73233.wxs.aliquot_ensemble_masked.maf,1,1
TCGA-TM-A84Lmixed_glioma,Transcriptome Profiling,Gene Expression Quantification,ae876604-1041-43af-81ef-732cdb087d4f,a04dde26-7ff6-458d-a95b-cc363c50f732.rna_seq.augmented_star_gene_counts.tsv,1,1
TCGA-TM-A84Lmixed_glioma,Transcriptome Profiling,miRNA Expression Quantification,e0787bb6-e388-4791-ba19-2c4f8c519dd8,113e21ff-6023-46df-aa90-dcc532c668e4.mirbase21.mirnas.quantification.txt,1,1
TCGA-TM-A84Tmixed_glioma,Copy Number Variation,Gene Level Copy Number,"3dbb252c-d6c4-4a58-98c2-402451a7375b,986f5022-5bd1-4f1b-857e-618f1cfc2b86,fdd9dcee-f363-4f5d-99e5-2645d603b0d6","TCGA-LGG.6ee9a089-47f6-4118-b520-2bc12709f1f1.ascat3.gene_level_copy_number.v36.tsv,TCGA-LGG.6ee9a089-47f6-4118-b520-2bc12709f1f1.absolute_liftover.gene_level_copy_number.v36.tsv,TCGA-LGG.6ee9a089-47f6-4118-b520-2bc12709f1f1.gene_level_copy_number.v36.tsv",3,3
TCGA-TM-A84Tmixed_glioma,DNA Methylation,Methylation Beta Value,16966319-15f6-4c48-b5e3-97cab5bd7259,1cd60e4f-831b-4a00-bf9e-1d5ae984e2fb.methylation_array.sesame.level3betas.txt,1,1
TCGA-TM-A84Tmixed_glioma,Simple Nucleotide Variation,Masked Somatic Mutation,b1da1115-d38f-494e-9653-b0b9f4ad7f8c,49fe1ce2-5516-4829-87bb-e078e0bfbde2.wxs.aliquot_ensemble_masked.maf,1,1
TCGA-TM-A84Tmixed_glioma,Transcriptome Profiling,Gene Expression Quantification,9552fd13-d00a-4772-9d8b-1d13f18d8a75,696fb8f8-1bec-4424-ab08-ebbe37c7078c.rna_seq.augmented_star_gene_counts.tsv,1,1
TCGA-TM-A84Tmixed_glioma,Transcriptome Profiling,miRNA Expression Quantification,401d5166-0ac1-47d7-b2fa-42ee9a381c84,1cb22889-2107-4ea6-a44e-a801132f2f98.mirbase21.mirnas.quantification.txt,1,1
TCGA-TQ-A7RGmixed_glioma,Copy Number Variation,Gene Level Copy Number,"4cb5bc10-97d9-46ce-a4dc-883f38bc9e4b,25109bec-28f3-4f2b-8e81-71a9c82cefdb,6381cffb-02f9-4e1c-9e39-0b923173e236","TCGA-LGG.4d5ae063-b307-4e77-92aa-45bc90c71841.gene_level_copy_number.v36.tsv,TCGA-LGG.4d5ae063-b307-4e77-92aa-45bc90c71841.ascat3.gene_level_copy_number.v36.tsv,TCGA-LGG.4d5ae063-b307-4e77-92aa-45bc90c71841.absolute_liftover.gene_level_copy_number.v36.tsv",3,3
TCGA-TQ-A7RGmixed_glioma,DNA Methylation,Methylation Beta Value,8b1a84fa-8e78-4ce8-b03b-1add1ebe2678,4216c3ab-916f-4880-a5a6-2d17084bb4e6.methylation_array.sesame.level3betas.txt,1,1
TCGA-TQ-A7RGmixed_glioma,Proteome Profiling,Protein Expression Quantification,e0a42644-2626-4617-b51b-8f4f7d72860e,TCGA-TQ-A7RG-01A-21-A44C-20_RPPA_data.tsv,1,1
TCGA-TQ-A7RGmixed_glioma,Simple Nucleotide Variation,Masked Somatic Mutation,f23269cc-1ce9-474f-8b05-6365f76fcef0,4e863178-ebf2-492b-a025-afc97cc1515b.wxs.aliquot_ensemble_masked.maf,1,1
TCGA-TQ-A7RGmixed_glioma,Transcriptome Profiling,Gene Expression Quantification,23490f22-f7bd-4f7b-9aa9-fe86045849d6,7b97dfe9-a528-4175-bcd4-4fd9893c9cd2.rna_seq.augmented_star_gene_counts.tsv,1,1
TCGA-TQ-A7RGmixed_glioma,Transcriptome Profiling,miRNA Expression Quantification,04581330-fb47-434a-92ab-334c33a726fd,a2f2dea4-f399-4801-a322-b94e76768c13.mirbase21.mirnas.quantification.txt,1,1
TCGA-TQ-A7RHmixed_glioma,Copy Number Variation,Gene Level Copy Number,"f7ed1b46-bd12-450f-9811-6b58654a96b5,6a0ea7f8-c7f6-42e0-b0dd-9e024badb30c,fe83bf05-0628-4d61-8a5e-32c384be92ec","TCGA-LGG.47d7d421-bb94-4328-b089-36ca3ba99738.gene_level_copy_number.v36.tsv,TCGA-LGG.47d7d421-bb94-4328-b089-36ca3ba99738.absolute_liftover.gene_level_copy_number.v36.tsv,TCGA-LGG.47d7d421-bb94-4328-b089-36ca3ba99738.ascat3.gene_level_copy_number.v36.tsv",3,3
TCGA-TQ-A7RHmixed_glioma,DNA Methylation,Methylation Beta Value,e1e01324-3d9d-492a-82a5-49129518e161,718a991e-cd78-44e9-beb3-aef1de664506.methylation_array.sesame.level3betas.txt,1,1
TCGA-TQ-A7RHmixed_glioma,Proteome Profiling,Protein Expression Quantification,8faeb7af-80f1-470a-b4a4-ae87766b92a5,TCGA-TQ-A7RH-01A-21-A44C-20_RPPA_data.tsv,1,1
TCGA-TQ-A7RHmixed_glioma,Simple Nucleotide Variation,Masked Somatic Mutation,637b7093-d7a7-49ee-9467-2f55dbd492a4,563a8b70-91b4-45f5-bc33-6b63842c6316.wxs.aliquot_ensemble_masked.maf,1,1
TCGA-TQ-A7RHmixed_glioma,Transcriptome Profiling,Gene Expression Quantification,a9cf7a99-2560-48f9-bf43-ed1882d1a291,8e322e13-da42-4ab3-a3ec-2cba24db4e45.rna_seq.augmented_star_gene_counts.tsv,1,1
TCGA-TQ-A7RHmixed_glioma,Transcriptome Profiling,miRNA Expression Quantification,cdbada6d-a457-415e-b3f5-ebb9b5ba25d9,0dc76450-ff9e-41ad-8793-dff1925aa9ab.mirbase21.mirnas.quantification.txt,1,1
TCGA-TQ-A7RJmixed_glioma,Copy Number Variation,Gene Level Copy Number,"83dd419d-4756-4bf0-858b-5f25263aa917,a1c386af-1b92-49fd-86ec-308b5d46b8e8,e0dc50b0-ea05-4b29-8bc8-49262e4e8970","TCGA-LGG.6808683c-2e08-400e-8645-9d35d3f4443d.gene_level_copy_number.v36.tsv,TCGA-LGG.6808683c-2e08-400e-8645-9d35d3f4443d.absolute_liftover.gene_level_copy_number.v36.tsv,TCGA-LGG.6808683c-2e08-400e-8645-9d35d3f4443d.ascat3.gene_level_copy_number.v36.tsv",3,3
TCGA-TQ-A7RJmixed_glioma,DNA Methylation,Methylation Beta Value,f14ba2bf-05e5-40dd-a05d-bf4ab5c87ef0,6728cf3c-f090-4539-9db8-76bde5a11976.methylation_array.sesame.level3betas.txt,1,1
TCGA-TQ-A7RJmixed_glioma,Simple Nucleotide Variation,Masked Somatic Mutation,98f04eb5-936e-467d-9f3c-7d5098c9fb71,72db560c-56ec-4d51-a0eb-669569903aa3.wxs.aliquot_ensemble_masked.maf,1,1
TCGA-TQ-A7RJmixed_glioma,Transcriptome Profiling,Gene Expression Quantification,f76b12c8-b003-4c11-a89b-2189310b1ad2,d670b047-a86c-4012-924c-8e702c7f0242.rna_seq.augmented_star_gene_counts.tsv,1,1
TCGA-TQ-A7RJmixed_glioma,Transcriptome Profiling,miRNA Expression Quantification,9417a495-996b-495c-86c7-7d33180bf2be,70217609-851d-46c4-846a-e7790ee1c7eb.mirbase21.mirnas.quantification.txt,1,1
TCGA-TQ-A7RMmixed_glioma,Copy Number Variation,Gene Level Copy Number,"a94cca4a-947d-48f1-9fcb-ab14a05bdc9b,bb22d568-cc02-4979-b40b-50cba6e2debd,4559af7b-acf6-4f24-a752-13ebaeb92ca3","TCGA-LGG.13d2014f-340a-4b2c-be23-e6754b1e0b40.gene_level_copy_number.v36.tsv,TCGA-LGG.13d2014f-340a-4b2c-be23-e6754b1e0b40.ascat3.gene_level_copy_number.v36.tsv,TCGA-LGG.13d2014f-340a-4b2c-be23-e6754b1e0b40.absolute_liftover.gene_level_copy_number.v36.tsv",3,3
TCGA-TQ-A7RMmixed_glioma,DNA Methylation,Methylation Beta Value,f2ca64c2-d587-4d8e-b6e5-db84a091b5a9,6d171a7a-40ba-408c-b7b0-302d32fe730c.methylation_array.sesame.level3betas.txt,1,1
TCGA-TQ-A7RMmixed_glioma,Simple Nucleotide Variation,Masked Somatic Mutation,8fa038e2-84d5-44f8-8942-252d90af4870,5d9b8a8c-607d-469f-820f-0a55676b1912.wxs.aliquot_ensemble_masked.maf,1,1
TCGA-TQ-A7RMmixed_glioma,Transcriptome Profiling,Gene Expression Quantification,0d7d0e69-5f42-4685-a2ab-5e02afaa35f9,715bd371-4f22-4f97-a9df-ebaf34715a1e.rna_seq.augmented_star_gene_counts.tsv,1,1
TCGA-TQ-A7RMmixed_glioma,Transcriptome Profiling,miRNA Expression Quantification,9e8563f9-6e1d-42ec-9b4a-86750932d532,7f156065-60e5-44f4-9db8-33aea09186df.mirbase21.mirnas.quantification.txt,1,1
TCGA-TQ-A7ROmixed_glioma,Copy Number Variation,Gene Level Copy Number,"01a698b5-390f-4468-8238-f8d35ba394ac,652ae87d-f417-4407-a461-c6a4d8526f5b,8b0e4219-f712-438e-bbd2-20ae7bd8fb3b","TCGA-LGG.0777a7ee-bd82-40af-b506-e6bdcb769ca8.ascat3.gene_level_copy_number.v36.tsv,TCGA-LGG.0777a7ee-bd82-40af-b506-e6bdcb769ca8.gene_level_copy_number.v36.tsv,TCGA-LGG.0777a7ee-bd82-40af-b506-e6bdcb769ca8.absolute_liftover.gene_level_copy_number.v36.tsv",3,3
TCGA-TQ-A7ROmixed_glioma,DNA Methylation,Methylation Beta Value,d3f64ac5-8540-46b3-81f9-b40e116dd5b5,abb24177-2c98-46a6-b26d-d04de1e562cd.methylation_array.sesame.level3betas.txt,1,1
TCGA-TQ-A7ROmixed_glioma,Simple Nucleotide Variation,Masked Somatic Mutation,0c3a8ccf-3c9b-462b-8d6e-4eacc6f5cff2,acc5c6ce-7f7c-4277-be9d-62876cd6df09.wxs.aliquot_ensemble_masked.maf,1,1
TCGA-TQ-A7ROmixed_glioma,Transcriptome Profiling,Gene Expression Quantification,58b4f56d-9783-4aac-bc24-3d7ed34492ee,5b408245-eb57-4b50-aa26-2648651dfec4.rna_seq.augmented_star_gene_counts.tsv,1,1
TCGA-TQ-A7ROmixed_glioma,Transcriptome Profiling,miRNA Expression Quantification,5a1c0e75-2bc9-41b5-a1f6-ac88a363a7bf,5fd87acf-ff7e-4516-a9b8-f345565c5db7.mirbase21.mirnas.quantification.txt,1,1
TCGA-TQ-A7RPmixed_glioma,Copy Number Variation,Gene Level Copy Number,"3eb18bea-a1a7-409d-a764-bc4d9f1a74f3,3271c300-e5aa-4017-8b7a-256fe0baf0cd,56163e2e-85f0-4a00-8991-f7e2b5a075d4","TCGA-LGG.5f9958bb-56b5-4c4a-bf40-b812cc0cb88c.ascat3.gene_level_copy_number.v36.tsv,TCGA-LGG.5f9958bb-56b5-4c4a-bf40-b812cc0cb88c.gene_level_copy_number.v36.tsv,TCGA-LGG.5f9958bb-56b5-4c4a-bf40-b812cc0cb88c.absolute_liftover.gene_level_copy_number.v36.tsv",3,3
TCGA-TQ-A7RPmixed_glioma,DNA Methylation,Methylation Beta Value,f08b9f7e-3aee-4a27-9f4d-016152aa3be5,c9f09527-c583-40a4-bed0-8923ba3cc4f2.methylation_array.sesame.level3betas.txt,1,1
TCGA-TQ-A7RPmixed_glioma,Simple Nucleotide Variation,Masked Somatic Mutation,391af852-7cdf-4694-9eab-d1ecdaae809e,2089229a-ef30-428f-a3dc-18482e4f9e10.wxs.aliquot_ensemble_masked.maf,1,1
TCGA-TQ-A7RPmixed_glioma,Transcriptome Profiling,Gene Expression Quantification,574900c0-8a4a-4987-b786-b3e25886165c,c8ea7e71-d5a5-47cd-9476-8c2f5e07e5a2.rna_seq.augmented_star_gene_counts.tsv,1,1
TCGA-TQ-A7RPmixed_glioma,Transcriptome Profiling,miRNA Expression Quantification,fc533ba0-f699-4ecc-ad19-756cfe806416,ea19f4a8-7bdc-438c-9164-bc9cb3212ffb.mirbase21.mirnas.quantification.txt,1,1
TCGA-TQ-A7RRmixed_glioma,Copy Number Variation,Gene Level Copy Number,"07fa3bd1-0dbb-4559-acfa-9c23cac9b3dd,ff915b66-dd81-401a-8143-372fe3d8e8e0,e4490a9b-acce-4486-bc9c-50f68e52af89","TCGA-LGG.97f56dd0-dc82-4678-9525-466430b429f3.ascat3.gene_level_copy_number.v36.tsv,TCGA-LGG.97f56dd0-dc82-4678-9525-466430b429f3.absolute_liftover.gene_level_copy_number.v36.tsv,TCGA-LGG.97f56dd0-dc82-4678-9525-466430b429f3.gene_level_copy_number.v36.tsv",3,3
TCGA-TQ-A7RRmixed_glioma,DNA Methylation,Methylation Beta Value,e1b7236b-db03-4009-ac96-dbe56da5bfca,fc0a6d97-6e8d-401a-83e7-6d1b03c1894e.methylation_array.sesame.level3betas.txt,1,1
TCGA-TQ-A7RRmixed_glioma,Proteome Profiling,Protein Expression Quantification,e74ea801-0782-44bb-8f01-515755167897,TCGA-TQ-A7RR-01A-41-A44E-20_RPPA_data.tsv,1,1
TCGA-TQ-A7RRmixed_glioma,Simple Nucleotide Variation,Masked Somatic Mutation,11d7f90f-3117-430b-b0b5-ffea26421fb7,01cc419d-cd7a-4cfc-b024-b473fb6b5f85.wxs.aliquot_ensemble_masked.maf,1,1
TCGA-TQ-A7RRmixed_glioma,Transcriptome Profiling,Gene Expression Quantification,f1d7818a-ce93-4966-b1c4-5f301e74e1b0,9ee4ced1-ca2b-49c0-8d5d-e27e3f6c8125.rna_seq.augmented_star_gene_counts.tsv,1,1
TCGA-TQ-A7RRmixed_glioma,Transcriptome Profiling,miRNA Expression Quantification,433f2de8-044e-4cd9-b68a-3ff274b97570,e55c4713-d1d3-4e95-8270-0d0f33e5c85f.mirbase21.mirnas.quantification.txt,1,1
TCGA-TQ-A7RVmixed_glioma,Copy Number Variation,Gene Level Copy Number,"a95f13e4-a9dc-4016-bed1-5e0e804b4972,de6b0caa-2def-4f79-85d0-ae045bd6e549,02fbf8a9-d296-49f1-9618-369b56ff3882,d183a9a2-994d-485d-8213-254738dfcebd,116a3eec-0901-41ae-80ae-e51705b4befc","TCGA-LGG.2fa5d9bc-8462-4934-b7a7-ae6bd27f57d6.absolute_liftover.gene_level_copy_number.v36.tsv,TCGA-LGG.b2b1f0b0-eb39-4cde-9766-ddccfdf308c7.absolute_liftover.gene_level_copy_number.v36.tsv,TCGA-LGG.b2b1f0b0-eb39-4cde-9766-ddccfdf308c7.gene_level_copy_number.v36.tsv,TCGA-LGG.b2b1f0b0-eb39-4cde-9766-ddccfdf308c7.ascat3.gene_level_copy_number.v36.tsv,TCGA-LGG.2fa5d9bc-8462-4934-b7a7-ae6bd27f57d6.gene_level_copy_number.v36.tsv",5,5
TCGA-TQ-A7RVmixed_glioma,DNA Methylation,Methylation Beta Value,"048216b7-c5ec-4c83-8441-5f66c4543d45,bc45fe64-a3c6-4096-8002-f771b3b6b86b","cb27262e-46c2-4477-b87d-5a73ba002ac3.methylation_array.sesame.level3betas.txt,962d8602-ea58-4293-b2e8-81dd1fcd1009.methylation_array.sesame.level3betas.txt",2,2
TCGA-TQ-A7RVmixed_glioma,Proteome Profiling,Protein Expression Quantification,"efaad39f-2d93-471c-af2e-ce7211c63ee7,b79b4dcc-0199-40a2-b515-36361f5b0aa5","TCGA-TQ-A7RV-01A-31-A44D-20_RPPA_data.tsv,TCGA-TQ-A7RV-02A-21-A44E-20_RPPA_data.tsv",2,2
TCGA-TQ-A7RVmixed_glioma,Simple Nucleotide Variation,Masked Somatic Mutation,"7a963793-2370-4273-a2f6-a28380d817cf,3d58929a-5703-4b69-8a74-1f914dca52dc","4605a752-dd62-436b-81af-a7cda4d9bd05.wxs.aliquot_ensemble_masked.maf,eace63d4-3cb9-4814-8116-d51fa0acb782.wxs.aliquot_ensemble_masked.maf",2,2
TCGA-TQ-A7RVmixed_glioma,Transcriptome Profiling,Gene Expression Quantification,"344e2894-3239-484b-b944-3be65ff8fa89,b3be8e3c-d8e3-4fcc-94a3-cce5707b85b5","8ee1b002-0b96-4a9b-aca7-586243eaa936.rna_seq.augmented_star_gene_counts.tsv,229c66e8-4e93-4167-a081-168d6fd62299.rna_seq.augmented_star_gene_counts.tsv",2,2
TCGA-TQ-A7RVmixed_glioma,Transcriptome Profiling,miRNA Expression Quantification,"88ecb1e1-ea68-4fa3-8156-d7ee61a29d7f,4d42c0ee-b8e9-4723-bc0f-e33b58d75097","eea5f42c-667b-4719-9fce-931dd6dc17fd.mirbase21.mirnas.quantification.txt,a5a76dee-1878-4462-8bf4-2ac74c01ff20.mirbase21.mirnas.quantification.txt",2,2
TCGA-TQ-A7RWmixed_glioma,Copy Number Variation,Gene Level Copy Number,"5d724344-48c9-4391-b7fe-e46fc37d4146,5322d804-8c01-47ea-8d58-503b9f506d48,e2ad7d36-e75a-418b-8ae6-982878378afe","TCGA-LGG.2d99f015-44d5-4446-ba72-e6f93e12d899.ascat3.gene_level_copy_number.v36.tsv,TCGA-LGG.2d99f015-44d5-4446-ba72-e6f93e12d899.absolute_liftover.gene_level_copy_number.v36.tsv,TCGA-LGG.2d99f015-44d5-4446-ba72-e6f93e12d899.gene_level_copy_number.v36.tsv",3,3
TCGA-TQ-A7RWmixed_glioma,DNA Methylation,Methylation Beta Value,965d73a2-794f-4efc-be95-8684eccf78cf,7cd986f0-2e5c-4a59-8757-c1129cbe5376.methylation_array.sesame.level3betas.txt,1,1
TCGA-TQ-A7RWmixed_glioma,Proteome Profiling,Protein Expression Quantification,de4f7315-5f6b-4e18-9f66-5608f36e917f,TCGA-TQ-A7RW-01A-21-A44D-20_RPPA_data.tsv,1,1
TCGA-TQ-A7RWmixed_glioma,Simple Nucleotide Variation,Masked Somatic Mutation,1d456dee-d9a2-40c9-94eb-80a85fe1b746,21ad50c4-9f23-4b16-8d30-490070e88bd0.wxs.aliquot_ensemble_masked.maf,1,1
TCGA-TQ-A7RWmixed_glioma,Transcriptome Profiling,Gene Expression Quantification,b5c421d8-3e4c-4590-9e3e-3eec6ea988ab,1dc49f8a-fa51-49d2-b917-c9e4d1e2eea1.rna_seq.augmented_star_gene_counts.tsv,1,1
TCGA-TQ-A7RWmixed_glioma,Transcriptome Profiling,miRNA Expression Quantification,43ba5156-749c-4e95-8579-ce2d40cb3ab4,a8611f9b-0c9b-45ff-8247-373c3f7b40f6.mirbase21.mirnas.quantification.txt,1,1
TCGA-VV-A829mixed_glioma,Copy Number Variation,Gene Level Copy Number,"0f8b0bab-f933-42b3-a353-d51753328ba4,ef8e865e-e2a1-41f9-a7ea-75f712a4dc14,50464dba-d17e-49b8-b098-262b5bb5b1fe","TCGA-LGG.0747c04a-6607-43de-89e7-cc697cf531f9.absolute_liftover.gene_level_copy_number.v36.tsv,TCGA-LGG.0747c04a-6607-43de-89e7-cc697cf531f9.gene_level_copy_number.v36.tsv,TCGA-LGG.0747c04a-6607-43de-89e7-cc697cf531f9.ascat3.gene_level_copy_number.v36.tsv",3,3
TCGA-VV-A829mixed_glioma,DNA Methylation,Methylation Beta Value,22d9eb40-2794-40ec-9d44-14a495c88360,1c7d7204-c624-4786-b6cb-a620d99fea36.methylation_array.sesame.level3betas.txt,1,1
TCGA-VV-A829mixed_glioma,Proteome Profiling,Protein Expression Quantification,f626e4c3-b673-47d8-bcb4-41beacc0b012,TCGA-VV-A829-01A-11-A44C-20_RPPA_data.tsv,1,1
TCGA-VV-A829mixed_glioma,Simple Nucleotide Variation,Masked Somatic Mutation,a00e8e29-16b6-45f9-93cb-a909b27e67bf,449639be-688d-4107-b991-5f1c92a3474a.wxs.aliquot_ensemble_masked.maf,1,1
TCGA-VV-A829mixed_glioma,Transcriptome Profiling,Gene Expression Quantification,41806157-0e4b-4b45-bc38-f0009a8b86b1,4140c432-70d7-4785-b7fd-163ea41181a4.rna_seq.augmented_star_gene_counts.tsv,1,1
TCGA-VV-A829mixed_glioma,Transcriptome Profiling,miRNA Expression Quantification,e014490d-7d94-4b21-acf4-23878d717339,dece6f7d-bef9-48ac-8b54-e69c20a12e66.mirbase21.mirnas.quantification.txt,1,1
TCGA-WY-A85Dmixed_glioma,Copy Number Variation,Gene Level Copy Number,"8d025389-9fe0-41fb-bf57-5145e132517d,36ad7e80-012b-42a2-8fe7-9fbbabd43661,af9cba9c-e751-49ac-8dfe-097aaa3adfcf","TCGA-LGG.56287b7c-3c8a-4d3d-8978-326f03aa6e3b.absolute_liftover.gene_level_copy_number.v36.tsv,TCGA-LGG.56287b7c-3c8a-4d3d-8978-326f03aa6e3b.gene_level_copy_number.v36.tsv,TCGA-LGG.56287b7c-3c8a-4d3d-8978-326f03aa6e3b.ascat3.gene_level_copy_number.v36.tsv",3,3
TCGA-WY-A85Dmixed_glioma,DNA Methylation,Methylation Beta Value,b9c7932e-3c04-4a75-951c-eac3ffbe5a5f,e3f45108-a8dd-46f6-98e2-96b4ec32e068.methylation_array.sesame.level3betas.txt,1,1
TCGA-WY-A85Dmixed_glioma,Proteome Profiling,Protein Expression Quantification,f483721f-8d53-48bf-afd4-b8737f44d40d,TCGA-WY-A85D-01A-21-A44C-20_RPPA_data.tsv,1,1
TCGA-WY-A85Dmixed_glioma,Simple Nucleotide Variation,Masked Somatic Mutation,9b0e5c24-ea0c-405e-a867-21e0a6f3ec4c,7bf7b35f-add0-48b2-8f30-cf2dbfe292a6.wxs.aliquot_ensemble_masked.maf,1,1
TCGA-WY-A85Dmixed_glioma,Transcriptome Profiling,Gene Expression Quantification,dae98574-88ac-4fe9-809d-b31cbb70c143,3781ae06-aae2-48bc-8156-8f2fbafb6d8a.rna_seq.augmented_star_gene_counts.tsv,1,1
TCGA-WY-A85Dmixed_glioma,Transcriptome Profiling,miRNA Expression Quantification,48b18d71-4315-4b4b-ba2d-9138d3fda6a1,d190bd23-ceac-4557-a980-f90863851867.mirbase21.mirnas.quantification.txt,1,1
TCGA-WY-A85Emixed_glioma,Copy Number Variation,Gene Level Copy Number,"c5b277fd-bc15-47d7-9536-753a9bdbbcc0,84b61049-597a-45ae-9090-40ad6bc7839f,7942e0c0-d9a1-4a30-b1cc-f6b95bd2ea1e","TCGA-LGG.7116e52e-7dd7-40dd-9636-ad539898dd27.gene_level_copy_number.v36.tsv,TCGA-LGG.7116e52e-7dd7-40dd-9636-ad539898dd27.absolute_liftover.gene_level_copy_number.v36.tsv,TCGA-LGG.7116e52e-7dd7-40dd-9636-ad539898dd27.ascat3.gene_level_copy_number.v36.tsv",3,3
TCGA-WY-A85Emixed_glioma,DNA Methylation,Methylation Beta Value,c1ab856a-0b7b-4c5b-9a57-a5ab625532e3,c5cbbdf4-ff31-4c1b-b1e9-234911ee7e32.methylation_array.sesame.level3betas.txt,1,1
TCGA-WY-A85Emixed_glioma,Simple Nucleotide Variation,Masked Somatic Mutation,47d468f8-3cbb-4f71-996d-09e9cd08c4f2,1f4b5873-165b-4783-b6c4-40b981fc68d2.wxs.aliquot_ensemble_masked.maf,1,1
TCGA-WY-A85Emixed_glioma,Transcriptome Profiling,Gene Expression Quantification,e0cacaf0-e9dc-44e9-9172-5ef741360c63,ea1c97f7-e70a-423a-9d7a-66690c4fdbb3.rna_seq.augmented_star_gene_counts.tsv,1,1
TCGA-WY-A85Emixed_glioma,Transcriptome Profiling,miRNA Expression Quantification,496fe8dc-9bb4-4a07-a4f9-fa7ac8eeea65,22fd3ff7-ba93-4059-a37d-5b14d1307fd8.mirbase21.mirnas.quantification.txt,1,1
