Case ID,Data Category,Data Type,file_ids,file_names,num_file_id,num_files
TCGA-CS-5396oligodendroglioma,Copy Number Variation,Gene Level Copy Number,"0d73bd90-c2c0-4186-b583-8f47304013e1,456e12e0-10ef-4375-af49-de3243c88dbb,ebf5c7de-d912-4f81-892c-507903a59c1d","TCGA-LGG.a4892ef4-ff40-4b31-8425-d7b3951678bc.gene_level_copy_number.v36.tsv,TCGA-LGG.a4892ef4-ff40-4b31-8425-d7b3951678bc.ascat3.gene_level_copy_number.v36.tsv,TCGA-LGG.a4892ef4-ff40-4b31-8425-d7b3951678bc.absolute_liftover.gene_level_copy_number.v36.tsv",3,3
TCGA-CS-5396oligodendroglioma,DNA Methylation,Methylation Beta Value,bd0d28f2-2b18-4799-9a20-e48f4534eea3,53cc6897-ffe9-445c-9824-c6de033a16d7.methylation_array.sesame.level3betas.txt,1,1
TCGA-CS-5396oligodendroglioma,Proteome Profiling,Protein Expression Quantification,fb5b5570-7745-4d1d-85b9-e16fd1d0119b,TCGA-CS-5396-01A-11-A29Z-20_RPPA_data.tsv,1,1
TCGA-CS-5396oligodendroglioma,Simple Nucleotide Variation,Masked Somatic Mutation,157b6398-6dc1-4910-9a7d-f6e56ff3cada,2381b7d2-79d9-48fc-8326-bdbcc3952040.wxs.aliquot_ensemble_masked.maf,1,1
TCGA-CS-5396oligodendroglioma,Transcriptome Profiling,Gene Expression Quantification,7a2cd40f-7835-4323-b454-4e7da6253b5e,9619c01d-9695-4cb7-935c-c7cd68a0379b.rna_seq.augmented_star_gene_counts.tsv,1,1
TCGA-CS-5396oligodendroglioma,Transcriptome Profiling,miRNA Expression Quantification,335c055a-d3ed-4728-96f2-62366af44f5b,238ce3de-b9b3-479e-9476-cdbfef5b4292.mirbase21.mirnas.quantification.txt,1,1
TCGA-CS-6670oligodendroglioma,Copy Number Variation,Gene Level Copy Number,"c443bb1e-4046-44e2-b9b5-bebfcfe923d0,85d32783-6f87-4e3f-a910-619e4064adc9,e23dd61d-0b51-4f37-aa05-383164b4f039","TCGA-LGG.b34f0938-8785-4746-af2e-4cc1dd310268.ascat3.gene_level_copy_number.v36.tsv,TCGA-LGG.b34f0938-8785-4746-af2e-4cc1dd310268.gene_level_copy_number.v36.tsv,TCGA-LGG.b34f0938-8785-4746-af2e-4cc1dd310268.absolute_liftover.gene_level_copy_number.v36.tsv",3,3
TCGA-CS-6670oligodendroglioma,DNA Methylation,Methylation Beta Value,7a50c8b4-4d02-4675-9c46-75d61bde3ea1,9e67e06e-395e-4035-bbd5-7ef8425813a6.methylation_array.sesame.level3betas.txt,1,1
TCGA-CS-6670oligodendroglioma,Proteome Profiling,Protein Expression Quantification,5c3168c3-2873-4609-8dd7-9125d26032c7,TCGA-CS-6670-01A-21-A29X-20_RPPA_data.tsv,1,1
TCGA-CS-6670oligodendroglioma,Simple Nucleotide Variation,Masked Somatic Mutation,b3a4845f-b607-486b-8a84-a3080f1eab4a,d0b9994a-87e4-4009-924b-bfd13222c654.wxs.aliquot_ensemble_masked.maf,1,1
TCGA-CS-6670oligodendroglioma,Transcriptome Profiling,Gene Expression Quantification,8e7557fc-63da-4457-8572-0fcf59b8b428,7b9bb575-77cb-463e-9f34-607cda913e91.rna_seq.augmented_star_gene_counts.tsv,1,1
TCGA-CS-6670oligodendroglioma,Transcriptome Profiling,miRNA Expression Quantification,beaa167a-7fae-4e2b-b498-76be8dbaffa9,e594c692-850c-4c2f-be34-d5c410ceb232.mirbase21.mirnas.quantification.txt,1,1
TCGA-DB-A4XGoligodendroglioma,Copy Number Variation,Gene Level Copy Number,"4b5941af-04e1-4c5a-bab5-0696bd36e7e7,78fc5492-3674-4959-9910-8c174aaa4d58,4f734de1-f03b-4d34-9f03-49b4ba9eee5b","TCGA-LGG.953293e5-a8f4-46fb-834a-8886f10794fe.gene_level_copy_number.v36.tsv,TCGA-LGG.953293e5-a8f4-46fb-834a-8886f10794fe.absolute_liftover.gene_level_copy_number.v36.tsv,TCGA-LGG.953293e5-a8f4-46fb-834a-8886f10794fe.ascat3.gene_level_copy_number.v36.tsv",3,3
TCGA-DB-A4XGoligodendroglioma,DNA Methylation,Methylation Beta Value,a754cf15-3da9-4eb8-acf5-5e3aafdf64ee,c087c018-5bd2-4e2c-94c9-738298bec59a.methylation_array.sesame.level3betas.txt,1,1
TCGA-DB-A4XGoligodendroglioma,Proteome Profiling,Protein Expression Quantification,c197cc78-028c-414e-aee6-da75c6cd7987,TCGA-DB-A4XG-01A-21-A29Z-20_RPPA_data.tsv,1,1
TCGA-DB-A4XGoligodendroglioma,Simple Nucleotide Variation,Masked Somatic Mutation,972b040c-3d5b-4fe2-aba4-4aa9ffe44e44,a21b3645-df5a-4bbd-a09a-5b1096521c5f.wxs.aliquot_ensemble_masked.maf,1,1
TCGA-DB-A4XGoligodendroglioma,Transcriptome Profiling,Gene Expression Quantification,63085c99-6251-4875-be47-401c6aba4858,81ed5361-8358-421c-b388-9ec3e6140fee.rna_seq.augmented_star_gene_counts.tsv,1,1
TCGA-DB-A4XGoligodendroglioma,Transcriptome Profiling,miRNA Expression Quantification,ccc040c7-0db0-465c-a028-55e3c782fee0,b44fa2be-8278-4036-95c6-88b0f1247ea1.mirbase21.mirnas.quantification.txt,1,1
TCGA-DB-A64Poligodendroglioma,Copy Number Variation,Gene Level Copy Number,"be3cb05b-8d86-42d6-9973-69627bbb3039,db4293bb-d30b-4bf2-a2cd-cbd71df3184a,650f3cd5-9cc1-47ed-97e9-1acd154d4aa7,9f0a9ab4-390f-4e75-9316-bb951d90b760","TCGA-LGG.617e9676-4b95-471d-b0e9-6b8111150bed.gene_level_copy_number.v36.tsv,TCGA-LGG.617e9676-4b95-471d-b0e9-6b8111150bed.absolute_liftover.gene_level_copy_number.v36.tsv,TCGA-LGG.617e9676-4b95-471d-b0e9-6b8111150bed.ascat3.gene_level_copy_number.v36.tsv,d9cbc411-26d3-43ce-89da-960773520135.wgs.ASCAT.gene_level.copy_number_variation.tsv",4,4
TCGA-DB-A64Poligodendroglioma,DNA Methylation,Methylation Beta Value,def11731-7fdf-48ee-9ea0-5734571cc1e2,f28a72c4-2d16-40a7-86c2-3dc8702397ef.methylation_array.sesame.level3betas.txt,1,1
TCGA-DB-A64Poligodendroglioma,Proteome Profiling,Protein Expression Quantification,c9a08531-4a72-4899-86a0-0482ddd7e5f6,TCGA-DB-A64P-01A-21-A44D-20_RPPA_data.tsv,1,1
TCGA-DB-A64Poligodendroglioma,Simple Nucleotide Variation,Masked Somatic Mutation,e595160d-003c-47d7-a081-f28ba9443e60,efd7f7fd-c803-4602-b3e2-2d1f1797ffa0.wxs.aliquot_ensemble_masked.maf,1,1
TCGA-DB-A64Poligodendroglioma,Transcriptome Profiling,Gene Expression Quantification,09ecfabd-fc24-4c01-ae78-890f4f0bbaa6,52fe8f1b-e67c-488d-8a2c-ce33de66e66f.rna_seq.augmented_star_gene_counts.tsv,1,1
TCGA-DB-A64Poligodendroglioma,Transcriptome Profiling,miRNA Expression Quantification,b2089cbb-e4d8-46da-a6ef-200561a4f5aa,0626f7ce-71b2-4a90-94dc-a74f8061cc9d.mirbase21.mirnas.quantification.txt,1,1
TCGA-DH-5141oligodendroglioma,Copy Number Variation,Gene Level Copy Number,"81d150ca-1a22-4399-8503-fadee655b4df,947f7cea-7f3c-4b64-8803-5ca8cea10663,91b41a71-e93d-41ee-b56c-807c5d6c8b7d","TCGA-LGG.5c9de551-f935-4c94-83d8-af58072ae2c9.absolute_liftover.gene_level_copy_number.v36.tsv,TCGA-LGG.5c9de551-f935-4c94-83d8-af58072ae2c9.ascat3.gene_level_copy_number.v36.tsv,TCGA-LGG.5c9de551-f935-4c94-83d8-af58072ae2c9.gene_level_copy_number.v36.tsv",3,3
TCGA-DH-5141oligodendroglioma,DNA Methylation,Methylation Beta Value,d7639075-b0ee-43b6-a689-13112bf8810a,e728221a-ea64-4a99-b593-5804ff8059dc.methylation_array.sesame.level3betas.txt,1,1
TCGA-DH-5141oligodendroglioma,Proteome Profiling,Protein Expression Quantification,bd968981-b9b2-4860-b476-a64e6b61950f,TCGA-DH-5141-01A-21-A29Y-20_RPPA_data.tsv,1,1
TCGA-DH-5141oligodendroglioma,Simple Nucleotide Variation,Masked Somatic Mutation,88348d5e-7d87-4e15-8a2a-40b827410e47,4eb0779b-14fa-42bb-803f-68a103c994dc.wxs.aliquot_ensemble_masked.maf,1,1
TCGA-DH-5141oligodendroglioma,Transcriptome Profiling,Gene Expression Quantification,1f5ce994-2dc1-4924-89f9-f6e92e78d5d4,64370d1e-6575-42ea-a00d-e920553ea6c2.rna_seq.augmented_star_gene_counts.tsv,1,1
TCGA-DH-5141oligodendroglioma,Transcriptome Profiling,miRNA Expression Quantification,5ba2595a-d972-48ab-8e9e-ff2667be9bef,56fcbae1-5e06-40b4-ad9f-75550ac74f21.mirbase21.mirnas.quantification.txt,1,1
TCGA-DH-5144oligodendroglioma,Copy Number Variation,Gene Level Copy Number,"400741e3-1129-4850-b9c2-3f1071e836ca,9c541e84-86bb-4cda-a7c6-fae342c96a24,95273d9b-96c9-4205-b9a5-ed404dcff45a","TCGA-LGG.ce9ba9ef-922d-48d7-823b-9f2fe3cd9aa5.absolute_liftover.gene_level_copy_number.v36.tsv,TCGA-LGG.ce9ba9ef-922d-48d7-823b-9f2fe3cd9aa5.ascat3.gene_level_copy_number.v36.tsv,TCGA-LGG.ce9ba9ef-922d-48d7-823b-9f2fe3cd9aa5.gene_level_copy_number.v36.tsv",3,3
TCGA-DH-5144oligodendroglioma,DNA Methylation,Methylation Beta Value,17728865-9fbc-4ec1-9651-7250786debbc,0536acf4-80ba-4567-89ec-e1c2592b3556.methylation_array.sesame.level3betas.txt,1,1
TCGA-DH-5144oligodendroglioma,Proteome Profiling,Protein Expression Quantification,2bbc9f23-f272-4f3f-9601-9c6eaec6536b,TCGA-DH-5144-01A-21-A29Z-20_RPPA_data.tsv,1,1
TCGA-DH-5144oligodendroglioma,Simple Nucleotide Variation,Masked Somatic Mutation,5acbe113-8ecf-48d1-a95f-7037bf0d9361,4395f425-8730-46a6-af0d-72ae3bec29e7.wxs.aliquot_ensemble_masked.maf,1,1
TCGA-DH-5144oligodendroglioma,Transcriptome Profiling,Gene Expression Quantification,4eaa3447-5f01-4986-873c-31524224d454,9d27dcf7-67e4-45e4-97c5-d702a020984c.rna_seq.augmented_star_gene_counts.tsv,1,1
TCGA-DH-5144oligodendroglioma,Transcriptome Profiling,miRNA Expression Quantification,eedfd9f2-f4f8-41fe-a54d-4b3feb70190f,e9cde4ed-1fb5-4e63-a7ec-37e9c30823c1.mirbase21.mirnas.quantification.txt,1,1
TCGA-DH-A669oligodendroglioma,Copy Number Variation,Gene Level Copy Number,"aa6b9aba-f99a-4d34-bf17-2cc939b9182b,602d58ef-f117-4080-8271-d9b8e4ca1efd,9df93b07-32a6-4caa-b788-4356f41a1dc3,31e9f572-c04f-4437-ad74-1cb24544ef99,556be612-83ac-4c12-9252-f4a5fb1304b4","TCGA-LGG.dbdb0302-1462-4e97-a978-6d49a6a8dde8.gene_level_copy_number.v36.tsv,TCGA-LGG.eaa3d579-4c39-4b82-8261-c879cf3bccf5.absolute_liftover.gene_level_copy_number.v36.tsv,TCGA-LGG.dbdb0302-1462-4e97-a978-6d49a6a8dde8.ascat3.gene_level_copy_number.v36.tsv,TCGA-LGG.dbdb0302-1462-4e97-a978-6d49a6a8dde8.absolute_liftover.gene_level_copy_number.v36.tsv,TCGA-LGG.eaa3d579-4c39-4b82-8261-c879cf3bccf5.gene_level_copy_number.v36.tsv",5,5
TCGA-DH-A669oligodendroglioma,DNA Methylation,Methylation Beta Value,"e094bf70-0854-4d08-a950-7ae43519026d,0da8f9ac-e6cd-4f71-b394-c60ec8bf8cea","a75cd026-577a-4c80-b261-faea055dc28f.methylation_array.sesame.level3betas.txt,861bf29a-37a7-426b-a0e3-e215adbd0693.methylation_array.sesame.level3betas.txt",2,2
TCGA-DH-A669oligodendroglioma,Simple Nucleotide Variation,Masked Somatic Mutation,"61472b56-3151-4c1e-b9ae-ab5a129f0fe9,0c7df496-7887-443f-a25c-fc83a8f6a815","9123e86d-5833-4a8d-a8d5-1d1b290b3ce6.wxs.aliquot_ensemble_masked.maf,96b0fcde-c804-4e3c-aa17-1ce7bfff03a4.wxs.aliquot_ensemble_masked.maf",2,2
TCGA-DH-A669oligodendroglioma,Transcriptome Profiling,Gene Expression Quantification,"c6d8a889-902c-4cb8-9411-b3c222c80a10,656075d1-1c58-411e-a8a5-54bac666293d","8190fe88-f3d5-459e-924b-79fb2994c999.rna_seq.augmented_star_gene_counts.tsv,deacae6a-5f74-4a07-8ee7-5f378fa5ea41.rna_seq.augmented_star_gene_counts.tsv",2,2
TCGA-DH-A669oligodendroglioma,Transcriptome Profiling,miRNA Expression Quantification,"6793a5c9-6aeb-486d-bb3d-d58f35aef3b7,97f7ef4b-87b7-4df8-bd2f-43d355ce5091","6b4533d1-fc57-4fd0-af98-6e2c602c2216.mirbase21.mirnas.quantification.txt,7a4ca97d-30e0-48a4-a0b1-593f360cfa8b.mirbase21.mirnas.quantification.txt",2,2
TCGA-DH-A66Goligodendroglioma,Copy Number Variation,Gene Level Copy Number,"81028d1e-7b7f-4711-8c59-e58e8df4eebe,3f125b70-2c80-40bc-a8b7-129cd41c5b71,a1fa7c58-667f-4664-9fa4-4957059f7872","TCGA-LGG.24788f8f-a17d-4b14-add2-18dc84cff50c.gene_level_copy_number.v36.tsv,TCGA-LGG.24788f8f-a17d-4b14-add2-18dc84cff50c.absolute_liftover.gene_level_copy_number.v36.tsv,TCGA-LGG.24788f8f-a17d-4b14-add2-18dc84cff50c.ascat3.gene_level_copy_number.v36.tsv",3,3
TCGA-DH-A66Goligodendroglioma,DNA Methylation,Methylation Beta Value,30858379-7a21-4a4f-adc4-74a2b35525ed,724f0f6a-82b4-4015-89ca-54e082346179.methylation_array.sesame.level3betas.txt,1,1
TCGA-DH-A66Goligodendroglioma,Proteome Profiling,Protein Expression Quantification,f144971f-d9aa-458b-8d1e-f7b23758995e,TCGA-DH-A66G-01A-11-A44D-20_RPPA_data.tsv,1,1
TCGA-DH-A66Goligodendroglioma,Simple Nucleotide Variation,Masked Somatic Mutation,cc063a1e-5e71-4c93-96fa-5039fd4f6a8a,5d2c67bb-6d99-4eaf-a6c7-0d425a311c40.wxs.aliquot_ensemble_masked.maf,1,1
TCGA-DH-A66Goligodendroglioma,Transcriptome Profiling,Gene Expression Quantification,0a654803-712b-4cb7-81fb-8d926a77e75a,44114335-e769-4bc9-81d1-b20b800e5d5a.rna_seq.augmented_star_gene_counts.tsv,1,1
TCGA-DH-A66Goligodendroglioma,Transcriptome Profiling,miRNA Expression Quantification,fbc1af88-e833-4690-8ab0-440fdc54a882,d9ab4d97-a2b2-4352-b50c-8be261c5538f.mirbase21.mirnas.quantification.txt,1,1
TCGA-DH-A7URoligodendroglioma,Copy Number Variation,Gene Level Copy Number,"e03b12e6-0e91-49d7-88c2-59adc4c203a0,06369673-16b8-41ca-9b21-25639c305b0d,e6837a39-e552-41e3-9f9c-bb4cb8791ab9","TCGA-LGG.e88254b0-033f-4be8-bd9f-40aa84b11fdb.gene_level_copy_number.v36.tsv,TCGA-LGG.e88254b0-033f-4be8-bd9f-40aa84b11fdb.absolute_liftover.gene_level_copy_number.v36.tsv,TCGA-LGG.e88254b0-033f-4be8-bd9f-40aa84b11fdb.ascat3.gene_level_copy_number.v36.tsv",3,3
TCGA-DH-A7URoligodendroglioma,DNA Methylation,Methylation Beta Value,ff0b83a6-cb23-456c-94ca-634b049d2dda,31a4d548-4866-4261-b931-5e7b1a6bf557.methylation_array.sesame.level3betas.txt,1,1
TCGA-DH-A7URoligodendroglioma,Simple Nucleotide Variation,Masked Somatic Mutation,30449f9e-06d0-4d2b-be2e-acb9faaa8058,16e04782-9c9f-4717-b4a7-bc9120cf927d.wxs.aliquot_ensemble_masked.maf,1,1
TCGA-DH-A7URoligodendroglioma,Transcriptome Profiling,Gene Expression Quantification,4bc5e73d-719a-46a1-9453-9d3ba02598fb,681f61ca-9108-4724-a0f2-d166fdc5e5bb.rna_seq.augmented_star_gene_counts.tsv,1,1
TCGA-DH-A7URoligodendroglioma,Transcriptome Profiling,miRNA Expression Quantification,6a6f3606-703c-42e3-b776-b256a0b65f9e,72d00ff6-d541-473e-bf51-b4c1ef4ce904.mirbase21.mirnas.quantification.txt,1,1
TCGA-DU-6393oligodendroglioma,Copy Number Variation,Gene Level Copy Number,"4bf3a8a3-f503-43f7-85c5-895d430450ad,2ef65dec-ec88-44a3-8bc5-20c3c7054a31,f5e8c8ea-cd15-455f-aa9a-a2397e1d6731","TCGA-LGG.d0c937b8-e441-43a9-87bd-46f1727cafb3.absolute_liftover.gene_level_copy_number.v36.tsv,TCGA-LGG.d0c937b8-e441-43a9-87bd-46f1727cafb3.gene_level_copy_number.v36.tsv,TCGA-LGG.d0c937b8-e441-43a9-87bd-46f1727cafb3.ascat3.gene_level_copy_number.v36.tsv",3,3
TCGA-DU-6393oligodendroglioma,DNA Methylation,Methylation Beta Value,399aa0e8-c0ed-4527-a16e-c309d0890fc3,4ce22bf2-53ba-4afd-890e-fbd6afba8750.methylation_array.sesame.level3betas.txt,1,1
TCGA-DU-6393oligodendroglioma,Proteome Profiling,Protein Expression Quantification,d569665c-fac6-4d8d-b42c-b2bfdc2cc6f5,TCGA-DU-6393-01A-21-A29Z-20_RPPA_data.tsv,1,1
TCGA-DU-6393oligodendroglioma,Simple Nucleotide Variation,Masked Somatic Mutation,a8afc5f2-fe01-41a9-9cbd-183aaf0f60cf,2fd1d36a-e4c6-438d-8ef5-3ac0ddf1663d.wxs.aliquot_ensemble_masked.maf,1,1
TCGA-DU-6393oligodendroglioma,Transcriptome Profiling,Gene Expression Quantification,02fa930a-9947-49e2-9d77-95fea53ba469,ba34ebb7-142c-4b38-a488-98a7b7ed5e3f.rna_seq.augmented_star_gene_counts.tsv,1,1
TCGA-DU-6393oligodendroglioma,Transcriptome Profiling,miRNA Expression Quantification,65a86d78-3f7a-4520-860c-a0019e779fbc,2413e0a5-3f2d-4dd8-a018-90993ae4d432.mirbase21.mirnas.quantification.txt,1,1
TCGA-DU-6394oligodendroglioma,Copy Number Variation,Gene Level Copy Number,"833b244b-659a-48b8-a6c5-24a9b2ef1dde,f104f9a5-9fbb-458b-a8f1-345bb262e30b,5477ca3a-f51d-4747-a197-f41c3323be3b","TCGA-LGG.4b16c12c-30ac-49c0-b95e-f90156659c74.ascat3.gene_level_copy_number.v36.tsv,TCGA-LGG.4b16c12c-30ac-49c0-b95e-f90156659c74.absolute_liftover.gene_level_copy_number.v36.tsv,TCGA-LGG.4b16c12c-30ac-49c0-b95e-f90156659c74.gene_level_copy_number.v36.tsv",3,3
TCGA-DU-6394oligodendroglioma,DNA Methylation,Methylation Beta Value,b035d169-44c3-4580-9ae5-bf7a063f3a72,ab75534f-f96d-4b9b-8b33-10926795bcc7.methylation_array.sesame.level3betas.txt,1,1
TCGA-DU-6394oligodendroglioma,Proteome Profiling,Protein Expression Quantification,3359d18f-0ab5-4040-8124-eda57c3b3b23,TCGA-DU-6394-01A-21-A29Z-20_RPPA_data.tsv,1,1
TCGA-DU-6394oligodendroglioma,Simple Nucleotide Variation,Masked Somatic Mutation,bbb3b501-3ce1-4a2b-ad6b-aa027f17c8bc,63107403-4a39-46ca-b2ca-ffaec97345a4.wxs.aliquot_ensemble_masked.maf,1,1
TCGA-DU-6394oligodendroglioma,Transcriptome Profiling,Gene Expression Quantification,d7c0a5c7-36ab-45e8-b8e9-78d231de48aa,0ece26e3-b25e-4b16-b0f8-6a62d128b084.rna_seq.augmented_star_gene_counts.tsv,1,1
TCGA-DU-6394oligodendroglioma,Transcriptome Profiling,miRNA Expression Quantification,97e496de-2d08-4778-8777-ef53f9d0107f,68f45d97-8b83-4f67-b6e8-a7d909586f19.mirbase21.mirnas.quantification.txt,1,1
TCGA-DU-6397oligodendroglioma,Copy Number Variation,Gene Level Copy Number,"261bdff3-75d3-4059-8587-1f3d2b0c0424,5176fde8-7268-4460-a40e-6cd983619f28,1dba8315-6f72-46ae-8b80-0595b1064f30,cff77370-c9c5-43b0-af11-b6974b31ce36,ace395c5-bdb3-4b3f-8ff9-53b71123d995","TCGA-LGG.d98aeec5-2840-42c1-86a0-1ecd009cf735.absolute_liftover.gene_level_copy_number.v36.tsv,TCGA-LGG.a9a962c1-c51d-468a-8288-7d301ec64d49.gene_level_copy_number.v36.tsv,TCGA-LGG.d98aeec5-2840-42c1-86a0-1ecd009cf735.gene_level_copy_number.v36.tsv,TCGA-LGG.a9a962c1-c51d-468a-8288-7d301ec64d49.ascat3.gene_level_copy_number.v36.tsv,TCGA-LGG.a9a962c1-c51d-468a-8288-7d301ec64d49.absolute_liftover.gene_level_copy_number.v36.tsv",5,5
TCGA-DU-6397oligodendroglioma,DNA Methylation,Methylation Beta Value,"ee2ad961-07d7-4ae2-ae9e-4778ddd3bd0b,d94632dd-7d8e-4e49-a62e-be83639a2dd4","fcb39918-fe5c-4e37-81e9-4d69b3fa8f38.methylation_array.sesame.level3betas.txt,c3b5271b-f601-476d-8132-45f754f4441d.methylation_array.sesame.level3betas.txt",2,2
TCGA-DU-6397oligodendroglioma,Proteome Profiling,Protein Expression Quantification,031dfe31-a2ed-40a9-97d9-ce636614dae7,TCGA-DU-6397-01A-21-A29Z-20_RPPA_data.tsv,1,1
TCGA-DU-6397oligodendroglioma,Simple Nucleotide Variation,Masked Somatic Mutation,"c1b266bd-edfa-49a0-998d-ac441b982aba,86870c41-b661-4f7b-af72-cea863cc75fb","76599785-579c-47f4-927a-e83fdc269117.wxs.aliquot_ensemble_masked.maf,17c99bf3-a124-4c85-b410-e8f13e83d0c0.wxs.aliquot_ensemble_masked.maf",2,2
TCGA-DU-6397oligodendroglioma,Transcriptome Profiling,Gene Expression Quantification,"be503f22-45bb-4101-a29c-a743cd7e0ec4,032b52ae-de5f-4f4c-989f-cd28cce9a400","4f5fe1be-89dd-4249-a209-0d919b9cb669.rna_seq.augmented_star_gene_counts.tsv,3aadf185-5bd9-4650-8704-4d09e84abcb3.rna_seq.augmented_star_gene_counts.tsv",2,2
TCGA-DU-6397oligodendroglioma,Transcriptome Profiling,miRNA Expression Quantification,"b6bb31ae-9828-4baf-b209-8f51a1374dc0,12c2f467-af20-496d-92bc-1e12c54f1703","05eef084-bb81-444b-aa3b-53049dcbce7f.mirbase21.mirnas.quantification.txt,238bbee5-7732-426e-a16b-ecb314494541.mirbase21.mirnas.quantification.txt",2,2
TCGA-DU-6404oligodendroglioma,Copy Number Variation,Gene Level Copy Number,"982d9407-0562-4cdb-9d4a-bfce08caa9c8,550af6fd-0a2a-4c08-9944-637a7d53986e,4a28700b-47cd-487c-901a-359dc7108a9a,bd30940d-84ef-4412-b4ba-35dce6a88f64,350136e8-52f4-4d4e-a61f-7abb5435f835","TCGA-LGG.6c1d8125-ff3a-42cd-b3de-6d290a69df3d.gene_level_copy_number.v36.tsv,TCGA-LGG.99316a5a-2808-4e96-b908-7722daa5ca2a.gene_level_copy_number.v36.tsv,TCGA-LGG.99316a5a-2808-4e96-b908-7722daa5ca2a.absolute_liftover.gene_level_copy_number.v36.tsv,TCGA-LGG.99316a5a-2808-4e96-b908-7722daa5ca2a.ascat3.gene_level_copy_number.v36.tsv,TCGA-LGG.0d83f031-3219-4e80-924d-43d1c7720f1c.gene_level_copy_number.v36.tsv",5,5
TCGA-DU-6404oligodendroglioma,DNA Methylation,Methylation Beta Value,"e5244bcd-7502-41f0-9045-6c8c1fdfcf50,ff1391ce-677e-4cd6-bb8a-8a8823eba6fa,1b98c111-817f-4f5c-be2f-f28f8a279dd7","a4a61b44-ee89-4ce6-a31a-3d1349446200.methylation_array.sesame.level3betas.txt,3413a885-2d26-40ed-a42c-3cd7fa7dffdc.methylation_array.sesame.level3betas.txt,30e99ebf-2d99-48a1-b99a-437b30b2bcb5.methylation_array.sesame.level3betas.txt",3,3
TCGA-DU-6404oligodendroglioma,Proteome Profiling,Protein Expression Quantification,ff971465-d0af-42a5-a58c-a373d42693ce,TCGA-DU-6404-01A-21-A29Z-20_RPPA_data.tsv,1,1
TCGA-DU-6404oligodendroglioma,Simple Nucleotide Variation,Masked Somatic Mutation,"95c1a0c7-df86-41c5-adbe-57df4fa10ad3,2cb8018e-73f2-45dc-a3e0-229753d250cf,7b84b7ff-d5fd-4a8f-a4e7-2bf7908689cc","bcfa406d-c8dd-45bf-b4a2-87adc8cfbce5.wxs.aliquot_ensemble_masked.maf,8f65b771-36ec-4f1f-93ac-7a50972fa0f1.wxs.aliquot_ensemble_masked.maf,8cab74a5-4358-4fff-a5b5-32145746fc51.wxs.aliquot_ensemble_masked.maf",3,3
TCGA-DU-6404oligodendroglioma,Transcriptome Profiling,Gene Expression Quantification,"c95d9cd3-d680-4773-9abe-3f4995029dfe,ace935b3-873a-4b70-9217-1212c669fdb3,2102681e-f055-40cf-944a-9dcc08ca4485","a498b07f-0943-476e-80ca-9a1c1c95ef5e.rna_seq.augmented_star_gene_counts.tsv,2fcb4d10-056b-4984-88ff-78070d54fb5d.rna_seq.augmented_star_gene_counts.tsv,536b7467-f306-49f6-99a7-57707472c09e.rna_seq.augmented_star_gene_counts.tsv",3,3
TCGA-DU-6404oligodendroglioma,Transcriptome Profiling,miRNA Expression Quantification,"34ca2f00-eb1e-4632-a2e9-420f1a84358b,df1de5a0-5730-4efc-8015-0a2363fde0bc,2225f985-4c8f-4adb-90f3-7efea70bd54b","395032f4-321b-4642-976a-eee444701547.mirbase21.mirnas.quantification.txt,60fd86d1-3d7c-4183-beda-1247088cac9d.mirbase21.mirnas.quantification.txt,6f4e228b-e3d7-45c7-a604-9e039012a095.mirbase21.mirnas.quantification.txt",3,3
TCGA-DU-6408oligodendroglioma,Copy Number Variation,Gene Level Copy Number,"3500fc32-27ad-4892-8ab0-8bc0f5c07dc5,ee8d3774-34f6-458c-80f9-50b7b990ca97,71f9cbf8-49ee-4555-b1cf-55e676d5222c","TCGA-LGG.eb568966-67f5-44bb-9b1a-1f1dfb0c048b.gene_level_copy_number.v36.tsv,TCGA-LGG.eb568966-67f5-44bb-9b1a-1f1dfb0c048b.ascat3.gene_level_copy_number.v36.tsv,TCGA-LGG.eb568966-67f5-44bb-9b1a-1f1dfb0c048b.absolute_liftover.gene_level_copy_number.v36.tsv",3,3
TCGA-DU-6408oligodendroglioma,DNA Methylation,Methylation Beta Value,21902d97-e813-48b6-ade8-ccf54f45bbda,cdb96d5a-4704-4a21-8dee-39224f66c959.methylation_array.sesame.level3betas.txt,1,1
TCGA-DU-6408oligodendroglioma,Proteome Profiling,Protein Expression Quantification,71199f59-bf07-46e0-bb2e-65a304af421d,TCGA-DU-6408-01A-21-A29Z-20_RPPA_data.tsv,1,1
TCGA-DU-6408oligodendroglioma,Simple Nucleotide Variation,Masked Somatic Mutation,916706de-14e8-49e8-b9fd-5520d4883513,4dbc2c81-354e-4abf-91c8-13455c584d9b.wxs.aliquot_ensemble_masked.maf,1,1
TCGA-DU-6408oligodendroglioma,Transcriptome Profiling,Gene Expression Quantification,8e5f650e-c9d0-4cfb-aaf8-738b589e49c7,664eac2e-7d5a-4556-a469-5e6e30b443f2.rna_seq.augmented_star_gene_counts.tsv,1,1
TCGA-DU-6408oligodendroglioma,Transcriptome Profiling,miRNA Expression Quantification,a997a9b8-20de-45c1-83d8-f3d1d4824580,5f24a021-d806-465f-b7eb-a1da79ef898f.mirbase21.mirnas.quantification.txt,1,1
TCGA-DU-6410oligodendroglioma,Copy Number Variation,Gene Level Copy Number,"68fd24d1-99d5-43d1-ad42-0bedad89ed81,76dca181-2014-40d8-b9d8-9cf9ffe5bff6,c1f16d97-c99f-425a-aede-0c705669a9fe","TCGA-LGG.4a399f7e-2c41-401b-8e76-bf3004960630.ascat3.gene_level_copy_number.v36.tsv,TCGA-LGG.4a399f7e-2c41-401b-8e76-bf3004960630.gene_level_copy_number.v36.tsv,TCGA-LGG.4a399f7e-2c41-401b-8e76-bf3004960630.absolute_liftover.gene_level_copy_number.v36.tsv",3,3
TCGA-DU-6410oligodendroglioma,DNA Methylation,Methylation Beta Value,c56d8fea-fcb3-4443-ab7d-5bec4653a902,a489196a-ed24-4c37-980a-39bafc4668cd.methylation_array.sesame.level3betas.txt,1,1
TCGA-DU-6410oligodendroglioma,Proteome Profiling,Protein Expression Quantification,ef397b9c-1835-46b6-9e10-051d706138d9,TCGA-DU-6410-01A-21-A29Z-20_RPPA_data.tsv,1,1
TCGA-DU-6410oligodendroglioma,Simple Nucleotide Variation,Masked Somatic Mutation,8f755cb5-e2aa-4209-b158-6227427a88c1,e84b1e7f-d869-4903-9aba-9c8f2622de6a.wxs.aliquot_ensemble_masked.maf,1,1
TCGA-DU-6410oligodendroglioma,Transcriptome Profiling,Gene Expression Quantification,598640a3-cc0d-433c-afba-639ed42e3d13,3ef22195-f4b8-4f32-845b-71fa65efe7af.rna_seq.augmented_star_gene_counts.tsv,1,1
TCGA-DU-6410oligodendroglioma,Transcriptome Profiling,miRNA Expression Quantification,8db88bee-3202-49bb-b240-eb23abf10205,543d7974-e5cd-4351-9a03-fff87c435996.mirbase21.mirnas.quantification.txt,1,1
TCGA-DU-7018oligodendroglioma,Copy Number Variation,Gene Level Copy Number,"fcd129ee-c4f7-4d98-8b04-ddf0a44434b0,4db65dc6-dca8-492c-80c4-7426a881cd02,d2b6309e-e7e1-4566-8e56-74f6fc7aa940","TCGA-LGG.502291f7-ce4e-4815-ac7c-6a66067b9695.ascat3.gene_level_copy_number.v36.tsv,TCGA-LGG.502291f7-ce4e-4815-ac7c-6a66067b9695.gene_level_copy_number.v36.tsv,TCGA-LGG.502291f7-ce4e-4815-ac7c-6a66067b9695.absolute_liftover.gene_level_copy_number.v36.tsv",3,3
TCGA-DU-7018oligodendroglioma,DNA Methylation,Methylation Beta Value,b26b51af-2934-437b-85cc-a8dc8c8adae3,1a0457fa-6926-4e1a-9e38-3b59cbc09469.methylation_array.sesame.level3betas.txt,1,1
TCGA-DU-7018oligodendroglioma,Proteome Profiling,Protein Expression Quantification,70c83e5e-5b02-40ec-972b-00a868734be6,TCGA-DU-7018-01A-21-A29X-20_RPPA_data.tsv,1,1
TCGA-DU-7018oligodendroglioma,Simple Nucleotide Variation,Masked Somatic Mutation,c4da8a7e-56d4-4412-9a86-10ef3f1e991f,bf43be90-b893-4512-84d3-1af9016642c7.wxs.aliquot_ensemble_masked.maf,1,1
TCGA-DU-7018oligodendroglioma,Transcriptome Profiling,Gene Expression Quantification,3b913a37-3c9f-40f7-b845-5ce59f1cab92,8e329b0e-f4bb-4bae-bd28-5e9ddee6eaa7.rna_seq.augmented_star_gene_counts.tsv,1,1
TCGA-DU-7018oligodendroglioma,Transcriptome Profiling,miRNA Expression Quantification,5025bb02-2f78-442b-a600-41d0f6518274,7d515c96-5a17-4a36-97b2-d88b54f89ae4.mirbase21.mirnas.quantification.txt,1,1
TCGA-DU-7300oligodendroglioma,Copy Number Variation,Gene Level Copy Number,62e8d00d-0c40-482f-9cb7-e01f5667fc73,TCGA-LGG.40df817f-2c5d-47a5-912e-4e5ab14d9cb1.absolute_liftover.gene_level_copy_number.v36.tsv,1,1
TCGA-DU-7300oligodendroglioma,DNA Methylation,Methylation Beta Value,414ed377-48a3-451b-bad5-9c91710ea882,19989feb-d0aa-4937-a20d-589239076690.methylation_array.sesame.level3betas.txt,1,1
TCGA-DU-7300oligodendroglioma,Proteome Profiling,Protein Expression Quantification,42594a51-a56f-4d2d-91b5-d56fac6e60f0,TCGA-DU-7300-01A-11-A29Y-20_RPPA_data.tsv,1,1
TCGA-DU-7300oligodendroglioma,Simple Nucleotide Variation,Masked Somatic Mutation,b05e5468-8ea4-436e-a882-0933c3a76aae,7dbdc3f2-9df8-4635-8e93-41f5cb607dc8.wxs.aliquot_ensemble_masked.maf,1,1
TCGA-DU-7300oligodendroglioma,Transcriptome Profiling,Gene Expression Quantification,b7eb335b-ec56-4e27-894d-6015b1481c6e,e53faabf-5693-4b41-b448-fcae4270ecb1.rna_seq.augmented_star_gene_counts.tsv,1,1
TCGA-DU-7300oligodendroglioma,Transcriptome Profiling,miRNA Expression Quantification,562b836f-8ced-4938-b21f-9d3d7409cc5a,5c6b1c70-5966-430e-902b-20cc4cdfbaaf.mirbase21.mirnas.quantification.txt,1,1
TCGA-DU-7302oligodendroglioma,Copy Number Variation,Gene Level Copy Number,"a512211b-aa73-40e7-854d-3f640a233619,2f9fb6f9-2ed7-4fe9-8a89-ac80a304988f,3697de96-ebb7-41e0-9182-14a16dcf5a96","TCGA-LGG.44c39269-efcd-4f13-afd6-a7cf8d959e0e.ascat3.gene_level_copy_number.v36.tsv,TCGA-LGG.44c39269-efcd-4f13-afd6-a7cf8d959e0e.absolute_liftover.gene_level_copy_number.v36.tsv,TCGA-LGG.44c39269-efcd-4f13-afd6-a7cf8d959e0e.gene_level_copy_number.v36.tsv",3,3
TCGA-DU-7302oligodendroglioma,DNA Methylation,Methylation Beta Value,6ee4879a-2cb3-43f0-9187-9d867749a44f,e6ffcbe1-5c78-46ad-b780-26ef0dd08ce0.methylation_array.sesame.level3betas.txt,1,1
TCGA-DU-7302oligodendroglioma,Proteome Profiling,Protein Expression Quantification,4f333fb9-8b61-49e8-b7fc-4277fb65797c,TCGA-DU-7302-01A-21-A29X-20_RPPA_data.tsv,1,1
TCGA-DU-7302oligodendroglioma,Simple Nucleotide Variation,Masked Somatic Mutation,bf6b0fd7-dcae-478c-8c2a-910e4a3cbcaa,80974458-b303-4e22-a4cb-9786340f5af3.wxs.aliquot_ensemble_masked.maf,1,1
TCGA-DU-7302oligodendroglioma,Transcriptome Profiling,Gene Expression Quantification,a3882dd3-e3d2-44ef-ac01-0155653f8c01,1861c569-6350-43dd-a217-a92473677c9b.rna_seq.augmented_star_gene_counts.tsv,1,1
TCGA-DU-7302oligodendroglioma,Transcriptome Profiling,miRNA Expression Quantification,fe22ecf3-1645-4759-9e4c-78f5ca10e6e8,b1a21b12-e1c0-4860-9fee-f15ef7e24288.mirbase21.mirnas.quantification.txt,1,1
TCGA-DU-7309oligodendroglioma,Copy Number Variation,Gene Level Copy Number,"5c219ecc-2622-4c76-bd34-6d3a6fc94e01,3789f833-b59c-40b7-998d-2b168675562c,f7984739-4011-4365-aca5-fe3dda7f8f2b","TCGA-LGG.a294e02f-fccf-4b91-aec9-462a8ba6c744.ascat3.gene_level_copy_number.v36.tsv,TCGA-LGG.a294e02f-fccf-4b91-aec9-462a8ba6c744.absolute_liftover.gene_level_copy_number.v36.tsv,TCGA-LGG.a294e02f-fccf-4b91-aec9-462a8ba6c744.gene_level_copy_number.v36.tsv",3,3
TCGA-DU-7309oligodendroglioma,DNA Methylation,Methylation Beta Value,722c3d61-5685-4526-b6de-b3bb2abd8659,f57911ab-8aa4-4bb6-a188-c22951daddd9.methylation_array.sesame.level3betas.txt,1,1
TCGA-DU-7309oligodendroglioma,Proteome Profiling,Protein Expression Quantification,329ccbdc-8b9a-4cc2-ac28-007db73dc228,TCGA-DU-7309-01A-21-A29X-20_RPPA_data.tsv,1,1
TCGA-DU-7309oligodendroglioma,Simple Nucleotide Variation,Masked Somatic Mutation,6f639905-fe01-46ff-9335-af3a0369fa09,f46efb0f-136f-47b9-97ff-c9cd6fad9c31.wxs.aliquot_ensemble_masked.maf,1,1
TCGA-DU-7309oligodendroglioma,Transcriptome Profiling,Gene Expression Quantification,b3315c31-3b2a-4053-8c74-35a6e9a9e4b4,2f3ff7b4-e7fd-452d-9df3-5e9ed23914e0.rna_seq.augmented_star_gene_counts.tsv,1,1
TCGA-DU-7309oligodendroglioma,Transcriptome Profiling,miRNA Expression Quantification,96caff55-1d88-4ce5-88a0-451ab2a4efb9,31a7255f-c166-49f6-bcb8-b01b01a1c0a4.mirbase21.mirnas.quantification.txt,1,1
TCGA-DU-8168oligodendroglioma,Copy Number Variation,Gene Level Copy Number,"355d00c0-f278-4b28-be38-b00c4fdbe4a6,a5986085-b69a-4d44-8634-4d19db35fee0,367a9177-607f-4cf3-a234-3e1b4c76adce","TCGA-LGG.0a011e31-3424-4445-b862-318c1ccd4383.ascat3.gene_level_copy_number.v36.tsv,TCGA-LGG.0a011e31-3424-4445-b862-318c1ccd4383.gene_level_copy_number.v36.tsv,TCGA-LGG.0a011e31-3424-4445-b862-318c1ccd4383.absolute_liftover.gene_level_copy_number.v36.tsv",3,3
TCGA-DU-8168oligodendroglioma,DNA Methylation,Methylation Beta Value,3669548a-e5e4-4f50-b10c-783d7116873b,ce91fdea-5761-49b0-a229-76d4a6a14f73.methylation_array.sesame.level3betas.txt,1,1
TCGA-DU-8168oligodendroglioma,Proteome Profiling,Protein Expression Quantification,6f01c015-24ce-4841-b997-a125d92f1020,TCGA-DU-8168-01A-21-A29Z-20_RPPA_data.tsv,1,1
TCGA-DU-8168oligodendroglioma,Simple Nucleotide Variation,Masked Somatic Mutation,32ba9e1f-c416-4bcc-a52e-b4fcf87dfc23,e36918f0-9839-4722-b068-5a31319860e7.wxs.aliquot_ensemble_masked.maf,1,1
TCGA-DU-8168oligodendroglioma,Transcriptome Profiling,Gene Expression Quantification,e2e15f7f-d848-4d82-a21b-292a98549de7,ca4519e9-b8b0-415b-a743-7ad938e3e474.rna_seq.augmented_star_gene_counts.tsv,1,1
TCGA-DU-8168oligodendroglioma,Transcriptome Profiling,miRNA Expression Quantification,ed0069c0-588f-46a0-979c-a4587591a1b3,48709901-6b50-4ce0-8460-f76eae286d1d.mirbase21.mirnas.quantification.txt,1,1
TCGA-DU-A5TToligodendroglioma,Copy Number Variation,Gene Level Copy Number,"4ea45cae-b462-4bcf-9770-ba3a4d38ea5f,b74bb379-973e-47a5-a030-1a4df4d90370,fe503662-2663-4c66-a578-bf2d1cddfdb4","TCGA-LGG.0ab5e86a-1a5e-4023-8fd4-d93dcad39131.ascat3.gene_level_copy_number.v36.tsv,TCGA-LGG.0ab5e86a-1a5e-4023-8fd4-d93dcad39131.absolute_liftover.gene_level_copy_number.v36.tsv,TCGA-LGG.0ab5e86a-1a5e-4023-8fd4-d93dcad39131.gene_level_copy_number.v36.tsv",3,3
TCGA-DU-A5TToligodendroglioma,DNA Methylation,Methylation Beta Value,75185c70-7ed1-4a8d-aeae-d6cebc80df74,2472e8c7-fc4b-41fe-81f2-667f25b53e90.methylation_array.sesame.level3betas.txt,1,1
TCGA-DU-A5TToligodendroglioma,Proteome Profiling,Protein Expression Quantification,7640448e-073e-47bd-a60d-133aac662d91,TCGA-DU-A5TT-01A-21-A29Z-20_RPPA_data.tsv,1,1
TCGA-DU-A5TToligodendroglioma,Simple Nucleotide Variation,Masked Somatic Mutation,25145dd3-ff20-4789-ad64-b96ed0b6c061,ac789aa3-1bcf-45dd-bd2b-01dbd1ff3691.wxs.aliquot_ensemble_masked.maf,1,1
TCGA-DU-A5TToligodendroglioma,Transcriptome Profiling,Gene Expression Quantification,56832d95-02a4-4d80-94f3-eb51157adbd1,662810c1-3b3f-47d7-af20-8b40646c6c1a.rna_seq.augmented_star_gene_counts.tsv,1,1
TCGA-DU-A5TToligodendroglioma,Transcriptome Profiling,miRNA Expression Quantification,c2529479-ef21-45ae-965d-3191020b068b,0a9d4c5a-2814-453a-a8ea-99d532f1625e.mirbase21.mirnas.quantification.txt,1,1
TCGA-DU-A6S8oligodendroglioma,Copy Number Variation,Gene Level Copy Number,"46a842b9-3856-4118-88c1-c34b2f991d40,913bfdfa-66f7-432a-9dad-d393380546c1,6b12fdd8-66c5-46da-89ab-e36ab65e5c0f","TCGA-LGG.26303b7f-1d08-4297-bf14-375d62e1a328.absolute_liftover.gene_level_copy_number.v36.tsv,TCGA-LGG.26303b7f-1d08-4297-bf14-375d62e1a328.ascat3.gene_level_copy_number.v36.tsv,TCGA-LGG.26303b7f-1d08-4297-bf14-375d62e1a328.gene_level_copy_number.v36.tsv",3,3
TCGA-DU-A6S8oligodendroglioma,DNA Methylation,Methylation Beta Value,15597cb8-d673-4ecc-851a-57150b0e4267,74045361-5725-4284-abe0-60297ec692bb.methylation_array.sesame.level3betas.txt,1,1
TCGA-DU-A6S8oligodendroglioma,Proteome Profiling,Protein Expression Quantification,1b8aad25-f9d8-4d2a-91f8-eaf87ed63784,TCGA-DU-A6S8-01A-21-A44C-20_RPPA_data.tsv,1,1
TCGA-DU-A6S8oligodendroglioma,Simple Nucleotide Variation,Masked Somatic Mutation,00b45cd7-3075-4c04-9dcc-5fbe1ea97506,992235cd-ce12-447f-9eaf-0fca7ed7de74.wxs.aliquot_ensemble_masked.maf,1,1
TCGA-DU-A6S8oligodendroglioma,Transcriptome Profiling,Gene Expression Quantification,4970fef6-b0d5-4a5a-975f-170b970c2c48,f87bc84c-1f83-4a36-99c8-40de479ab978.rna_seq.augmented_star_gene_counts.tsv,1,1
TCGA-DU-A6S8oligodendroglioma,Transcriptome Profiling,miRNA Expression Quantification,c68b2320-c4f3-4113-8c31-8c29e4019da1,ed477611-d8cc-4c15-bfda-933a4cb667b2.mirbase21.mirnas.quantification.txt,1,1
TCGA-DU-A76Loligodendroglioma,Copy Number Variation,Gene Level Copy Number,"c3233d85-6475-4d12-b0c5-5f7cc86083a8,0d1cdf12-3371-40bf-9a11-b0fbc2d838ee,932c8bdc-c69a-450c-9d34-953678d38b97","TCGA-LGG.4367d26e-3dd3-4327-bc4e-583fba9e964b.gene_level_copy_number.v36.tsv,TCGA-LGG.4367d26e-3dd3-4327-bc4e-583fba9e964b.ascat3.gene_level_copy_number.v36.tsv,TCGA-LGG.4367d26e-3dd3-4327-bc4e-583fba9e964b.absolute_liftover.gene_level_copy_number.v36.tsv",3,3
TCGA-DU-A76Loligodendroglioma,DNA Methylation,Methylation Beta Value,86b50186-28a4-44e9-a26b-f9d4f9c3bb42,80ccd43c-a088-4716-9261-382062ffaf97.methylation_array.sesame.level3betas.txt,1,1
TCGA-DU-A76Loligodendroglioma,Proteome Profiling,Protein Expression Quantification,243dc0d9-23ed-4ff0-9faa-e0a35c66264f,TCGA-DU-A76L-01A-21-A44D-20_RPPA_data.tsv,1,1
TCGA-DU-A76Loligodendroglioma,Simple Nucleotide Variation,Masked Somatic Mutation,8afe6a0e-2306-494f-a2d8-4ca642f1e78c,d6eafb65-7fc0-4d95-9cb7-9629d955c3ff.wxs.aliquot_ensemble_masked.maf,1,1
TCGA-DU-A76Loligodendroglioma,Transcriptome Profiling,Gene Expression Quantification,6c325ebc-d594-4b0f-af95-7b72f4292744,ac390313-a32e-413f-b162-e120cdf4e372.rna_seq.augmented_star_gene_counts.tsv,1,1
TCGA-DU-A76Loligodendroglioma,Transcriptome Profiling,miRNA Expression Quantification,d461c126-350d-4a52-9dfd-95730e2bcc31,7bd7a883-39f1-4e40-bf7d-46d6fb949112.mirbase21.mirnas.quantification.txt,1,1
TCGA-DU-A76Roligodendroglioma,Copy Number Variation,Gene Level Copy Number,"79d67df3-5fdd-4fe5-8d3f-196d1068ca3e,deb760d6-a896-4cd7-a360-eca2d7f27f09,20d5c651-d5b7-4e19-8419-5e98d9c38c2b","TCGA-LGG.5adfde23-5143-4c6e-92a8-6547ed031319.ascat3.gene_level_copy_number.v36.tsv,TCGA-LGG.5adfde23-5143-4c6e-92a8-6547ed031319.absolute_liftover.gene_level_copy_number.v36.tsv,TCGA-LGG.5adfde23-5143-4c6e-92a8-6547ed031319.gene_level_copy_number.v36.tsv",3,3
TCGA-DU-A76Roligodendroglioma,DNA Methylation,Methylation Beta Value,8d302a22-4c59-4e10-b605-eb239852b796,4fade5f6-7f3a-4727-8a4b-4f7d2ac39256.methylation_array.sesame.level3betas.txt,1,1
TCGA-DU-A76Roligodendroglioma,Proteome Profiling,Protein Expression Quantification,f58ffc06-32b8-48c8-a4f5-04b7254f3e49,TCGA-DU-A76R-01A-21-A44D-20_RPPA_data.tsv,1,1
TCGA-DU-A76Roligodendroglioma,Simple Nucleotide Variation,Masked Somatic Mutation,7a6e6d7d-7d80-4879-9438-1bd279216bd8,c4620b1e-9217-4996-97db-7f8882724a98.wxs.aliquot_ensemble_masked.maf,1,1
TCGA-DU-A76Roligodendroglioma,Transcriptome Profiling,Gene Expression Quantification,f89451d9-6170-442f-8f51-8c7cb5277d7d,7bdb050e-b069-42ff-83d7-18cdf1765a76.rna_seq.augmented_star_gene_counts.tsv,1,1
TCGA-DU-A76Roligodendroglioma,Transcriptome Profiling,miRNA Expression Quantification,99faf97e-c6a6-4409-bdd1-c53ed08bfec6,c7847982-fb24-430b-92c9-5d1e74b0e37f.mirbase21.mirnas.quantification.txt,1,1
TCGA-DU-A7T6oligodendroglioma,Copy Number Variation,Gene Level Copy Number,"2a957329-b4db-42d6-8154-17a64298be20,f231c561-aa22-4d94-be6f-696b8ed0e789,517c3edd-c8e1-423b-ab09-cb1ac528f58a","TCGA-LGG.3798e6c9-8c2b-44d0-8e4e-dea7d631d7cb.gene_level_copy_number.v36.tsv,TCGA-LGG.3798e6c9-8c2b-44d0-8e4e-dea7d631d7cb.ascat3.gene_level_copy_number.v36.tsv,TCGA-LGG.3798e6c9-8c2b-44d0-8e4e-dea7d631d7cb.absolute_liftover.gene_level_copy_number.v36.tsv",3,3
TCGA-DU-A7T6oligodendroglioma,DNA Methylation,Methylation Beta Value,2973beaf-9b7d-4098-9681-925e8b57b7eb,8a2a8f32-f5cd-4af6-bb40-7c883608c771.methylation_array.sesame.level3betas.txt,1,1
TCGA-DU-A7T6oligodendroglioma,Proteome Profiling,Protein Expression Quantification,3c368fdc-1967-4c73-98df-66f66db1e14e,TCGA-DU-A7T6-01A-21-A44C-20_RPPA_data.tsv,1,1
TCGA-DU-A7T6oligodendroglioma,Simple Nucleotide Variation,Masked Somatic Mutation,29dda216-a5df-4196-95b8-9006e40d4c69,99664cb0-65d6-4b4d-8fe5-9ae739d8f7fc.wxs.aliquot_ensemble_masked.maf,1,1
TCGA-DU-A7T6oligodendroglioma,Transcriptome Profiling,Gene Expression Quantification,bb0413fb-ec3e-46bc-98ce-c27d59073fda,228ded1a-9ae5-421d-9b58-8ae4176e56db.rna_seq.augmented_star_gene_counts.tsv,1,1
TCGA-DU-A7T6oligodendroglioma,Transcriptome Profiling,miRNA Expression Quantification,da3275a8-6b34-4ef2-bf79-184cf9eb9e25,2c22c48f-dd45-4cd4-851a-fe034fc1d858.mirbase21.mirnas.quantification.txt,1,1
TCGA-E1-5311oligodendroglioma,Copy Number Variation,Gene Level Copy Number,"8ba4f834-cdf8-4a85-9c79-7e25bbb0e64b,ee85283d-e4df-459e-892f-d1858b1f36b9,041dd773-38df-4420-84fd-7d09ff0c1d75","TCGA-LGG.8d14565f-58f1-4423-9fd2-73e9bf95e710.gene_level_copy_number.v36.tsv,TCGA-LGG.8d14565f-58f1-4423-9fd2-73e9bf95e710.absolute_liftover.gene_level_copy_number.v36.tsv,TCGA-LGG.8d14565f-58f1-4423-9fd2-73e9bf95e710.ascat3.gene_level_copy_number.v36.tsv",3,3
TCGA-E1-5311oligodendroglioma,DNA Methylation,Methylation Beta Value,1dbc19e1-22d7-461a-bd11-4253fdf87eaa,d604a522-3b50-44d8-966c-317741702557.methylation_array.sesame.level3betas.txt,1,1
TCGA-E1-5311oligodendroglioma,Proteome Profiling,Protein Expression Quantification,980c99c5-6e7a-4af8-a084-140a7dd0760a,TCGA-E1-5311-01A-21-A29Z-20_RPPA_data.tsv,1,1
TCGA-E1-5311oligodendroglioma,Simple Nucleotide Variation,Masked Somatic Mutation,1922c579-c29e-4c1f-b63e-f30a3c4125cb,f37b444d-c232-40bb-9d60-75dfcb91aa24.wxs.aliquot_ensemble_masked.maf,1,1
TCGA-E1-5311oligodendroglioma,Transcriptome Profiling,Gene Expression Quantification,2e09b29e-2181-42c5-b73f-04e2b3b7c4a0,7f40dfdd-892f-4dd9-809d-ab6193f252aa.rna_seq.augmented_star_gene_counts.tsv,1,1
TCGA-E1-5311oligodendroglioma,Transcriptome Profiling,miRNA Expression Quantification,e219f8b7-2f46-4de1-892a-480598d65257,98f5f034-a676-47cd-abfe-8f263e57c053.mirbase21.mirnas.quantification.txt,1,1
TCGA-E1-A7YOoligodendroglioma,Copy Number Variation,Gene Level Copy Number,"7157172f-260f-46b2-8a5f-84719423afb6,93c7214d-8e78-4b94-b837-1b368b154949,d5c0647f-82cf-4467-8abb-2a1b605b9dc1","TCGA-LGG.13a208a1-d8bb-46c5-a579-073df0b432cd.ascat3.gene_level_copy_number.v36.tsv,TCGA-LGG.13a208a1-d8bb-46c5-a579-073df0b432cd.absolute_liftover.gene_level_copy_number.v36.tsv,TCGA-LGG.13a208a1-d8bb-46c5-a579-073df0b432cd.gene_level_copy_number.v36.tsv",3,3
TCGA-E1-A7YOoligodendroglioma,DNA Methylation,Methylation Beta Value,0584ca63-2a46-458b-95b8-933502e698d6,98e56e35-9b4a-4fbc-b909-4e7c5c799dcf.methylation_array.sesame.level3betas.txt,1,1
TCGA-E1-A7YOoligodendroglioma,Simple Nucleotide Variation,Masked Somatic Mutation,69a5bd2c-c271-4f34-b37a-dc17d6c7c651,2213dbc8-9288-4b79-9d63-fc303ad42d77.wxs.aliquot_ensemble_masked.maf,1,1
TCGA-E1-A7YOoligodendroglioma,Transcriptome Profiling,Gene Expression Quantification,387acfe6-b3d0-487b-bdb3-aed972623735,2caa34d3-e071-4fd2-83bf-a6cc9b22d0e0.rna_seq.augmented_star_gene_counts.tsv,1,1
TCGA-E1-A7YOoligodendroglioma,Transcriptome Profiling,miRNA Expression Quantification,a985283d-ec98-4d64-afab-579dd29327d4,0cf4430f-2a8e-4227-b231-4b685aec7be5.mirbase21.mirnas.quantification.txt,1,1
TCGA-E1-A7YQoligodendroglioma,Copy Number Variation,Gene Level Copy Number,"03cd48d5-e8c6-4b7b-8782-5694d54bf007,c4dc4863-82be-4cc7-926f-8e8c2a110e0c,79344a3b-1e05-49dc-b485-f23bc94e7ecf","TCGA-LGG.57417012-cde0-4ebc-9ac8-e6268208cda0.absolute_liftover.gene_level_copy_number.v36.tsv,TCGA-LGG.57417012-cde0-4ebc-9ac8-e6268208cda0.ascat3.gene_level_copy_number.v36.tsv,TCGA-LGG.57417012-cde0-4ebc-9ac8-e6268208cda0.gene_level_copy_number.v36.tsv",3,3
TCGA-E1-A7YQoligodendroglioma,DNA Methylation,Methylation Beta Value,6c402b0f-52f3-427c-bb3c-6e697062b3bc,9e8dc4b8-e6f7-4a8f-a8aa-61ad5b9bfc06.methylation_array.sesame.level3betas.txt,1,1
TCGA-E1-A7YQoligodendroglioma,Proteome Profiling,Protein Expression Quantification,b44ae95a-c42c-42d5-bd28-53f3e6d9ff31,TCGA-E1-A7YQ-01A-21-A44D-20_RPPA_data.tsv,1,1
TCGA-E1-A7YQoligodendroglioma,Simple Nucleotide Variation,Masked Somatic Mutation,c4e20e5a-fdcd-419f-a8fb-fcd8a2930467,4b2c92e3-e4a9-4ad6-892c-8a10c60d11ea.wxs.aliquot_ensemble_masked.maf,1,1
TCGA-E1-A7YQoligodendroglioma,Transcriptome Profiling,Gene Expression Quantification,890599ec-249a-4ba6-93fa-6935b7a76d39,ecd6cc08-1fc9-4034-b03f-5bb315d3f905.rna_seq.augmented_star_gene_counts.tsv,1,1
TCGA-E1-A7YQoligodendroglioma,Transcriptome Profiling,miRNA Expression Quantification,b84b8ccf-ee7a-41cb-b3d2-cb192646e73e,cb4b26f8-5c69-4031-9a94-d5d46f0a887f.mirbase21.mirnas.quantification.txt,1,1
TCGA-E1-A7YSoligodendroglioma,Copy Number Variation,Gene Level Copy Number,"595ae550-bc4e-481e-8e74-f16e6120abee,95157130-82b4-4e74-b7be-adbed4adacff,2624347f-0b14-4ca6-9596-8b993c3463b1","TCGA-LGG.26955863-c8fe-4bb4-910a-50d5cc6f2fd4.gene_level_copy_number.v36.tsv,TCGA-LGG.26955863-c8fe-4bb4-910a-50d5cc6f2fd4.ascat3.gene_level_copy_number.v36.tsv,TCGA-LGG.26955863-c8fe-4bb4-910a-50d5cc6f2fd4.absolute_liftover.gene_level_copy_number.v36.tsv",3,3
TCGA-E1-A7YSoligodendroglioma,DNA Methylation,Methylation Beta Value,591e6ce2-a23d-463b-a4fb-4f8d6b408e5f,b3e7c8e9-9a3c-4ee5-8464-622ce2dfe4d5.methylation_array.sesame.level3betas.txt,1,1
TCGA-E1-A7YSoligodendroglioma,Proteome Profiling,Protein Expression Quantification,89a91b65-3379-47bf-8f4f-9889156b243c,TCGA-E1-A7YS-01A-21-A44C-20_RPPA_data.tsv,1,1
TCGA-E1-A7YSoligodendroglioma,Simple Nucleotide Variation,Masked Somatic Mutation,ec1fbcec-5938-49e8-b2e0-130bda402f85,7cf2776e-de29-47ff-8f07-43706231a1c8.wxs.aliquot_ensemble_masked.maf,1,1
TCGA-E1-A7YSoligodendroglioma,Transcriptome Profiling,Gene Expression Quantification,f077f07b-cd36-4be7-89dc-bbbc4e095aad,c2d5f880-1b07-413e-918a-8396a3f06053.rna_seq.augmented_star_gene_counts.tsv,1,1
TCGA-E1-A7YSoligodendroglioma,Transcriptome Profiling,miRNA Expression Quantification,d1acf0f7-2958-4209-aa92-e081795d2ca0,6c4c42e2-e362-4795-84e3-fc3feb831d15.mirbase21.mirnas.quantification.txt,1,1
TCGA-FG-5962oligodendroglioma,Copy Number Variation,Gene Level Copy Number,"41c884ec-6a69-4a45-937b-7aeb0d8e15f9,c916a9d7-178b-44f4-acf2-fd4a54fc404a,25a800fa-7e88-45db-a1cf-59f2c60fe59f","TCGA-LGG.777f8621-e090-4626-917f-dd9e432661f4.ascat3.gene_level_copy_number.v36.tsv,TCGA-LGG.777f8621-e090-4626-917f-dd9e432661f4.absolute_liftover.gene_level_copy_number.v36.tsv,TCGA-LGG.777f8621-e090-4626-917f-dd9e432661f4.gene_level_copy_number.v36.tsv",3,3
TCGA-FG-5962oligodendroglioma,DNA Methylation,Methylation Beta Value,a6b95152-b88a-47d8-b798-cc274f9bf25d,e23d2c5b-8932-43eb-b27e-38b3f919a02b.methylation_array.sesame.level3betas.txt,1,1
TCGA-FG-5962oligodendroglioma,Proteome Profiling,Protein Expression Quantification,2d4e3402-ea42-49eb-a19a-d46ba2d45527,TCGA-FG-5962-01B-21-A300-20_RPPA_data.tsv,1,1
TCGA-FG-5962oligodendroglioma,Simple Nucleotide Variation,Masked Somatic Mutation,d1b1f4da-0b95-4384-979b-ec9dbb16b6b5,da3ac233-743a-4f2b-bfa8-473ebe0aae03.wxs.aliquot_ensemble_masked.maf,1,1
TCGA-FG-5962oligodendroglioma,Transcriptome Profiling,Gene Expression Quantification,8ec2e880-ca86-498d-a756-89904f9c478c,e21860ac-5140-4c93-ab32-22cd2d0ba617.rna_seq.augmented_star_gene_counts.tsv,1,1
TCGA-FG-5962oligodendroglioma,Transcriptome Profiling,miRNA Expression Quantification,60715eb9-dd91-434c-b024-8bb8a0a64291,4c9ed1c7-49d6-4104-be17-7bd565a08de4.mirbase21.mirnas.quantification.txt,1,1
TCGA-FG-6692oligodendroglioma,Copy Number Variation,Gene Level Copy Number,"4db3bbd7-f0d2-404a-b860-634904474d6a,e82988cc-0d8c-4652-b89d-a4ed1a89f4e9,2a19c639-a201-4ee8-bb1e-b9a7be979b7f","TCGA-LGG.caa088c5-b412-4cb2-a9e5-8bf22c76b2f3.absolute_liftover.gene_level_copy_number.v36.tsv,TCGA-LGG.caa088c5-b412-4cb2-a9e5-8bf22c76b2f3.gene_level_copy_number.v36.tsv,TCGA-LGG.caa088c5-b412-4cb2-a9e5-8bf22c76b2f3.ascat3.gene_level_copy_number.v36.tsv",3,3
TCGA-FG-6692oligodendroglioma,DNA Methylation,Methylation Beta Value,0da1f37d-34f3-4679-a0c8-752912e8cba2,eef01af5-6fc7-4939-a089-67956d2aff66.methylation_array.sesame.level3betas.txt,1,1
TCGA-FG-6692oligodendroglioma,Simple Nucleotide Variation,Masked Somatic Mutation,843811de-847c-4218-8e9e-e6a8d188a05a,63a32894-a889-4ff9-8bfc-426b15c0175e.wxs.aliquot_ensemble_masked.maf,1,1
TCGA-FG-6692oligodendroglioma,Transcriptome Profiling,Gene Expression Quantification,55e06fa1-6ad0-4f14-a00f-a8c5b151f4c1,1517a85c-1b72-45e2-bbd9-9f29685d46c2.rna_seq.augmented_star_gene_counts.tsv,1,1
TCGA-FG-6692oligodendroglioma,Transcriptome Profiling,miRNA Expression Quantification,65a4de5f-a1f9-43cd-a18c-19f00cb47e00,ee562b71-208b-4033-ab72-4bf704a9c5d4.mirbase21.mirnas.quantification.txt,1,1
TCGA-FG-7638oligodendroglioma,Copy Number Variation,Gene Level Copy Number,"49ae5d72-d6a8-4bfb-b00b-906a67f4c265,818c84de-cd40-491e-a961-d585c380d9ad,f044dbb4-7cd5-4a81-8623-9f4fd66df2dd","TCGA-LGG.c2bdcdb3-8d32-4eb0-8610-46086199ab67.absolute_liftover.gene_level_copy_number.v36.tsv,TCGA-LGG.c2bdcdb3-8d32-4eb0-8610-46086199ab67.gene_level_copy_number.v36.tsv,TCGA-LGG.c2bdcdb3-8d32-4eb0-8610-46086199ab67.ascat3.gene_level_copy_number.v36.tsv",3,3
TCGA-FG-7638oligodendroglioma,DNA Methylation,Methylation Beta Value,fdf0e9f2-4caa-432a-8691-7b5b4325c6e6,304e6260-24b0-4b40-bec7-c87f8527707d.methylation_array.sesame.level3betas.txt,1,1
TCGA-FG-7638oligodendroglioma,Proteome Profiling,Protein Expression Quantification,f35bfbcb-888a-444c-9824-ac2c9d73828c,TCGA-FG-7638-01B-21-A29Y-20_RPPA_data.tsv,1,1
TCGA-FG-7638oligodendroglioma,Simple Nucleotide Variation,Masked Somatic Mutation,9f68a481-6192-4563-9041-b5019be0b27a,632c51a6-a6dd-47b2-89c8-ecc9966aca92.wxs.aliquot_ensemble_masked.maf,1,1
TCGA-FG-7638oligodendroglioma,Transcriptome Profiling,Gene Expression Quantification,3c3e003d-0154-4a02-9fd6-8c8d46462ddd,e8d7dc2a-0133-4090-86a9-ee5742e6cb3c.rna_seq.augmented_star_gene_counts.tsv,1,1
TCGA-FG-7638oligodendroglioma,Transcriptome Profiling,miRNA Expression Quantification,bdb45a41-6186-4cdb-889b-33d8da3e170a,d7cc7c43-123d-4451-99b6-58670dcd9f66.mirbase21.mirnas.quantification.txt,1,1
TCGA-FG-8191oligodendroglioma,Copy Number Variation,Gene Level Copy Number,"4a7a7dc1-ef61-48eb-b304-2a1ac6d59820,c566facd-cd90-4c56-b514-ecfa3f5a309c,97591399-17e1-4744-8e8e-0c084c8baaca","TCGA-LGG.d1ee877d-3ba3-45f3-9f1d-2572d2590545.gene_level_copy_number.v36.tsv,TCGA-LGG.d1ee877d-3ba3-45f3-9f1d-2572d2590545.ascat3.gene_level_copy_number.v36.tsv,TCGA-LGG.d1ee877d-3ba3-45f3-9f1d-2572d2590545.absolute_liftover.gene_level_copy_number.v36.tsv",3,3
TCGA-FG-8191oligodendroglioma,DNA Methylation,Methylation Beta Value,d3efe492-755a-49b2-b4e4-b55458b32fd6,c139e121-e735-47d2-b26e-19d5fd6f47be.methylation_array.sesame.level3betas.txt,1,1
TCGA-FG-8191oligodendroglioma,Proteome Profiling,Protein Expression Quantification,22ee7739-46eb-4f8f-b036-c6f6c50f41a2,TCGA-FG-8191-01A-11-A29Z-20_RPPA_data.tsv,1,1
TCGA-FG-8191oligodendroglioma,Simple Nucleotide Variation,Masked Somatic Mutation,7ca7e5fc-ade9-4b81-bc89-3ad22273c4c9,c59e826f-92c6-41a5-814b-8b859388bab3.wxs.aliquot_ensemble_masked.maf,1,1
TCGA-FG-8191oligodendroglioma,Transcriptome Profiling,Gene Expression Quantification,68d36a43-d948-45a0-8fc5-3b1fe1bd5cdd,933a9a9c-26e4-4209-86f3-f18b812bfbdc.rna_seq.augmented_star_gene_counts.tsv,1,1
TCGA-FG-8191oligodendroglioma,Transcriptome Profiling,miRNA Expression Quantification,eb7c6437-5187-4a97-aa7e-d1c8f84910e6,8dc4c1b4-3cd9-4efd-9cc8-53c8ceef4ea3.mirbase21.mirnas.quantification.txt,1,1
TCGA-HT-7468oligodendroglioma,Copy Number Variation,Gene Level Copy Number,"2d62bfd9-512e-42d4-a44e-6df057db1fda,c9d00678-687b-4653-8e38-fc82d4db428f,a234dddc-a8eb-4300-a490-16c9fbfc6a6e","TCGA-LGG.b2a13743-93d1-4dee-9f75-45871e5497f8.ascat3.gene_level_copy_number.v36.tsv,TCGA-LGG.b2a13743-93d1-4dee-9f75-45871e5497f8.gene_level_copy_number.v36.tsv,TCGA-LGG.b2a13743-93d1-4dee-9f75-45871e5497f8.absolute_liftover.gene_level_copy_number.v36.tsv",3,3
TCGA-HT-7468oligodendroglioma,DNA Methylation,Methylation Beta Value,f070018a-256d-4506-801b-2a6bc8781d93,8b8f18bd-e906-4f04-83b3-2aeaa307e881.methylation_array.sesame.level3betas.txt,1,1
TCGA-HT-7468oligodendroglioma,Proteome Profiling,Protein Expression Quantification,0d38d371-8b75-4ad2-893c-0facd6b6c648,TCGA-HT-7468-01A-21-A29Y-20_RPPA_data.tsv,1,1
TCGA-HT-7468oligodendroglioma,Simple Nucleotide Variation,Masked Somatic Mutation,b56d7dc6-a913-4761-a882-2cb5981b0167,b012e66b-3254-4562-9e2f-af2ccab0493d.wxs.aliquot_ensemble_masked.maf,1,1
TCGA-HT-7468oligodendroglioma,Transcriptome Profiling,Gene Expression Quantification,7cdc56cf-2e0e-467e-8e96-5b2391309b7f,88eced1f-bfd2-4e98-9164-a58894f83820.rna_seq.augmented_star_gene_counts.tsv,1,1
TCGA-HT-7468oligodendroglioma,Transcriptome Profiling,miRNA Expression Quantification,b9cec324-6497-4ce8-8483-df214ad8dec0,2f3a5d30-2987-41d2-bbc6-5b83e8013d54.mirbase21.mirnas.quantification.txt,1,1
TCGA-HT-7469oligodendroglioma,Copy Number Variation,Gene Level Copy Number,"c28a97f6-d75c-4bed-a415-8dc091f8820e,d9493cda-49dd-43fd-98c5-cd95a780deb4,797bb242-a69d-402e-8e77-e2978eaedd73","TCGA-LGG.a8c8d504-d374-4d56-9fb9-ba8a498a50c3.absolute_liftover.gene_level_copy_number.v36.tsv,TCGA-LGG.a8c8d504-d374-4d56-9fb9-ba8a498a50c3.gene_level_copy_number.v36.tsv,TCGA-LGG.a8c8d504-d374-4d56-9fb9-ba8a498a50c3.ascat3.gene_level_copy_number.v36.tsv",3,3
TCGA-HT-7469oligodendroglioma,DNA Methylation,Methylation Beta Value,7715949f-d233-4205-9817-329bf5aec9d5,fb033fd0-e197-450d-b5f0-40ff8fffe4eb.methylation_array.sesame.level3betas.txt,1,1
TCGA-HT-7469oligodendroglioma,Proteome Profiling,Protein Expression Quantification,a63bb70f-9814-4285-8605-9b257671a5d0,TCGA-HT-7469-01A-21-A29Y-20_RPPA_data.tsv,1,1
TCGA-HT-7469oligodendroglioma,Simple Nucleotide Variation,Masked Somatic Mutation,9ab30dd5-ac93-4672-bade-994eccc1df74,fc52f145-725a-413d-90e9-556d29911044.wxs.aliquot_ensemble_masked.maf,1,1
TCGA-HT-7469oligodendroglioma,Transcriptome Profiling,Gene Expression Quantification,866bb067-d79f-48b2-988d-4b2f278f1b56,54355c40-c4ef-4491-ad65-9bb247f34b23.rna_seq.augmented_star_gene_counts.tsv,1,1
TCGA-HT-7469oligodendroglioma,Transcriptome Profiling,miRNA Expression Quantification,1c5b8efb-3426-4321-a498-d7c4dcf4259e,608d724d-a837-44cc-9566-fb563f39068e.mirbase21.mirnas.quantification.txt,1,1
TCGA-HT-7470oligodendroglioma,Copy Number Variation,Gene Level Copy Number,"74089149-b4dc-487c-b6d0-f80e23b3fce9,9481cb67-c426-43bc-b50f-bfd1d4e33109,fe951958-08c6-46f4-9652-f1b2ee6bd512","TCGA-LGG.b4852aa5-2378-44a3-ba1d-5f221ee905c4.absolute_liftover.gene_level_copy_number.v36.tsv,TCGA-LGG.b4852aa5-2378-44a3-ba1d-5f221ee905c4.gene_level_copy_number.v36.tsv,TCGA-LGG.b4852aa5-2378-44a3-ba1d-5f221ee905c4.ascat3.gene_level_copy_number.v36.tsv",3,3
TCGA-HT-7470oligodendroglioma,DNA Methylation,Methylation Beta Value,8250038c-e951-4fd4-825f-32f4409aaa47,729f609e-a43b-475f-876e-11cd56efe29b.methylation_array.sesame.level3betas.txt,1,1
TCGA-HT-7470oligodendroglioma,Proteome Profiling,Protein Expression Quantification,2924aea4-2b24-4a06-8878-4d0e5e89ef08,TCGA-HT-7470-01A-21-A29Y-20_RPPA_data.tsv,1,1
TCGA-HT-7470oligodendroglioma,Simple Nucleotide Variation,Masked Somatic Mutation,30d90251-9dbf-4f2c-8fef-2e47a9dee153,ddc3d0a4-6d7e-495f-9ee6-8f9cb23fb041.wxs.aliquot_ensemble_masked.maf,1,1
TCGA-HT-7470oligodendroglioma,Transcriptome Profiling,Gene Expression Quantification,fe377618-2fba-4327-88c5-8f27223e0011,0e100747-b7c4-448a-bba7-4576c190c51b.rna_seq.augmented_star_gene_counts.tsv,1,1
TCGA-HT-7470oligodendroglioma,Transcriptome Profiling,miRNA Expression Quantification,df3b1739-8432-4130-9aa8-11bcb45b8a98,40a73154-df96-4325-a261-f398216b15f3.mirbase21.mirnas.quantification.txt,1,1
TCGA-HT-7471oligodendroglioma,Copy Number Variation,Gene Level Copy Number,"e3e168f1-1d38-4a7e-a0d4-2a399184c493,ced4c61f-21d7-43e3-a469-b03e40569a0d,bc9c7ee4-bae7-4b10-90f8-17185fee6f8b","TCGA-LGG.6995aeb1-eb08-4734-83b8-e2f134194b82.absolute_liftover.gene_level_copy_number.v36.tsv,TCGA-LGG.6995aeb1-eb08-4734-83b8-e2f134194b82.gene_level_copy_number.v36.tsv,TCGA-LGG.6995aeb1-eb08-4734-83b8-e2f134194b82.ascat3.gene_level_copy_number.v36.tsv",3,3
TCGA-HT-7471oligodendroglioma,DNA Methylation,Methylation Beta Value,caa0e1c5-e273-44eb-8782-dc557c41b395,21697faf-f04c-4718-83c9-cbcbb3c5f215.methylation_array.sesame.level3betas.txt,1,1
TCGA-HT-7471oligodendroglioma,Proteome Profiling,Protein Expression Quantification,800c76cf-490a-49d2-9db8-759c8773f4d3,TCGA-HT-7471-01A-21-A29Y-20_RPPA_data.tsv,1,1
TCGA-HT-7471oligodendroglioma,Simple Nucleotide Variation,Masked Somatic Mutation,929f7be1-85d0-4999-b92d-35b89429fe6e,e7409168-174c-4d5f-bbf2-0e7778dc7e74.wxs.aliquot_ensemble_masked.maf,1,1
TCGA-HT-7471oligodendroglioma,Transcriptome Profiling,Gene Expression Quantification,ab283c8a-593f-47a9-a9ab-be3f941eefa3,1586ec7d-380c-4d99-86d8-b631883b75e3.rna_seq.augmented_star_gene_counts.tsv,1,1
TCGA-HT-7471oligodendroglioma,Transcriptome Profiling,miRNA Expression Quantification,464f1154-2b11-4d05-a2f0-28b187bd3cd4,1c9fc595-c50a-47f0-a397-7e69deba3b59.mirbase21.mirnas.quantification.txt,1,1
TCGA-HT-7616oligodendroglioma,Copy Number Variation,Gene Level Copy Number,"e77b327f-7e2e-471e-ac94-2336958987f1,f59dd172-e2a2-4838-a379-0f5ae886c4a4,878138ed-a7aa-44e9-ba98-82f9c7658a78","TCGA-LGG.d7e21938-fd92-4eed-a1f8-fdec365557f5.ascat3.gene_level_copy_number.v36.tsv,TCGA-LGG.d7e21938-fd92-4eed-a1f8-fdec365557f5.absolute_liftover.gene_level_copy_number.v36.tsv,TCGA-LGG.d7e21938-fd92-4eed-a1f8-fdec365557f5.gene_level_copy_number.v36.tsv",3,3
TCGA-HT-7616oligodendroglioma,DNA Methylation,Methylation Beta Value,6d03641d-3742-450d-9fd6-341a040bed58,7246faee-6930-4b1c-9d3b-5c218b7ee81d.methylation_array.sesame.level3betas.txt,1,1
TCGA-HT-7616oligodendroglioma,Proteome Profiling,Protein Expression Quantification,d64c17e7-d0d4-4ef9-8b49-45be62ee9f93,TCGA-HT-7616-01A-21-A29Y-20_RPPA_data.tsv,1,1
TCGA-HT-7616oligodendroglioma,Simple Nucleotide Variation,Masked Somatic Mutation,3139750a-9f60-42e2-ac2d-fe5f1696fc3c,2d26cf6c-86e4-49a5-914d-ef5a3a7be7f8.wxs.aliquot_ensemble_masked.maf,1,1
TCGA-HT-7616oligodendroglioma,Transcriptome Profiling,Gene Expression Quantification,45fdd443-97c8-4b1c-955b-7e7e98b7cba1,259873af-f1b8-4876-be24-dcd1f0aab471.rna_seq.augmented_star_gene_counts.tsv,1,1
TCGA-HT-7616oligodendroglioma,Transcriptome Profiling,miRNA Expression Quantification,9744d444-4e08-4398-babb-9b96c69c99aa,77ca0d7c-f04b-4872-89bb-cdc19cc790a6.mirbase21.mirnas.quantification.txt,1,1
TCGA-HT-7620oligodendroglioma,Copy Number Variation,Gene Level Copy Number,"8b7647af-2516-4bc7-a6f4-a0e68593b88e,018db2fb-2a8c-42c9-8837-35f6d83e5ca0,978f4fb1-7342-4f08-a18b-a64bb4fb7f57","TCGA-LGG.d354a92e-4d90-4011-8270-4a3dd4099af3.gene_level_copy_number.v36.tsv,TCGA-LGG.d354a92e-4d90-4011-8270-4a3dd4099af3.ascat3.gene_level_copy_number.v36.tsv,TCGA-LGG.d354a92e-4d90-4011-8270-4a3dd4099af3.absolute_liftover.gene_level_copy_number.v36.tsv",3,3
TCGA-HT-7620oligodendroglioma,DNA Methylation,Methylation Beta Value,e9ec8dac-eede-478c-b3a2-b6498279d780,01e222d3-d0fe-4089-baa9-ced4722d54bc.methylation_array.sesame.level3betas.txt,1,1
TCGA-HT-7620oligodendroglioma,Proteome Profiling,Protein Expression Quantification,7742f873-3947-4472-a804-d127e562261b,TCGA-HT-7620-01A-21-A29Y-20_RPPA_data.tsv,1,1
TCGA-HT-7620oligodendroglioma,Simple Nucleotide Variation,Masked Somatic Mutation,5d50b083-c8fd-415d-b5e8-d9abe3d01ba6,ffed9650-9c45-40ef-bec1-d68ba8f0d7a3.wxs.aliquot_ensemble_masked.maf,1,1
TCGA-HT-7620oligodendroglioma,Transcriptome Profiling,Gene Expression Quantification,b4f06db1-f648-422d-815e-cc8e1127bdbe,c7c07a02-a6cb-4553-9398-4909be99da11.rna_seq.augmented_star_gene_counts.tsv,1,1
TCGA-HT-7620oligodendroglioma,Transcriptome Profiling,miRNA Expression Quantification,9681a086-6b16-44cf-8caf-ad616c5bc532,393cc0c0-3868-4e13-9b75-947325a26891.mirbase21.mirnas.quantification.txt,1,1
TCGA-HT-7677oligodendroglioma,Copy Number Variation,Gene Level Copy Number,"9e26b625-fed5-48d7-a10f-15a7a05b19e8,5c4d0978-7785-4619-9b6a-5e982d3dca65,c1febcc1-5e33-4511-b7af-d15d201ddcf3","TCGA-LGG.9ac44bd6-b9ae-4646-aa63-4a410d78af73.gene_level_copy_number.v36.tsv,TCGA-LGG.9ac44bd6-b9ae-4646-aa63-4a410d78af73.absolute_liftover.gene_level_copy_number.v36.tsv,TCGA-LGG.9ac44bd6-b9ae-4646-aa63-4a410d78af73.ascat3.gene_level_copy_number.v36.tsv",3,3
TCGA-HT-7677oligodendroglioma,DNA Methylation,Methylation Beta Value,fe1ccd06-7869-47db-9778-2b76b75bb311,96622cf7-a789-4daa-9338-0644de5e4ea7.methylation_array.sesame.level3betas.txt,1,1
TCGA-HT-7677oligodendroglioma,Proteome Profiling,Protein Expression Quantification,73c02054-0d3e-4e5c-819c-dfcea7397ea7,TCGA-HT-7677-01A-21-A29Y-20_RPPA_data.tsv,1,1
TCGA-HT-7677oligodendroglioma,Simple Nucleotide Variation,Masked Somatic Mutation,5ddf4656-2698-4178-b8b6-ea7bcf5a1fac,18ac02a8-bd41-4c18-8de2-6796d12f3125.wxs.aliquot_ensemble_masked.maf,1,1
TCGA-HT-7677oligodendroglioma,Transcriptome Profiling,Gene Expression Quantification,41ee2106-8de9-46ac-a189-a650ce5c5fdf,32479a05-9593-4627-8294-869e284f111e.rna_seq.augmented_star_gene_counts.tsv,1,1
TCGA-HT-7677oligodendroglioma,Transcriptome Profiling,miRNA Expression Quantification,ec974977-4b7c-4951-84ec-93c8317f8667,a4daaa5f-319c-4c6b-8b3c-0092cd427657.mirbase21.mirnas.quantification.txt,1,1
TCGA-HT-7687oligodendroglioma,Copy Number Variation,Gene Level Copy Number,"3f30bd50-5f61-4a65-afbd-025d2259e93a,83a4ca56-5b5c-440b-a45c-4a1f4eca866f,7fdad905-625e-452f-a1cf-de1a1980f291","TCGA-LGG.79b7c9d1-bc6c-42e4-9c84-06e17c14339c.gene_level_copy_number.v36.tsv,TCGA-LGG.79b7c9d1-bc6c-42e4-9c84-06e17c14339c.ascat3.gene_level_copy_number.v36.tsv,TCGA-LGG.79b7c9d1-bc6c-42e4-9c84-06e17c14339c.absolute_liftover.gene_level_copy_number.v36.tsv",3,3
TCGA-HT-7687oligodendroglioma,DNA Methylation,Methylation Beta Value,e82fce5c-3772-41c6-9128-6cb733c86ee9,afd02ce7-8542-4fa0-b4a7-9479b2ebfc70.methylation_array.sesame.level3betas.txt,1,1
TCGA-HT-7687oligodendroglioma,Proteome Profiling,Protein Expression Quantification,bade15c8-f986-4560-8a43-22642783d398,TCGA-HT-7687-01A-21-A29Y-20_RPPA_data.tsv,1,1
TCGA-HT-7687oligodendroglioma,Simple Nucleotide Variation,Masked Somatic Mutation,b9a62ca7-3468-4c34-8acd-e2022f92effe,fdfd6eba-f46a-482b-a3f0-04277ac04a37.wxs.aliquot_ensemble_masked.maf,1,1
TCGA-HT-7687oligodendroglioma,Transcriptome Profiling,Gene Expression Quantification,3307a47a-845c-4c0c-8d0e-48b94a374ca0,88350959-6c67-47a9-b875-161f94931ba1.rna_seq.augmented_star_gene_counts.tsv,1,1
TCGA-HT-7687oligodendroglioma,Transcriptome Profiling,miRNA Expression Quantification,67e37ba5-7740-46ea-a616-82115c3f94e5,b19f1e77-c498-455f-ac66-eaaad3a9290c.mirbase21.mirnas.quantification.txt,1,1
TCGA-HT-7688oligodendroglioma,Copy Number Variation,Gene Level Copy Number,"93177155-a521-4d85-9bc8-f357f206815c,a21657f5-7bf1-4bc4-99b0-b740a0cd831d,9c21e9c5-000d-47fe-bfd0-ec8d4b70d2a9","TCGA-LGG.0be271b0-0c94-4bdf-a164-b799d14a7421.absolute_liftover.gene_level_copy_number.v36.tsv,TCGA-LGG.0be271b0-0c94-4bdf-a164-b799d14a7421.gene_level_copy_number.v36.tsv,TCGA-LGG.0be271b0-0c94-4bdf-a164-b799d14a7421.ascat3.gene_level_copy_number.v36.tsv",3,3
TCGA-HT-7688oligodendroglioma,DNA Methylation,Methylation Beta Value,2eebe643-837b-4a26-a9db-c3dd394c6fae,5c983ad5-a058-429c-a614-ca69e4e209ae.methylation_array.sesame.level3betas.txt,1,1
TCGA-HT-7688oligodendroglioma,Proteome Profiling,Protein Expression Quantification,67decdd2-604c-4769-b533-ca4cc4a5e244,TCGA-HT-7688-01A-21-A29X-20_RPPA_data.tsv,1,1
TCGA-HT-7688oligodendroglioma,Simple Nucleotide Variation,Masked Somatic Mutation,396af906-e4a6-4f2d-addf-1ab6e0381064,7e9fbdb5-a9e3-4216-a837-5285f64ec22d.wxs.aliquot_ensemble_masked.maf,1,1
TCGA-HT-7688oligodendroglioma,Transcriptome Profiling,Gene Expression Quantification,cf0b5536-779c-45fc-9286-d5eedf81ff5f,b73f94fb-7d43-42d4-b9cb-1e15198f0d25.rna_seq.augmented_star_gene_counts.tsv,1,1
TCGA-HT-7688oligodendroglioma,Transcriptome Profiling,miRNA Expression Quantification,4c542a6d-aa69-4a29-aa84-be090b224064,abc5f658-a3a4-4427-bbd6-c141b8acf042.mirbase21.mirnas.quantification.txt,1,1
TCGA-HT-7694oligodendroglioma,Copy Number Variation,Gene Level Copy Number,"08eb54de-1a9e-4c15-9df8-bd764216720e,5af2dc4a-33d4-431d-b77f-c79176846fa9,a1874bd5-e7ca-4b1b-ae73-2e6bfc236ad7","TCGA-LGG.ee1da0d1-7b9e-4eb4-928f-c36821835def.ascat3.gene_level_copy_number.v36.tsv,TCGA-LGG.ee1da0d1-7b9e-4eb4-928f-c36821835def.absolute_liftover.gene_level_copy_number.v36.tsv,TCGA-LGG.ee1da0d1-7b9e-4eb4-928f-c36821835def.gene_level_copy_number.v36.tsv",3,3
TCGA-HT-7694oligodendroglioma,DNA Methylation,Methylation Beta Value,dd0cd976-5d50-402d-862b-aa33a9a56a27,ffb73759-5463-40a6-837b-eac7dd76a991.methylation_array.sesame.level3betas.txt,1,1
TCGA-HT-7694oligodendroglioma,Proteome Profiling,Protein Expression Quantification,c111d7ee-c59f-499a-b7bd-57a3cd91192b,TCGA-HT-7694-01A-21-A29Y-20_RPPA_data.tsv,1,1
TCGA-HT-7694oligodendroglioma,Simple Nucleotide Variation,Masked Somatic Mutation,7e909472-3f0d-442e-b51e-6669e5c77cc3,d6c30639-d90d-4898-b80a-00ac8e989380.wxs.aliquot_ensemble_masked.maf,1,1
TCGA-HT-7694oligodendroglioma,Transcriptome Profiling,Gene Expression Quantification,197da8d8-fb90-4d07-9170-0fe7560a5ffa,01b4d35e-3d98-4204-b8b2-8a79b6812062.rna_seq.augmented_star_gene_counts.tsv,1,1
TCGA-HT-7694oligodendroglioma,Transcriptome Profiling,miRNA Expression Quantification,674e588c-f716-48e4-baf6-64ebdbe8ad25,d1aef792-44d3-407f-9a1c-350379b725ce.mirbase21.mirnas.quantification.txt,1,1
TCGA-HT-7856oligodendroglioma,Copy Number Variation,Gene Level Copy Number,"2686919c-e748-49fe-9a4e-a650de056705,690f4295-d447-4cd6-a0bb-cbcf7599df4e,ac421634-a9d2-4289-9edb-c2877b5b975d","TCGA-LGG.98dc8ec4-0b7c-4f71-b26c-3a98e48dad97.absolute_liftover.gene_level_copy_number.v36.tsv,TCGA-LGG.98dc8ec4-0b7c-4f71-b26c-3a98e48dad97.ascat3.gene_level_copy_number.v36.tsv,TCGA-LGG.98dc8ec4-0b7c-4f71-b26c-3a98e48dad97.gene_level_copy_number.v36.tsv",3,3
TCGA-HT-7856oligodendroglioma,DNA Methylation,Methylation Beta Value,4e3415db-0a2f-4c68-9351-cf6932f35a9c,1c8386fe-ba1a-4d5b-84f5-ea6fec904fbb.methylation_array.sesame.level3betas.txt,1,1
TCGA-HT-7856oligodendroglioma,Proteome Profiling,Protein Expression Quantification,deb2bd70-2f95-463f-bf12-20e0ca2d16e8,TCGA-HT-7856-01A-21-A29Y-20_RPPA_data.tsv,1,1
TCGA-HT-7856oligodendroglioma,Simple Nucleotide Variation,Masked Somatic Mutation,7a2de335-986a-4e48-9fd5-0cedd1a5eb5f,50e3c1bf-aa1e-47d7-a655-4956ed6eb581.wxs.aliquot_ensemble_masked.maf,1,1
TCGA-HT-7856oligodendroglioma,Transcriptome Profiling,Gene Expression Quantification,690c6ed8-034c-4cd5-8492-ad48d4194b0e,9252a9f4-b138-4f2a-9787-c6ca0071356d.rna_seq.augmented_star_gene_counts.tsv,1,1
TCGA-HT-7856oligodendroglioma,Transcriptome Profiling,miRNA Expression Quantification,5a857158-9b0a-4b72-b07e-34aeafa61d7a,b955d22c-1caf-40de-9220-1e4d54608d88.mirbase21.mirnas.quantification.txt,1,1
TCGA-HT-7874oligodendroglioma,Copy Number Variation,Gene Level Copy Number,"d537d58e-40c5-4fd9-b43d-a5dc7c9a3747,78c77cb5-ef4c-415f-9965-9b0cd9356168,9a1a0046-4d1b-4a79-8b6b-8146f08098e8","TCGA-LGG.a97f0605-5345-486c-abf5-09e35215a87d.absolute_liftover.gene_level_copy_number.v36.tsv,TCGA-LGG.a97f0605-5345-486c-abf5-09e35215a87d.ascat3.gene_level_copy_number.v36.tsv,TCGA-LGG.a97f0605-5345-486c-abf5-09e35215a87d.gene_level_copy_number.v36.tsv",3,3
TCGA-HT-7874oligodendroglioma,DNA Methylation,Methylation Beta Value,70aade5f-187e-4500-87df-f9996424de7d,241648ce-443d-440e-8dee-f1d497306c99.methylation_array.sesame.level3betas.txt,1,1
TCGA-HT-7874oligodendroglioma,Proteome Profiling,Protein Expression Quantification,d1f98925-4441-4be4-bdcf-e0d3035cd0c8,TCGA-HT-7874-01A-21-A29Y-20_RPPA_data.tsv,1,1
TCGA-HT-7874oligodendroglioma,Simple Nucleotide Variation,Masked Somatic Mutation,4e0e12e0-58d7-4be8-bcac-54b069aee87b,077c243a-d4a2-462d-ac2e-25e0fee9d200.wxs.aliquot_ensemble_masked.maf,1,1
TCGA-HT-7874oligodendroglioma,Transcriptome Profiling,Gene Expression Quantification,3eb4fd25-65ee-42a7-aaf1-46c3371b8d59,59fc94d0-80d5-491b-90c2-cd1014b10bf7.rna_seq.augmented_star_gene_counts.tsv,1,1
TCGA-HT-7874oligodendroglioma,Transcriptome Profiling,miRNA Expression Quantification,ee637669-51e5-4aca-b07c-6fc0554ba7e3,cb157bf8-7e87-4423-9c47-3a7cc32feeea.mirbase21.mirnas.quantification.txt,1,1
TCGA-HT-7882oligodendroglioma,Copy Number Variation,Gene Level Copy Number,"2413905d-3a2c-4dc4-939a-19a23b5def7b,9930839e-f995-4cb7-a5e4-96806370ec79,b5327ace-e792-40ac-afa7-1a46b3c1c865","TCGA-LGG.4ebb6f35-876b-4681-a8d7-7a190af068c0.gene_level_copy_number.v36.tsv,TCGA-LGG.4ebb6f35-876b-4681-a8d7-7a190af068c0.absolute_liftover.gene_level_copy_number.v36.tsv,TCGA-LGG.4ebb6f35-876b-4681-a8d7-7a190af068c0.ascat3.gene_level_copy_number.v36.tsv",3,3
TCGA-HT-7882oligodendroglioma,DNA Methylation,Methylation Beta Value,5edb223c-0576-43f4-9b4f-d7816b01b28a,a56e2d75-a386-4ca1-8fe8-0e8f43f2541b.methylation_array.sesame.level3betas.txt,1,1
TCGA-HT-7882oligodendroglioma,Proteome Profiling,Protein Expression Quantification,aed72f65-d81a-4068-be5b-07704488146e,TCGA-HT-7882-01A-21-A29Y-20_RPPA_data.tsv,1,1
TCGA-HT-7882oligodendroglioma,Simple Nucleotide Variation,Masked Somatic Mutation,4b2c4ba7-48fd-475a-baa1-814ee93001b7,5c37df9e-30ff-4f27-86ab-77ec3e6f1d86.wxs.aliquot_ensemble_masked.maf,1,1
TCGA-HT-7882oligodendroglioma,Transcriptome Profiling,Gene Expression Quantification,3914e701-be71-4537-aa41-aadca2a9228c,77d05e76-bdff-4082-bb39-246feb0950dc.rna_seq.augmented_star_gene_counts.tsv,1,1
TCGA-HT-7882oligodendroglioma,Transcriptome Profiling,miRNA Expression Quantification,fc9d33e4-26d8-460b-9022-432fe38007a6,c496a0ec-3179-4ec7-983f-5c71e9bf4ced.mirbase21.mirnas.quantification.txt,1,1
TCGA-HT-8019oligodendroglioma,Copy Number Variation,Gene Level Copy Number,"881ef908-ee95-45f0-9b5d-92319a76fa57,c2b706e0-82db-43e1-82f1-f8cd36f197c9","TCGA-LGG.e2f2232a-896b-4930-ad62-72176c17ad3f.gene_level_copy_number.v36.tsv,TCGA-LGG.e2f2232a-896b-4930-ad62-72176c17ad3f.ascat3.gene_level_copy_number.v36.tsv",2,2
TCGA-HT-8019oligodendroglioma,DNA Methylation,Methylation Beta Value,cfc09ab0-b3b7-4358-8755-86bb0852ddba,6f20edcc-1d24-442d-94d8-dce7ae80214e.methylation_array.sesame.level3betas.txt,1,1
TCGA-HT-8019oligodendroglioma,Proteome Profiling,Protein Expression Quantification,ed20dadd-249c-4d9a-8415-f8856745628c,TCGA-HT-8019-01A-11-A29Y-20_RPPA_data.tsv,1,1
TCGA-HT-8019oligodendroglioma,Simple Nucleotide Variation,Masked Somatic Mutation,7f80c00a-58e5-457b-8a43-98828b769127,a48b4ac6-c484-437a-8440-a6ffaf34544a.wxs.aliquot_ensemble_masked.maf,1,1
TCGA-HT-8019oligodendroglioma,Transcriptome Profiling,Gene Expression Quantification,bc9a5ab1-fb9c-4fc9-949a-34574c15d475,4d72196f-5827-4ff1-b5da-f47946945de0.rna_seq.augmented_star_gene_counts.tsv,1,1
TCGA-HT-8019oligodendroglioma,Transcriptome Profiling,miRNA Expression Quantification,6674f3cd-871f-4253-b31d-66da4ab32ab9,7e8ca2a6-7a3a-4c8e-8cac-1b0da69c0594.mirbase21.mirnas.quantification.txt,1,1
TCGA-HT-8105oligodendroglioma,Copy Number Variation,Gene Level Copy Number,"869f8651-8f5d-458f-9b01-4fd7ef3cb878,6d17a068-8aaa-492c-adf1-751f024c7645,ec2851f5-051a-47af-bd63-b9d513df332f","TCGA-LGG.82b9e1e2-a6c2-46fb-b0f0-9cfaeff1bfda.absolute_liftover.gene_level_copy_number.v36.tsv,TCGA-LGG.82b9e1e2-a6c2-46fb-b0f0-9cfaeff1bfda.ascat3.gene_level_copy_number.v36.tsv,TCGA-LGG.82b9e1e2-a6c2-46fb-b0f0-9cfaeff1bfda.gene_level_copy_number.v36.tsv",3,3
TCGA-HT-8105oligodendroglioma,DNA Methylation,Methylation Beta Value,96605b75-5193-4750-a006-24a7d85ce544,7ef18678-66e5-473d-b181-a749085edd0e.methylation_array.sesame.level3betas.txt,1,1
TCGA-HT-8105oligodendroglioma,Proteome Profiling,Protein Expression Quantification,657a774b-80e6-4b4c-8483-84ebd1c38d77,TCGA-HT-8105-01A-21-A29Z-20_RPPA_data.tsv,1,1
TCGA-HT-8105oligodendroglioma,Simple Nucleotide Variation,Masked Somatic Mutation,1e34e8b7-1839-4026-b9a0-02bffcf151f1,57d5ea0c-3757-47d7-a4dc-773c19ab6e7c.wxs.aliquot_ensemble_masked.maf,1,1
TCGA-HT-8105oligodendroglioma,Transcriptome Profiling,Gene Expression Quantification,8184059f-1889-41da-8a3b-b1a65c2217f0,2bff4b49-c2f0-4fba-8071-8c7c0f7a950e.rna_seq.augmented_star_gene_counts.tsv,1,1
TCGA-HT-8105oligodendroglioma,Transcriptome Profiling,miRNA Expression Quantification,14c75562-be1e-4e50-b34b-ec8d14ec53b4,985978ef-c56a-4cdb-8420-a2d519bf1750.mirbase21.mirnas.quantification.txt,1,1
TCGA-HT-8109oligodendroglioma,Copy Number Variation,Gene Level Copy Number,"058bfc68-9c75-4c7f-8db6-9a130e9c277c,451c9101-4dbe-4de0-9c48-bf70af517936,9a851fec-9f73-4012-b2ae-a0dea239bf3a","TCGA-LGG.f103dcd7-3cf5-4fe2-aa82-ee3801e9cdd6.ascat3.gene_level_copy_number.v36.tsv,TCGA-LGG.f103dcd7-3cf5-4fe2-aa82-ee3801e9cdd6.absolute_liftover.gene_level_copy_number.v36.tsv,TCGA-LGG.f103dcd7-3cf5-4fe2-aa82-ee3801e9cdd6.gene_level_copy_number.v36.tsv",3,3
TCGA-HT-8109oligodendroglioma,DNA Methylation,Methylation Beta Value,9dcbf580-7275-4627-8793-979f165ad86b,9ebd2924-103e-418e-83fb-7ccbd94baf41.methylation_array.sesame.level3betas.txt,1,1
TCGA-HT-8109oligodendroglioma,Proteome Profiling,Protein Expression Quantification,adb13711-ac0c-463f-a345-90acceec78c0,TCGA-HT-8109-01A-21-A29Z-20_RPPA_data.tsv,1,1
TCGA-HT-8109oligodendroglioma,Simple Nucleotide Variation,Masked Somatic Mutation,f23adfda-8aad-46e6-b430-c2467bd2610a,7e0d3a5f-3223-4c1d-af1c-394a1f78dd4d.wxs.aliquot_ensemble_masked.maf,1,1
TCGA-HT-8109oligodendroglioma,Transcriptome Profiling,Gene Expression Quantification,fb0d1a45-9afa-40ad-b8d6-051a0e32c7e4,848fab56-f00c-4e08-b86c-11d48125b094.rna_seq.augmented_star_gene_counts.tsv,1,1
TCGA-HT-8109oligodendroglioma,Transcriptome Profiling,miRNA Expression Quantification,d698c536-0473-46f6-8a03-1c0e719a8bf4,06aad965-2ce8-442d-99f3-750e0f23f985.mirbase21.mirnas.quantification.txt,1,1
TCGA-HT-A4DVoligodendroglioma,Copy Number Variation,Gene Level Copy Number,161c6d1e-6204-4804-b46b-85f51a840e4e,TCGA-LGG.15a111c4-d61b-4df1-8c31-c96edbf2f10d.gene_level_copy_number.v36.tsv,1,1
TCGA-HT-A4DVoligodendroglioma,DNA Methylation,Methylation Beta Value,77eac428-b47c-4fbc-b3a3-7c4ab4e18f9a,6fb011d9-7ee3-4e2f-b4e9-35501cbe4d8d.methylation_array.sesame.level3betas.txt,1,1
TCGA-HT-A4DVoligodendroglioma,Proteome Profiling,Protein Expression Quantification,80ea06a6-5ff3-454e-ba39-01641a2d413f,TCGA-HT-A4DV-01A-21-A29Y-20_RPPA_data.tsv,1,1
TCGA-HT-A4DVoligodendroglioma,Simple Nucleotide Variation,Masked Somatic Mutation,ff7e455d-e463-4fa2-98e3-ba873ae24d73,18ef87a9-b61f-4ce2-ba39-46472001ffc1.wxs.aliquot_ensemble_masked.maf,1,1
TCGA-HT-A4DVoligodendroglioma,Transcriptome Profiling,Gene Expression Quantification,f66d2f11-b3c9-495e-839f-6f364e5b7d69,10b88a94-0910-4af9-af4b-3c4c26b279c7.rna_seq.augmented_star_gene_counts.tsv,1,1
TCGA-HT-A4DVoligodendroglioma,Transcriptome Profiling,miRNA Expression Quantification,ecb4e73b-7123-40d9-b45a-019f6fb6a111,65dec381-c335-4a98-8c8a-aede84741023.mirbase21.mirnas.quantification.txt,1,1
TCGA-HT-A5R9oligodendroglioma,Copy Number Variation,Gene Level Copy Number,"bcea4164-4bbd-442f-aa40-d07dff5392b2,03928f64-2c15-4a6c-a08c-195ea4dcdb99,e3c3f9a5-5e56-4832-a107-7191b096559e","TCGA-LGG.cb4f1a3d-eae5-48f9-bf05-8a77b71e407e.gene_level_copy_number.v36.tsv,TCGA-LGG.cb4f1a3d-eae5-48f9-bf05-8a77b71e407e.absolute_liftover.gene_level_copy_number.v36.tsv,TCGA-LGG.cb4f1a3d-eae5-48f9-bf05-8a77b71e407e.ascat3.gene_level_copy_number.v36.tsv",3,3
TCGA-HT-A5R9oligodendroglioma,DNA Methylation,Methylation Beta Value,f140ffc8-4d25-4e4c-8c99-0d46d1d45511,e2c88b93-a6db-4b49-9c72-2bfe8878c444.methylation_array.sesame.level3betas.txt,1,1
TCGA-HT-A5R9oligodendroglioma,Proteome Profiling,Protein Expression Quantification,7b69435a-8926-4be7-a17f-d8baebbb6e78,TCGA-HT-A5R9-01A-21-A29Z-20_RPPA_data.tsv,1,1
TCGA-HT-A5R9oligodendroglioma,Simple Nucleotide Variation,Masked Somatic Mutation,47db1a3f-935f-4f16-80e3-29b7e6ccf38e,3a5b58f2-7f33-423d-bd09-0ee243c0960c.wxs.aliquot_ensemble_masked.maf,1,1
TCGA-HT-A5R9oligodendroglioma,Transcriptome Profiling,Gene Expression Quantification,c42b5736-d339-4b29-9e0e-ce239a9f89dd,36df1baa-1477-4192-a6f1-51585f29f6b2.rna_seq.augmented_star_gene_counts.tsv,1,1
TCGA-HT-A5R9oligodendroglioma,Transcriptome Profiling,miRNA Expression Quantification,fb2f5e80-ca8b-49f7-8680-8aa3cf6ed976,93bb0dd2-4551-4d8a-85da-43696289bf62.mirbase21.mirnas.quantification.txt,1,1
TCGA-HT-A619oligodendroglioma,Copy Number Variation,Gene Level Copy Number,"3d8b808d-4124-4f05-9fa5-9d4a2c87e59d,cc877fac-9de5-4b20-85ea-3b7655a61c51,76b7d6be-86f2-4d78-a757-6d4c2f48b2f5","TCGA-LGG.84f91bec-caa1-46f9-ba4b-dcb0e8a432c3.gene_level_copy_number.v36.tsv,TCGA-LGG.84f91bec-caa1-46f9-ba4b-dcb0e8a432c3.ascat3.gene_level_copy_number.v36.tsv,TCGA-LGG.84f91bec-caa1-46f9-ba4b-dcb0e8a432c3.absolute_liftover.gene_level_copy_number.v36.tsv",3,3
TCGA-HT-A619oligodendroglioma,DNA Methylation,Methylation Beta Value,8b1e04c8-1b7d-4044-8db0-5dea5b3984ac,65b856e7-7735-4f95-8641-643661a57ff7.methylation_array.sesame.level3betas.txt,1,1
TCGA-HT-A619oligodendroglioma,Proteome Profiling,Protein Expression Quantification,5745b7ea-8348-42ab-9546-31439b73ed90,TCGA-HT-A619-01A-21-A44D-20_RPPA_data.tsv,1,1
TCGA-HT-A619oligodendroglioma,Simple Nucleotide Variation,Masked Somatic Mutation,64d66db6-6793-42d3-8f24-12fafe59374e,9ce94c8f-80c6-4e91-b0f9-3cd7e972ef97.wxs.aliquot_ensemble_masked.maf,1,1
TCGA-HT-A619oligodendroglioma,Transcriptome Profiling,Gene Expression Quantification,0fc1b0dd-0211-4a5c-a4dc-b73b3754dfb7,cfc94988-f463-4d29-8c4b-96106607e7f7.rna_seq.augmented_star_gene_counts.tsv,1,1
TCGA-HT-A619oligodendroglioma,Transcriptome Profiling,miRNA Expression Quantification,1267c9cc-d74f-412d-8e4b-08ef75f83dc6,ab46ba2d-8d46-42cb-a199-015cd7cec170.mirbase21.mirnas.quantification.txt,1,1
TCGA-HT-A61Coligodendroglioma,Copy Number Variation,Gene Level Copy Number,"b0f42f31-9405-4cef-b871-4837c987b67a,0d566d88-1369-4d40-89be-1d14e9c55389,5d3395ce-1fc6-4434-91e7-1ee7a5d7e4fa","TCGA-LGG.8c649dae-06f4-4d3d-96ad-5afb3ae2b6f6.gene_level_copy_number.v36.tsv,TCGA-LGG.8c649dae-06f4-4d3d-96ad-5afb3ae2b6f6.absolute_liftover.gene_level_copy_number.v36.tsv,TCGA-LGG.8c649dae-06f4-4d3d-96ad-5afb3ae2b6f6.ascat3.gene_level_copy_number.v36.tsv",3,3
TCGA-HT-A61Coligodendroglioma,DNA Methylation,Methylation Beta Value,85294bdb-9894-4437-9849-f2027a484d52,9253c5e2-657c-472d-a5fb-3ad41e5bb217.methylation_array.sesame.level3betas.txt,1,1
TCGA-HT-A61Coligodendroglioma,Simple Nucleotide Variation,Masked Somatic Mutation,73061008-c053-44ea-be8f-4a25d623c274,f8b625a9-8477-4909-91f6-733887ed5923.wxs.aliquot_ensemble_masked.maf,1,1
TCGA-HT-A61Coligodendroglioma,Transcriptome Profiling,Gene Expression Quantification,4f293f23-1418-459d-8749-e0e7454f638d,8be5f4a4-8300-47ba-836f-9b89ddfe7451.rna_seq.augmented_star_gene_counts.tsv,1,1
TCGA-HT-A61Coligodendroglioma,Transcriptome Profiling,miRNA Expression Quantification,168a5eb9-660c-4f51-8db1-0d7325de8fe9,03f09e24-58d8-46da-b804-636249fffbac.mirbase21.mirnas.quantification.txt,1,1
TCGA-HT-A74Koligodendroglioma,Copy Number Variation,Gene Level Copy Number,"6eac236c-61cd-48c5-b73d-a73979a418d1,11505c7d-a949-40f5-a14b-da76f6822580,27167213-c6ef-4eef-b480-1345c0c3ffa7","TCGA-LGG.0a7229c7-e60f-44cc-9a56-31310e5839fb.ascat3.gene_level_copy_number.v36.tsv,TCGA-LGG.0a7229c7-e60f-44cc-9a56-31310e5839fb.absolute_liftover.gene_level_copy_number.v36.tsv,TCGA-LGG.0a7229c7-e60f-44cc-9a56-31310e5839fb.gene_level_copy_number.v36.tsv",3,3
TCGA-HT-A74Koligodendroglioma,DNA Methylation,Methylation Beta Value,bcc2919d-aec3-47e8-94bd-56e8ce18ca99,3ad9eaea-e448-4df4-a083-c5d3660e3694.methylation_array.sesame.level3betas.txt,1,1
TCGA-HT-A74Koligodendroglioma,Simple Nucleotide Variation,Masked Somatic Mutation,6130e9ab-675c-4304-be63-850b20fb0874,0cdf0b78-84e9-461e-b009-02769b776145.wxs.aliquot_ensemble_masked.maf,1,1
TCGA-HT-A74Koligodendroglioma,Transcriptome Profiling,Gene Expression Quantification,a58f3356-ee00-4705-b583-a68e683f6e8a,4652439d-2d5a-4ee5-add6-22ccf4b21c75.rna_seq.augmented_star_gene_counts.tsv,1,1
TCGA-HT-A74Koligodendroglioma,Transcriptome Profiling,miRNA Expression Quantification,4a27eed1-752c-4084-8159-db0604d57a5f,202f4be0-a37e-4412-95cf-a3611c76579d.mirbase21.mirnas.quantification.txt,1,1
TCGA-HW-A5KJoligodendroglioma,Copy Number Variation,Gene Level Copy Number,"91ce5ba9-bad2-47f9-862f-bbf35e90bd5e,fd9b4851-cce9-4c2a-93ce-8a23078703a4,b9b4a894-d59f-4f94-9061-356bad6b1096","TCGA-LGG.c8b03f25-82b6-4648-9273-75081aabf2d3.gene_level_copy_number.v36.tsv,TCGA-LGG.c8b03f25-82b6-4648-9273-75081aabf2d3.absolute_liftover.gene_level_copy_number.v36.tsv,TCGA-LGG.c8b03f25-82b6-4648-9273-75081aabf2d3.ascat3.gene_level_copy_number.v36.tsv",3,3
TCGA-HW-A5KJoligodendroglioma,DNA Methylation,Methylation Beta Value,9eef4ebc-dc6c-497a-8997-633eb2426040,68e6396b-0faf-4098-b129-5cd8391bc02e.methylation_array.sesame.level3betas.txt,1,1
TCGA-HW-A5KJoligodendroglioma,Proteome Profiling,Protein Expression Quantification,52eefd2f-307f-4ba4-a2bd-126339ee9dfe,TCGA-HW-A5KJ-01A-21-A29Y-20_RPPA_data.tsv,1,1
TCGA-HW-A5KJoligodendroglioma,Simple Nucleotide Variation,Masked Somatic Mutation,20882e6f-7242-471c-8e13-7173a307b6ed,ecf4bd96-8b72-4925-aca6-1a6a4a7adae5.wxs.aliquot_ensemble_masked.maf,1,1
TCGA-HW-A5KJoligodendroglioma,Transcriptome Profiling,Gene Expression Quantification,b7505999-5630-4683-8066-ec880aa863be,a2f60055-c152-45f4-883c-18f55baf5e90.rna_seq.augmented_star_gene_counts.tsv,1,1
TCGA-HW-A5KJoligodendroglioma,Transcriptome Profiling,miRNA Expression Quantification,cbd60d0e-300a-443e-9da9-99d80e87bb27,e7ef2fb0-fae3-4cb3-aeb0-f6e5a52eb4ca.mirbase21.mirnas.quantification.txt,1,1
TCGA-P5-A5EXoligodendroglioma,Copy Number Variation,Gene Level Copy Number,"4b47c8e1-191b-49ca-a87b-18eb09b4b3ef,f16b8c34-7be3-4af1-b859-9825753993a5,6f6da789-bdc2-4e5f-bb83-4c95f23f538b","TCGA-LGG.211a51e7-f575-49a9-9f2e-f45686534e50.absolute_liftover.gene_level_copy_number.v36.tsv,TCGA-LGG.211a51e7-f575-49a9-9f2e-f45686534e50.ascat3.gene_level_copy_number.v36.tsv,TCGA-LGG.211a51e7-f575-49a9-9f2e-f45686534e50.gene_level_copy_number.v36.tsv",3,3
TCGA-P5-A5EXoligodendroglioma,DNA Methylation,Methylation Beta Value,d508c8ac-8980-47fc-8008-7888f771ed94,fad66b6b-7210-40d8-a599-d378d1561e64.methylation_array.sesame.level3betas.txt,1,1
TCGA-P5-A5EXoligodendroglioma,Proteome Profiling,Protein Expression Quantification,1fd95860-7b48-4792-b505-2d90cb0fea94,TCGA-P5-A5EX-01A-21-A29Y-20_RPPA_data.tsv,1,1
TCGA-P5-A5EXoligodendroglioma,Simple Nucleotide Variation,Masked Somatic Mutation,e8c56c3e-e54d-4608-b130-2e4a06752b7f,7a5a398a-7ccb-4a34-8b23-05b250c31341.wxs.aliquot_ensemble_masked.maf,1,1
TCGA-P5-A5EXoligodendroglioma,Transcriptome Profiling,Gene Expression Quantification,ad27802e-0364-4c3e-805c-7c923733b94c,07291f39-2bc0-47a1-a044-4fa5094e97fc.rna_seq.augmented_star_gene_counts.tsv,1,1
TCGA-P5-A5EXoligodendroglioma,Transcriptome Profiling,miRNA Expression Quantification,1cdf6a0a-1750-41fc-a41c-e2bf31eef2ed,d6a54551-f19a-4d86-a9c1-28fe3985e027.mirbase21.mirnas.quantification.txt,1,1
TCGA-P5-A5F4oligodendroglioma,Copy Number Variation,Gene Level Copy Number,"7c25f825-1ba4-4947-b05b-a396b67a1727,38292fc6-3590-4397-965a-32b4af2f48fc,2fbfebf1-fbc5-44e3-8b3f-6a489af439dd","TCGA-LGG.b1f09ffb-2b37-46dc-8391-f21447415b3f.ascat3.gene_level_copy_number.v36.tsv,TCGA-LGG.b1f09ffb-2b37-46dc-8391-f21447415b3f.absolute_liftover.gene_level_copy_number.v36.tsv,TCGA-LGG.b1f09ffb-2b37-46dc-8391-f21447415b3f.gene_level_copy_number.v36.tsv",3,3
TCGA-P5-A5F4oligodendroglioma,DNA Methylation,Methylation Beta Value,773e56ef-d094-46e4-a9e6-cf1685d767bb,80be5a6c-34c5-426a-bed5-54f4677214c2.methylation_array.sesame.level3betas.txt,1,1
TCGA-P5-A5F4oligodendroglioma,Proteome Profiling,Protein Expression Quantification,0585e813-0a52-460c-899e-cd8cfff92f47,TCGA-P5-A5F4-01A-21-A29Y-20_RPPA_data.tsv,1,1
TCGA-P5-A5F4oligodendroglioma,Simple Nucleotide Variation,Masked Somatic Mutation,22b74c72-21d6-4d7f-b754-4de3c1fef30c,e0a3ec6a-4fb4-463d-9d9c-16a0f9d25846.wxs.aliquot_ensemble_masked.maf,1,1
TCGA-P5-A5F4oligodendroglioma,Transcriptome Profiling,Gene Expression Quantification,67921546-40cb-46d4-95df-0307e664a097,9ae0538e-74ab-47a7-a4b9-ff91e26df749.rna_seq.augmented_star_gene_counts.tsv,1,1
TCGA-P5-A5F4oligodendroglioma,Transcriptome Profiling,miRNA Expression Quantification,704e2990-43d0-4e62-9159-defb0193da2e,c5faa40b-358d-48c2-add8-742659363ab1.mirbase21.mirnas.quantification.txt,1,1
TCGA-P5-A72Uoligodendroglioma,Copy Number Variation,Gene Level Copy Number,"a23c664e-07c8-44fc-bf25-c4774c75048e,c34a568a-02db-49d4-8bb3-60d4f8dad508","TCGA-LGG.590563a8-91cb-423d-a5ad-15e2ab47aeba.absolute_liftover.gene_level_copy_number.v36.tsv,TCGA-LGG.590563a8-91cb-423d-a5ad-15e2ab47aeba.gene_level_copy_number.v36.tsv",2,2
TCGA-P5-A72Uoligodendroglioma,DNA Methylation,Methylation Beta Value,75c65ab2-d669-4b0c-bb76-a3f08f250b3c,94084d08-b883-4533-b87f-efa6151e74a4.methylation_array.sesame.level3betas.txt,1,1
TCGA-P5-A72Uoligodendroglioma,Proteome Profiling,Protein Expression Quantification,b8ec323d-3fef-43a1-8de9-783d363556e1,TCGA-P5-A72U-01A-21-A44D-20_RPPA_data.tsv,1,1
TCGA-P5-A72Uoligodendroglioma,Simple Nucleotide Variation,Masked Somatic Mutation,7c556016-d099-40e4-bd65-cd83d9635bcf,a5aa713b-be0e-43c9-b5f0-154c28e02499.wxs.aliquot_ensemble_masked.maf,1,1
TCGA-P5-A72Uoligodendroglioma,Transcriptome Profiling,Gene Expression Quantification,dc356a7f-f87b-4e8f-80b7-a81a515b3258,8f74e0de-6c30-45a9-beba-df80084df122.rna_seq.augmented_star_gene_counts.tsv,1,1
TCGA-P5-A72Uoligodendroglioma,Transcriptome Profiling,miRNA Expression Quantification,56a62265-6634-4559-83f0-b270fe08dbd9,9ed38c74-7178-46f5-b52e-aec586e7b69a.mirbase21.mirnas.quantification.txt,1,1
TCGA-P5-A72Zoligodendroglioma,Copy Number Variation,Gene Level Copy Number,"eb47606b-4675-408e-b3a5-b7fb757d1fcf,b09ec268-f1e8-4d71-9e6b-c0b224bdb075,70f81d15-5f27-449b-b4e9-7b0e95e12ce6","TCGA-LGG.01581450-af5c-4bde-af39-442af7948b78.gene_level_copy_number.v36.tsv,TCGA-LGG.01581450-af5c-4bde-af39-442af7948b78.absolute_liftover.gene_level_copy_number.v36.tsv,TCGA-LGG.01581450-af5c-4bde-af39-442af7948b78.ascat3.gene_level_copy_number.v36.tsv",3,3
TCGA-P5-A72Zoligodendroglioma,DNA Methylation,Methylation Beta Value,f46faee4-2c3a-495c-951f-06a05a055a21,5f064d9e-9bf2-4272-8269-7ece32c19254.methylation_array.sesame.level3betas.txt,1,1
TCGA-P5-A72Zoligodendroglioma,Proteome Profiling,Protein Expression Quantification,8d14bfaf-44eb-4700-a61e-c0c71bb5b66c,TCGA-P5-A72Z-01A-21-A44D-20_RPPA_data.tsv,1,1
TCGA-P5-A72Zoligodendroglioma,Simple Nucleotide Variation,Masked Somatic Mutation,6faea6e7-4daf-44b8-93ef-a4992653cdeb,d3488c0c-bf50-4061-8211-3e90586531e8.wxs.aliquot_ensemble_masked.maf,1,1
TCGA-P5-A72Zoligodendroglioma,Transcriptome Profiling,Gene Expression Quantification,bab7a25b-5297-4c02-bd50-3cd0b5a6e086,0d07b73c-0028-440c-bcc4-c9fed4a143ce.rna_seq.augmented_star_gene_counts.tsv,1,1
TCGA-P5-A72Zoligodendroglioma,Transcriptome Profiling,miRNA Expression Quantification,4f1a1951-bfa8-41db-b5cf-b2ff01411de4,18ad1e97-fe22-4e1d-9c32-2e24f1919107.mirbase21.mirnas.quantification.txt,1,1
TCGA-QH-A65Roligodendroglioma,Copy Number Variation,Gene Level Copy Number,"09b2dbbc-91de-49dc-aa12-4c2b1195247f,6021324b-3ec3-4ead-b52b-a815796b14fc,1fa6cbe8-cc76-4053-8728-05fc87cbda9a","TCGA-LGG.600505ca-0a03-4881-b7db-760392b013a2.ascat3.gene_level_copy_number.v36.tsv,TCGA-LGG.600505ca-0a03-4881-b7db-760392b013a2.gene_level_copy_number.v36.tsv,TCGA-LGG.600505ca-0a03-4881-b7db-760392b013a2.absolute_liftover.gene_level_copy_number.v36.tsv",3,3
TCGA-QH-A65Roligodendroglioma,DNA Methylation,Methylation Beta Value,9574d1d1-5977-43d9-8c28-4c7d14db30d7,800f30ee-1f25-4c9e-ba01-5344a7fb5e4b.methylation_array.sesame.level3betas.txt,1,1
TCGA-QH-A65Roligodendroglioma,Simple Nucleotide Variation,Masked Somatic Mutation,ba43b85e-5dae-464b-b1fd-a85eed7aecf8,feb92bc0-4703-4cf2-9270-4a92c496ab76.wxs.aliquot_ensemble_masked.maf,1,1
TCGA-QH-A65Roligodendroglioma,Transcriptome Profiling,Gene Expression Quantification,53c61db2-c20d-47f8-9e81-eaa0eac92e78,5dbffdf0-56b5-404d-b008-bae22fc81bcd.rna_seq.augmented_star_gene_counts.tsv,1,1
TCGA-QH-A65Roligodendroglioma,Transcriptome Profiling,miRNA Expression Quantification,6143d0ef-6fe2-4e6a-aca2-69883ea3072c,1540aab3-94fc-4b19-b9fb-35edb8861333.mirbase21.mirnas.quantification.txt,1,1
TCGA-QH-A6CUoligodendroglioma,Copy Number Variation,Gene Level Copy Number,"9417651f-9fc2-4aaa-bbde-746ae70b7c99,199cfdfc-5a80-4fc0-8412-aad6e72773fa,04b717ca-f0a8-4415-9f26-f497e4db428a","TCGA-LGG.8b7eb1bf-ffa0-469c-86cd-31d5c26f2f7c.gene_level_copy_number.v36.tsv,TCGA-LGG.8b7eb1bf-ffa0-469c-86cd-31d5c26f2f7c.absolute_liftover.gene_level_copy_number.v36.tsv,TCGA-LGG.8b7eb1bf-ffa0-469c-86cd-31d5c26f2f7c.ascat3.gene_level_copy_number.v36.tsv",3,3
TCGA-QH-A6CUoligodendroglioma,DNA Methylation,Methylation Beta Value,f625dcb1-d542-4754-991f-27f301a05a79,8ec73e16-1a4c-4f22-8d38-3fb72009cb4e.methylation_array.sesame.level3betas.txt,1,1
TCGA-QH-A6CUoligodendroglioma,Proteome Profiling,Protein Expression Quantification,e813ee39-0911-4339-ae77-6d82ddd56551,TCGA-QH-A6CU-01A-21-A44C-20_RPPA_data.tsv,1,1
TCGA-QH-A6CUoligodendroglioma,Simple Nucleotide Variation,Masked Somatic Mutation,ede95810-e0ee-4d3b-959d-6653b0ff8844,30e5682e-bc8b-4c6c-9b11-cbd3d0c29bf2.wxs.aliquot_ensemble_masked.maf,1,1
TCGA-QH-A6CUoligodendroglioma,Transcriptome Profiling,Gene Expression Quantification,02c69ef2-120a-40df-9f8a-b1429e89b675,e0f3f77b-9fa3-470e-8900-eda1f429bb0f.rna_seq.augmented_star_gene_counts.tsv,1,1
TCGA-QH-A6CUoligodendroglioma,Transcriptome Profiling,miRNA Expression Quantification,cb7a370d-5a42-4112-a917-f77f6d77deb2,fc5cce4c-a03d-40ee-8433-21d78b29f0b0.mirbase21.mirnas.quantification.txt,1,1
TCGA-QH-A6X8oligodendroglioma,Copy Number Variation,Gene Level Copy Number,"cdf674fa-4af9-4371-b72c-d481875a1e02,3306e99f-4333-42a1-83f2-0afb5fa3d872,4915183e-6664-4b81-999c-6e710a6a9a42","TCGA-LGG.e9c3cb6f-bd18-4723-a641-352dee9b0b79.absolute_liftover.gene_level_copy_number.v36.tsv,TCGA-LGG.e9c3cb6f-bd18-4723-a641-352dee9b0b79.gene_level_copy_number.v36.tsv,TCGA-LGG.e9c3cb6f-bd18-4723-a641-352dee9b0b79.ascat3.gene_level_copy_number.v36.tsv",3,3
TCGA-QH-A6X8oligodendroglioma,DNA Methylation,Methylation Beta Value,1610bec0-fb50-472a-a62a-12d963a1779a,7551de4f-93c6-4799-bd6e-427510027499.methylation_array.sesame.level3betas.txt,1,1
TCGA-QH-A6X8oligodendroglioma,Proteome Profiling,Protein Expression Quantification,07775261-7237-415f-8aec-9b1bb2979327,TCGA-QH-A6X8-01A-21-A44C-20_RPPA_data.tsv,1,1
TCGA-QH-A6X8oligodendroglioma,Simple Nucleotide Variation,Masked Somatic Mutation,9b09f6be-076c-4e4c-a6f5-47bca86735a4,d8195ee0-dc9b-4e06-b4b1-85c9e6d1f232.wxs.aliquot_ensemble_masked.maf,1,1
TCGA-QH-A6X8oligodendroglioma,Transcriptome Profiling,Gene Expression Quantification,febf694d-811a-4fcd-b498-e9451fdc0d4e,eef3ce5b-8f0a-4ffa-936f-acd6ec32f7bd.rna_seq.augmented_star_gene_counts.tsv,1,1
TCGA-QH-A6X8oligodendroglioma,Transcriptome Profiling,miRNA Expression Quantification,4ba0980f-f16b-499a-aaa7-d6d25dd0749f,35e8310e-7a94-4279-97ab-f2d6978f36de.mirbase21.mirnas.quantification.txt,1,1
TCGA-R8-A6MLoligodendroglioma,Copy Number Variation,Gene Level Copy Number,"7336c7a9-51e0-41e1-af5c-4754ed91093f,34e6142a-5401-49df-93ff-2d883b595665,d6b36c3f-9aa1-4cff-8ad8-ff487721079a","TCGA-LGG.90ba92c7-1528-4ec5-90f5-e78f361a3689.absolute_liftover.gene_level_copy_number.v36.tsv,TCGA-LGG.90ba92c7-1528-4ec5-90f5-e78f361a3689.gene_level_copy_number.v36.tsv,TCGA-LGG.90ba92c7-1528-4ec5-90f5-e78f361a3689.ascat3.gene_level_copy_number.v36.tsv",3,3
TCGA-R8-A6MLoligodendroglioma,DNA Methylation,Methylation Beta Value,ea65c8a3-ca33-4441-9529-5458b13f4351,ee29b234-64c0-4eea-b647-118d3af0caa9.methylation_array.sesame.level3betas.txt,1,1
TCGA-R8-A6MLoligodendroglioma,Proteome Profiling,Protein Expression Quantification,5b99922c-a1b5-48a1-ad3a-a4a7f0dc5967,TCGA-R8-A6ML-01A-21-A44D-20_RPPA_data.tsv,1,1
TCGA-R8-A6MLoligodendroglioma,Simple Nucleotide Variation,Masked Somatic Mutation,1fb93a7c-1fb0-4891-ad61-6ec68a9717ef,f80c41cf-7645-4235-a534-869c9ca6d34f.wxs.aliquot_ensemble_masked.maf,1,1
TCGA-R8-A6MLoligodendroglioma,Transcriptome Profiling,Gene Expression Quantification,f4cd993a-8568-4c66-a85d-3592faa96f0c,66cfd7f5-5c5e-4d20-b2b2-c3c592189160.rna_seq.augmented_star_gene_counts.tsv,1,1
TCGA-R8-A6MLoligodendroglioma,Transcriptome Profiling,miRNA Expression Quantification,1bdc3e32-43ef-45ac-8894-ed323eea7f0f,d90ac14a-a835-4145-b6ed-896bf370bf53.mirbase21.mirnas.quantification.txt,1,1
TCGA-RY-A840oligodendroglioma,Copy Number Variation,Gene Level Copy Number,"691357e0-1f27-4854-96d8-242b9b372b56,08d58760-21be-486a-a620-13a2c35fafbc,228a2808-b089-4cb7-86e9-a99fdc3b3982","TCGA-LGG.d97ceccf-2215-46a7-a07e-d86a90507323.gene_level_copy_number.v36.tsv,TCGA-LGG.d97ceccf-2215-46a7-a07e-d86a90507323.ascat3.gene_level_copy_number.v36.tsv,TCGA-LGG.d97ceccf-2215-46a7-a07e-d86a90507323.absolute_liftover.gene_level_copy_number.v36.tsv",3,3
TCGA-RY-A840oligodendroglioma,DNA Methylation,Methylation Beta Value,1a7194d5-07cf-4875-9d80-bf4c2c3e3e01,649b3e0f-134e-41ac-bd38-ea8ec19db94a.methylation_array.sesame.level3betas.txt,1,1
TCGA-RY-A840oligodendroglioma,Simple Nucleotide Variation,Masked Somatic Mutation,cd01736f-fefe-4d1a-af80-e3f6512f0b2d,978827aa-0421-402b-859c-698f9a618731.wxs.aliquot_ensemble_masked.maf,1,1
TCGA-RY-A840oligodendroglioma,Transcriptome Profiling,Gene Expression Quantification,337381f8-4597-48fa-9f7e-bca3bf2cd48b,631b1de2-fb01-4d43-80df-9f3c71a1dc72.rna_seq.augmented_star_gene_counts.tsv,1,1
TCGA-RY-A840oligodendroglioma,Transcriptome Profiling,miRNA Expression Quantification,a7de5346-b522-41bd-a85f-4987537471e4,44f90652-9db0-4e2e-8920-0a89e4499925.mirbase21.mirnas.quantification.txt,1,1
TCGA-S9-A6TWoligodendroglioma,Copy Number Variation,Gene Level Copy Number,"541b382c-818c-43a4-9ac2-91aab80f27a9,6a3b7bba-cdfe-479e-8f25-ae82213a979d,4444c467-14c6-46be-ac6f-bf85c24c4573","TCGA-LGG.21b8924f-175c-4f69-bcc3-19f3ba0c1113.absolute_liftover.gene_level_copy_number.v36.tsv,TCGA-LGG.21b8924f-175c-4f69-bcc3-19f3ba0c1113.ascat3.gene_level_copy_number.v36.tsv,TCGA-LGG.21b8924f-175c-4f69-bcc3-19f3ba0c1113.gene_level_copy_number.v36.tsv",3,3
TCGA-S9-A6TWoligodendroglioma,DNA Methylation,Methylation Beta Value,9a95f541-5bf2-40a2-9495-f5dc1bc9661b,cc54bce0-ea00-4834-a2fc-f7ce29254779.methylation_array.sesame.level3betas.txt,1,1
TCGA-S9-A6TWoligodendroglioma,Simple Nucleotide Variation,Masked Somatic Mutation,830e9eb2-0819-4cef-8890-033180c1d4c7,d197d67e-0aee-4157-a51e-0521ad613f1d.wxs.aliquot_ensemble_masked.maf,1,1
TCGA-S9-A6TWoligodendroglioma,Transcriptome Profiling,Gene Expression Quantification,1165226c-f95c-4977-b9c4-78de4586686c,2bc5c930-1436-42f9-bcd8-a8c120fec2cc.rna_seq.augmented_star_gene_counts.tsv,1,1
TCGA-S9-A6TWoligodendroglioma,Transcriptome Profiling,miRNA Expression Quantification,6a00f16e-ff7b-4333-97e3-81acba4303e8,34e671e8-376d-4384-8baa-b92834f9f3db.mirbase21.mirnas.quantification.txt,1,1
TCGA-S9-A6TXoligodendroglioma,Copy Number Variation,Gene Level Copy Number,"6990924e-25e5-43be-b692-9a548316b186,d77fe2fc-3174-407e-b37b-ea0070c4410f,cddb3369-c7f8-45b5-9501-18a08e92fecb","TCGA-LGG.17a6c6cf-d90f-40f8-9265-b62c87e49060.gene_level_copy_number.v36.tsv,TCGA-LGG.17a6c6cf-d90f-40f8-9265-b62c87e49060.absolute_liftover.gene_level_copy_number.v36.tsv,TCGA-LGG.17a6c6cf-d90f-40f8-9265-b62c87e49060.ascat3.gene_level_copy_number.v36.tsv",3,3
TCGA-S9-A6TXoligodendroglioma,DNA Methylation,Methylation Beta Value,72e837ce-d485-4317-a081-5e8c9fb9173e,ec9373ba-1d2a-43af-996c-720f7018c090.methylation_array.sesame.level3betas.txt,1,1
TCGA-S9-A6TXoligodendroglioma,Proteome Profiling,Protein Expression Quantification,20671db2-07c7-4602-8dbc-da45c7c47f21,TCGA-S9-A6TX-01A-31-A44E-20_RPPA_data.tsv,1,1
TCGA-S9-A6TXoligodendroglioma,Simple Nucleotide Variation,Masked Somatic Mutation,220b3adb-2e68-409d-b9bf-16035c3cad09,d55a3584-ee18-4a30-8a74-b444e7a61324.wxs.aliquot_ensemble_masked.maf,1,1
TCGA-S9-A6TXoligodendroglioma,Transcriptome Profiling,Gene Expression Quantification,22942918-e44c-4c8f-b134-ef93a01c36bc,6a7ea1b4-e24a-4e33-919c-9d9d290fc562.rna_seq.augmented_star_gene_counts.tsv,1,1
TCGA-S9-A6TXoligodendroglioma,Transcriptome Profiling,miRNA Expression Quantification,29db8e53-7b56-4fdb-8f4f-c2b71d064684,947e0cf5-3ab3-472d-9bae-edf77e459e0c.mirbase21.mirnas.quantification.txt,1,1
TCGA-S9-A6WDoligodendroglioma,Copy Number Variation,Gene Level Copy Number,"548524bb-116c-4b61-a097-a99f9620b680,24e6ca70-3b86-4a0c-9d84-809e3f91a9c5","TCGA-LGG.d338e813-4588-40a6-bc3f-768e58cde718.gene_level_copy_number.v36.tsv,TCGA-LGG.d338e813-4588-40a6-bc3f-768e58cde718.absolute_liftover.gene_level_copy_number.v36.tsv",2,2
TCGA-S9-A6WDoligodendroglioma,DNA Methylation,Methylation Beta Value,895b6f2c-9f8e-44f3-82c9-9e5d9dded86c,9689a7ba-1deb-4b58-9e0f-79052e8c15ee.methylation_array.sesame.level3betas.txt,1,1
TCGA-S9-A6WDoligodendroglioma,Proteome Profiling,Protein Expression Quantification,9e1aa037-07ac-4e16-99f6-20552ca1c1e4,TCGA-S9-A6WD-01A-21-A44D-20_RPPA_data.tsv,1,1
TCGA-S9-A6WDoligodendroglioma,Simple Nucleotide Variation,Masked Somatic Mutation,1a7eb0f8-145d-40da-8e64-9903a9b0c05d,3887a094-71b3-4ce4-a09f-880562e8e84d.wxs.aliquot_ensemble_masked.maf,1,1
TCGA-S9-A6WDoligodendroglioma,Transcriptome Profiling,Gene Expression Quantification,7c698bc3-4d6e-4811-b07b-b1f68e053898,5776952f-08f8-4284-8781-472246c1c7ad.rna_seq.augmented_star_gene_counts.tsv,1,1
TCGA-S9-A6WDoligodendroglioma,Transcriptome Profiling,miRNA Expression Quantification,4dfe2105-ed52-4513-981e-5046f84a6ca8,5b2a68a9-bdf9-451d-85f2-6e1615c369b3.mirbase21.mirnas.quantification.txt,1,1
TCGA-S9-A7J0oligodendroglioma,Copy Number Variation,Gene Level Copy Number,"d44bea6f-3b53-4b14-aa9e-a5767a320d11,d973218e-f5b6-4d44-989e-c7e79ddc134a,0d389900-7832-4ee7-9e71-664fc8fe106c","TCGA-LGG.d30a8544-1c98-4d5e-b5d9-4f9c67c55ecd.absolute_liftover.gene_level_copy_number.v36.tsv,TCGA-LGG.d30a8544-1c98-4d5e-b5d9-4f9c67c55ecd.ascat3.gene_level_copy_number.v36.tsv,TCGA-LGG.d30a8544-1c98-4d5e-b5d9-4f9c67c55ecd.gene_level_copy_number.v36.tsv",3,3
TCGA-S9-A7J0oligodendroglioma,DNA Methylation,Methylation Beta Value,e3994c32-756c-4feb-b622-7982e7081250,8069edfa-af45-4216-be83-97cc9ab802c9.methylation_array.sesame.level3betas.txt,1,1
TCGA-S9-A7J0oligodendroglioma,Proteome Profiling,Protein Expression Quantification,0d62691e-7fb8-4471-be06-7646038ad3d6,TCGA-S9-A7J0-01A-21-A44D-20_RPPA_data.tsv,1,1
TCGA-S9-A7J0oligodendroglioma,Simple Nucleotide Variation,Masked Somatic Mutation,48c7ba2b-3821-4c69-a25f-fbce494aff0e,15d6af6e-5930-48d2-8856-7ab8c69b34d5.wxs.aliquot_ensemble_masked.maf,1,1
TCGA-S9-A7J0oligodendroglioma,Transcriptome Profiling,Gene Expression Quantification,8a3475a0-21d4-4144-bb01-ae92ec7d11a9,cf5c9e51-03f4-4b7d-886e-67a780ab62c2.rna_seq.augmented_star_gene_counts.tsv,1,1
TCGA-S9-A7J0oligodendroglioma,Transcriptome Profiling,miRNA Expression Quantification,8bea3b15-bcff-42ab-997b-296f6cd1ac94,045141cf-fa00-4825-95fe-8b713fa104af.mirbase21.mirnas.quantification.txt,1,1
TCGA-S9-A7J2oligodendroglioma,Copy Number Variation,Gene Level Copy Number,"f95f1b53-3dd0-4de6-b000-6138063bd55b,7062e5ff-19c0-47ed-807c-48ed4ec6ee69,1634804a-c16a-4e2f-a77a-476febcd795b","TCGA-LGG.4499fd14-ec07-429d-8a7e-f1816fb32027.ascat3.gene_level_copy_number.v36.tsv,TCGA-LGG.4499fd14-ec07-429d-8a7e-f1816fb32027.gene_level_copy_number.v36.tsv,TCGA-LGG.4499fd14-ec07-429d-8a7e-f1816fb32027.absolute_liftover.gene_level_copy_number.v36.tsv",3,3
TCGA-S9-A7J2oligodendroglioma,DNA Methylation,Methylation Beta Value,1eabc1da-c6ed-4a44-9c19-8cb1b4c2ce30,656f70de-24c3-4034-bbab-a878730237ed.methylation_array.sesame.level3betas.txt,1,1
TCGA-S9-A7J2oligodendroglioma,Proteome Profiling,Protein Expression Quantification,61096b9c-264b-4fb1-9f30-8d12ccbd1f05,TCGA-S9-A7J2-01A-21-A44C-20_RPPA_data.tsv,1,1
TCGA-S9-A7J2oligodendroglioma,Simple Nucleotide Variation,Masked Somatic Mutation,42193746-f1b4-4e41-b28d-0fb71ad804f3,ea5f5850-c18f-4884-ab6f-11d6ab9c5589.wxs.aliquot_ensemble_masked.maf,1,1
TCGA-S9-A7J2oligodendroglioma,Transcriptome Profiling,Gene Expression Quantification,f1daaec0-df43-45da-8524-29484dfbecc4,d6ec4dad-2f4c-44b7-92f4-a408f6314bfc.rna_seq.augmented_star_gene_counts.tsv,1,1
TCGA-S9-A7J2oligodendroglioma,Transcriptome Profiling,miRNA Expression Quantification,43def77f-9b02-43ed-94c1-6a36e52ff016,3fef2828-722e-4ae8-aaa8-e689d3d2017f.mirbase21.mirnas.quantification.txt,1,1
TCGA-S9-A7J3oligodendroglioma,Copy Number Variation,Gene Level Copy Number,"9a7c0298-cb2a-4c7e-bc34-93b9336eca09,ec004ef5-b581-4df7-aa75-ccab54f24fdf,89dfa144-4bd6-4899-a5fa-f54e1328cb86","TCGA-LGG.d94092e8-2e3c-421b-b08c-ba74c16953b0.ascat3.gene_level_copy_number.v36.tsv,TCGA-LGG.d94092e8-2e3c-421b-b08c-ba74c16953b0.absolute_liftover.gene_level_copy_number.v36.tsv,TCGA-LGG.d94092e8-2e3c-421b-b08c-ba74c16953b0.gene_level_copy_number.v36.tsv",3,3
TCGA-S9-A7J3oligodendroglioma,DNA Methylation,Methylation Beta Value,76b5f7aa-928b-4bb6-a2b1-c1cd30d24adf,9c5d8749-49a6-4e6d-b584-e9f304181b94.methylation_array.sesame.level3betas.txt,1,1
TCGA-S9-A7J3oligodendroglioma,Simple Nucleotide Variation,Masked Somatic Mutation,0316990d-3d0a-4d35-85c3-48eec5d3004a,120e6bd2-6e4d-41c7-b178-3f10c8c9afe5.wxs.aliquot_ensemble_masked.maf,1,1
TCGA-S9-A7J3oligodendroglioma,Transcriptome Profiling,Gene Expression Quantification,d7bd7e6f-7299-449e-9d14-a43ddcf6af23,fb663715-a439-4f80-853d-ad84446466be.rna_seq.augmented_star_gene_counts.tsv,1,1
TCGA-S9-A7J3oligodendroglioma,Transcriptome Profiling,miRNA Expression Quantification,684c1457-6467-4961-8251-329618baa98c,ae9fc706-55ee-46b9-9307-9d0f09716c87.mirbase21.mirnas.quantification.txt,1,1
TCGA-TM-A84Goligodendroglioma,Copy Number Variation,Gene Level Copy Number,"242c405e-e5f9-4a35-889b-92328f29d7b9,dcb6d26d-e0de-446b-926e-446f77d27cd5,12e0b62b-4658-4265-8a16-7e9187be7f19","TCGA-LGG.ebc88cca-4e1c-48fa-85d5-4ed8a21f899d.gene_level_copy_number.v36.tsv,TCGA-LGG.ebc88cca-4e1c-48fa-85d5-4ed8a21f899d.ascat3.gene_level_copy_number.v36.tsv,TCGA-LGG.ebc88cca-4e1c-48fa-85d5-4ed8a21f899d.absolute_liftover.gene_level_copy_number.v36.tsv",3,3
TCGA-TM-A84Goligodendroglioma,DNA Methylation,Methylation Beta Value,b0844974-c998-42e3-8804-cce4e7cf30b9,034fc05e-de48-4b06-8dc3-97420914fa07.methylation_array.sesame.level3betas.txt,1,1
TCGA-TM-A84Goligodendroglioma,Simple Nucleotide Variation,Masked Somatic Mutation,0d1772e5-03bd-4845-b9fa-99d00c1ff55b,5a5f68ff-157f-4a75-953e-4c011c97df12.wxs.aliquot_ensemble_masked.maf,1,1
TCGA-TM-A84Goligodendroglioma,Transcriptome Profiling,Gene Expression Quantification,7551cce5-daf3-480a-855b-f6e28792239a,20e6f416-3d8b-430d-b816-a3c30f7eccc9.rna_seq.augmented_star_gene_counts.tsv,1,1
TCGA-TM-A84Goligodendroglioma,Transcriptome Profiling,miRNA Expression Quantification,e6b25dba-6baf-44ac-b110-e989f9364db4,bba9fdae-d13b-434b-9b49-ff7ae7a5656e.mirbase21.mirnas.quantification.txt,1,1
TCGA-TM-A84Joligodendroglioma,Copy Number Variation,Gene Level Copy Number,"a53951b8-9422-44bc-ba63-f483bf110658,6544f37c-4215-4830-b5a0-656cc88367c2,5e1afd98-8bde-4d09-a38d-78d7f4fd6c25","TCGA-LGG.efa0ff92-369a-4408-8cab-9f5b013e1cf1.gene_level_copy_number.v36.tsv,TCGA-LGG.efa0ff92-369a-4408-8cab-9f5b013e1cf1.absolute_liftover.gene_level_copy_number.v36.tsv,TCGA-LGG.efa0ff92-369a-4408-8cab-9f5b013e1cf1.ascat3.gene_level_copy_number.v36.tsv",3,3
TCGA-TM-A84Joligodendroglioma,DNA Methylation,Methylation Beta Value,73c7304d-d3e5-4626-be51-93ab2c51e7d6,6c450d85-5ebd-42c0-8fd8-20e7f803fa13.methylation_array.sesame.level3betas.txt,1,1
TCGA-TM-A84Joligodendroglioma,Simple Nucleotide Variation,Masked Somatic Mutation,9b648ce0-bf6c-4a45-9788-08f64fc3d15e,385285f5-4512-4cab-af0d-52c696d1f0a1.wxs.aliquot_ensemble_masked.maf,1,1
TCGA-TM-A84Joligodendroglioma,Transcriptome Profiling,Gene Expression Quantification,b9a05d45-2810-4b04-be83-7914b882462e,ddc24413-bac7-4fe5-9eee-716e2163a5aa.rna_seq.augmented_star_gene_counts.tsv,1,1
TCGA-TM-A84Joligodendroglioma,Transcriptome Profiling,miRNA Expression Quantification,0bf1d9df-2c45-41db-a5d0-242a8612b123,37566ec1-8100-40c0-b847-0f9709db159f.mirbase21.mirnas.quantification.txt,1,1
TCGA-TM-A84Moligodendroglioma,Copy Number Variation,Gene Level Copy Number,"c6fb1faf-31e1-4b58-b3f6-5808ecc4020e,83a1e7c3-61f1-4013-8571-9d545697fb30,d2c61479-751b-4eab-ab9a-06243964bc3c","TCGA-LGG.a58f8124-8b5c-480a-b6e6-852d4436477f.absolute_liftover.gene_level_copy_number.v36.tsv,TCGA-LGG.a58f8124-8b5c-480a-b6e6-852d4436477f.ascat3.gene_level_copy_number.v36.tsv,TCGA-LGG.a58f8124-8b5c-480a-b6e6-852d4436477f.gene_level_copy_number.v36.tsv",3,3
TCGA-TM-A84Moligodendroglioma,DNA Methylation,Methylation Beta Value,7b723503-7995-4cbc-92b3-f2bb423505bb,11b703b5-d892-474c-89e6-c50b8284c6f4.methylation_array.sesame.level3betas.txt,1,1
TCGA-TM-A84Moligodendroglioma,Simple Nucleotide Variation,Masked Somatic Mutation,1a5fb5a4-5cc5-4c6a-a087-43d5287c3ccb,703dc93d-baa3-4908-a252-5725bf26649d.wxs.aliquot_ensemble_masked.maf,1,1
TCGA-TM-A84Moligodendroglioma,Transcriptome Profiling,Gene Expression Quantification,bb246a2d-fc4b-4440-9275-05f4f34855de,8c44cfca-c33a-4cbe-ae1b-e29f5e5d2571.rna_seq.augmented_star_gene_counts.tsv,1,1
TCGA-TM-A84Moligodendroglioma,Transcriptome Profiling,miRNA Expression Quantification,eb691be8-5696-4dd9-9c0d-1702f819bfff,1b635275-4022-4d13-b964-e166851e78f4.mirbase21.mirnas.quantification.txt,1,1
TCGA-TM-A84Ooligodendroglioma,Copy Number Variation,Gene Level Copy Number,"12967c42-2931-4384-b912-d1024036bcfb,1a38bdab-f824-40b8-b2c3-c9f498144eb8,b3ec5047-6f99-447b-baa8-bac1b6dcb60f","TCGA-LGG.e814b3e0-54ea-4a1d-8642-4cfb8d54b84d.gene_level_copy_number.v36.tsv,TCGA-LGG.e814b3e0-54ea-4a1d-8642-4cfb8d54b84d.ascat3.gene_level_copy_number.v36.tsv,TCGA-LGG.e814b3e0-54ea-4a1d-8642-4cfb8d54b84d.absolute_liftover.gene_level_copy_number.v36.tsv",3,3
TCGA-TM-A84Ooligodendroglioma,DNA Methylation,Methylation Beta Value,30fc02b3-ee37-44df-b54d-4dfa5f624d06,66bc8735-8e2f-4745-a40b-e00ced127d86.methylation_array.sesame.level3betas.txt,1,1
TCGA-TM-A84Ooligodendroglioma,Simple Nucleotide Variation,Masked Somatic Mutation,26068561-1940-408c-98a0-64b3961627f8,11f7bee4-e4f5-4200-9c85-85d5e5306f1f.wxs.aliquot_ensemble_masked.maf,1,1
TCGA-TM-A84Ooligodendroglioma,Transcriptome Profiling,Gene Expression Quantification,9d8ebf25-1484-43a3-b7ef-a8a35290112a,4d83e943-3bc9-4d25-8dd9-30bb003dbe23.rna_seq.augmented_star_gene_counts.tsv,1,1
TCGA-TM-A84Ooligodendroglioma,Transcriptome Profiling,miRNA Expression Quantification,dc7af62f-3305-43f0-a711-0d6ae4563fed,d191dd04-3004-4153-8430-9d94da1744e9.mirbase21.mirnas.quantification.txt,1,1
TCGA-TM-A84Soligodendroglioma,Copy Number Variation,Gene Level Copy Number,"b902c1a8-81a1-4464-a9e6-ea537d25e461,2ebd3ac8-a973-491e-9a75-69fa7d0b5245,07305a6a-0577-4166-ada0-13eefc0433a5","TCGA-LGG.0c7a682a-95be-4d2a-be53-4bf630afb552.gene_level_copy_number.v36.tsv,TCGA-LGG.0c7a682a-95be-4d2a-be53-4bf630afb552.absolute_liftover.gene_level_copy_number.v36.tsv,TCGA-LGG.0c7a682a-95be-4d2a-be53-4bf630afb552.ascat3.gene_level_copy_number.v36.tsv",3,3
TCGA-TM-A84Soligodendroglioma,DNA Methylation,Methylation Beta Value,47c2465c-2ff3-48b6-8bfb-0326f00911d9,0fab2186-bdcb-4e17-81ea-b230f2472070.methylation_array.sesame.level3betas.txt,1,1
TCGA-TM-A84Soligodendroglioma,Proteome Profiling,Protein Expression Quantification,5d616558-9aae-435d-b367-8218add6d1c4,TCGA-TM-A84S-01A-21-A44C-20_RPPA_data.tsv,1,1
TCGA-TM-A84Soligodendroglioma,Simple Nucleotide Variation,Masked Somatic Mutation,867c46cf-990a-4e39-8609-c4c5bfef5c3e,3f90c6db-5669-4f70-9d4c-3a94f8c4ce7b.wxs.aliquot_ensemble_masked.maf,1,1
TCGA-TM-A84Soligodendroglioma,Transcriptome Profiling,Gene Expression Quantification,57113c43-489a-4b3d-9a69-954bfec106a7,10b6062f-a310-4ef0-9c3b-83f7b2bcd22c.rna_seq.augmented_star_gene_counts.tsv,1,1
TCGA-TM-A84Soligodendroglioma,Transcriptome Profiling,miRNA Expression Quantification,a2a62a84-b0be-40dc-89e3-65c0d5e84ad3,5e71034c-83cc-4a51-ab61-0359716f7dcf.mirbase21.mirnas.quantification.txt,1,1
TCGA-TQ-A7RFoligodendroglioma,Copy Number Variation,Gene Level Copy Number,"b32feff8-6c45-4253-a748-5229d757dd18,eba7fb9d-4097-4ff0-ba4c-5bae204b2412,1a244e9c-2660-4841-85d7-c1b6a88839fa","TCGA-LGG.6cb17926-a8f7-4402-b3a4-4018829b1437.absolute_liftover.gene_level_copy_number.v36.tsv,TCGA-LGG.6cb17926-a8f7-4402-b3a4-4018829b1437.gene_level_copy_number.v36.tsv,TCGA-LGG.6cb17926-a8f7-4402-b3a4-4018829b1437.ascat3.gene_level_copy_number.v36.tsv",3,3
TCGA-TQ-A7RFoligodendroglioma,DNA Methylation,Methylation Beta Value,49de8065-6812-4d3f-a9d7-d138ff25adb2,786f7cf8-ed9b-4872-949a-ac859f27e092.methylation_array.sesame.level3betas.txt,1,1
TCGA-TQ-A7RFoligodendroglioma,Proteome Profiling,Protein Expression Quantification,6ae411a6-1215-4b50-afc0-7bdb777e25d9,TCGA-TQ-A7RF-01A-21-A44C-20_RPPA_data.tsv,1,1
TCGA-TQ-A7RFoligodendroglioma,Simple Nucleotide Variation,Masked Somatic Mutation,5015a96c-765c-4313-88ac-997dd6990c19,c7bc2952-6eef-4118-afde-9078ea0f4a2d.wxs.aliquot_ensemble_masked.maf,1,1
TCGA-TQ-A7RFoligodendroglioma,Transcriptome Profiling,Gene Expression Quantification,3e3ead73-d0d7-457c-a195-f858fa17b103,28470aea-f0ed-4fcf-8cab-808e974a7ad3.rna_seq.augmented_star_gene_counts.tsv,1,1
TCGA-TQ-A7RFoligodendroglioma,Transcriptome Profiling,miRNA Expression Quantification,1eb80afe-a0f5-4a24-afe3-561f614a3e5c,55613e39-c020-4515-8a4a-231bddcbb0b9.mirbase21.mirnas.quantification.txt,1,1
TCGA-VM-A8CBoligodendroglioma,Copy Number Variation,Gene Level Copy Number,"ae007d73-8e2b-4800-bdf1-8727ea7ff015,34dee300-ea20-4716-901f-98d37a7c7eec,cc84a6c2-594f-4b96-8334-e334f2c807ba","TCGA-LGG.3e0cd07f-2933-4b13-ac0c-b15a5944bd3a.absolute_liftover.gene_level_copy_number.v36.tsv,TCGA-LGG.3e0cd07f-2933-4b13-ac0c-b15a5944bd3a.gene_level_copy_number.v36.tsv,TCGA-LGG.3e0cd07f-2933-4b13-ac0c-b15a5944bd3a.ascat3.gene_level_copy_number.v36.tsv",3,3
TCGA-VM-A8CBoligodendroglioma,DNA Methylation,Methylation Beta Value,af4bf1bb-723f-4f83-855a-ed7a0bd06fda,1bac5867-0094-4224-a749-a1e700d59411.methylation_array.sesame.level3betas.txt,1,1
TCGA-VM-A8CBoligodendroglioma,Proteome Profiling,Protein Expression Quantification,e1b9d4d9-81bd-4207-bd5d-7134e4e06e7e,TCGA-VM-A8CB-01A-21-A44C-20_RPPA_data.tsv,1,1
TCGA-VM-A8CBoligodendroglioma,Simple Nucleotide Variation,Masked Somatic Mutation,97a6286f-70a5-4f8d-b541-89e849bb23d2,6d57a971-ef4a-4fd8-9275-610ac33328be.wxs.aliquot_ensemble_masked.maf,1,1
TCGA-VM-A8CBoligodendroglioma,Transcriptome Profiling,Gene Expression Quantification,97ba1a13-1527-406a-b9aa-9b34bd7d2ecc,64aa0bbf-30f4-4331-bb74-7ae7ac0b1ba1.rna_seq.augmented_star_gene_counts.tsv,1,1
TCGA-VM-A8CBoligodendroglioma,Transcriptome Profiling,miRNA Expression Quantification,bb765f2b-faf8-4ec5-8ceb-7afd1bcf0bb5,c1ce5551-423e-40e1-9f5b-c3b03fe3a57b.mirbase21.mirnas.quantification.txt,1,1
TCGA-VW-A7QSoligodendroglioma,Copy Number Variation,Gene Level Copy Number,"28ecccaa-5b3b-4051-b3c6-da4ddc1807e3,c117e133-f052-4e30-a066-e68047210a3b,39a691b1-50cf-4119-964c-0d87ad7c5336","TCGA-LGG.6de219ef-395d-49aa-a825-2ed4f58cbc83.ascat3.gene_level_copy_number.v36.tsv,TCGA-LGG.6de219ef-395d-49aa-a825-2ed4f58cbc83.gene_level_copy_number.v36.tsv,TCGA-LGG.6de219ef-395d-49aa-a825-2ed4f58cbc83.absolute_liftover.gene_level_copy_number.v36.tsv",3,3
TCGA-VW-A7QSoligodendroglioma,DNA Methylation,Methylation Beta Value,165ae343-2994-4ff5-855d-c815e4eae10e,5262dad7-f7ee-45c5-89cd-a5e7a84268a6.methylation_array.sesame.level3betas.txt,1,1
TCGA-VW-A7QSoligodendroglioma,Proteome Profiling,Protein Expression Quantification,78ce6a6b-237c-4e32-8306-fce174d014bb,TCGA-VW-A7QS-01A-21-A44C-20_RPPA_data.tsv,1,1
TCGA-VW-A7QSoligodendroglioma,Simple Nucleotide Variation,Masked Somatic Mutation,25828456-7f1a-4873-a4b5-f0c146af31d0,b28189bb-6bfe-4b75-b012-ae7d450f4659.wxs.aliquot_ensemble_masked.maf,1,1
TCGA-VW-A7QSoligodendroglioma,Transcriptome Profiling,Gene Expression Quantification,f5702a31-4fc8-45cd-802d-817de33dd4bd,1b24c99a-da05-4cfe-9def-9fa95d14b8e9.rna_seq.augmented_star_gene_counts.tsv,1,1
TCGA-VW-A7QSoligodendroglioma,Transcriptome Profiling,miRNA Expression Quantification,6dfafca5-3706-47a2-a67c-449e8b068bbf,2b90d452-fc2e-412b-af78-2496f5d2659f.mirbase21.mirnas.quantification.txt,1,1
